DATE_TRIM;ANNEE;TRIMESTRE;GOUVERNORAT;REGION_INS;CODE_GOV;PRIX_M2_MEDIAN;PRIX_M2_APPT;PRIX_M2_MAISON;PRIX_M2_TERRAIN;IPIM_NATIONAL;IPIM_REGIONAL;GAP_INTERPOLE;PRIX_M2_MEDIAN_LAG1;PRIX_M2_MEDIAN_LAG4;PRIX_M2_MEDIAN_VAR_QOQ;PRIX_M2_MEDIAN_VAR_YOY;IPIM_REGIONAL_LAG1;IPIM_REGIONAL_LAG4;IPIM_REGIONAL_VAR_QOQ;IPIM_REGIONAL_VAR_YOY;TAUX_DIRECTEUR_BCT;IPC_MATERIAUX_CONSTR;TAUX_INFLATION;POPULATION;LITTORAL;TOURISTIQUE;SOURCE_PRIX;BVMT_CLOTURE_MOY;BVMT_VOLUME_TOT;BVMT_CAPITAUX_TOT;BVMT_NB_SEANCES
2015-01-01;2015;1;Ariana;Grand Tunis;12;1287.0;1390.0;1120.0;798.0;100.0;142.0;0;;;;;;;;;4.25;3.2;4.9;484471;0;0;marche_estime;;;;
2015-04-01;2015;2;Ariana;Grand Tunis;12;1311.0;1416.0;1141.0;813.0;103.2;146.54;0;1287.0;;0.0186;;142.0;;0.032;;4.25;3.2;4.9;484471;0;0;marche_estime;;;;
2015-07-01;2015;3;Ariana;Grand Tunis;12;1353.0;1461.0;1177.0;839.0;105.1;149.24;0;1311.0;;0.032;;146.54;;0.0184;;4.25;3.2;4.9;484471;0;0;marche_estime;;;;
2015-10-01;2015;4;Ariana;Grand Tunis;12;1395.0;1507.0;1214.0;865.0;107.8;153.08;0;1353.0;;0.031;;149.24;;0.0257;;4.25;3.2;4.9;484471;0;0;marche_estime;;;;
2016-01-01;2016;1;Ariana;Grand Tunis;12;1403.0;1515.0;1221.0;870.0;109.4;155.35;0;1395.0;1287.0;0.0057;0.0901;153.08;142.0;0.0148;0.094;4.25;3.8;3.7;484471;0;0;marche_estime;;;;
2016-04-01;2016;2;Ariana;Grand Tunis;12;1408.0;1521.0;1225.0;873.0;112.6;159.89;0;1403.0;1311.0;0.0036;0.074;155.35;146.54;0.0292;0.0911;4.25;3.8;3.7;484471;0;0;marche_estime;;;;
2016-07-01;2016;3;Ariana;Grand Tunis;12;1444.0;1560.0;1256.0;895.0;114.3;162.31;0;1408.0;1353.0;0.0256;0.0673;159.89;149.24;0.0151;0.0876;4.25;3.8;3.7;484471;0;0;marche_estime;;;;
2016-10-01;2016;4;Ariana;Grand Tunis;12;1484.0;1603.0;1291.0;920.0;116.9;166.0;0;1444.0;1395.0;0.0277;0.0638;162.31;153.08;0.0227;0.0844;4.25;3.8;3.7;484471;0;0;marche_estime;;;;
2017-01-01;2017;1;Ariana;Grand Tunis;12;1500.0;1620.0;1305.0;930.0;118.7;168.55;0;1484.0;1403.0;0.0108;0.0691;166.0;155.35;0.0154;0.085;5.0;5.1;5.3;484471;0;0;marche_estime;;;;
2017-04-01;2017;2;Ariana;Grand Tunis;12;1521.0;1643.0;1323.0;943.0;121.5;172.53;0;1500.0;1408.0;0.014;0.0803;168.55;159.89;0.0236;0.0791;5.0;5.1;5.3;484471;0;0;marche_estime;;;;
2017-07-01;2017;3;Ariana;Grand Tunis;12;1582.0;1709.0;1376.0;981.0;124.1;176.22;0;1521.0;1444.0;0.0401;0.0956;172.53;162.31;0.0214;0.0857;5.0;5.1;5.3;484471;0;0;marche_estime;;;;
2017-10-01;2017;4;Ariana;Grand Tunis;12;1613.0;1742.0;1403.0;1000.0;127.3;180.77;0;1582.0;1484.0;0.0196;0.0869;176.22;166.0;0.0258;0.089;5.0;5.1;5.3;484471;0;0;marche_estime;;;;
2018-01-01;2018;1;Ariana;Grand Tunis;12;1676.0;1810.0;1458.0;1039.0;130.2;184.88;0;1613.0;1500.0;0.0391;0.1173;180.77;168.55;0.0227;0.0969;6.75;7.2;7.3;484471;0;0;marche_estime;;;;
2018-04-01;2018;2;Ariana;Grand Tunis;12;1683.0;1818.0;1464.0;1043.0;138.7;196.95;0;1676.0;1521.0;0.0042;0.1065;184.88;172.53;0.0653;0.1415;6.75;7.2;7.3;484471;0;0;marche_estime;;;;
2018-07-01;2018;3;Ariana;Grand Tunis;12;1669.0;1803.0;1452.0;1035.0;141.9;201.5;0;1683.0;1582.0;-0.0083;0.055;196.95;176.22;0.0231;0.1435;6.75;7.2;7.3;484471;0;0;marche_estime;;;;
2018-10-01;2018;4;Ariana;Grand Tunis;12;1729.0;1867.0;1504.0;1072.0;145.6;206.75;0;1669.0;1613.0;0.0359;0.0719;201.5;180.77;0.0261;0.1437;6.75;7.2;7.3;484471;0;0;marche_estime;;;;
2019-01-01;2019;1;Ariana;Grand Tunis;12;1746.0;1886.0;1519.0;1083.0;148.4;210.73;0;1729.0;1676.0;0.0098;0.0418;206.75;184.88;0.0193;0.1398;7.75;6.4;6.7;484471;0;0;marche_estime;;;;
2019-04-01;2019;2;Ariana;Grand Tunis;12;1793.0;1936.0;1560.0;1112.0;156.4;222.09;0;1746.0;1683.0;0.0269;0.0654;210.73;196.95;0.0539;0.1276;7.75;6.4;6.7;484471;0;0;marche_estime;;;;
2019-07-01;2019;3;Ariana;Grand Tunis;12;1834.0;1981.0;1596.0;1137.0;159.8;226.92;0;1793.0;1669.0;0.0229;0.0989;222.09;201.5;0.0217;0.1262;7.75;6.4;6.7;484471;0;0;marche_estime;;;;
2019-10-01;2019;4;Ariana;Grand Tunis;12;1852.0;2000.0;1611.0;1148.0;162.1;230.18;0;1834.0;1729.0;0.0098;0.0711;226.92;206.75;0.0144;0.1133;7.75;6.4;6.7;484471;0;0;marche_estime;;;;
2020-01-01;2020;1;Ariana;Grand Tunis;12;1929.0;2083.0;1678.0;1196.0;164.7;233.87;0;1852.0;1746.0;0.0416;0.1048;230.18;210.73;0.016;0.1098;6.25;5.8;5.6;484471;0;0;marche_estime;;;;
2020-04-01;2020;2;Ariana;Grand Tunis;12;1969.0;2127.0;1713.0;1221.0;166.7;236.71;0;1929.0;1793.0;0.0207;0.0982;233.87;222.09;0.0121;0.0658;6.25;5.8;5.6;484471;0;0;marche_estime;;;;
2020-07-01;2020;3;Ariana;Grand Tunis;12;2007.0;2168.0;1746.0;1244.0;176.7;250.91;0;1969.0;1834.0;0.0193;0.0943;236.71;226.92;0.06;0.1057;6.25;5.8;5.6;484471;0;0;marche_estime;;;;
2020-10-01;2020;4;Ariana;Grand Tunis;12;2025.0;2187.0;1762.0;1256.0;183.9;261.14;0;2007.0;1852.0;0.009;0.0934;250.91;230.18;0.0408;0.1345;6.25;5.8;5.6;484471;0;0;marche_estime;;;;
2021-01-01;2021;1;Ariana;Grand Tunis;12;2086.0;2253.0;1815.0;1293.0;196.8;279.46;0;2025.0;1929.0;0.0301;0.0814;261.14;233.87;0.0702;0.1949;6.25;9.1;6.0;484471;0;0;marche_estime;;;;
2021-04-01;2021;2;Ariana;Grand Tunis;12;2134.0;2305.0;1857.0;1323.0;209.8;297.92;0;2086.0;1969.0;0.023;0.0838;279.46;236.71;0.0661;0.2586;6.25;9.1;6.0;484471;0;0;marche_estime;;;;
2021-07-01;2021;3;Ariana;Grand Tunis;12;2124.0;2294.0;1848.0;1317.0;202.1;286.98;0;2134.0;2007.0;-0.0047;0.0583;297.92;250.91;-0.0367;0.1438;6.25;9.1;6.0;484471;0;0;marche_estime;;;;
2021-10-01;2021;4;Ariana;Grand Tunis;12;2196.0;2372.0;1911.0;1362.0;209.0;296.78;0;2124.0;2025.0;0.0339;0.0844;286.98;261.14;0.0341;0.1365;6.25;9.1;6.0;484471;0;0;marche_estime;;;;
2022-01-01;2022;1;Ariana;Grand Tunis;12;2255.0;2435.0;1962.0;1398.0;216.94444444444446;308.0611111111111;1;2196.0;2086.0;0.0269;0.081;296.78;279.46;0.038;0.1023;7.25;14.3;8.3;484471;0;0;marche_estime;;;;
2022-04-01;2022;2;Ariana;Grand Tunis;12;2312.0;2497.0;2011.0;1433.0;224.88888888888889;319.3422222222222;1;2255.0;2134.0;0.0253;0.0834;308.0611111111111;297.92;0.0366;0.0719;7.25;14.3;8.3;484471;0;0;marche_estime;;;;
2022-07-01;2022;3;Ariana;Grand Tunis;12;2361.0;2550.0;2054.0;1464.0;232.83333333333334;330.62333333333333;1;2312.0;2124.0;0.0212;0.1116;319.3422222222222;286.98;0.0353;0.1521;7.25;14.3;8.3;484471;0;0;marche_estime;;;;
2022-10-01;2022;4;Ariana;Grand Tunis;12;2391.0;2582.0;2080.0;1482.0;240.77777777777777;341.90444444444444;1;2361.0;2196.0;0.0127;0.0888;330.62333333333333;296.78;0.0341;0.152;7.25;14.3;8.3;484471;0;0;marche_estime;;;;
2023-01-01;2023;1;Ariana;Grand Tunis;12;2420.0;2614.0;2105.0;1500.0;248.72222222222223;353.18555555555554;1;2391.0;2255.0;0.0121;0.0732;341.90444444444444;308.0611111111111;0.033;0.1465;8.0;11.2;9.3;484471;0;0;marche_estime;;;;
2023-04-01;2023;2;Ariana;Grand Tunis;12;2491.0;2690.0;2167.0;1544.0;256.6666666666667;364.46666666666664;1;2420.0;2312.0;0.0293;0.0774;353.18555555555554;319.3422222222222;0.0319;0.1413;8.0;11.2;9.3;484471;0;0;marche_estime;;;;
2023-07-01;2023;3;Ariana;Grand Tunis;12;2532.0;2735.0;2203.0;1570.0;264.6111111111111;375.74777777777774;1;2491.0;2361.0;0.0165;0.0724;364.46666666666664;330.62333333333333;0.031;0.1365;8.0;11.2;9.3;484471;0;0;marche_estime;;;;
2023-10-01;2023;4;Ariana;Grand Tunis;12;2563.0;2768.0;2230.0;1589.0;272.55555555555554;387.0288888888889;1;2532.0;2391.0;0.0122;0.0719;375.74777777777774;341.90444444444444;0.03;0.132;8.0;11.2;9.3;484471;0;0;marche_estime;;;;
2024-01-01;2024;1;Ariana;Grand Tunis;12;2636.0;2847.0;2293.0;1634.0;280.5;398.31;0;2563.0;2420.0;0.0285;0.0893;387.0288888888889;353.18555555555554;0.0291;0.1278;7.5;8.1;7.0;484471;0;0;marche_estime;;;;
2024-04-01;2024;2;Ariana;Grand Tunis;12;2711.0;2928.0;2359.0;1681.0;287.3;407.97;0;2636.0;2491.0;0.0285;0.0883;398.31;364.46666666666664;0.0243;0.1194;7.5;8.1;7.0;484471;0;0;marche_estime;;;;
2024-07-01;2024;3;Ariana;Grand Tunis;12;2717.0;2934.0;2364.0;1685.0;293.1;416.2;0;2711.0;2532.0;0.0022;0.0731;407.97;375.74777777777774;0.0202;0.1077;7.5;8.1;7.0;484471;0;0;marche_estime;;;;
2024-10-01;2024;4;Ariana;Grand Tunis;12;2794.0;3018.0;2431.0;1732.0;299.8;425.72;0;2717.0;2563.0;0.0283;0.0901;416.2;387.0288888888889;0.0229;0.1;7.5;8.1;7.0;484471;0;0;marche_estime;;;;
2025-01-01;2025;1;Ariana;Grand Tunis;12;2827.0;3053.0;2459.0;1753.0;308.2;437.64;0;2794.0;2636.0;0.0118;0.0725;425.72;398.31;0.028;0.0987;7.0;6.5;5.8;484471;0;0;marche_estime;;;;
2025-04-01;2025;2;Ariana;Grand Tunis;12;2871.0;3101.0;2498.0;1780.0;315.0;447.3;0;2827.0;2711.0;0.0156;0.059;437.64;407.97;0.0221;0.0964;7.0;6.5;5.8;484471;0;0;marche_estime;;;;
2025-07-01;2025;3;Ariana;Grand Tunis;12;;;;;243.33333333333331;447.3;0;2871.0;2717.0;;;447.3;416.2;0.0;0.0747;;;;484471;0;0;;;;;
2025-10-01;2025;4;Ariana;Grand Tunis;12;;;;;171.66666666666666;447.3;0;;2794.0;;;447.3;425.72;0.0;0.0507;;;;484471;0;0;;;;;
2015-01-01;2015;1;Ben Arous;Grand Tunis;13;1168.0;1261.0;1016.0;724.0;100.0;142.0;0;;;;;;;;;4.25;3.2;4.9;705105;1;0;marche_estime;;;;
2015-04-01;2015;2;Ben Arous;Grand Tunis;13;1236.0;1335.0;1075.0;766.0;103.2;146.54;0;1168.0;;0.0582;;142.0;;0.032;;4.25;3.2;4.9;705105;1;0;marche_estime;;;;
2015-07-01;2015;3;Ben Arous;Grand Tunis;13;1247.0;1347.0;1085.0;773.0;105.1;149.24;0;1236.0;;0.0089;;146.54;;0.0184;;4.25;3.2;4.9;705105;1;0;marche_estime;;;;
2015-10-01;2015;4;Ben Arous;Grand Tunis;13;1275.0;1377.0;1109.0;790.0;107.8;153.08;0;1247.0;;0.0225;;149.24;;0.0257;;4.25;3.2;4.9;705105;1;0;marche_estime;;;;
2016-01-01;2016;1;Ben Arous;Grand Tunis;13;1271.0;1373.0;1106.0;788.0;109.4;155.35;0;1275.0;1168.0;-0.0031;0.0882;153.08;142.0;0.0148;0.094;4.25;3.8;3.7;705105;1;0;marche_estime;;;;
2016-04-01;2016;2;Ben Arous;Grand Tunis;13;1313.0;1418.0;1142.0;814.0;112.6;159.89;0;1271.0;1236.0;0.033;0.0623;155.35;146.54;0.0292;0.0911;4.25;3.8;3.7;705105;1;0;marche_estime;;;;
2016-07-01;2016;3;Ben Arous;Grand Tunis;13;1319.0;1425.0;1148.0;818.0;114.3;162.31;0;1313.0;1247.0;0.0046;0.0577;159.89;149.24;0.0151;0.0876;4.25;3.8;3.7;705105;1;0;marche_estime;;;;
2016-10-01;2016;4;Ben Arous;Grand Tunis;13;1358.0;1467.0;1181.0;842.0;116.9;166.0;0;1319.0;1275.0;0.0296;0.0651;162.31;153.08;0.0227;0.0844;4.25;3.8;3.7;705105;1;0;marche_estime;;;;
2017-01-01;2017;1;Ben Arous;Grand Tunis;13;1387.0;1498.0;1207.0;860.0;118.7;168.55;0;1358.0;1271.0;0.0214;0.0913;166.0;155.35;0.0154;0.085;5.0;5.1;5.3;705105;1;0;marche_estime;;;;
2017-04-01;2017;2;Ben Arous;Grand Tunis;13;1403.0;1515.0;1221.0;870.0;121.5;172.53;0;1387.0;1313.0;0.0115;0.0685;168.55;159.89;0.0236;0.0791;5.0;5.1;5.3;705105;1;0;marche_estime;;;;
2017-07-01;2017;3;Ben Arous;Grand Tunis;13;1445.0;1561.0;1257.0;896.0;124.1;176.22;0;1403.0;1319.0;0.0299;0.0955;172.53;162.31;0.0214;0.0857;5.0;5.1;5.3;705105;1;0;marche_estime;;;;
2017-10-01;2017;4;Ben Arous;Grand Tunis;13;1496.0;1616.0;1302.0;928.0;127.3;180.77;0;1445.0;1358.0;0.0353;0.1016;176.22;166.0;0.0258;0.089;5.0;5.1;5.3;705105;1;0;marche_estime;;;;
2018-01-01;2018;1;Ben Arous;Grand Tunis;13;1505.0;1625.0;1309.0;933.0;130.2;184.88;0;1496.0;1387.0;0.006;0.0851;180.77;168.55;0.0227;0.0969;6.75;7.2;7.3;705105;1;0;marche_estime;;;;
2018-04-01;2018;2;Ben Arous;Grand Tunis;13;1531.0;1653.0;1332.0;949.0;138.7;196.95;0;1505.0;1403.0;0.0173;0.0912;184.88;172.53;0.0653;0.1415;6.75;7.2;7.3;705105;1;0;marche_estime;;;;
2018-07-01;2018;3;Ben Arous;Grand Tunis;13;1579.0;1705.0;1374.0;979.0;141.9;201.5;0;1531.0;1445.0;0.0314;0.0927;196.95;176.22;0.0231;0.1435;6.75;7.2;7.3;705105;1;0;marche_estime;;;;
2018-10-01;2018;4;Ben Arous;Grand Tunis;13;1594.0;1722.0;1387.0;988.0;145.6;206.75;0;1579.0;1496.0;0.0095;0.0655;201.5;180.77;0.0261;0.1437;6.75;7.2;7.3;705105;1;0;marche_estime;;;;
2019-01-01;2019;1;Ben Arous;Grand Tunis;13;1632.0;1763.0;1420.0;1012.0;148.4;210.73;0;1594.0;1505.0;0.0238;0.0844;206.75;184.88;0.0193;0.1398;7.75;6.4;6.7;705105;1;0;marche_estime;;;;
2019-04-01;2019;2;Ben Arous;Grand Tunis;13;1647.0;1779.0;1433.0;1021.0;156.4;222.09;0;1632.0;1531.0;0.0092;0.0758;210.73;196.95;0.0539;0.1276;7.75;6.4;6.7;705105;1;0;marche_estime;;;;
2019-07-01;2019;3;Ben Arous;Grand Tunis;13;1678.0;1812.0;1460.0;1040.0;159.8;226.92;0;1647.0;1579.0;0.0188;0.0627;222.09;201.5;0.0217;0.1262;7.75;6.4;6.7;705105;1;0;marche_estime;;;;
2019-10-01;2019;4;Ben Arous;Grand Tunis;13;1725.0;1863.0;1501.0;1070.0;162.1;230.18;0;1678.0;1594.0;0.028;0.0822;226.92;206.75;0.0144;0.1133;7.75;6.4;6.7;705105;1;0;marche_estime;;;;
2020-01-01;2020;1;Ben Arous;Grand Tunis;13;1772.0;1914.0;1542.0;1099.0;164.7;233.87;0;1725.0;1632.0;0.0272;0.0858;230.18;210.73;0.016;0.1098;6.25;5.8;5.6;705105;1;0;marche_estime;;;;
2020-04-01;2020;2;Ben Arous;Grand Tunis;13;1778.0;1920.0;1547.0;1102.0;166.7;236.71;0;1772.0;1647.0;0.0034;0.0795;233.87;222.09;0.0121;0.0658;6.25;5.8;5.6;705105;1;0;marche_estime;;;;
2020-07-01;2020;3;Ben Arous;Grand Tunis;13;1817.0;1962.0;1581.0;1127.0;176.7;250.91;0;1778.0;1678.0;0.0219;0.0828;236.71;226.92;0.06;0.1057;6.25;5.8;5.6;705105;1;0;marche_estime;;;;
2020-10-01;2020;4;Ben Arous;Grand Tunis;13;1861.0;2010.0;1619.0;1154.0;183.9;261.14;0;1817.0;1725.0;0.0242;0.0788;250.91;230.18;0.0408;0.1345;6.25;5.8;5.6;705105;1;0;marche_estime;;;;
2021-01-01;2021;1;Ben Arous;Grand Tunis;13;1940.0;2095.0;1688.0;1203.0;196.8;279.46;0;1861.0;1772.0;0.0425;0.0948;261.14;233.87;0.0702;0.1949;6.25;9.1;6.0;705105;1;0;marche_estime;;;;
2021-04-01;2021;2;Ben Arous;Grand Tunis;13;1972.0;2130.0;1716.0;1223.0;209.8;297.92;0;1940.0;1778.0;0.0165;0.1091;279.46;236.71;0.0661;0.2586;6.25;9.1;6.0;705105;1;0;marche_estime;;;;
2021-07-01;2021;3;Ben Arous;Grand Tunis;13;1982.0;2141.0;1724.0;1229.0;202.1;286.98;0;1972.0;1817.0;0.0051;0.0908;297.92;250.91;-0.0367;0.1438;6.25;9.1;6.0;705105;1;0;marche_estime;;;;
2021-10-01;2021;4;Ben Arous;Grand Tunis;13;2049.0;2213.0;1783.0;1270.0;209.0;296.78;0;1982.0;1861.0;0.0338;0.101;286.98;261.14;0.0341;0.1365;6.25;9.1;6.0;705105;1;0;marche_estime;;;;
2022-01-01;2022;1;Ben Arous;Grand Tunis;13;2046.0;2210.0;1780.0;1269.0;216.94444444444446;308.0611111111111;1;2049.0;1940.0;-0.0015;0.0546;296.78;279.46;0.038;0.1023;7.25;14.3;8.3;705105;1;0;marche_estime;;;;
2022-04-01;2022;2;Ben Arous;Grand Tunis;13;2104.0;2272.0;1830.0;1304.0;224.88888888888889;319.3422222222222;1;2046.0;1972.0;0.0283;0.0669;308.0611111111111;297.92;0.0366;0.0719;7.25;14.3;8.3;705105;1;0;marche_estime;;;;
2022-07-01;2022;3;Ben Arous;Grand Tunis;13;2155.0;2327.0;1875.0;1336.0;232.83333333333334;330.62333333333333;1;2104.0;1982.0;0.0242;0.0873;319.3422222222222;286.98;0.0353;0.1521;7.25;14.3;8.3;705105;1;0;marche_estime;;;;
2022-10-01;2022;4;Ben Arous;Grand Tunis;13;2210.0;2387.0;1923.0;1370.0;240.77777777777777;341.90444444444444;1;2155.0;2049.0;0.0255;0.0786;330.62333333333333;296.78;0.0341;0.152;7.25;14.3;8.3;705105;1;0;marche_estime;;;;
2023-01-01;2023;1;Ben Arous;Grand Tunis;13;2277.0;2459.0;1981.0;1412.0;248.72222222222223;353.18555555555554;1;2210.0;2046.0;0.0303;0.1129;341.90444444444444;308.0611111111111;0.033;0.1465;8.0;11.2;9.3;705105;1;0;marche_estime;;;;
2023-04-01;2023;2;Ben Arous;Grand Tunis;13;2291.0;2474.0;1993.0;1420.0;256.6666666666667;364.46666666666664;1;2277.0;2104.0;0.0061;0.0889;353.18555555555554;319.3422222222222;0.0319;0.1413;8.0;11.2;9.3;705105;1;0;marche_estime;;;;
2023-07-01;2023;3;Ben Arous;Grand Tunis;13;2346.0;2534.0;2041.0;1455.0;264.6111111111111;375.74777777777774;1;2291.0;2155.0;0.024;0.0886;364.46666666666664;330.62333333333333;0.031;0.1365;8.0;11.2;9.3;705105;1;0;marche_estime;;;;
2023-10-01;2023;4;Ben Arous;Grand Tunis;13;2369.0;2559.0;2061.0;1469.0;272.55555555555554;387.0288888888889;1;2346.0;2210.0;0.0098;0.0719;375.74777777777774;341.90444444444444;0.03;0.132;8.0;11.2;9.3;705105;1;0;marche_estime;;;;
2024-01-01;2024;1;Ben Arous;Grand Tunis;13;2427.0;2621.0;2111.0;1505.0;280.5;398.31;0;2369.0;2277.0;0.0245;0.0659;387.0288888888889;353.18555555555554;0.0291;0.1278;7.5;8.1;7.0;705105;1;0;marche_estime;;;;
2024-04-01;2024;2;Ben Arous;Grand Tunis;13;2464.0;2661.0;2144.0;1528.0;287.3;407.97;0;2427.0;2291.0;0.0152;0.0755;398.31;364.46666666666664;0.0243;0.1194;7.5;8.1;7.0;705105;1;0;marche_estime;;;;
2024-07-01;2024;3;Ben Arous;Grand Tunis;13;2504.0;2704.0;2178.0;1552.0;293.1;416.2;0;2464.0;2346.0;0.0162;0.0673;407.97;375.74777777777774;0.0202;0.1077;7.5;8.1;7.0;705105;1;0;marche_estime;;;;
2024-10-01;2024;4;Ben Arous;Grand Tunis;13;2552.0;2756.0;2220.0;1582.0;299.8;425.72;0;2504.0;2369.0;0.0192;0.0772;416.2;387.0288888888889;0.0229;0.1;7.5;8.1;7.0;705105;1;0;marche_estime;;;;
2025-01-01;2025;1;Ben Arous;Grand Tunis;13;2610.0;2819.0;2271.0;1618.0;308.2;437.64;0;2552.0;2427.0;0.0227;0.0754;425.72;398.31;0.028;0.0987;7.0;6.5;5.8;705105;1;0;marche_estime;;;;
2025-04-01;2025;2;Ben Arous;Grand Tunis;13;2642.0;2853.0;2299.0;1638.0;315.0;447.3;0;2610.0;2464.0;0.0123;0.0722;437.64;407.97;0.0221;0.0964;7.0;6.5;5.8;705105;1;0;marche_estime;;;;
2025-07-01;2025;3;Ben Arous;Grand Tunis;13;;;;;243.33333333333331;447.3;0;2642.0;2504.0;;;447.3;416.2;0.0;0.0747;;;;705105;1;0;;;;;
2025-10-01;2025;4;Ben Arous;Grand Tunis;13;;;;;171.66666666666666;447.3;0;;2552.0;;;447.3;425.72;0.0;0.0507;;;;705105;1;0;;;;;
2015-01-01;2015;1;Bizerte;Zaghouan/Bizerte/NO;23;971.0;1049.0;845.0;602.0;100.0;52.0;0;;;;;;;;;4.25;3.2;4.9;568278;1;1;marche_estime;;;;
2015-04-01;2015;2;Bizerte;Zaghouan/Bizerte/NO;23;999.0;1079.0;869.0;619.0;103.2;53.66;0;971.0;;0.0288;;52.0;;0.0319;;4.25;3.2;4.9;568278;1;1;marche_estime;;;;
2015-07-01;2015;3;Bizerte;Zaghouan/Bizerte/NO;23;1004.0;1084.0;873.0;622.0;105.1;54.65;0;999.0;;0.005;;53.66;;0.0184;;4.25;3.2;4.9;568278;1;1;marche_estime;;;;
2015-10-01;2015;4;Bizerte;Zaghouan/Bizerte/NO;23;1019.0;1101.0;887.0;632.0;107.8;56.06;0;1004.0;;0.0149;;54.65;;0.0258;;4.25;3.2;4.9;568278;1;1;marche_estime;;;;
2016-01-01;2016;1;Bizerte;Zaghouan/Bizerte/NO;23;1039.0;1122.0;904.0;644.0;109.4;56.89;0;1019.0;971.0;0.0196;0.07;56.06;52.0;0.0148;0.094;4.25;3.8;3.7;568278;1;1;marche_estime;;;;
2016-04-01;2016;2;Bizerte;Zaghouan/Bizerte/NO;23;1044.0;1128.0;908.0;647.0;112.6;58.55;0;1039.0;999.0;0.0048;0.045;56.89;53.66;0.0292;0.0911;4.25;3.8;3.7;568278;1;1;marche_estime;;;;
2016-07-01;2016;3;Bizerte;Zaghouan/Bizerte/NO;23;1049.0;1133.0;913.0;650.0;114.3;59.44;0;1044.0;1004.0;0.0048;0.0448;58.55;54.65;0.0152;0.0876;4.25;3.8;3.7;568278;1;1;marche_estime;;;;
2016-10-01;2016;4;Bizerte;Zaghouan/Bizerte/NO;23;1058.0;1143.0;920.0;656.0;116.9;60.79;0;1049.0;1019.0;0.0086;0.0383;59.44;56.06;0.0227;0.0844;4.25;3.8;3.7;568278;1;1;marche_estime;;;;
2017-01-01;2017;1;Bizerte;Zaghouan/Bizerte/NO;23;1076.0;1162.0;936.0;667.0;118.7;61.72;0;1058.0;1039.0;0.017;0.0356;60.79;56.89;0.0153;0.0849;5.0;5.1;5.3;568278;1;1;marche_estime;;;;
2017-04-01;2017;2;Bizerte;Zaghouan/Bizerte/NO;23;1075.0;1161.0;935.0;666.0;121.5;63.18;0;1076.0;1044.0;-0.0009;0.0297;61.72;58.55;0.0237;0.0791;5.0;5.1;5.3;568278;1;1;marche_estime;;;;
2017-07-01;2017;3;Bizerte;Zaghouan/Bizerte/NO;23;1119.0;1209.0;974.0;694.0;124.1;64.53;0;1075.0;1049.0;0.0409;0.0667;63.18;59.44;0.0214;0.0856;5.0;5.1;5.3;568278;1;1;marche_estime;;;;
2017-10-01;2017;4;Bizerte;Zaghouan/Bizerte/NO;23;1100.0;1188.0;957.0;682.0;127.3;66.2;0;1119.0;1058.0;-0.017;0.0397;64.53;60.79;0.0259;0.089;5.0;5.1;5.3;568278;1;1;marche_estime;;;;
2018-01-01;2018;1;Bizerte;Zaghouan/Bizerte/NO;23;1145.0;1237.0;996.0;710.0;130.2;67.7;0;1100.0;1076.0;0.0409;0.0641;66.2;61.72;0.0227;0.0969;6.75;7.2;7.3;568278;1;1;marche_estime;;;;
2018-04-01;2018;2;Bizerte;Zaghouan/Bizerte/NO;23;1163.0;1256.0;1012.0;721.0;138.7;72.12;0;1145.0;1075.0;0.0157;0.0819;67.7;63.18;0.0653;0.1415;6.75;7.2;7.3;568278;1;1;marche_estime;;;;
2018-07-01;2018;3;Bizerte;Zaghouan/Bizerte/NO;23;1174.0;1268.0;1021.0;728.0;141.9;73.79;0;1163.0;1119.0;0.0095;0.0492;72.12;64.53;0.0232;0.1435;6.75;7.2;7.3;568278;1;1;marche_estime;;;;
2018-10-01;2018;4;Bizerte;Zaghouan/Bizerte/NO;23;1173.0;1267.0;1021.0;727.0;145.6;75.71;0;1174.0;1100.0;-0.0009;0.0664;73.79;66.2;0.026;0.1437;6.75;7.2;7.3;568278;1;1;marche_estime;;;;
2019-01-01;2019;1;Bizerte;Zaghouan/Bizerte/NO;23;1197.0;1293.0;1041.0;742.0;148.4;77.17;0;1173.0;1145.0;0.0205;0.0454;75.71;67.7;0.0193;0.1399;7.75;6.4;6.7;568278;1;1;marche_estime;;;;
2019-04-01;2019;2;Bizerte;Zaghouan/Bizerte/NO;23;1255.0;1355.0;1092.0;778.0;156.4;81.33;0;1197.0;1163.0;0.0485;0.0791;77.17;72.12;0.0539;0.1277;7.75;6.4;6.7;568278;1;1;marche_estime;;;;
2019-07-01;2019;3;Bizerte;Zaghouan/Bizerte/NO;23;1226.0;1324.0;1067.0;760.0;159.8;83.1;0;1255.0;1174.0;-0.0231;0.0443;81.33;73.79;0.0218;0.1262;7.75;6.4;6.7;568278;1;1;marche_estime;;;;
2019-10-01;2019;4;Bizerte;Zaghouan/Bizerte/NO;23;1290.0;1393.0;1122.0;800.0;162.1;84.29;0;1226.0;1173.0;0.0522;0.0997;83.1;75.71;0.0143;0.1133;7.75;6.4;6.7;568278;1;1;marche_estime;;;;
2020-01-01;2020;1;Bizerte;Zaghouan/Bizerte/NO;23;1272.0;1374.0;1107.0;789.0;164.7;85.64;0;1290.0;1197.0;-0.014;0.0627;84.29;77.17;0.016;0.1098;6.25;5.8;5.6;568278;1;1;marche_estime;;;;
2020-04-01;2020;2;Bizerte;Zaghouan/Bizerte/NO;23;1304.0;1408.0;1134.0;808.0;166.7;86.68;0;1272.0;1255.0;0.0252;0.039;85.64;81.33;0.0121;0.0658;6.25;5.8;5.6;568278;1;1;marche_estime;;;;
2020-07-01;2020;3;Bizerte;Zaghouan/Bizerte/NO;23;1293.0;1396.0;1125.0;802.0;176.7;91.88;0;1304.0;1226.0;-0.0084;0.0546;86.68;83.1;0.06;0.1057;6.25;5.8;5.6;568278;1;1;marche_estime;;;;
2020-10-01;2020;4;Bizerte;Zaghouan/Bizerte/NO;23;1311.0;1416.0;1141.0;813.0;183.9;95.63;0;1293.0;1290.0;0.0139;0.0163;91.88;84.29;0.0408;0.1345;6.25;5.8;5.6;568278;1;1;marche_estime;;;;
2021-01-01;2021;1;Bizerte;Zaghouan/Bizerte/NO;23;1326.0;1432.0;1154.0;822.0;196.8;102.34;0;1311.0;1272.0;0.0114;0.0425;95.63;85.64;0.0702;0.195;6.25;9.1;6.0;568278;1;1;marche_estime;;;;
2021-04-01;2021;2;Bizerte;Zaghouan/Bizerte/NO;23;1354.0;1462.0;1178.0;839.0;209.8;109.1;0;1326.0;1304.0;0.0211;0.0383;102.34;86.68;0.0661;0.2587;6.25;9.1;6.0;568278;1;1;marche_estime;;;;
2021-07-01;2021;3;Bizerte;Zaghouan/Bizerte/NO;23;1392.0;1503.0;1211.0;863.0;202.1;105.09;0;1354.0;1293.0;0.0281;0.0766;109.1;91.88;-0.0368;0.1438;6.25;9.1;6.0;568278;1;1;marche_estime;;;;
2021-10-01;2021;4;Bizerte;Zaghouan/Bizerte/NO;23;1388.0;1499.0;1208.0;861.0;209.0;108.68;0;1392.0;1311.0;-0.0029;0.0587;105.09;95.63;0.0342;0.1365;6.25;9.1;6.0;568278;1;1;marche_estime;;;;
2022-01-01;2022;1;Bizerte;Zaghouan/Bizerte/NO;23;1392.0;1503.0;1211.0;863.0;216.94444444444446;112.81111111111112;1;1388.0;1326.0;0.0029;0.0498;108.68;102.34;0.038;0.1023;7.25;14.3;8.3;568278;1;1;marche_estime;;;;
2022-04-01;2022;2;Bizerte;Zaghouan/Bizerte/NO;23;1419.0;1533.0;1235.0;880.0;224.88888888888889;116.94222222222223;1;1392.0;1354.0;0.0194;0.048;112.81111111111112;109.1;0.0366;0.0719;7.25;14.3;8.3;568278;1;1;marche_estime;;;;
2022-07-01;2022;3;Bizerte;Zaghouan/Bizerte/NO;23;1460.0;1577.0;1270.0;905.0;232.83333333333334;121.07333333333334;1;1419.0;1392.0;0.0289;0.0489;116.94222222222223;105.09;0.0353;0.1521;7.25;14.3;8.3;568278;1;1;marche_estime;;;;
2022-10-01;2022;4;Bizerte;Zaghouan/Bizerte/NO;23;1458.0;1575.0;1268.0;904.0;240.77777777777777;125.20444444444445;1;1460.0;1388.0;-0.0014;0.0504;121.07333333333334;108.68;0.0341;0.152;7.25;14.3;8.3;568278;1;1;marche_estime;;;;
2023-01-01;2023;1;Bizerte;Zaghouan/Bizerte/NO;23;1489.0;1608.0;1295.0;923.0;248.72222222222223;129.33555555555557;1;1458.0;1392.0;0.0213;0.0697;125.20444444444445;112.81111111111112;0.033;0.1465;8.0;11.2;9.3;568278;1;1;marche_estime;;;;
2023-04-01;2023;2;Bizerte;Zaghouan/Bizerte/NO;23;1516.0;1637.0;1319.0;940.0;256.6666666666667;133.46666666666667;1;1489.0;1419.0;0.0181;0.0684;129.33555555555557;116.94222222222223;0.0319;0.1413;8.0;11.2;9.3;568278;1;1;marche_estime;;;;
2023-07-01;2023;3;Bizerte;Zaghouan/Bizerte/NO;23;1524.0;1646.0;1326.0;945.0;264.6111111111111;137.5977777777778;1;1516.0;1460.0;0.0053;0.0438;133.46666666666667;121.07333333333334;0.031;0.1365;8.0;11.2;9.3;568278;1;1;marche_estime;;;;
2023-10-01;2023;4;Bizerte;Zaghouan/Bizerte/NO;23;1555.0;1679.0;1353.0;964.0;272.55555555555554;141.7288888888889;1;1524.0;1458.0;0.0203;0.0665;137.5977777777778;125.20444444444445;0.03;0.132;8.0;11.2;9.3;568278;1;1;marche_estime;;;;
2024-01-01;2024;1;Bizerte;Zaghouan/Bizerte/NO;23;1548.0;1672.0;1347.0;960.0;280.5;145.86;0;1555.0;1489.0;-0.0045;0.0396;141.7288888888889;129.33555555555557;0.0291;0.1278;7.5;8.1;7.0;568278;1;1;marche_estime;;;;
2024-04-01;2024;2;Bizerte;Zaghouan/Bizerte/NO;23;1611.0;1740.0;1402.0;999.0;287.3;149.4;0;1548.0;1516.0;0.0407;0.0627;145.86;133.46666666666667;0.0243;0.1194;7.5;8.1;7.0;568278;1;1;marche_estime;;;;
2024-07-01;2024;3;Bizerte;Zaghouan/Bizerte/NO;23;1580.0;1706.0;1375.0;980.0;293.1;152.41;0;1611.0;1524.0;-0.0192;0.0367;149.4;137.5977777777778;0.0201;0.1076;7.5;8.1;7.0;568278;1;1;marche_estime;;;;
2024-10-01;2024;4;Bizerte;Zaghouan/Bizerte/NO;23;1615.0;1744.0;1405.0;1001.0;299.8;155.9;0;1580.0;1555.0;0.0222;0.0386;152.41;141.7288888888889;0.0229;0.1;7.5;8.1;7.0;568278;1;1;marche_estime;;;;
2025-01-01;2025;1;Bizerte;Zaghouan/Bizerte/NO;23;1613.0;1742.0;1403.0;1000.0;308.2;160.26;0;1615.0;1548.0;-0.0012;0.042;155.9;145.86;0.028;0.0987;7.0;6.5;5.8;568278;1;1;marche_estime;;;;
2025-04-01;2025;2;Bizerte;Zaghouan/Bizerte/NO;23;1660.0;1793.0;1444.0;1029.0;315.0;163.8;0;1613.0;1611.0;0.0291;0.0304;160.26;149.4;0.0221;0.0964;7.0;6.5;5.8;568278;1;1;marche_estime;;;;
2025-07-01;2025;3;Bizerte;Zaghouan/Bizerte/NO;23;;;;;243.33333333333331;163.8;0;1660.0;1580.0;;;163.8;152.41;0.0;0.0747;;;;568278;1;1;;;;;
2025-10-01;2025;4;Bizerte;Zaghouan/Bizerte/NO;23;;;;;171.66666666666666;163.8;0;;1615.0;;;163.8;155.9;0.0;0.0507;;;;568278;1;1;;;;;
2015-01-01;2015;1;Béja;Zaghouan/Bizerte/NO;31;539.0;582.0;469.0;334.0;100.0;52.0;0;;;;;;;;;4.25;3.2;4.9;303276;0;0;marche_estime;;;;
2015-04-01;2015;2;Béja;Zaghouan/Bizerte/NO;31;552.0;596.0;480.0;342.0;103.2;53.66;0;539.0;;0.0241;;52.0;;0.0319;;4.25;3.2;4.9;303276;0;0;marche_estime;;;;
2015-07-01;2015;3;Béja;Zaghouan/Bizerte/NO;31;561.0;606.0;488.0;348.0;105.1;54.65;0;552.0;;0.0163;;53.66;;0.0184;;4.25;3.2;4.9;303276;0;0;marche_estime;;;;
2015-10-01;2015;4;Béja;Zaghouan/Bizerte/NO;31;558.0;603.0;485.0;346.0;107.8;56.06;0;561.0;;-0.0053;;54.65;;0.0258;;4.25;3.2;4.9;303276;0;0;marche_estime;;;;
2016-01-01;2016;1;Béja;Zaghouan/Bizerte/NO;31;566.0;611.0;492.0;351.0;109.4;56.89;0;558.0;539.0;0.0143;0.0501;56.06;52.0;0.0148;0.094;4.25;3.8;3.7;303276;0;0;marche_estime;;;;
2016-04-01;2016;2;Béja;Zaghouan/Bizerte/NO;31;582.0;629.0;506.0;361.0;112.6;58.55;0;566.0;552.0;0.0283;0.0543;56.89;53.66;0.0292;0.0911;4.25;3.8;3.7;303276;0;0;marche_estime;;;;
2016-07-01;2016;3;Béja;Zaghouan/Bizerte/NO;31;580.0;626.0;505.0;360.0;114.3;59.44;0;582.0;561.0;-0.0034;0.0339;58.55;54.65;0.0152;0.0876;4.25;3.8;3.7;303276;0;0;marche_estime;;;;
2016-10-01;2016;4;Béja;Zaghouan/Bizerte/NO;31;606.0;654.0;527.0;376.0;116.9;60.79;0;580.0;558.0;0.0448;0.086;59.44;56.06;0.0227;0.0844;4.25;3.8;3.7;303276;0;0;marche_estime;;;;
2017-01-01;2017;1;Béja;Zaghouan/Bizerte/NO;31;600.0;648.0;522.0;372.0;118.7;61.72;0;606.0;566.0;-0.0099;0.0601;60.79;56.89;0.0153;0.0849;5.0;5.1;5.3;303276;0;0;marche_estime;;;;
2017-04-01;2017;2;Béja;Zaghouan/Bizerte/NO;31;614.0;663.0;534.0;381.0;121.5;63.18;0;600.0;582.0;0.0233;0.055;61.72;58.55;0.0237;0.0791;5.0;5.1;5.3;303276;0;0;marche_estime;;;;
2017-07-01;2017;3;Béja;Zaghouan/Bizerte/NO;31;627.0;677.0;545.0;389.0;124.1;64.53;0;614.0;580.0;0.0212;0.081;63.18;59.44;0.0214;0.0856;5.0;5.1;5.3;303276;0;0;marche_estime;;;;
2017-10-01;2017;4;Béja;Zaghouan/Bizerte/NO;31;630.0;680.0;548.0;391.0;127.3;66.2;0;627.0;606.0;0.0048;0.0396;64.53;60.79;0.0259;0.089;5.0;5.1;5.3;303276;0;0;marche_estime;;;;
2018-01-01;2018;1;Béja;Zaghouan/Bizerte/NO;31;631.0;681.0;549.0;391.0;130.2;67.7;0;630.0;600.0;0.0016;0.0517;66.2;61.72;0.0227;0.0969;6.75;7.2;7.3;303276;0;0;marche_estime;;;;
2018-04-01;2018;2;Béja;Zaghouan/Bizerte/NO;31;642.0;693.0;559.0;398.0;138.7;72.12;0;631.0;614.0;0.0174;0.0456;67.7;63.18;0.0653;0.1415;6.75;7.2;7.3;303276;0;0;marche_estime;;;;
2018-07-01;2018;3;Béja;Zaghouan/Bizerte/NO;31;649.0;701.0;565.0;402.0;141.9;73.79;0;642.0;627.0;0.0109;0.0351;72.12;64.53;0.0232;0.1435;6.75;7.2;7.3;303276;0;0;marche_estime;;;;
2018-10-01;2018;4;Béja;Zaghouan/Bizerte/NO;31;665.0;718.0;579.0;412.0;145.6;75.71;0;649.0;630.0;0.0247;0.0556;73.79;66.2;0.026;0.1437;6.75;7.2;7.3;303276;0;0;marche_estime;;;;
2019-01-01;2019;1;Béja;Zaghouan/Bizerte/NO;31;677.0;731.0;589.0;420.0;148.4;77.17;0;665.0;631.0;0.018;0.0729;75.71;67.7;0.0193;0.1399;7.75;6.4;6.7;303276;0;0;marche_estime;;;;
2019-04-01;2019;2;Béja;Zaghouan/Bizerte/NO;31;676.0;730.0;588.0;419.0;156.4;81.33;0;677.0;642.0;-0.0015;0.053;77.17;72.12;0.0539;0.1277;7.75;6.4;6.7;303276;0;0;marche_estime;;;;
2019-07-01;2019;3;Béja;Zaghouan/Bizerte/NO;31;697.0;753.0;606.0;432.0;159.8;83.1;0;676.0;649.0;0.0311;0.074;81.33;73.79;0.0218;0.1262;7.75;6.4;6.7;303276;0;0;marche_estime;;;;
2019-10-01;2019;4;Béja;Zaghouan/Bizerte/NO;31;690.0;745.0;600.0;428.0;162.1;84.29;0;697.0;665.0;-0.01;0.0376;83.1;75.71;0.0143;0.1133;7.75;6.4;6.7;303276;0;0;marche_estime;;;;
2020-01-01;2020;1;Béja;Zaghouan/Bizerte/NO;31;706.0;762.0;614.0;438.0;164.7;85.64;0;690.0;677.0;0.0232;0.0428;84.29;77.17;0.016;0.1098;6.25;5.8;5.6;303276;0;0;marche_estime;;;;
2020-04-01;2020;2;Béja;Zaghouan/Bizerte/NO;31;707.0;764.0;615.0;438.0;166.7;86.68;0;706.0;676.0;0.0014;0.0459;85.64;81.33;0.0121;0.0658;6.25;5.8;5.6;303276;0;0;marche_estime;;;;
2020-07-01;2020;3;Béja;Zaghouan/Bizerte/NO;31;721.0;779.0;627.0;447.0;176.7;91.88;0;707.0;697.0;0.0198;0.0344;86.68;83.1;0.06;0.1057;6.25;5.8;5.6;303276;0;0;marche_estime;;;;
2020-10-01;2020;4;Béja;Zaghouan/Bizerte/NO;31;742.0;801.0;646.0;460.0;183.9;95.63;0;721.0;690.0;0.0291;0.0754;91.88;84.29;0.0408;0.1345;6.25;5.8;5.6;303276;0;0;marche_estime;;;;
2021-01-01;2021;1;Béja;Zaghouan/Bizerte/NO;31;740.0;799.0;644.0;459.0;196.8;102.34;0;742.0;706.0;-0.0027;0.0482;95.63;85.64;0.0702;0.195;6.25;9.1;6.0;303276;0;0;marche_estime;;;;
2021-04-01;2021;2;Béja;Zaghouan/Bizerte/NO;31;757.0;818.0;659.0;469.0;209.8;109.1;0;740.0;707.0;0.023;0.0707;102.34;86.68;0.0661;0.2587;6.25;9.1;6.0;303276;0;0;marche_estime;;;;
2021-07-01;2021;3;Béja;Zaghouan/Bizerte/NO;31;776.0;838.0;675.0;481.0;202.1;105.09;0;757.0;721.0;0.0251;0.0763;109.1;91.88;-0.0368;0.1438;6.25;9.1;6.0;303276;0;0;marche_estime;;;;
2021-10-01;2021;4;Béja;Zaghouan/Bizerte/NO;31;766.0;827.0;666.0;475.0;209.0;108.68;0;776.0;742.0;-0.0129;0.0323;105.09;95.63;0.0342;0.1365;6.25;9.1;6.0;303276;0;0;marche_estime;;;;
2022-01-01;2022;1;Béja;Zaghouan/Bizerte/NO;31;785.0;848.0;683.0;487.0;216.94444444444446;112.81111111111112;1;766.0;740.0;0.0248;0.0608;108.68;102.34;0.038;0.1023;7.25;14.3;8.3;303276;0;0;marche_estime;;;;
2022-04-01;2022;2;Béja;Zaghouan/Bizerte/NO;31;802.0;866.0;698.0;497.0;224.88888888888889;116.94222222222223;1;785.0;757.0;0.0217;0.0594;112.81111111111112;109.1;0.0366;0.0719;7.25;14.3;8.3;303276;0;0;marche_estime;;;;
2022-07-01;2022;3;Béja;Zaghouan/Bizerte/NO;31;822.0;888.0;715.0;510.0;232.83333333333334;121.07333333333334;1;802.0;776.0;0.0249;0.0593;116.94222222222223;105.09;0.0353;0.1521;7.25;14.3;8.3;303276;0;0;marche_estime;;;;
2022-10-01;2022;4;Béja;Zaghouan/Bizerte/NO;31;811.0;876.0;706.0;503.0;240.77777777777777;125.20444444444445;1;822.0;766.0;-0.0134;0.0587;121.07333333333334;108.68;0.0341;0.152;7.25;14.3;8.3;303276;0;0;marche_estime;;;;
2023-01-01;2023;1;Béja;Zaghouan/Bizerte/NO;31;836.0;903.0;727.0;518.0;248.72222222222223;129.33555555555557;1;811.0;785.0;0.0308;0.065;125.20444444444445;112.81111111111112;0.033;0.1465;8.0;11.2;9.3;303276;0;0;marche_estime;;;;
2023-04-01;2023;2;Béja;Zaghouan/Bizerte/NO;31;833.0;900.0;725.0;516.0;256.6666666666667;133.46666666666667;1;836.0;802.0;-0.0036;0.0387;129.33555555555557;116.94222222222223;0.0319;0.1413;8.0;11.2;9.3;303276;0;0;marche_estime;;;;
2023-07-01;2023;3;Béja;Zaghouan/Bizerte/NO;31;854.0;922.0;743.0;529.0;264.6111111111111;137.5977777777778;1;833.0;822.0;0.0252;0.0389;133.46666666666667;121.07333333333334;0.031;0.1365;8.0;11.2;9.3;303276;0;0;marche_estime;;;;
2023-10-01;2023;4;Béja;Zaghouan/Bizerte/NO;31;869.0;939.0;756.0;539.0;272.55555555555554;141.7288888888889;1;854.0;811.0;0.0176;0.0715;137.5977777777778;125.20444444444445;0.03;0.132;8.0;11.2;9.3;303276;0;0;marche_estime;;;;
2024-01-01;2024;1;Béja;Zaghouan/Bizerte/NO;31;872.0;942.0;759.0;541.0;280.5;145.86;0;869.0;836.0;0.0035;0.0431;141.7288888888889;129.33555555555557;0.0291;0.1278;7.5;8.1;7.0;303276;0;0;marche_estime;;;;
2024-04-01;2024;2;Béja;Zaghouan/Bizerte/NO;31;907.0;980.0;789.0;562.0;287.3;149.4;0;872.0;833.0;0.0401;0.0888;145.86;133.46666666666667;0.0243;0.1194;7.5;8.1;7.0;303276;0;0;marche_estime;;;;
2024-07-01;2024;3;Béja;Zaghouan/Bizerte/NO;31;893.0;964.0;777.0;554.0;293.1;152.41;0;907.0;854.0;-0.0154;0.0457;149.4;137.5977777777778;0.0201;0.1076;7.5;8.1;7.0;303276;0;0;marche_estime;;;;
2024-10-01;2024;4;Béja;Zaghouan/Bizerte/NO;31;916.0;989.0;797.0;568.0;299.8;155.9;0;893.0;869.0;0.0258;0.0541;152.41;141.7288888888889;0.0229;0.1;7.5;8.1;7.0;303276;0;0;marche_estime;;;;
2025-01-01;2025;1;Béja;Zaghouan/Bizerte/NO;31;914.0;987.0;795.0;567.0;308.2;160.26;0;916.0;872.0;-0.0022;0.0482;155.9;145.86;0.028;0.0987;7.0;6.5;5.8;303276;0;0;marche_estime;;;;
2025-04-01;2025;2;Béja;Zaghouan/Bizerte/NO;31;940.0;1015.0;818.0;583.0;315.0;163.8;0;914.0;907.0;0.0284;0.0364;160.26;149.4;0.0221;0.0964;7.0;6.5;5.8;303276;0;0;marche_estime;;;;
2025-07-01;2025;3;Béja;Zaghouan/Bizerte/NO;31;;;;;243.33333333333331;163.8;0;940.0;893.0;;;163.8;152.41;0.0;0.0747;;;;303276;0;0;;;;;
2025-10-01;2025;4;Béja;Zaghouan/Bizerte/NO;31;;;;;171.66666666666666;163.8;0;;916.0;;;163.8;155.9;0.0;0.0507;;;;303276;0;0;;;;;
2015-01-01;2015;1;Gabès;Sfax/Centre-Est/Sud;71;616.0;665.0;536.0;382.0;100.0;72.0;0;;;;;;;;;4.25;3.2;4.9;341879;1;0;marche_estime;;;;
2015-04-01;2015;2;Gabès;Sfax/Centre-Est/Sud;71;627.0;677.0;545.0;389.0;103.2;74.3;0;616.0;;0.0179;;72.0;;0.0319;;4.25;3.2;4.9;341879;1;0;marche_estime;;;;
2015-07-01;2015;3;Gabès;Sfax/Centre-Est/Sud;71;642.0;693.0;559.0;398.0;105.1;75.67;0;627.0;;0.0239;;74.3;;0.0184;;4.25;3.2;4.9;341879;1;0;marche_estime;;;;
2015-10-01;2015;4;Gabès;Sfax/Centre-Est/Sud;71;639.0;690.0;556.0;396.0;107.8;77.62;0;642.0;;-0.0047;;75.67;;0.0258;;4.25;3.2;4.9;341879;1;0;marche_estime;;;;
2016-01-01;2016;1;Gabès;Sfax/Centre-Est/Sud;71;657.0;710.0;572.0;407.0;109.4;78.77;0;639.0;616.0;0.0282;0.0666;77.62;72.0;0.0148;0.094;4.25;3.8;3.7;341879;1;0;marche_estime;;;;
2016-04-01;2016;2;Gabès;Sfax/Centre-Est/Sud;71;670.0;724.0;583.0;415.0;112.6;81.07;0;657.0;627.0;0.0198;0.0686;78.77;74.3;0.0292;0.0911;4.25;3.8;3.7;341879;1;0;marche_estime;;;;
2016-07-01;2016;3;Gabès;Sfax/Centre-Est/Sud;71;695.0;751.0;605.0;431.0;114.3;82.3;0;670.0;642.0;0.0373;0.0826;81.07;75.67;0.0152;0.0876;4.25;3.8;3.7;341879;1;0;marche_estime;;;;
2016-10-01;2016;4;Gabès;Sfax/Centre-Est/Sud;71;709.0;766.0;617.0;440.0;116.9;84.17;0;695.0;639.0;0.0201;0.1095;82.3;77.62;0.0227;0.0844;4.25;3.8;3.7;341879;1;0;marche_estime;;;;
2017-01-01;2017;1;Gabès;Sfax/Centre-Est/Sud;71;700.0;756.0;609.0;434.0;118.7;85.46;0;709.0;657.0;-0.0127;0.0654;84.17;78.77;0.0153;0.0849;5.0;5.1;5.3;341879;1;0;marche_estime;;;;
2017-04-01;2017;2;Gabès;Sfax/Centre-Est/Sud;71;717.0;774.0;624.0;445.0;121.5;87.48;0;700.0;670.0;0.0243;0.0701;85.46;81.07;0.0236;0.0791;5.0;5.1;5.3;341879;1;0;marche_estime;;;;
2017-07-01;2017;3;Gabès;Sfax/Centre-Est/Sud;71;719.0;777.0;626.0;446.0;124.1;89.35;0;717.0;695.0;0.0028;0.0345;87.48;82.3;0.0214;0.0857;5.0;5.1;5.3;341879;1;0;marche_estime;;;;
2017-10-01;2017;4;Gabès;Sfax/Centre-Est/Sud;71;729.0;787.0;634.0;452.0;127.3;91.66;0;719.0;709.0;0.0139;0.0282;89.35;84.17;0.0259;0.089;5.0;5.1;5.3;341879;1;0;marche_estime;;;;
2018-01-01;2018;1;Gabès;Sfax/Centre-Est/Sud;71;724.0;782.0;630.0;449.0;130.2;93.74;0;729.0;700.0;-0.0069;0.0343;91.66;85.46;0.0227;0.0969;6.75;7.2;7.3;341879;1;0;marche_estime;;;;
2018-04-01;2018;2;Gabès;Sfax/Centre-Est/Sud;71;758.0;819.0;659.0;470.0;138.7;99.86;0;724.0;717.0;0.047;0.0572;93.74;87.48;0.0653;0.1415;6.75;7.2;7.3;341879;1;0;marche_estime;;;;
2018-07-01;2018;3;Gabès;Sfax/Centre-Est/Sud;71;780.0;842.0;679.0;484.0;141.9;102.17;0;758.0;719.0;0.029;0.0848;99.86;89.35;0.0231;0.1435;6.75;7.2;7.3;341879;1;0;marche_estime;;;;
2018-10-01;2018;4;Gabès;Sfax/Centre-Est/Sud;71;772.0;834.0;672.0;479.0;145.6;104.83;0;780.0;729.0;-0.0103;0.059;102.17;91.66;0.026;0.1437;6.75;7.2;7.3;341879;1;0;marche_estime;;;;
2019-01-01;2019;1;Gabès;Sfax/Centre-Est/Sud;71;795.0;859.0;692.0;493.0;148.4;106.85;0;772.0;724.0;0.0298;0.0981;104.83;93.74;0.0193;0.1399;7.75;6.4;6.7;341879;1;0;marche_estime;;;;
2019-04-01;2019;2;Gabès;Sfax/Centre-Est/Sud;71;788.0;851.0;686.0;489.0;156.4;112.61;0;795.0;758.0;-0.0088;0.0396;106.85;99.86;0.0539;0.1277;7.75;6.4;6.7;341879;1;0;marche_estime;;;;
2019-07-01;2019;3;Gabès;Sfax/Centre-Est/Sud;71;816.0;881.0;710.0;506.0;159.8;115.06;0;788.0;780.0;0.0355;0.0462;112.61;102.17;0.0218;0.1262;7.75;6.4;6.7;341879;1;0;marche_estime;;;;
2019-10-01;2019;4;Gabès;Sfax/Centre-Est/Sud;71;842.0;909.0;733.0;522.0;162.1;116.71;0;816.0;772.0;0.0319;0.0907;115.06;104.83;0.0143;0.1133;7.75;6.4;6.7;341879;1;0;marche_estime;;;;
2020-01-01;2020;1;Gabès;Sfax/Centre-Est/Sud;71;834.0;901.0;726.0;517.0;164.7;118.58;0;842.0;795.0;-0.0095;0.0491;116.71;106.85;0.016;0.1098;6.25;5.8;5.6;341879;1;0;marche_estime;;;;
2020-04-01;2020;2;Gabès;Sfax/Centre-Est/Sud;71;842.0;909.0;733.0;522.0;166.7;120.02;0;834.0;788.0;0.0096;0.0685;118.58;112.61;0.0121;0.0658;6.25;5.8;5.6;341879;1;0;marche_estime;;;;
2020-07-01;2020;3;Gabès;Sfax/Centre-Est/Sud;71;873.0;943.0;760.0;541.0;176.7;127.22;0;842.0;816.0;0.0368;0.0699;120.02;115.06;0.06;0.1057;6.25;5.8;5.6;341879;1;0;marche_estime;;;;
2020-10-01;2020;4;Gabès;Sfax/Centre-Est/Sud;71;882.0;953.0;767.0;547.0;183.9;132.41;0;873.0;842.0;0.0103;0.0475;127.22;116.71;0.0408;0.1345;6.25;5.8;5.6;341879;1;0;marche_estime;;;;
2021-01-01;2021;1;Gabès;Sfax/Centre-Est/Sud;71;880.0;950.0;766.0;546.0;196.8;141.7;0;882.0;834.0;-0.0023;0.0552;132.41;118.58;0.0702;0.195;6.25;9.1;6.0;341879;1;0;marche_estime;;;;
2021-04-01;2021;2;Gabès;Sfax/Centre-Est/Sud;71;916.0;989.0;797.0;568.0;209.8;151.06;0;880.0;842.0;0.0409;0.0879;141.7;120.02;0.0661;0.2586;6.25;9.1;6.0;341879;1;0;marche_estime;;;;
2021-07-01;2021;3;Gabès;Sfax/Centre-Est/Sud;71;903.0;975.0;786.0;560.0;202.1;145.51;0;916.0;873.0;-0.0142;0.0344;151.06;127.22;-0.0367;0.1438;6.25;9.1;6.0;341879;1;0;marche_estime;;;;
2021-10-01;2021;4;Gabès;Sfax/Centre-Est/Sud;71;933.0;1008.0;812.0;578.0;209.0;150.48;0;903.0;882.0;0.0332;0.0578;145.51;132.41;0.0342;0.1365;6.25;9.1;6.0;341879;1;0;marche_estime;;;;
2022-01-01;2022;1;Gabès;Sfax/Centre-Est/Sud;71;950.0;1026.0;826.0;589.0;216.94444444444446;156.2;1;933.0;880.0;0.0182;0.0795;150.48;141.7;0.038;0.1023;7.25;14.3;8.3;341879;1;0;marche_estime;;;;
2022-04-01;2022;2;Gabès;Sfax/Centre-Est/Sud;71;966.0;1043.0;840.0;599.0;224.88888888888889;161.92;1;950.0;916.0;0.0168;0.0546;156.2;151.06;0.0366;0.0719;7.25;14.3;8.3;341879;1;0;marche_estime;;;;
2022-07-01;2022;3;Gabès;Sfax/Centre-Est/Sud;71;987.0;1066.0;859.0;612.0;232.83333333333334;167.64;1;966.0;903.0;0.0217;0.093;161.92;145.51;0.0353;0.1521;7.25;14.3;8.3;341879;1;0;marche_estime;;;;
2022-10-01;2022;4;Gabès;Sfax/Centre-Est/Sud;71;995.0;1075.0;866.0;617.0;240.77777777777777;173.36;1;987.0;933.0;0.0081;0.0665;167.64;150.48;0.0341;0.152;7.25;14.3;8.3;341879;1;0;marche_estime;;;;
2023-01-01;2023;1;Gabès;Sfax/Centre-Est/Sud;71;1011.0;1092.0;880.0;627.0;248.72222222222223;179.08;1;995.0;950.0;0.0161;0.0642;173.36;156.2;0.033;0.1465;8.0;11.2;9.3;341879;1;0;marche_estime;;;;
2023-04-01;2023;2;Gabès;Sfax/Centre-Est/Sud;71;1015.0;1096.0;883.0;629.0;256.6666666666667;184.8;1;1011.0;966.0;0.004;0.0507;179.08;161.92;0.0319;0.1413;8.0;11.2;9.3;341879;1;0;marche_estime;;;;
2023-07-01;2023;3;Gabès;Sfax/Centre-Est/Sud;71;1020.0;1102.0;887.0;632.0;264.6111111111111;190.52;1;1015.0;987.0;0.0049;0.0334;184.8;167.64;0.031;0.1365;8.0;11.2;9.3;341879;1;0;marche_estime;;;;
2023-10-01;2023;4;Gabès;Sfax/Centre-Est/Sud;71;1060.0;1145.0;922.0;657.0;272.55555555555554;196.24;1;1020.0;995.0;0.0392;0.0653;190.52;173.36;0.03;0.132;8.0;11.2;9.3;341879;1;0;marche_estime;;;;
2024-01-01;2024;1;Gabès;Sfax/Centre-Est/Sud;71;1085.0;1172.0;944.0;673.0;280.5;201.96;0;1060.0;1011.0;0.0236;0.0732;196.24;179.08;0.0291;0.1278;7.5;8.1;7.0;341879;1;0;marche_estime;;;;
2024-04-01;2024;2;Gabès;Sfax/Centre-Est/Sud;71;1071.0;1157.0;932.0;664.0;287.3;206.86;0;1085.0;1015.0;-0.0129;0.0552;201.96;184.8;0.0243;0.1194;7.5;8.1;7.0;341879;1;0;marche_estime;;;;
2024-07-01;2024;3;Gabès;Sfax/Centre-Est/Sud;71;1095.0;1183.0;953.0;679.0;293.1;211.03;0;1071.0;1020.0;0.0224;0.0735;206.86;190.52;0.0202;0.1077;7.5;8.1;7.0;341879;1;0;marche_estime;;;;
2024-10-01;2024;4;Gabès;Sfax/Centre-Est/Sud;71;1131.0;1221.0;984.0;701.0;299.8;215.86;0;1095.0;1060.0;0.0329;0.067;211.03;196.24;0.0229;0.1;7.5;8.1;7.0;341879;1;0;marche_estime;;;;
2025-01-01;2025;1;Gabès;Sfax/Centre-Est/Sud;71;1145.0;1237.0;996.0;710.0;308.2;221.9;0;1131.0;1085.0;0.0124;0.0553;215.86;201.96;0.028;0.0987;7.0;6.5;5.8;341879;1;0;marche_estime;;;;
2025-04-01;2025;2;Gabès;Sfax/Centre-Est/Sud;71;1156.0;1248.0;1006.0;717.0;315.0;226.8;0;1145.0;1071.0;0.0096;0.0794;221.9;206.86;0.0221;0.0964;7.0;6.5;5.8;341879;1;0;marche_estime;;;;
2025-07-01;2025;3;Gabès;Sfax/Centre-Est/Sud;71;;;;;243.33333333333331;226.8;0;1156.0;1095.0;;;226.8;211.03;0.0;0.0747;;;;341879;1;0;;;;;
2025-10-01;2025;4;Gabès;Sfax/Centre-Est/Sud;71;;;;;171.66666666666666;226.8;0;;1131.0;;;226.8;215.86;0.0;0.0507;;;;341879;1;0;;;;;
2015-01-01;2015;1;Gafsa;Sfax/Centre-Est/Sud;72;310.0;335.0;270.0;192.0;100.0;72.0;0;;;;;;;;;4.25;3.2;4.9;335071;0;0;marche_estime;;;;
2015-04-01;2015;2;Gafsa;Sfax/Centre-Est/Sud;72;307.0;332.0;267.0;190.0;103.2;74.3;0;310.0;;-0.0097;;72.0;;0.0319;;4.25;3.2;4.9;335071;0;0;marche_estime;;;;
2015-07-01;2015;3;Gafsa;Sfax/Centre-Est/Sud;72;322.0;348.0;280.0;200.0;105.1;75.67;0;307.0;;0.0489;;74.3;;0.0184;;4.25;3.2;4.9;335071;0;0;marche_estime;;;;
2015-10-01;2015;4;Gafsa;Sfax/Centre-Est/Sud;72;315.0;340.0;274.0;195.0;107.8;77.62;0;322.0;;-0.0217;;75.67;;0.0258;;4.25;3.2;4.9;335071;0;0;marche_estime;;;;
2016-01-01;2016;1;Gafsa;Sfax/Centre-Est/Sud;72;326.0;352.0;284.0;202.0;109.4;78.77;0;315.0;310.0;0.0349;0.0516;77.62;72.0;0.0148;0.094;4.25;3.8;3.7;335071;0;0;marche_estime;;;;
2016-04-01;2016;2;Gafsa;Sfax/Centre-Est/Sud;72;335.0;362.0;291.0;208.0;112.6;81.07;0;326.0;307.0;0.0276;0.0912;78.77;74.3;0.0292;0.0911;4.25;3.8;3.7;335071;0;0;marche_estime;;;;
2016-07-01;2016;3;Gafsa;Sfax/Centre-Est/Sud;72;341.0;368.0;297.0;211.0;114.3;82.3;0;335.0;322.0;0.0179;0.059;81.07;75.67;0.0152;0.0876;4.25;3.8;3.7;335071;0;0;marche_estime;;;;
2016-10-01;2016;4;Gafsa;Sfax/Centre-Est/Sud;72;351.0;379.0;305.0;218.0;116.9;84.17;0;341.0;315.0;0.0293;0.1143;82.3;77.62;0.0227;0.0844;4.25;3.8;3.7;335071;0;0;marche_estime;;;;
2017-01-01;2017;1;Gafsa;Sfax/Centre-Est/Sud;72;351.0;379.0;305.0;218.0;118.7;85.46;0;351.0;326.0;0.0;0.0767;84.17;78.77;0.0153;0.0849;5.0;5.1;5.3;335071;0;0;marche_estime;;;;
2017-04-01;2017;2;Gafsa;Sfax/Centre-Est/Sud;72;360.0;389.0;313.0;223.0;121.5;87.48;0;351.0;335.0;0.0256;0.0746;85.46;81.07;0.0236;0.0791;5.0;5.1;5.3;335071;0;0;marche_estime;;;;
2017-07-01;2017;3;Gafsa;Sfax/Centre-Est/Sud;72;354.0;382.0;308.0;219.0;124.1;89.35;0;360.0;341.0;-0.0167;0.0381;87.48;82.3;0.0214;0.0857;5.0;5.1;5.3;335071;0;0;marche_estime;;;;
2017-10-01;2017;4;Gafsa;Sfax/Centre-Est/Sud;72;368.0;397.0;320.0;228.0;127.3;91.66;0;354.0;351.0;0.0395;0.0484;89.35;84.17;0.0259;0.089;5.0;5.1;5.3;335071;0;0;marche_estime;;;;
2018-01-01;2018;1;Gafsa;Sfax/Centre-Est/Sud;72;365.0;394.0;318.0;226.0;130.2;93.74;0;368.0;351.0;-0.0082;0.0399;91.66;85.46;0.0227;0.0969;6.75;7.2;7.3;335071;0;0;marche_estime;;;;
2018-04-01;2018;2;Gafsa;Sfax/Centre-Est/Sud;72;374.0;404.0;325.0;232.0;138.7;99.86;0;365.0;360.0;0.0247;0.0389;93.74;87.48;0.0653;0.1415;6.75;7.2;7.3;335071;0;0;marche_estime;;;;
2018-07-01;2018;3;Gafsa;Sfax/Centre-Est/Sud;72;373.0;403.0;325.0;231.0;141.9;102.17;0;374.0;354.0;-0.0027;0.0537;99.86;89.35;0.0231;0.1435;6.75;7.2;7.3;335071;0;0;marche_estime;;;;
2018-10-01;2018;4;Gafsa;Sfax/Centre-Est/Sud;72;392.0;423.0;341.0;243.0;145.6;104.83;0;373.0;368.0;0.0509;0.0652;102.17;91.66;0.026;0.1437;6.75;7.2;7.3;335071;0;0;marche_estime;;;;
2019-01-01;2019;1;Gafsa;Sfax/Centre-Est/Sud;72;397.0;429.0;345.0;246.0;148.4;106.85;0;392.0;365.0;0.0128;0.0877;104.83;93.74;0.0193;0.1399;7.75;6.4;6.7;335071;0;0;marche_estime;;;;
2019-04-01;2019;2;Gafsa;Sfax/Centre-Est/Sud;72;393.0;424.0;342.0;244.0;156.4;112.61;0;397.0;374.0;-0.0101;0.0508;106.85;99.86;0.0539;0.1277;7.75;6.4;6.7;335071;0;0;marche_estime;;;;
2019-07-01;2019;3;Gafsa;Sfax/Centre-Est/Sud;72;403.0;435.0;351.0;250.0;159.8;115.06;0;393.0;373.0;0.0254;0.0804;112.61;102.17;0.0218;0.1262;7.75;6.4;6.7;335071;0;0;marche_estime;;;;
2019-10-01;2019;4;Gafsa;Sfax/Centre-Est/Sud;72;414.0;447.0;360.0;257.0;162.1;116.71;0;403.0;392.0;0.0273;0.0561;115.06;104.83;0.0143;0.1133;7.75;6.4;6.7;335071;0;0;marche_estime;;;;
2020-01-01;2020;1;Gafsa;Sfax/Centre-Est/Sud;72;414.0;447.0;360.0;257.0;164.7;118.58;0;414.0;397.0;0.0;0.0428;116.71;106.85;0.016;0.1098;6.25;5.8;5.6;335071;0;0;marche_estime;;;;
2020-04-01;2020;2;Gafsa;Sfax/Centre-Est/Sud;72;418.0;451.0;364.0;259.0;166.7;120.02;0;414.0;393.0;0.0097;0.0636;118.58;112.61;0.0121;0.0658;6.25;5.8;5.6;335071;0;0;marche_estime;;;;
2020-07-01;2020;3;Gafsa;Sfax/Centre-Est/Sud;72;422.0;456.0;367.0;262.0;176.7;127.22;0;418.0;403.0;0.0096;0.0471;120.02;115.06;0.06;0.1057;6.25;5.8;5.6;335071;0;0;marche_estime;;;;
2020-10-01;2020;4;Gafsa;Sfax/Centre-Est/Sud;72;439.0;474.0;382.0;272.0;183.9;132.41;0;422.0;414.0;0.0403;0.0604;127.22;116.71;0.0408;0.1345;6.25;5.8;5.6;335071;0;0;marche_estime;;;;
2021-01-01;2021;1;Gafsa;Sfax/Centre-Est/Sud;72;446.0;482.0;388.0;277.0;196.8;141.7;0;439.0;414.0;0.0159;0.0773;132.41;118.58;0.0702;0.195;6.25;9.1;6.0;335071;0;0;marche_estime;;;;
2021-04-01;2021;2;Gafsa;Sfax/Centre-Est/Sud;72;448.0;484.0;390.0;278.0;209.8;151.06;0;446.0;418.0;0.0045;0.0718;141.7;120.02;0.0661;0.2586;6.25;9.1;6.0;335071;0;0;marche_estime;;;;
2021-07-01;2021;3;Gafsa;Sfax/Centre-Est/Sud;72;461.0;498.0;401.0;286.0;202.1;145.51;0;448.0;422.0;0.029;0.0924;151.06;127.22;-0.0367;0.1438;6.25;9.1;6.0;335071;0;0;marche_estime;;;;
2021-10-01;2021;4;Gafsa;Sfax/Centre-Est/Sud;72;475.0;513.0;413.0;294.0;209.0;150.48;0;461.0;439.0;0.0304;0.082;145.51;132.41;0.0342;0.1365;6.25;9.1;6.0;335071;0;0;marche_estime;;;;
2022-01-01;2022;1;Gafsa;Sfax/Centre-Est/Sud;72;474.0;512.0;412.0;294.0;216.94444444444446;156.2;1;475.0;446.0;-0.0021;0.0628;150.48;141.7;0.038;0.1023;7.25;14.3;8.3;335071;0;0;marche_estime;;;;
2022-04-01;2022;2;Gafsa;Sfax/Centre-Est/Sud;72;481.0;519.0;418.0;298.0;224.88888888888889;161.92;1;474.0;448.0;0.0148;0.0737;156.2;151.06;0.0366;0.0719;7.25;14.3;8.3;335071;0;0;marche_estime;;;;
2022-07-01;2022;3;Gafsa;Sfax/Centre-Est/Sud;72;493.0;532.0;429.0;306.0;232.83333333333334;167.64;1;481.0;461.0;0.0249;0.0694;161.92;145.51;0.0353;0.1521;7.25;14.3;8.3;335071;0;0;marche_estime;;;;
2022-10-01;2022;4;Gafsa;Sfax/Centre-Est/Sud;72;487.0;526.0;424.0;302.0;240.77777777777777;173.36;1;493.0;475.0;-0.0122;0.0253;167.64;150.48;0.0341;0.152;7.25;14.3;8.3;335071;0;0;marche_estime;;;;
2023-01-01;2023;1;Gafsa;Sfax/Centre-Est/Sud;72;509.0;550.0;443.0;316.0;248.72222222222223;179.08;1;487.0;474.0;0.0452;0.0738;173.36;156.2;0.033;0.1465;8.0;11.2;9.3;335071;0;0;marche_estime;;;;
2023-04-01;2023;2;Gafsa;Sfax/Centre-Est/Sud;72;504.0;544.0;438.0;312.0;256.6666666666667;184.8;1;509.0;481.0;-0.0098;0.0478;179.08;161.92;0.0319;0.1413;8.0;11.2;9.3;335071;0;0;marche_estime;;;;
2023-07-01;2023;3;Gafsa;Sfax/Centre-Est/Sud;72;521.0;563.0;453.0;323.0;264.6111111111111;190.52;1;504.0;493.0;0.0337;0.0568;184.8;167.64;0.031;0.1365;8.0;11.2;9.3;335071;0;0;marche_estime;;;;
2023-10-01;2023;4;Gafsa;Sfax/Centre-Est/Sud;72;531.0;573.0;462.0;329.0;272.55555555555554;196.24;1;521.0;487.0;0.0192;0.0903;190.52;173.36;0.03;0.132;8.0;11.2;9.3;335071;0;0;marche_estime;;;;
2024-01-01;2024;1;Gafsa;Sfax/Centre-Est/Sud;72;538.0;581.0;468.0;334.0;280.5;201.96;0;531.0;509.0;0.0132;0.057;196.24;179.08;0.0291;0.1278;7.5;8.1;7.0;335071;0;0;marche_estime;;;;
2024-04-01;2024;2;Gafsa;Sfax/Centre-Est/Sud;72;551.0;595.0;479.0;342.0;287.3;206.86;0;538.0;504.0;0.0242;0.0933;201.96;184.8;0.0243;0.1194;7.5;8.1;7.0;335071;0;0;marche_estime;;;;
2024-07-01;2024;3;Gafsa;Sfax/Centre-Est/Sud;72;554.0;598.0;482.0;343.0;293.1;211.03;0;551.0;521.0;0.0054;0.0633;206.86;190.52;0.0202;0.1077;7.5;8.1;7.0;335071;0;0;marche_estime;;;;
2024-10-01;2024;4;Gafsa;Sfax/Centre-Est/Sud;72;550.0;594.0;478.0;341.0;299.8;215.86;0;554.0;531.0;-0.0072;0.0358;211.03;196.24;0.0229;0.1;7.5;8.1;7.0;335071;0;0;marche_estime;;;;
2025-01-01;2025;1;Gafsa;Sfax/Centre-Est/Sud;72;572.0;618.0;498.0;355.0;308.2;221.9;0;550.0;538.0;0.04;0.0632;215.86;201.96;0.028;0.0987;7.0;6.5;5.8;335071;0;0;marche_estime;;;;
2025-04-01;2025;2;Gafsa;Sfax/Centre-Est/Sud;72;581.0;627.0;505.0;360.0;315.0;226.8;0;572.0;551.0;0.0157;0.0544;221.9;206.86;0.0221;0.0964;7.0;6.5;5.8;335071;0;0;marche_estime;;;;
2025-07-01;2025;3;Gafsa;Sfax/Centre-Est/Sud;72;;;;;243.33333333333331;226.8;0;581.0;554.0;;;226.8;211.03;0.0;0.0747;;;;335071;0;0;;;;;
2025-10-01;2025;4;Gafsa;Sfax/Centre-Est/Sud;72;;;;;171.66666666666666;226.8;0;;550.0;;;226.8;215.86;0.0;0.0507;;;;335071;0;0;;;;;
2015-01-01;2015;1;Jendouba;Zaghouan/Bizerte/NO;32;403.0;435.0;351.0;250.0;100.0;52.0;0;;;;;;;;;4.25;3.2;4.9;401994;0;0;marche_estime;;;;
2015-04-01;2015;2;Jendouba;Zaghouan/Bizerte/NO;32;403.0;435.0;351.0;250.0;103.2;53.66;0;403.0;;0.0;;52.0;;0.0319;;4.25;3.2;4.9;401994;0;0;marche_estime;;;;
2015-07-01;2015;3;Jendouba;Zaghouan/Bizerte/NO;32;399.0;431.0;347.0;247.0;105.1;54.65;0;403.0;;-0.0099;;53.66;;0.0184;;4.25;3.2;4.9;401994;0;0;marche_estime;;;;
2015-10-01;2015;4;Jendouba;Zaghouan/Bizerte/NO;32;409.0;442.0;356.0;254.0;107.8;56.06;0;399.0;;0.0251;;54.65;;0.0258;;4.25;3.2;4.9;401994;0;0;marche_estime;;;;
2016-01-01;2016;1;Jendouba;Zaghouan/Bizerte/NO;32;426.0;460.0;371.0;264.0;109.4;56.89;0;409.0;403.0;0.0416;0.0571;56.06;52.0;0.0148;0.094;4.25;3.8;3.7;401994;0;0;marche_estime;;;;
2016-04-01;2016;2;Jendouba;Zaghouan/Bizerte/NO;32;427.0;461.0;371.0;265.0;112.6;58.55;0;426.0;403.0;0.0023;0.0596;56.89;53.66;0.0292;0.0911;4.25;3.8;3.7;401994;0;0;marche_estime;;;;
2016-07-01;2016;3;Jendouba;Zaghouan/Bizerte/NO;32;434.0;469.0;378.0;269.0;114.3;59.44;0;427.0;399.0;0.0164;0.0877;58.55;54.65;0.0152;0.0876;4.25;3.8;3.7;401994;0;0;marche_estime;;;;
2016-10-01;2016;4;Jendouba;Zaghouan/Bizerte/NO;32;448.0;484.0;390.0;278.0;116.9;60.79;0;434.0;409.0;0.0323;0.0954;59.44;56.06;0.0227;0.0844;4.25;3.8;3.7;401994;0;0;marche_estime;;;;
2017-01-01;2017;1;Jendouba;Zaghouan/Bizerte/NO;32;448.0;484.0;390.0;278.0;118.7;61.72;0;448.0;426.0;0.0;0.0516;60.79;56.89;0.0153;0.0849;5.0;5.1;5.3;401994;0;0;marche_estime;;;;
2017-04-01;2017;2;Jendouba;Zaghouan/Bizerte/NO;32;454.0;490.0;395.0;281.0;121.5;63.18;0;448.0;427.0;0.0134;0.0632;61.72;58.55;0.0237;0.0791;5.0;5.1;5.3;401994;0;0;marche_estime;;;;
2017-07-01;2017;3;Jendouba;Zaghouan/Bizerte/NO;32;457.0;494.0;398.0;283.0;124.1;64.53;0;454.0;434.0;0.0066;0.053;63.18;59.44;0.0214;0.0856;5.0;5.1;5.3;401994;0;0;marche_estime;;;;
2017-10-01;2017;4;Jendouba;Zaghouan/Bizerte/NO;32;449.0;485.0;391.0;278.0;127.3;66.2;0;457.0;448.0;-0.0175;0.0022;64.53;60.79;0.0259;0.089;5.0;5.1;5.3;401994;0;0;marche_estime;;;;
2018-01-01;2018;1;Jendouba;Zaghouan/Bizerte/NO;32;464.0;501.0;404.0;288.0;130.2;67.7;0;449.0;448.0;0.0334;0.0357;66.2;61.72;0.0227;0.0969;6.75;7.2;7.3;401994;0;0;marche_estime;;;;
2018-04-01;2018;2;Jendouba;Zaghouan/Bizerte/NO;32;475.0;513.0;413.0;294.0;138.7;72.12;0;464.0;454.0;0.0237;0.0463;67.7;63.18;0.0653;0.1415;6.75;7.2;7.3;401994;0;0;marche_estime;;;;
2018-07-01;2018;3;Jendouba;Zaghouan/Bizerte/NO;32;480.0;518.0;418.0;298.0;141.9;73.79;0;475.0;457.0;0.0105;0.0503;72.12;64.53;0.0232;0.1435;6.75;7.2;7.3;401994;0;0;marche_estime;;;;
2018-10-01;2018;4;Jendouba;Zaghouan/Bizerte/NO;32;484.0;523.0;421.0;300.0;145.6;75.71;0;480.0;449.0;0.0083;0.078;73.79;66.2;0.026;0.1437;6.75;7.2;7.3;401994;0;0;marche_estime;;;;
2019-01-01;2019;1;Jendouba;Zaghouan/Bizerte/NO;32;488.0;527.0;425.0;303.0;148.4;77.17;0;484.0;464.0;0.0083;0.0517;75.71;67.7;0.0193;0.1399;7.75;6.4;6.7;401994;0;0;marche_estime;;;;
2019-04-01;2019;2;Jendouba;Zaghouan/Bizerte/NO;32;495.0;535.0;431.0;307.0;156.4;81.33;0;488.0;475.0;0.0143;0.0421;77.17;72.12;0.0539;0.1277;7.75;6.4;6.7;401994;0;0;marche_estime;;;;
2019-07-01;2019;3;Jendouba;Zaghouan/Bizerte/NO;32;511.0;552.0;445.0;317.0;159.8;83.1;0;495.0;480.0;0.0323;0.0646;81.33;73.79;0.0218;0.1262;7.75;6.4;6.7;401994;0;0;marche_estime;;;;
2019-10-01;2019;4;Jendouba;Zaghouan/Bizerte/NO;32;519.0;561.0;452.0;322.0;162.1;84.29;0;511.0;484.0;0.0157;0.0723;83.1;75.71;0.0143;0.1133;7.75;6.4;6.7;401994;0;0;marche_estime;;;;
2020-01-01;2020;1;Jendouba;Zaghouan/Bizerte/NO;32;519.0;561.0;452.0;322.0;164.7;85.64;0;519.0;488.0;0.0;0.0635;84.29;77.17;0.016;0.1098;6.25;5.8;5.6;401994;0;0;marche_estime;;;;
2020-04-01;2020;2;Jendouba;Zaghouan/Bizerte/NO;32;529.0;571.0;460.0;328.0;166.7;86.68;0;519.0;495.0;0.0193;0.0687;85.64;81.33;0.0121;0.0658;6.25;5.8;5.6;401994;0;0;marche_estime;;;;
2020-07-01;2020;3;Jendouba;Zaghouan/Bizerte/NO;32;520.0;562.0;452.0;322.0;176.7;91.88;0;529.0;511.0;-0.017;0.0176;86.68;83.1;0.06;0.1057;6.25;5.8;5.6;401994;0;0;marche_estime;;;;
2020-10-01;2020;4;Jendouba;Zaghouan/Bizerte/NO;32;541.0;584.0;471.0;335.0;183.9;95.63;0;520.0;519.0;0.0404;0.0424;91.88;84.29;0.0408;0.1345;6.25;5.8;5.6;401994;0;0;marche_estime;;;;
2021-01-01;2021;1;Jendouba;Zaghouan/Bizerte/NO;32;556.0;600.0;484.0;345.0;196.8;102.34;0;541.0;519.0;0.0277;0.0713;95.63;85.64;0.0702;0.195;6.25;9.1;6.0;401994;0;0;marche_estime;;;;
2021-04-01;2021;2;Jendouba;Zaghouan/Bizerte/NO;32;563.0;608.0;490.0;349.0;209.8;109.1;0;556.0;529.0;0.0126;0.0643;102.34;86.68;0.0661;0.2587;6.25;9.1;6.0;401994;0;0;marche_estime;;;;
2021-07-01;2021;3;Jendouba;Zaghouan/Bizerte/NO;32;561.0;606.0;488.0;348.0;202.1;105.09;0;563.0;520.0;-0.0036;0.0788;109.1;91.88;-0.0368;0.1438;6.25;9.1;6.0;401994;0;0;marche_estime;;;;
2021-10-01;2021;4;Jendouba;Zaghouan/Bizerte/NO;32;563.0;608.0;490.0;349.0;209.0;108.68;0;561.0;541.0;0.0036;0.0407;105.09;95.63;0.0342;0.1365;6.25;9.1;6.0;401994;0;0;marche_estime;;;;
2022-01-01;2022;1;Jendouba;Zaghouan/Bizerte/NO;32;576.0;622.0;501.0;357.0;216.94444444444446;112.81111111111112;1;563.0;556.0;0.0231;0.036;108.68;102.34;0.038;0.1023;7.25;14.3;8.3;401994;0;0;marche_estime;;;;
2022-04-01;2022;2;Jendouba;Zaghouan/Bizerte/NO;32;594.0;642.0;517.0;368.0;224.88888888888889;116.94222222222223;1;576.0;563.0;0.0312;0.0551;112.81111111111112;109.1;0.0366;0.0719;7.25;14.3;8.3;401994;0;0;marche_estime;;;;
2022-07-01;2022;3;Jendouba;Zaghouan/Bizerte/NO;32;594.0;642.0;517.0;368.0;232.83333333333334;121.07333333333334;1;594.0;561.0;0.0;0.0588;116.94222222222223;105.09;0.0353;0.1521;7.25;14.3;8.3;401994;0;0;marche_estime;;;;
2022-10-01;2022;4;Jendouba;Zaghouan/Bizerte/NO;32;587.0;634.0;511.0;364.0;240.77777777777777;125.20444444444445;1;594.0;563.0;-0.0118;0.0426;121.07333333333334;108.68;0.0341;0.152;7.25;14.3;8.3;401994;0;0;marche_estime;;;;
2023-01-01;2023;1;Jendouba;Zaghouan/Bizerte/NO;32;606.0;654.0;527.0;376.0;248.72222222222223;129.33555555555557;1;587.0;576.0;0.0324;0.0521;125.20444444444445;112.81111111111112;0.033;0.1465;8.0;11.2;9.3;401994;0;0;marche_estime;;;;
2023-04-01;2023;2;Jendouba;Zaghouan/Bizerte/NO;32;623.0;673.0;542.0;386.0;256.6666666666667;133.46666666666667;1;606.0;594.0;0.0281;0.0488;129.33555555555557;116.94222222222223;0.0319;0.1413;8.0;11.2;9.3;401994;0;0;marche_estime;;;;
2023-07-01;2023;3;Jendouba;Zaghouan/Bizerte/NO;32;625.0;675.0;544.0;388.0;264.6111111111111;137.5977777777778;1;623.0;594.0;0.0032;0.0522;133.46666666666667;121.07333333333334;0.031;0.1365;8.0;11.2;9.3;401994;0;0;marche_estime;;;;
2023-10-01;2023;4;Jendouba;Zaghouan/Bizerte/NO;32;634.0;685.0;552.0;393.0;272.55555555555554;141.7288888888889;1;625.0;587.0;0.0144;0.0801;137.5977777777778;125.20444444444445;0.03;0.132;8.0;11.2;9.3;401994;0;0;marche_estime;;;;
2024-01-01;2024;1;Jendouba;Zaghouan/Bizerte/NO;32;634.0;685.0;552.0;393.0;280.5;145.86;0;634.0;606.0;0.0;0.0462;141.7288888888889;129.33555555555557;0.0291;0.1278;7.5;8.1;7.0;401994;0;0;marche_estime;;;;
2024-04-01;2024;2;Jendouba;Zaghouan/Bizerte/NO;32;637.0;688.0;554.0;395.0;287.3;149.4;0;634.0;623.0;0.0047;0.0225;145.86;133.46666666666667;0.0243;0.1194;7.5;8.1;7.0;401994;0;0;marche_estime;;;;
2024-07-01;2024;3;Jendouba;Zaghouan/Bizerte/NO;32;660.0;713.0;574.0;409.0;293.1;152.41;0;637.0;625.0;0.0361;0.056;149.4;137.5977777777778;0.0201;0.1076;7.5;8.1;7.0;401994;0;0;marche_estime;;;;
2024-10-01;2024;4;Jendouba;Zaghouan/Bizerte/NO;32;672.0;726.0;585.0;417.0;299.8;155.9;0;660.0;634.0;0.0182;0.0599;152.41;141.7288888888889;0.0229;0.1;7.5;8.1;7.0;401994;0;0;marche_estime;;;;
2025-01-01;2025;1;Jendouba;Zaghouan/Bizerte/NO;32;673.0;727.0;586.0;417.0;308.2;160.26;0;672.0;634.0;0.0015;0.0615;155.9;145.86;0.028;0.0987;7.0;6.5;5.8;401994;0;0;marche_estime;;;;
2025-04-01;2025;2;Jendouba;Zaghouan/Bizerte/NO;32;676.0;730.0;588.0;419.0;315.0;163.8;0;673.0;637.0;0.0045;0.0612;160.26;149.4;0.0221;0.0964;7.0;6.5;5.8;401994;0;0;marche_estime;;;;
2025-07-01;2025;3;Jendouba;Zaghouan/Bizerte/NO;32;;;;;243.33333333333331;163.8;0;676.0;660.0;;;163.8;152.41;0.0;0.0747;;;;401994;0;0;;;;;
2025-10-01;2025;4;Jendouba;Zaghouan/Bizerte/NO;32;;;;;171.66666666666666;163.8;0;;672.0;;;163.8;155.9;0.0;0.0507;;;;401994;0;0;;;;;
2015-01-01;2015;1;Kairouan;Sfax/Centre-Est/Sud;42;500.0;540.0;435.0;310.0;100.0;72.0;0;;;;;;;;;4.25;3.2;4.9;576736;0;0;marche_estime;;;;
2015-04-01;2015;2;Kairouan;Sfax/Centre-Est/Sud;42;505.0;545.0;439.0;313.0;103.2;74.3;0;500.0;;0.01;;72.0;;0.0319;;4.25;3.2;4.9;576736;0;0;marche_estime;;;;
2015-07-01;2015;3;Kairouan;Sfax/Centre-Est/Sud;42;518.0;559.0;451.0;321.0;105.1;75.67;0;505.0;;0.0257;;74.3;;0.0184;;4.25;3.2;4.9;576736;0;0;marche_estime;;;;
2015-10-01;2015;4;Kairouan;Sfax/Centre-Est/Sud;42;522.0;564.0;454.0;324.0;107.8;77.62;0;518.0;;0.0077;;75.67;;0.0258;;4.25;3.2;4.9;576736;0;0;marche_estime;;;;
2016-01-01;2016;1;Kairouan;Sfax/Centre-Est/Sud;42;528.0;570.0;459.0;327.0;109.4;78.77;0;522.0;500.0;0.0115;0.056;77.62;72.0;0.0148;0.094;4.25;3.8;3.7;576736;0;0;marche_estime;;;;
2016-04-01;2016;2;Kairouan;Sfax/Centre-Est/Sud;42;550.0;594.0;478.0;341.0;112.6;81.07;0;528.0;505.0;0.0417;0.0891;78.77;74.3;0.0292;0.0911;4.25;3.8;3.7;576736;0;0;marche_estime;;;;
2016-07-01;2016;3;Kairouan;Sfax/Centre-Est/Sud;42;553.0;597.0;481.0;343.0;114.3;82.3;0;550.0;518.0;0.0055;0.0676;81.07;75.67;0.0152;0.0876;4.25;3.8;3.7;576736;0;0;marche_estime;;;;
2016-10-01;2016;4;Kairouan;Sfax/Centre-Est/Sud;42;562.0;607.0;489.0;348.0;116.9;84.17;0;553.0;522.0;0.0163;0.0766;82.3;77.62;0.0227;0.0844;4.25;3.8;3.7;576736;0;0;marche_estime;;;;
2017-01-01;2017;1;Kairouan;Sfax/Centre-Est/Sud;42;570.0;616.0;496.0;353.0;118.7;85.46;0;562.0;528.0;0.0142;0.0795;84.17;78.77;0.0153;0.0849;5.0;5.1;5.3;576736;0;0;marche_estime;;;;
2017-04-01;2017;2;Kairouan;Sfax/Centre-Est/Sud;42;570.0;616.0;496.0;353.0;121.5;87.48;0;570.0;550.0;0.0;0.0364;85.46;81.07;0.0236;0.0791;5.0;5.1;5.3;576736;0;0;marche_estime;;;;
2017-07-01;2017;3;Kairouan;Sfax/Centre-Est/Sud;42;582.0;629.0;506.0;361.0;124.1;89.35;0;570.0;553.0;0.0211;0.0524;87.48;82.3;0.0214;0.0857;5.0;5.1;5.3;576736;0;0;marche_estime;;;;
2017-10-01;2017;4;Kairouan;Sfax/Centre-Est/Sud;42;586.0;633.0;510.0;363.0;127.3;91.66;0;582.0;562.0;0.0069;0.0427;89.35;84.17;0.0259;0.089;5.0;5.1;5.3;576736;0;0;marche_estime;;;;
2018-01-01;2018;1;Kairouan;Sfax/Centre-Est/Sud;42;594.0;642.0;517.0;368.0;130.2;93.74;0;586.0;570.0;0.0137;0.0421;91.66;85.46;0.0227;0.0969;6.75;7.2;7.3;576736;0;0;marche_estime;;;;
2018-04-01;2018;2;Kairouan;Sfax/Centre-Est/Sud;42;610.0;659.0;531.0;378.0;138.7;99.86;0;594.0;570.0;0.0269;0.0702;93.74;87.48;0.0653;0.1415;6.75;7.2;7.3;576736;0;0;marche_estime;;;;
2018-07-01;2018;3;Kairouan;Sfax/Centre-Est/Sud;42;618.0;667.0;538.0;383.0;141.9;102.17;0;610.0;582.0;0.0131;0.0619;99.86;89.35;0.0231;0.1435;6.75;7.2;7.3;576736;0;0;marche_estime;;;;
2018-10-01;2018;4;Kairouan;Sfax/Centre-Est/Sud;42;644.0;696.0;560.0;399.0;145.6;104.83;0;618.0;586.0;0.0421;0.099;102.17;91.66;0.026;0.1437;6.75;7.2;7.3;576736;0;0;marche_estime;;;;
2019-01-01;2019;1;Kairouan;Sfax/Centre-Est/Sud;42;640.0;691.0;557.0;397.0;148.4;106.85;0;644.0;594.0;-0.0062;0.0774;104.83;93.74;0.0193;0.1399;7.75;6.4;6.7;576736;0;0;marche_estime;;;;
2019-04-01;2019;2;Kairouan;Sfax/Centre-Est/Sud;42;658.0;711.0;572.0;408.0;156.4;112.61;0;640.0;610.0;0.0281;0.0787;106.85;99.86;0.0539;0.1277;7.75;6.4;6.7;576736;0;0;marche_estime;;;;
2019-07-01;2019;3;Kairouan;Sfax/Centre-Est/Sud;42;656.0;708.0;571.0;407.0;159.8;115.06;0;658.0;618.0;-0.003;0.0615;112.61;102.17;0.0218;0.1262;7.75;6.4;6.7;576736;0;0;marche_estime;;;;
2019-10-01;2019;4;Kairouan;Sfax/Centre-Est/Sud;42;665.0;718.0;579.0;412.0;162.1;116.71;0;656.0;644.0;0.0137;0.0326;115.06;104.83;0.0143;0.1133;7.75;6.4;6.7;576736;0;0;marche_estime;;;;
2020-01-01;2020;1;Kairouan;Sfax/Centre-Est/Sud;42;688.0;743.0;599.0;427.0;164.7;118.58;0;665.0;640.0;0.0346;0.075;116.71;106.85;0.016;0.1098;6.25;5.8;5.6;576736;0;0;marche_estime;;;;
2020-04-01;2020;2;Kairouan;Sfax/Centre-Est/Sud;42;695.0;751.0;605.0;431.0;166.7;120.02;0;688.0;658.0;0.0102;0.0562;118.58;112.61;0.0121;0.0658;6.25;5.8;5.6;576736;0;0;marche_estime;;;;
2020-07-01;2020;3;Kairouan;Sfax/Centre-Est/Sud;42;688.0;743.0;599.0;427.0;176.7;127.22;0;695.0;656.0;-0.0101;0.0488;120.02;115.06;0.06;0.1057;6.25;5.8;5.6;576736;0;0;marche_estime;;;;
2020-10-01;2020;4;Kairouan;Sfax/Centre-Est/Sud;42;715.0;772.0;622.0;443.0;183.9;132.41;0;688.0;665.0;0.0392;0.0752;127.22;116.71;0.0408;0.1345;6.25;5.8;5.6;576736;0;0;marche_estime;;;;
2021-01-01;2021;1;Kairouan;Sfax/Centre-Est/Sud;42;725.0;783.0;631.0;450.0;196.8;141.7;0;715.0;688.0;0.014;0.0538;132.41;118.58;0.0702;0.195;6.25;9.1;6.0;576736;0;0;marche_estime;;;;
2021-04-01;2021;2;Kairouan;Sfax/Centre-Est/Sud;42;740.0;799.0;644.0;459.0;209.8;151.06;0;725.0;695.0;0.0207;0.0647;141.7;120.02;0.0661;0.2586;6.25;9.1;6.0;576736;0;0;marche_estime;;;;
2021-07-01;2021;3;Kairouan;Sfax/Centre-Est/Sud;42;742.0;801.0;646.0;460.0;202.1;145.51;0;740.0;688.0;0.0027;0.0785;151.06;127.22;-0.0367;0.1438;6.25;9.1;6.0;576736;0;0;marche_estime;;;;
2021-10-01;2021;4;Kairouan;Sfax/Centre-Est/Sud;42;756.0;816.0;658.0;469.0;209.0;150.48;0;742.0;715.0;0.0189;0.0573;145.51;132.41;0.0342;0.1365;6.25;9.1;6.0;576736;0;0;marche_estime;;;;
2022-01-01;2022;1;Kairouan;Sfax/Centre-Est/Sud;42;787.0;850.0;685.0;488.0;216.94444444444446;156.2;1;756.0;725.0;0.041;0.0855;150.48;141.7;0.038;0.1023;7.25;14.3;8.3;576736;0;0;marche_estime;;;;
2022-04-01;2022;2;Kairouan;Sfax/Centre-Est/Sud;42;794.0;858.0;691.0;492.0;224.88888888888889;161.92;1;787.0;740.0;0.0089;0.073;156.2;151.06;0.0366;0.0719;7.25;14.3;8.3;576736;0;0;marche_estime;;;;
2022-07-01;2022;3;Kairouan;Sfax/Centre-Est/Sud;42;788.0;851.0;686.0;489.0;232.83333333333334;167.64;1;794.0;742.0;-0.0076;0.062;161.92;145.51;0.0353;0.1521;7.25;14.3;8.3;576736;0;0;marche_estime;;;;
2022-10-01;2022;4;Kairouan;Sfax/Centre-Est/Sud;42;809.0;874.0;704.0;502.0;240.77777777777777;173.36;1;788.0;756.0;0.0266;0.0701;167.64;150.48;0.0341;0.152;7.25;14.3;8.3;576736;0;0;marche_estime;;;;
2023-01-01;2023;1;Kairouan;Sfax/Centre-Est/Sud;42;827.0;893.0;719.0;513.0;248.72222222222223;179.08;1;809.0;787.0;0.0222;0.0508;173.36;156.2;0.033;0.1465;8.0;11.2;9.3;576736;0;0;marche_estime;;;;
2023-04-01;2023;2;Kairouan;Sfax/Centre-Est/Sud;42;830.0;896.0;722.0;515.0;256.6666666666667;184.8;1;827.0;794.0;0.0036;0.0453;179.08;161.92;0.0319;0.1413;8.0;11.2;9.3;576736;0;0;marche_estime;;;;
2023-07-01;2023;3;Kairouan;Sfax/Centre-Est/Sud;42;867.0;936.0;754.0;538.0;264.6111111111111;190.52;1;830.0;788.0;0.0446;0.1003;184.8;167.64;0.031;0.1365;8.0;11.2;9.3;576736;0;0;marche_estime;;;;
2023-10-01;2023;4;Kairouan;Sfax/Centre-Est/Sud;42;851.0;919.0;740.0;528.0;272.55555555555554;196.24;1;867.0;809.0;-0.0185;0.0519;190.52;173.36;0.03;0.132;8.0;11.2;9.3;576736;0;0;marche_estime;;;;
2024-01-01;2024;1;Kairouan;Sfax/Centre-Est/Sud;42;869.0;939.0;756.0;539.0;280.5;201.96;0;851.0;827.0;0.0212;0.0508;196.24;179.08;0.0291;0.1278;7.5;8.1;7.0;576736;0;0;marche_estime;;;;
2024-04-01;2024;2;Kairouan;Sfax/Centre-Est/Sud;42;897.0;969.0;780.0;556.0;287.3;206.86;0;869.0;830.0;0.0322;0.0807;201.96;184.8;0.0243;0.1194;7.5;8.1;7.0;576736;0;0;marche_estime;;;;
2024-07-01;2024;3;Kairouan;Sfax/Centre-Est/Sud;42;923.0;997.0;803.0;572.0;293.1;211.03;0;897.0;867.0;0.029;0.0646;206.86;190.52;0.0202;0.1077;7.5;8.1;7.0;576736;0;0;marche_estime;;;;
2024-10-01;2024;4;Kairouan;Sfax/Centre-Est/Sud;42;919.0;993.0;800.0;570.0;299.8;215.86;0;923.0;851.0;-0.0043;0.0799;211.03;196.24;0.0229;0.1;7.5;8.1;7.0;576736;0;0;marche_estime;;;;
2025-01-01;2025;1;Kairouan;Sfax/Centre-Est/Sud;42;911.0;984.0;793.0;565.0;308.2;221.9;0;919.0;869.0;-0.0087;0.0483;215.86;201.96;0.028;0.0987;7.0;6.5;5.8;576736;0;0;marche_estime;;;;
2025-04-01;2025;2;Kairouan;Sfax/Centre-Est/Sud;42;934.0;1009.0;813.0;579.0;315.0;226.8;0;911.0;897.0;0.0252;0.0412;221.9;206.86;0.0221;0.0964;7.0;6.5;5.8;576736;0;0;marche_estime;;;;
2025-07-01;2025;3;Kairouan;Sfax/Centre-Est/Sud;42;;;;;243.33333333333331;226.8;0;934.0;923.0;;;226.8;211.03;0.0;0.0747;;;;576736;0;0;;;;;
2025-10-01;2025;4;Kairouan;Sfax/Centre-Est/Sud;42;;;;;171.66666666666666;226.8;0;;919.0;;;226.8;215.86;0.0;0.0507;;;;576736;0;0;;;;;
2015-01-01;2015;1;Kasserine;Sfax/Centre-Est/Sud;43;339.0;366.0;295.0;210.0;100.0;72.0;0;;;;;;;;;4.25;3.2;4.9;439243;0;0;marche_estime;;;;
2015-04-01;2015;2;Kasserine;Sfax/Centre-Est/Sud;43;352.0;380.0;306.0;218.0;103.2;74.3;0;339.0;;0.0383;;72.0;;0.0319;;4.25;3.2;4.9;439243;0;0;marche_estime;;;;
2015-07-01;2015;3;Kasserine;Sfax/Centre-Est/Sud;43;354.0;382.0;308.0;219.0;105.1;75.67;0;352.0;;0.0057;;74.3;;0.0184;;4.25;3.2;4.9;439243;0;0;marche_estime;;;;
2015-10-01;2015;4;Kasserine;Sfax/Centre-Est/Sud;43;355.0;383.0;309.0;220.0;107.8;77.62;0;354.0;;0.0028;;75.67;;0.0258;;4.25;3.2;4.9;439243;0;0;marche_estime;;;;
2016-01-01;2016;1;Kasserine;Sfax/Centre-Est/Sud;43;367.0;396.0;319.0;228.0;109.4;78.77;0;355.0;339.0;0.0338;0.0826;77.62;72.0;0.0148;0.094;4.25;3.8;3.7;439243;0;0;marche_estime;;;;
2016-04-01;2016;2;Kasserine;Sfax/Centre-Est/Sud;43;371.0;401.0;323.0;230.0;112.6;81.07;0;367.0;352.0;0.0109;0.054;78.77;74.3;0.0292;0.0911;4.25;3.8;3.7;439243;0;0;marche_estime;;;;
2016-07-01;2016;3;Kasserine;Sfax/Centre-Est/Sud;43;377.0;407.0;328.0;234.0;114.3;82.3;0;371.0;354.0;0.0162;0.065;81.07;75.67;0.0152;0.0876;4.25;3.8;3.7;439243;0;0;marche_estime;;;;
2016-10-01;2016;4;Kasserine;Sfax/Centre-Est/Sud;43;381.0;411.0;331.0;236.0;116.9;84.17;0;377.0;355.0;0.0106;0.0732;82.3;77.62;0.0227;0.0844;4.25;3.8;3.7;439243;0;0;marche_estime;;;;
2017-01-01;2017;1;Kasserine;Sfax/Centre-Est/Sud;43;396.0;428.0;345.0;246.0;118.7;85.46;0;381.0;367.0;0.0394;0.079;84.17;78.77;0.0153;0.0849;5.0;5.1;5.3;439243;0;0;marche_estime;;;;
2017-04-01;2017;2;Kasserine;Sfax/Centre-Est/Sud;43;400.0;432.0;348.0;248.0;121.5;87.48;0;396.0;371.0;0.0101;0.0782;85.46;81.07;0.0236;0.0791;5.0;5.1;5.3;439243;0;0;marche_estime;;;;
2017-07-01;2017;3;Kasserine;Sfax/Centre-Est/Sud;43;400.0;432.0;348.0;248.0;124.1;89.35;0;400.0;377.0;0.0;0.061;87.48;82.3;0.0214;0.0857;5.0;5.1;5.3;439243;0;0;marche_estime;;;;
2017-10-01;2017;4;Kasserine;Sfax/Centre-Est/Sud;43;418.0;451.0;364.0;259.0;127.3;91.66;0;400.0;381.0;0.045;0.0971;89.35;84.17;0.0259;0.089;5.0;5.1;5.3;439243;0;0;marche_estime;;;;
2018-01-01;2018;1;Kasserine;Sfax/Centre-Est/Sud;43;417.0;450.0;363.0;259.0;130.2;93.74;0;418.0;396.0;-0.0024;0.053;91.66;85.46;0.0227;0.0969;6.75;7.2;7.3;439243;0;0;marche_estime;;;;
2018-04-01;2018;2;Kasserine;Sfax/Centre-Est/Sud;43;429.0;463.0;373.0;266.0;138.7;99.86;0;417.0;400.0;0.0288;0.0725;93.74;87.48;0.0653;0.1415;6.75;7.2;7.3;439243;0;0;marche_estime;;;;
2018-07-01;2018;3;Kasserine;Sfax/Centre-Est/Sud;43;430.0;464.0;374.0;267.0;141.9;102.17;0;429.0;400.0;0.0023;0.075;99.86;89.35;0.0231;0.1435;6.75;7.2;7.3;439243;0;0;marche_estime;;;;
2018-10-01;2018;4;Kasserine;Sfax/Centre-Est/Sud;43;433.0;468.0;377.0;268.0;145.6;104.83;0;430.0;418.0;0.007;0.0359;102.17;91.66;0.026;0.1437;6.75;7.2;7.3;439243;0;0;marche_estime;;;;
2019-01-01;2019;1;Kasserine;Sfax/Centre-Est/Sud;43;447.0;483.0;389.0;277.0;148.4;106.85;0;433.0;417.0;0.0323;0.0719;104.83;93.74;0.0193;0.1399;7.75;6.4;6.7;439243;0;0;marche_estime;;;;
2019-04-01;2019;2;Kasserine;Sfax/Centre-Est/Sud;43;452.0;488.0;393.0;280.0;156.4;112.61;0;447.0;429.0;0.0112;0.0536;106.85;99.86;0.0539;0.1277;7.75;6.4;6.7;439243;0;0;marche_estime;;;;
2019-07-01;2019;3;Kasserine;Sfax/Centre-Est/Sud;43;458.0;495.0;398.0;284.0;159.8;115.06;0;452.0;430.0;0.0133;0.0651;112.61;102.17;0.0218;0.1262;7.75;6.4;6.7;439243;0;0;marche_estime;;;;
2019-10-01;2019;4;Kasserine;Sfax/Centre-Est/Sud;43;454.0;490.0;395.0;281.0;162.1;116.71;0;458.0;433.0;-0.0087;0.0485;115.06;104.83;0.0143;0.1133;7.75;6.4;6.7;439243;0;0;marche_estime;;;;
2020-01-01;2020;1;Kasserine;Sfax/Centre-Est/Sud;43;467.0;504.0;406.0;290.0;164.7;118.58;0;454.0;447.0;0.0286;0.0447;116.71;106.85;0.016;0.1098;6.25;5.8;5.6;439243;0;0;marche_estime;;;;
2020-04-01;2020;2;Kasserine;Sfax/Centre-Est/Sud;43;479.0;517.0;417.0;297.0;166.7;120.02;0;467.0;452.0;0.0257;0.0597;118.58;112.61;0.0121;0.0658;6.25;5.8;5.6;439243;0;0;marche_estime;;;;
2020-07-01;2020;3;Kasserine;Sfax/Centre-Est/Sud;43;490.0;529.0;426.0;304.0;176.7;127.22;0;479.0;458.0;0.023;0.0699;120.02;115.06;0.06;0.1057;6.25;5.8;5.6;439243;0;0;marche_estime;;;;
2020-10-01;2020;4;Kasserine;Sfax/Centre-Est/Sud;43;486.0;525.0;423.0;301.0;183.9;132.41;0;490.0;454.0;-0.0082;0.0705;127.22;116.71;0.0408;0.1345;6.25;5.8;5.6;439243;0;0;marche_estime;;;;
2021-01-01;2021;1;Kasserine;Sfax/Centre-Est/Sud;43;502.0;542.0;437.0;311.0;196.8;141.7;0;486.0;467.0;0.0329;0.0749;132.41;118.58;0.0702;0.195;6.25;9.1;6.0;439243;0;0;marche_estime;;;;
2021-04-01;2021;2;Kasserine;Sfax/Centre-Est/Sud;43;506.0;546.0;440.0;314.0;209.8;151.06;0;502.0;479.0;0.008;0.0564;141.7;120.02;0.0661;0.2586;6.25;9.1;6.0;439243;0;0;marche_estime;;;;
2021-07-01;2021;3;Kasserine;Sfax/Centre-Est/Sud;43;520.0;562.0;452.0;322.0;202.1;145.51;0;506.0;490.0;0.0277;0.0612;151.06;127.22;-0.0367;0.1438;6.25;9.1;6.0;439243;0;0;marche_estime;;;;
2021-10-01;2021;4;Kasserine;Sfax/Centre-Est/Sud;43;541.0;584.0;471.0;335.0;209.0;150.48;0;520.0;486.0;0.0404;0.1132;145.51;132.41;0.0342;0.1365;6.25;9.1;6.0;439243;0;0;marche_estime;;;;
2022-01-01;2022;1;Kasserine;Sfax/Centre-Est/Sud;43;533.0;576.0;464.0;330.0;216.94444444444446;156.2;1;541.0;502.0;-0.0148;0.0618;150.48;141.7;0.038;0.1023;7.25;14.3;8.3;439243;0;0;marche_estime;;;;
2022-04-01;2022;2;Kasserine;Sfax/Centre-Est/Sud;43;535.0;578.0;465.0;332.0;224.88888888888889;161.92;1;533.0;506.0;0.0038;0.0573;156.2;151.06;0.0366;0.0719;7.25;14.3;8.3;439243;0;0;marche_estime;;;;
2022-07-01;2022;3;Kasserine;Sfax/Centre-Est/Sud;43;540.0;583.0;470.0;335.0;232.83333333333334;167.64;1;535.0;520.0;0.0093;0.0385;161.92;145.51;0.0353;0.1521;7.25;14.3;8.3;439243;0;0;marche_estime;;;;
2022-10-01;2022;4;Kasserine;Sfax/Centre-Est/Sud;43;556.0;600.0;484.0;345.0;240.77777777777777;173.36;1;540.0;541.0;0.0296;0.0277;167.64;150.48;0.0341;0.152;7.25;14.3;8.3;439243;0;0;marche_estime;;;;
2023-01-01;2023;1;Kasserine;Sfax/Centre-Est/Sud;43;556.0;600.0;484.0;345.0;248.72222222222223;179.08;1;556.0;533.0;0.0;0.0432;173.36;156.2;0.033;0.1465;8.0;11.2;9.3;439243;0;0;marche_estime;;;;
2023-04-01;2023;2;Kasserine;Sfax/Centre-Est/Sud;43;575.0;621.0;500.0;356.0;256.6666666666667;184.8;1;556.0;535.0;0.0342;0.0748;179.08;161.92;0.0319;0.1413;8.0;11.2;9.3;439243;0;0;marche_estime;;;;
2023-07-01;2023;3;Kasserine;Sfax/Centre-Est/Sud;43;577.0;623.0;502.0;358.0;264.6111111111111;190.52;1;575.0;540.0;0.0035;0.0685;184.8;167.64;0.031;0.1365;8.0;11.2;9.3;439243;0;0;marche_estime;;;;
2023-10-01;2023;4;Kasserine;Sfax/Centre-Est/Sud;43;583.0;630.0;507.0;361.0;272.55555555555554;196.24;1;577.0;556.0;0.0104;0.0486;190.52;173.36;0.03;0.132;8.0;11.2;9.3;439243;0;0;marche_estime;;;;
2024-01-01;2024;1;Kasserine;Sfax/Centre-Est/Sud;43;607.0;656.0;528.0;376.0;280.5;201.96;0;583.0;556.0;0.0412;0.0917;196.24;179.08;0.0291;0.1278;7.5;8.1;7.0;439243;0;0;marche_estime;;;;
2024-04-01;2024;2;Kasserine;Sfax/Centre-Est/Sud;43;616.0;665.0;536.0;382.0;287.3;206.86;0;607.0;575.0;0.0148;0.0713;201.96;184.8;0.0243;0.1194;7.5;8.1;7.0;439243;0;0;marche_estime;;;;
2024-07-01;2024;3;Kasserine;Sfax/Centre-Est/Sud;43;632.0;683.0;550.0;392.0;293.1;211.03;0;616.0;577.0;0.026;0.0953;206.86;190.52;0.0202;0.1077;7.5;8.1;7.0;439243;0;0;marche_estime;;;;
2024-10-01;2024;4;Kasserine;Sfax/Centre-Est/Sud;43;626.0;676.0;545.0;388.0;299.8;215.86;0;632.0;583.0;-0.0095;0.0738;211.03;196.24;0.0229;0.1;7.5;8.1;7.0;439243;0;0;marche_estime;;;;
2025-01-01;2025;1;Kasserine;Sfax/Centre-Est/Sud;43;624.0;674.0;543.0;387.0;308.2;221.9;0;626.0;607.0;-0.0032;0.028;215.86;201.96;0.028;0.0987;7.0;6.5;5.8;439243;0;0;marche_estime;;;;
2025-04-01;2025;2;Kasserine;Sfax/Centre-Est/Sud;43;657.0;710.0;572.0;407.0;315.0;226.8;0;624.0;616.0;0.0529;0.0666;221.9;206.86;0.0221;0.0964;7.0;6.5;5.8;439243;0;0;marche_estime;;;;
2025-07-01;2025;3;Kasserine;Sfax/Centre-Est/Sud;43;;;;;243.33333333333331;226.8;0;657.0;632.0;;;226.8;211.03;0.0;0.0747;;;;439243;0;0;;;;;
2025-10-01;2025;4;Kasserine;Sfax/Centre-Est/Sud;43;;;;;171.66666666666666;226.8;0;;626.0;;;226.8;215.86;0.0;0.0507;;;;439243;0;0;;;;;
2015-01-01;2015;1;Kébili;Sfax/Centre-Est/Sud;74;254.0;274.0;221.0;157.0;100.0;72.0;0;;;;;;;;;4.25;3.2;4.9;163761;0;1;marche_estime;;;;
2015-04-01;2015;2;Kébili;Sfax/Centre-Est/Sud;74;250.0;270.0;218.0;155.0;103.2;74.3;0;254.0;;-0.0157;;72.0;;0.0319;;4.25;3.2;4.9;163761;0;1;marche_estime;;;;
2015-07-01;2015;3;Kébili;Sfax/Centre-Est/Sud;74;258.0;279.0;224.0;160.0;105.1;75.67;0;250.0;;0.032;;74.3;;0.0184;;4.25;3.2;4.9;163761;0;1;marche_estime;;;;
2015-10-01;2015;4;Kébili;Sfax/Centre-Est/Sud;74;258.0;279.0;224.0;160.0;107.8;77.62;0;258.0;;0.0;;75.67;;0.0258;;4.25;3.2;4.9;163761;0;1;marche_estime;;;;
2016-01-01;2016;1;Kébili;Sfax/Centre-Est/Sud;74;262.0;283.0;228.0;162.0;109.4;78.77;0;258.0;254.0;0.0155;0.0315;77.62;72.0;0.0148;0.094;4.25;3.8;3.7;163761;0;1;marche_estime;;;;
2016-04-01;2016;2;Kébili;Sfax/Centre-Est/Sud;74;270.0;292.0;235.0;167.0;112.6;81.07;0;262.0;250.0;0.0305;0.08;78.77;74.3;0.0292;0.0911;4.25;3.8;3.7;163761;0;1;marche_estime;;;;
2016-07-01;2016;3;Kébili;Sfax/Centre-Est/Sud;74;275.0;297.0;239.0;170.0;114.3;82.3;0;270.0;258.0;0.0185;0.0659;81.07;75.67;0.0152;0.0876;4.25;3.8;3.7;163761;0;1;marche_estime;;;;
2016-10-01;2016;4;Kébili;Sfax/Centre-Est/Sud;74;278.0;300.0;242.0;172.0;116.9;84.17;0;275.0;258.0;0.0109;0.0775;82.3;77.62;0.0227;0.0844;4.25;3.8;3.7;163761;0;1;marche_estime;;;;
2017-01-01;2017;1;Kébili;Sfax/Centre-Est/Sud;74;277.0;299.0;241.0;172.0;118.7;85.46;0;278.0;262.0;-0.0036;0.0573;84.17;78.77;0.0153;0.0849;5.0;5.1;5.3;163761;0;1;marche_estime;;;;
2017-04-01;2017;2;Kébili;Sfax/Centre-Est/Sud;74;283.0;306.0;246.0;175.0;121.5;87.48;0;277.0;270.0;0.0217;0.0481;85.46;81.07;0.0236;0.0791;5.0;5.1;5.3;163761;0;1;marche_estime;;;;
2017-07-01;2017;3;Kébili;Sfax/Centre-Est/Sud;74;286.0;309.0;249.0;177.0;124.1;89.35;0;283.0;275.0;0.0106;0.04;87.48;82.3;0.0214;0.0857;5.0;5.1;5.3;163761;0;1;marche_estime;;;;
2017-10-01;2017;4;Kébili;Sfax/Centre-Est/Sud;74;286.0;309.0;249.0;177.0;127.3;91.66;0;286.0;278.0;0.0;0.0288;89.35;84.17;0.0259;0.089;5.0;5.1;5.3;163761;0;1;marche_estime;;;;
2018-01-01;2018;1;Kébili;Sfax/Centre-Est/Sud;74;297.0;321.0;258.0;184.0;130.2;93.74;0;286.0;277.0;0.0385;0.0722;91.66;85.46;0.0227;0.0969;6.75;7.2;7.3;163761;0;1;marche_estime;;;;
2018-04-01;2018;2;Kébili;Sfax/Centre-Est/Sud;74;302.0;326.0;263.0;187.0;138.7;99.86;0;297.0;283.0;0.0168;0.0671;93.74;87.48;0.0653;0.1415;6.75;7.2;7.3;163761;0;1;marche_estime;;;;
2018-07-01;2018;3;Kébili;Sfax/Centre-Est/Sud;74;310.0;335.0;270.0;192.0;141.9;102.17;0;302.0;286.0;0.0265;0.0839;99.86;89.35;0.0231;0.1435;6.75;7.2;7.3;163761;0;1;marche_estime;;;;
2018-10-01;2018;4;Kébili;Sfax/Centre-Est/Sud;74;315.0;340.0;274.0;195.0;145.6;104.83;0;310.0;286.0;0.0161;0.1014;102.17;91.66;0.026;0.1437;6.75;7.2;7.3;163761;0;1;marche_estime;;;;
2019-01-01;2019;1;Kébili;Sfax/Centre-Est/Sud;74;322.0;348.0;280.0;200.0;148.4;106.85;0;315.0;297.0;0.0222;0.0842;104.83;93.74;0.0193;0.1399;7.75;6.4;6.7;163761;0;1;marche_estime;;;;
2019-04-01;2019;2;Kébili;Sfax/Centre-Est/Sud;74;322.0;348.0;280.0;200.0;156.4;112.61;0;322.0;302.0;0.0;0.0662;106.85;99.86;0.0539;0.1277;7.75;6.4;6.7;163761;0;1;marche_estime;;;;
2019-07-01;2019;3;Kébili;Sfax/Centre-Est/Sud;74;331.0;357.0;288.0;205.0;159.8;115.06;0;322.0;310.0;0.028;0.0677;112.61;102.17;0.0218;0.1262;7.75;6.4;6.7;163761;0;1;marche_estime;;;;
2019-10-01;2019;4;Kébili;Sfax/Centre-Est/Sud;74;326.0;352.0;284.0;202.0;162.1;116.71;0;331.0;315.0;-0.0151;0.0349;115.06;104.83;0.0143;0.1133;7.75;6.4;6.7;163761;0;1;marche_estime;;;;
2020-01-01;2020;1;Kébili;Sfax/Centre-Est/Sud;74;342.0;369.0;298.0;212.0;164.7;118.58;0;326.0;322.0;0.0491;0.0621;116.71;106.85;0.016;0.1098;6.25;5.8;5.6;163761;0;1;marche_estime;;;;
2020-04-01;2020;2;Kébili;Sfax/Centre-Est/Sud;74;337.0;364.0;293.0;209.0;166.7;120.02;0;342.0;322.0;-0.0146;0.0466;118.58;112.61;0.0121;0.0658;6.25;5.8;5.6;163761;0;1;marche_estime;;;;
2020-07-01;2020;3;Kébili;Sfax/Centre-Est/Sud;74;348.0;376.0;303.0;216.0;176.7;127.22;0;337.0;331.0;0.0326;0.0514;120.02;115.06;0.06;0.1057;6.25;5.8;5.6;163761;0;1;marche_estime;;;;
2020-10-01;2020;4;Kébili;Sfax/Centre-Est/Sud;74;357.0;386.0;311.0;221.0;183.9;132.41;0;348.0;326.0;0.0259;0.0951;127.22;116.71;0.0408;0.1345;6.25;5.8;5.6;163761;0;1;marche_estime;;;;
2021-01-01;2021;1;Kébili;Sfax/Centre-Est/Sud;74;356.0;384.0;310.0;221.0;196.8;141.7;0;357.0;342.0;-0.0028;0.0409;132.41;118.58;0.0702;0.195;6.25;9.1;6.0;163761;0;1;marche_estime;;;;
2021-04-01;2021;2;Kébili;Sfax/Centre-Est/Sud;74;369.0;399.0;321.0;229.0;209.8;151.06;0;356.0;337.0;0.0365;0.095;141.7;120.02;0.0661;0.2586;6.25;9.1;6.0;163761;0;1;marche_estime;;;;
2021-07-01;2021;3;Kébili;Sfax/Centre-Est/Sud;74;373.0;403.0;325.0;231.0;202.1;145.51;0;369.0;348.0;0.0108;0.0718;151.06;127.22;-0.0367;0.1438;6.25;9.1;6.0;163761;0;1;marche_estime;;;;
2021-10-01;2021;4;Kébili;Sfax/Centre-Est/Sud;74;381.0;411.0;331.0;236.0;209.0;150.48;0;373.0;357.0;0.0214;0.0672;145.51;132.41;0.0342;0.1365;6.25;9.1;6.0;163761;0;1;marche_estime;;;;
2022-01-01;2022;1;Kébili;Sfax/Centre-Est/Sud;74;383.0;414.0;333.0;237.0;216.94444444444446;156.2;1;381.0;356.0;0.0052;0.0758;150.48;141.7;0.038;0.1023;7.25;14.3;8.3;163761;0;1;marche_estime;;;;
2022-04-01;2022;2;Kébili;Sfax/Centre-Est/Sud;74;391.0;422.0;340.0;242.0;224.88888888888889;161.92;1;383.0;369.0;0.0209;0.0596;156.2;151.06;0.0366;0.0719;7.25;14.3;8.3;163761;0;1;marche_estime;;;;
2022-07-01;2022;3;Kébili;Sfax/Centre-Est/Sud;74;389.0;420.0;338.0;241.0;232.83333333333334;167.64;1;391.0;373.0;-0.0051;0.0429;161.92;145.51;0.0353;0.1521;7.25;14.3;8.3;163761;0;1;marche_estime;;;;
2022-10-01;2022;4;Kébili;Sfax/Centre-Est/Sud;74;391.0;422.0;340.0;242.0;240.77777777777777;173.36;1;389.0;381.0;0.0051;0.0262;167.64;150.48;0.0341;0.152;7.25;14.3;8.3;163761;0;1;marche_estime;;;;
2023-01-01;2023;1;Kébili;Sfax/Centre-Est/Sud;74;406.0;438.0;353.0;252.0;248.72222222222223;179.08;1;391.0;383.0;0.0384;0.0601;173.36;156.2;0.033;0.1465;8.0;11.2;9.3;163761;0;1;marche_estime;;;;
2023-04-01;2023;2;Kébili;Sfax/Centre-Est/Sud;74;407.0;440.0;354.0;252.0;256.6666666666667;184.8;1;406.0;391.0;0.0025;0.0409;179.08;161.92;0.0319;0.1413;8.0;11.2;9.3;163761;0;1;marche_estime;;;;
2023-07-01;2023;3;Kébili;Sfax/Centre-Est/Sud;74;419.0;453.0;365.0;260.0;264.6111111111111;190.52;1;407.0;389.0;0.0295;0.0771;184.8;167.64;0.031;0.1365;8.0;11.2;9.3;163761;0;1;marche_estime;;;;
2023-10-01;2023;4;Kébili;Sfax/Centre-Est/Sud;74;424.0;458.0;369.0;263.0;272.55555555555554;196.24;1;419.0;391.0;0.0119;0.0844;190.52;173.36;0.03;0.132;8.0;11.2;9.3;163761;0;1;marche_estime;;;;
2024-01-01;2024;1;Kébili;Sfax/Centre-Est/Sud;74;442.0;477.0;385.0;274.0;280.5;201.96;0;424.0;406.0;0.0425;0.0887;196.24;179.08;0.0291;0.1278;7.5;8.1;7.0;163761;0;1;marche_estime;;;;
2024-04-01;2024;2;Kébili;Sfax/Centre-Est/Sud;74;439.0;474.0;382.0;272.0;287.3;206.86;0;442.0;407.0;-0.0068;0.0786;201.96;184.8;0.0243;0.1194;7.5;8.1;7.0;163761;0;1;marche_estime;;;;
2024-07-01;2024;3;Kébili;Sfax/Centre-Est/Sud;74;445.0;481.0;387.0;276.0;293.1;211.03;0;439.0;419.0;0.0137;0.0621;206.86;190.52;0.0202;0.1077;7.5;8.1;7.0;163761;0;1;marche_estime;;;;
2024-10-01;2024;4;Kébili;Sfax/Centre-Est/Sud;74;443.0;478.0;385.0;275.0;299.8;215.86;0;445.0;424.0;-0.0045;0.0448;211.03;196.24;0.0229;0.1;7.5;8.1;7.0;163761;0;1;marche_estime;;;;
2025-01-01;2025;1;Kébili;Sfax/Centre-Est/Sud;74;458.0;495.0;398.0;284.0;308.2;221.9;0;443.0;442.0;0.0339;0.0362;215.86;201.96;0.028;0.0987;7.0;6.5;5.8;163761;0;1;marche_estime;;;;
2025-04-01;2025;2;Kébili;Sfax/Centre-Est/Sud;74;469.0;507.0;408.0;291.0;315.0;226.8;0;458.0;439.0;0.024;0.0683;221.9;206.86;0.0221;0.0964;7.0;6.5;5.8;163761;0;1;marche_estime;;;;
2025-07-01;2025;3;Kébili;Sfax/Centre-Est/Sud;74;;;;;243.33333333333331;226.8;0;469.0;445.0;;;226.8;211.03;0.0;0.0747;;;;163761;0;1;;;;;
2025-10-01;2025;4;Kébili;Sfax/Centre-Est/Sud;74;;;;;171.66666666666666;226.8;0;;443.0;;;226.8;215.86;0.0;0.0507;;;;163761;0;1;;;;;
2015-01-01;2015;1;Le Kef;Zaghouan/Bizerte/NO;33;489.0;528.0;425.0;303.0;100.0;52.0;0;;;;;;;;;4.25;3.2;4.9;257714;0;0;marche_estime;;;;
2015-04-01;2015;2;Le Kef;Zaghouan/Bizerte/NO;33;489.0;528.0;425.0;303.0;103.2;53.66;0;489.0;;0.0;;52.0;;0.0319;;4.25;3.2;4.9;257714;0;0;marche_estime;;;;
2015-07-01;2015;3;Le Kef;Zaghouan/Bizerte/NO;33;494.0;534.0;430.0;306.0;105.1;54.65;0;489.0;;0.0102;;53.66;;0.0184;;4.25;3.2;4.9;257714;0;0;marche_estime;;;;
2015-10-01;2015;4;Le Kef;Zaghouan/Bizerte/NO;33;508.0;549.0;442.0;315.0;107.8;56.06;0;494.0;;0.0283;;54.65;;0.0258;;4.25;3.2;4.9;257714;0;0;marche_estime;;;;
2016-01-01;2016;1;Le Kef;Zaghouan/Bizerte/NO;33;512.0;553.0;445.0;317.0;109.4;56.89;0;508.0;489.0;0.0079;0.047;56.06;52.0;0.0148;0.094;4.25;3.8;3.7;257714;0;0;marche_estime;;;;
2016-04-01;2016;2;Le Kef;Zaghouan/Bizerte/NO;33;529.0;571.0;460.0;328.0;112.6;58.55;0;512.0;489.0;0.0332;0.0818;56.89;53.66;0.0292;0.0911;4.25;3.8;3.7;257714;0;0;marche_estime;;;;
2016-07-01;2016;3;Le Kef;Zaghouan/Bizerte/NO;33;534.0;577.0;465.0;331.0;114.3;59.44;0;529.0;494.0;0.0095;0.081;58.55;54.65;0.0152;0.0876;4.25;3.8;3.7;257714;0;0;marche_estime;;;;
2016-10-01;2016;4;Le Kef;Zaghouan/Bizerte/NO;33;529.0;571.0;460.0;328.0;116.9;60.79;0;534.0;508.0;-0.0094;0.0413;59.44;56.06;0.0227;0.0844;4.25;3.8;3.7;257714;0;0;marche_estime;;;;
2017-01-01;2017;1;Le Kef;Zaghouan/Bizerte/NO;33;529.0;571.0;460.0;328.0;118.7;61.72;0;529.0;512.0;0.0;0.0332;60.79;56.89;0.0153;0.0849;5.0;5.1;5.3;257714;0;0;marche_estime;;;;
2017-04-01;2017;2;Le Kef;Zaghouan/Bizerte/NO;33;535.0;578.0;465.0;332.0;121.5;63.18;0;529.0;529.0;0.0113;0.0113;61.72;58.55;0.0237;0.0791;5.0;5.1;5.3;257714;0;0;marche_estime;;;;
2017-07-01;2017;3;Le Kef;Zaghouan/Bizerte/NO;33;562.0;607.0;489.0;348.0;124.1;64.53;0;535.0;534.0;0.0505;0.0524;63.18;59.44;0.0214;0.0856;5.0;5.1;5.3;257714;0;0;marche_estime;;;;
2017-10-01;2017;4;Le Kef;Zaghouan/Bizerte/NO;33;559.0;604.0;486.0;347.0;127.3;66.2;0;562.0;529.0;-0.0053;0.0567;64.53;60.79;0.0259;0.089;5.0;5.1;5.3;257714;0;0;marche_estime;;;;
2018-01-01;2018;1;Le Kef;Zaghouan/Bizerte/NO;33;556.0;600.0;484.0;345.0;130.2;67.7;0;559.0;529.0;-0.0054;0.051;66.2;61.72;0.0227;0.0969;6.75;7.2;7.3;257714;0;0;marche_estime;;;;
2018-04-01;2018;2;Le Kef;Zaghouan/Bizerte/NO;33;576.0;622.0;501.0;357.0;138.7;72.12;0;556.0;535.0;0.036;0.0766;67.7;63.18;0.0653;0.1415;6.75;7.2;7.3;257714;0;0;marche_estime;;;;
2018-07-01;2018;3;Le Kef;Zaghouan/Bizerte/NO;33;582.0;629.0;506.0;361.0;141.9;73.79;0;576.0;562.0;0.0104;0.0356;72.12;64.53;0.0232;0.1435;6.75;7.2;7.3;257714;0;0;marche_estime;;;;
2018-10-01;2018;4;Le Kef;Zaghouan/Bizerte/NO;33;584.0;631.0;508.0;362.0;145.6;75.71;0;582.0;559.0;0.0034;0.0447;73.79;66.2;0.026;0.1437;6.75;7.2;7.3;257714;0;0;marche_estime;;;;
2019-01-01;2019;1;Le Kef;Zaghouan/Bizerte/NO;33;604.0;652.0;525.0;374.0;148.4;77.17;0;584.0;556.0;0.0342;0.0863;75.71;67.7;0.0193;0.1399;7.75;6.4;6.7;257714;0;0;marche_estime;;;;
2019-04-01;2019;2;Le Kef;Zaghouan/Bizerte/NO;33;603.0;651.0;525.0;374.0;156.4;81.33;0;604.0;576.0;-0.0017;0.0469;77.17;72.12;0.0539;0.1277;7.75;6.4;6.7;257714;0;0;marche_estime;;;;
2019-07-01;2019;3;Le Kef;Zaghouan/Bizerte/NO;33;610.0;659.0;531.0;378.0;159.8;83.1;0;603.0;582.0;0.0116;0.0481;81.33;73.79;0.0218;0.1262;7.75;6.4;6.7;257714;0;0;marche_estime;;;;
2019-10-01;2019;4;Le Kef;Zaghouan/Bizerte/NO;33;625.0;675.0;544.0;388.0;162.1;84.29;0;610.0;584.0;0.0246;0.0702;83.1;75.71;0.0143;0.1133;7.75;6.4;6.7;257714;0;0;marche_estime;;;;
2020-01-01;2020;1;Le Kef;Zaghouan/Bizerte/NO;33;637.0;688.0;554.0;395.0;164.7;85.64;0;625.0;604.0;0.0192;0.0546;84.29;77.17;0.016;0.1098;6.25;5.8;5.6;257714;0;0;marche_estime;;;;
2020-04-01;2020;2;Le Kef;Zaghouan/Bizerte/NO;33;643.0;694.0;559.0;399.0;166.7;86.68;0;637.0;603.0;0.0094;0.0663;85.64;81.33;0.0121;0.0658;6.25;5.8;5.6;257714;0;0;marche_estime;;;;
2020-07-01;2020;3;Le Kef;Zaghouan/Bizerte/NO;33;657.0;710.0;572.0;407.0;176.7;91.88;0;643.0;610.0;0.0218;0.077;86.68;83.1;0.06;0.1057;6.25;5.8;5.6;257714;0;0;marche_estime;;;;
2020-10-01;2020;4;Le Kef;Zaghouan/Bizerte/NO;33;656.0;708.0;571.0;407.0;183.9;95.63;0;657.0;625.0;-0.0015;0.0496;91.88;84.29;0.0408;0.1345;6.25;5.8;5.6;257714;0;0;marche_estime;;;;
2021-01-01;2021;1;Le Kef;Zaghouan/Bizerte/NO;33;659.0;712.0;573.0;409.0;196.8;102.34;0;656.0;637.0;0.0046;0.0345;95.63;85.64;0.0702;0.195;6.25;9.1;6.0;257714;0;0;marche_estime;;;;
2021-04-01;2021;2;Le Kef;Zaghouan/Bizerte/NO;33;664.0;717.0;578.0;412.0;209.8;109.1;0;659.0;643.0;0.0076;0.0327;102.34;86.68;0.0661;0.2587;6.25;9.1;6.0;257714;0;0;marche_estime;;;;
2021-07-01;2021;3;Le Kef;Zaghouan/Bizerte/NO;33;675.0;729.0;587.0;418.0;202.1;105.09;0;664.0;657.0;0.0166;0.0274;109.1;91.88;-0.0368;0.1438;6.25;9.1;6.0;257714;0;0;marche_estime;;;;
2021-10-01;2021;4;Le Kef;Zaghouan/Bizerte/NO;33;691.0;746.0;601.0;428.0;209.0;108.68;0;675.0;656.0;0.0237;0.0534;105.09;95.63;0.0342;0.1365;6.25;9.1;6.0;257714;0;0;marche_estime;;;;
2022-01-01;2022;1;Le Kef;Zaghouan/Bizerte/NO;33;701.0;757.0;610.0;435.0;216.94444444444446;112.81111111111112;1;691.0;659.0;0.0145;0.0637;108.68;102.34;0.038;0.1023;7.25;14.3;8.3;257714;0;0;marche_estime;;;;
2022-04-01;2022;2;Le Kef;Zaghouan/Bizerte/NO;33;716.0;773.0;623.0;444.0;224.88888888888889;116.94222222222223;1;701.0;664.0;0.0214;0.0783;112.81111111111112;109.1;0.0366;0.0719;7.25;14.3;8.3;257714;0;0;marche_estime;;;;
2022-07-01;2022;3;Le Kef;Zaghouan/Bizerte/NO;33;727.0;785.0;632.0;451.0;232.83333333333334;121.07333333333334;1;716.0;675.0;0.0154;0.077;116.94222222222223;105.09;0.0353;0.1521;7.25;14.3;8.3;257714;0;0;marche_estime;;;;
2022-10-01;2022;4;Le Kef;Zaghouan/Bizerte/NO;33;728.0;786.0;633.0;451.0;240.77777777777777;125.20444444444445;1;727.0;691.0;0.0014;0.0535;121.07333333333334;108.68;0.0341;0.152;7.25;14.3;8.3;257714;0;0;marche_estime;;;;
2023-01-01;2023;1;Le Kef;Zaghouan/Bizerte/NO;33;739.0;798.0;643.0;458.0;248.72222222222223;129.33555555555557;1;728.0;701.0;0.0151;0.0542;125.20444444444445;112.81111111111112;0.033;0.1465;8.0;11.2;9.3;257714;0;0;marche_estime;;;;
2023-04-01;2023;2;Le Kef;Zaghouan/Bizerte/NO;33;762.0;823.0;663.0;472.0;256.6666666666667;133.46666666666667;1;739.0;716.0;0.0311;0.0642;129.33555555555557;116.94222222222223;0.0319;0.1413;8.0;11.2;9.3;257714;0;0;marche_estime;;;;
2023-07-01;2023;3;Le Kef;Zaghouan/Bizerte/NO;33;753.0;813.0;655.0;467.0;264.6111111111111;137.5977777777778;1;762.0;727.0;-0.0118;0.0358;133.46666666666667;121.07333333333334;0.031;0.1365;8.0;11.2;9.3;257714;0;0;marche_estime;;;;
2023-10-01;2023;4;Le Kef;Zaghouan/Bizerte/NO;33;774.0;836.0;673.0;480.0;272.55555555555554;141.7288888888889;1;753.0;728.0;0.0279;0.0632;137.5977777777778;125.20444444444445;0.03;0.132;8.0;11.2;9.3;257714;0;0;marche_estime;;;;
2024-01-01;2024;1;Le Kef;Zaghouan/Bizerte/NO;33;774.0;836.0;673.0;480.0;280.5;145.86;0;774.0;739.0;0.0;0.0474;141.7288888888889;129.33555555555557;0.0291;0.1278;7.5;8.1;7.0;257714;0;0;marche_estime;;;;
2024-04-01;2024;2;Le Kef;Zaghouan/Bizerte/NO;33;804.0;868.0;699.0;498.0;287.3;149.4;0;774.0;762.0;0.0388;0.0551;145.86;133.46666666666667;0.0243;0.1194;7.5;8.1;7.0;257714;0;0;marche_estime;;;;
2024-07-01;2024;3;Le Kef;Zaghouan/Bizerte/NO;33;822.0;888.0;715.0;510.0;293.1;152.41;0;804.0;753.0;0.0224;0.0916;149.4;137.5977777777778;0.0201;0.1076;7.5;8.1;7.0;257714;0;0;marche_estime;;;;
2024-10-01;2024;4;Le Kef;Zaghouan/Bizerte/NO;33;807.0;872.0;702.0;500.0;299.8;155.9;0;822.0;774.0;-0.0182;0.0426;152.41;141.7288888888889;0.0229;0.1;7.5;8.1;7.0;257714;0;0;marche_estime;;;;
2025-01-01;2025;1;Le Kef;Zaghouan/Bizerte/NO;33;840.0;907.0;731.0;521.0;308.2;160.26;0;807.0;774.0;0.0409;0.0853;155.9;145.86;0.028;0.0987;7.0;6.5;5.8;257714;0;0;marche_estime;;;;
2025-04-01;2025;2;Le Kef;Zaghouan/Bizerte/NO;33;830.0;896.0;722.0;515.0;315.0;163.8;0;840.0;804.0;-0.0119;0.0323;160.26;149.4;0.0221;0.0964;7.0;6.5;5.8;257714;0;0;marche_estime;;;;
2025-07-01;2025;3;Le Kef;Zaghouan/Bizerte/NO;33;;;;;243.33333333333331;163.8;0;830.0;822.0;;;163.8;152.41;0.0;0.0747;;;;257714;0;0;;;;;
2025-10-01;2025;4;Le Kef;Zaghouan/Bizerte/NO;33;;;;;171.66666666666666;163.8;0;;807.0;;;163.8;155.9;0.0;0.0507;;;;257714;0;0;;;;;
2015-01-01;2015;1;Mahdia;Nabeul/Sousse/Mahdia/Mon;53;573.0;619.0;499.0;355.0;100.0;98.0;0;;;;;;;;;4.25;3.2;4.9;396827;1;1;marche_estime;;;;
2015-04-01;2015;2;Mahdia;Nabeul/Sousse/Mahdia/Mon;53;590.0;637.0;513.0;366.0;103.2;101.14;0;573.0;;0.0297;;98.0;;0.032;;4.25;3.2;4.9;396827;1;1;marche_estime;;;;
2015-07-01;2015;3;Mahdia;Nabeul/Sousse/Mahdia/Mon;53;595.0;643.0;518.0;369.0;105.1;103.0;0;590.0;;0.0085;;101.14;;0.0184;;4.25;3.2;4.9;396827;1;1;marche_estime;;;;
2015-10-01;2015;4;Mahdia;Nabeul/Sousse/Mahdia/Mon;53;608.0;657.0;529.0;377.0;107.8;105.64;0;595.0;;0.0218;;103.0;;0.0256;;4.25;3.2;4.9;396827;1;1;marche_estime;;;;
2016-01-01;2016;1;Mahdia;Nabeul/Sousse/Mahdia/Mon;53;629.0;679.0;547.0;390.0;109.4;107.21;0;608.0;573.0;0.0345;0.0977;105.64;98.0;0.0149;0.094;4.25;3.8;3.7;396827;1;1;marche_estime;;;;
2016-04-01;2016;2;Mahdia;Nabeul/Sousse/Mahdia/Mon;53;637.0;688.0;554.0;395.0;112.6;110.35;0;629.0;590.0;0.0127;0.0797;107.21;101.14;0.0293;0.0911;4.25;3.8;3.7;396827;1;1;marche_estime;;;;
2016-07-01;2016;3;Mahdia;Nabeul/Sousse/Mahdia/Mon;53;655.0;707.0;570.0;406.0;114.3;112.01;0;637.0;595.0;0.0283;0.1008;110.35;103.0;0.015;0.0875;4.25;3.8;3.7;396827;1;1;marche_estime;;;;
2016-10-01;2016;4;Mahdia;Nabeul/Sousse/Mahdia/Mon;53;665.0;718.0;579.0;412.0;116.9;114.56;0;655.0;608.0;0.0153;0.0938;112.01;105.64;0.0228;0.0844;4.25;3.8;3.7;396827;1;1;marche_estime;;;;
2017-01-01;2017;1;Mahdia;Nabeul/Sousse/Mahdia/Mon;53;665.0;718.0;579.0;412.0;118.7;116.33;0;665.0;629.0;0.0;0.0572;114.56;107.21;0.0155;0.0851;5.0;5.1;5.3;396827;1;1;marche_estime;;;;
2017-04-01;2017;2;Mahdia;Nabeul/Sousse/Mahdia/Mon;53;689.0;744.0;599.0;427.0;121.5;119.07;0;665.0;637.0;0.0361;0.0816;116.33;110.35;0.0236;0.079;5.0;5.1;5.3;396827;1;1;marche_estime;;;;
2017-07-01;2017;3;Mahdia;Nabeul/Sousse/Mahdia/Mon;53;696.0;752.0;606.0;432.0;124.1;121.62;0;689.0;655.0;0.0102;0.0626;119.07;112.01;0.0214;0.0858;5.0;5.1;5.3;396827;1;1;marche_estime;;;;
2017-10-01;2017;4;Mahdia;Nabeul/Sousse/Mahdia/Mon;53;718.0;775.0;625.0;445.0;127.3;124.75;0;696.0;665.0;0.0316;0.0797;121.62;114.56;0.0257;0.0889;5.0;5.1;5.3;396827;1;1;marche_estime;;;;
2018-01-01;2018;1;Mahdia;Nabeul/Sousse/Mahdia/Mon;53;719.0;777.0;626.0;446.0;130.2;127.6;0;718.0;665.0;0.0014;0.0812;124.75;116.33;0.0228;0.0969;6.75;7.2;7.3;396827;1;1;marche_estime;;;;
2018-04-01;2018;2;Mahdia;Nabeul/Sousse/Mahdia/Mon;53;737.0;796.0;641.0;457.0;138.7;135.93;0;719.0;689.0;0.025;0.0697;127.6;119.07;0.0653;0.1416;6.75;7.2;7.3;396827;1;1;marche_estime;;;;
2018-07-01;2018;3;Mahdia;Nabeul/Sousse/Mahdia/Mon;53;737.0;796.0;641.0;457.0;141.9;139.06;0;737.0;696.0;0.0;0.0589;135.93;121.62;0.023;0.1434;6.75;7.2;7.3;396827;1;1;marche_estime;;;;
2018-10-01;2018;4;Mahdia;Nabeul/Sousse/Mahdia/Mon;53;766.0;827.0;666.0;475.0;145.6;142.69;0;737.0;718.0;0.0393;0.0669;139.06;124.75;0.0261;0.1438;6.75;7.2;7.3;396827;1;1;marche_estime;;;;
2019-01-01;2019;1;Mahdia;Nabeul/Sousse/Mahdia/Mon;53;785.0;848.0;683.0;487.0;148.4;145.43;0;766.0;719.0;0.0248;0.0918;142.69;127.6;0.0192;0.1397;7.75;6.4;6.7;396827;1;1;marche_estime;;;;
2019-04-01;2019;2;Mahdia;Nabeul/Sousse/Mahdia/Mon;53;793.0;856.0;690.0;492.0;156.4;153.27;0;785.0;737.0;0.0102;0.076;145.43;135.93;0.0539;0.1276;7.75;6.4;6.7;396827;1;1;marche_estime;;;;
2019-07-01;2019;3;Mahdia;Nabeul/Sousse/Mahdia/Mon;53;805.0;869.0;700.0;499.0;159.8;156.6;0;793.0;737.0;0.0151;0.0923;153.27;139.06;0.0217;0.1261;7.75;6.4;6.7;396827;1;1;marche_estime;;;;
2019-10-01;2019;4;Mahdia;Nabeul/Sousse/Mahdia/Mon;53;829.0;895.0;721.0;514.0;162.1;158.86;0;805.0;766.0;0.0298;0.0822;156.6;142.69;0.0144;0.1133;7.75;6.4;6.7;396827;1;1;marche_estime;;;;
2020-01-01;2020;1;Mahdia;Nabeul/Sousse/Mahdia/Mon;53;851.0;919.0;740.0;528.0;164.7;161.41;0;829.0;785.0;0.0265;0.0841;158.86;145.43;0.0161;0.1099;6.25;5.8;5.6;396827;1;1;marche_estime;;;;
2020-04-01;2020;2;Mahdia;Nabeul/Sousse/Mahdia/Mon;53;860.0;929.0;748.0;533.0;166.7;163.37;0;851.0;793.0;0.0106;0.0845;161.41;153.27;0.0121;0.0659;6.25;5.8;5.6;396827;1;1;marche_estime;;;;
2020-07-01;2020;3;Mahdia;Nabeul/Sousse/Mahdia/Mon;53;870.0;940.0;757.0;539.0;176.7;173.17;0;860.0;805.0;0.0116;0.0807;163.37;156.6;0.06;0.1058;6.25;5.8;5.6;396827;1;1;marche_estime;;;;
2020-10-01;2020;4;Mahdia;Nabeul/Sousse/Mahdia/Mon;53;894.0;966.0;778.0;554.0;183.9;180.22;0;870.0;829.0;0.0276;0.0784;173.17;158.86;0.0407;0.1345;6.25;5.8;5.6;396827;1;1;marche_estime;;;;
2021-01-01;2021;1;Mahdia;Nabeul/Sousse/Mahdia/Mon;53;891.0;962.0;775.0;552.0;196.8;192.86;0;894.0;851.0;-0.0034;0.047;180.22;161.41;0.0701;0.1948;6.25;9.1;6.0;396827;1;1;marche_estime;;;;
2021-04-01;2021;2;Mahdia;Nabeul/Sousse/Mahdia/Mon;53;918.0;991.0;799.0;569.0;209.8;205.6;0;891.0;860.0;0.0303;0.0674;192.86;163.37;0.0661;0.2585;6.25;9.1;6.0;396827;1;1;marche_estime;;;;
2021-07-01;2021;3;Mahdia;Nabeul/Sousse/Mahdia/Mon;53;936.0;1011.0;814.0;580.0;202.1;198.06;0;918.0;870.0;0.0196;0.0759;205.6;173.17;-0.0367;0.1437;6.25;9.1;6.0;396827;1;1;marche_estime;;;;
2021-10-01;2021;4;Mahdia;Nabeul/Sousse/Mahdia/Mon;53;956.0;1032.0;832.0;593.0;209.0;204.82;0;936.0;894.0;0.0214;0.0694;198.06;180.22;0.0341;0.1365;6.25;9.1;6.0;396827;1;1;marche_estime;;;;
2022-01-01;2022;1;Mahdia;Nabeul/Sousse/Mahdia/Mon;53;980.0;1058.0;853.0;608.0;216.94444444444446;212.60555555555555;1;956.0;891.0;0.0251;0.0999;204.82;192.86;0.038;0.1024;7.25;14.3;8.3;396827;1;1;marche_estime;;;;
2022-04-01;2022;2;Mahdia;Nabeul/Sousse/Mahdia/Mon;53;1011.0;1092.0;880.0;627.0;224.88888888888889;220.39111111111112;1;980.0;918.0;0.0316;0.1013;212.60555555555555;205.6;0.0366;0.0719;7.25;14.3;8.3;396827;1;1;marche_estime;;;;
2022-07-01;2022;3;Mahdia;Nabeul/Sousse/Mahdia/Mon;53;996.0;1076.0;867.0;618.0;232.83333333333334;228.17666666666665;1;1011.0;936.0;-0.0148;0.0641;220.39111111111112;198.06;0.0353;0.1521;7.25;14.3;8.3;396827;1;1;marche_estime;;;;
2022-10-01;2022;4;Mahdia;Nabeul/Sousse/Mahdia/Mon;53;1047.0;1131.0;911.0;649.0;240.77777777777777;235.9622222222222;1;996.0;956.0;0.0512;0.0952;228.17666666666665;204.82;0.0341;0.152;7.25;14.3;8.3;396827;1;1;marche_estime;;;;
2023-01-01;2023;1;Mahdia;Nabeul/Sousse/Mahdia/Mon;53;1041.0;1124.0;906.0;645.0;248.72222222222223;243.74777777777777;1;1047.0;980.0;-0.0057;0.0622;235.9622222222222;212.60555555555555;0.033;0.1465;8.0;11.2;9.3;396827;1;1;marche_estime;;;;
2023-04-01;2023;2;Mahdia;Nabeul/Sousse/Mahdia/Mon;53;1066.0;1151.0;927.0;661.0;256.6666666666667;251.53333333333333;1;1041.0;1011.0;0.024;0.0544;243.74777777777777;220.39111111111112;0.0319;0.1413;8.0;11.2;9.3;396827;1;1;marche_estime;;;;
2023-07-01;2023;3;Mahdia;Nabeul/Sousse/Mahdia/Mon;53;1089.0;1176.0;947.0;675.0;264.6111111111111;259.31888888888886;1;1066.0;996.0;0.0216;0.0934;251.53333333333333;228.17666666666665;0.031;0.1365;8.0;11.2;9.3;396827;1;1;marche_estime;;;;
2023-10-01;2023;4;Mahdia;Nabeul/Sousse/Mahdia/Mon;53;1129.0;1219.0;982.0;700.0;272.55555555555554;267.1044444444444;1;1089.0;1047.0;0.0367;0.0783;259.31888888888886;235.9622222222222;0.03;0.132;8.0;11.2;9.3;396827;1;1;marche_estime;;;;
2024-01-01;2024;1;Mahdia;Nabeul/Sousse/Mahdia/Mon;53;1142.0;1233.0;994.0;708.0;280.5;274.89;0;1129.0;1041.0;0.0115;0.097;267.1044444444444;243.74777777777777;0.0291;0.1278;7.5;8.1;7.0;396827;1;1;marche_estime;;;;
2024-04-01;2024;2;Mahdia;Nabeul/Sousse/Mahdia/Mon;53;1140.0;1231.0;992.0;707.0;287.3;281.55;0;1142.0;1066.0;-0.0018;0.0694;274.89;251.53333333333333;0.0242;0.1193;7.5;8.1;7.0;396827;1;1;marche_estime;;;;
2024-07-01;2024;3;Mahdia;Nabeul/Sousse/Mahdia/Mon;53;1146.0;1238.0;997.0;711.0;293.1;287.24;0;1140.0;1089.0;0.0053;0.0523;281.55;259.31888888888886;0.0202;0.1077;7.5;8.1;7.0;396827;1;1;marche_estime;;;;
2024-10-01;2024;4;Mahdia;Nabeul/Sousse/Mahdia/Mon;53;1198.0;1294.0;1042.0;743.0;299.8;293.8;0;1146.0;1129.0;0.0454;0.0611;287.24;267.1044444444444;0.0228;0.0999;7.5;8.1;7.0;396827;1;1;marche_estime;;;;
2025-01-01;2025;1;Mahdia;Nabeul/Sousse/Mahdia/Mon;53;1224.0;1322.0;1065.0;759.0;308.2;302.04;0;1198.0;1142.0;0.0217;0.0718;293.8;274.89;0.028;0.0988;7.0;6.5;5.8;396827;1;1;marche_estime;;;;
2025-04-01;2025;2;Mahdia;Nabeul/Sousse/Mahdia/Mon;53;1235.0;1334.0;1074.0;766.0;315.0;308.7;0;1224.0;1140.0;0.009;0.0833;302.04;281.55;0.0221;0.0964;7.0;6.5;5.8;396827;1;1;marche_estime;;;;
2025-07-01;2025;3;Mahdia;Nabeul/Sousse/Mahdia/Mon;53;;;;;243.33333333333331;308.7;0;1235.0;1146.0;;;308.7;287.24;0.0;0.0747;;;;396827;1;1;;;;;
2025-10-01;2025;4;Mahdia;Nabeul/Sousse/Mahdia/Mon;53;;;;;171.66666666666666;308.7;0;;1198.0;;;308.7;293.8;0.0;0.0507;;;;396827;1;1;;;;;
2015-01-01;2015;1;Manouba;Grand Tunis;14;706.0;762.0;614.0;438.0;100.0;142.0;0;;;;;;;;;4.25;3.2;4.9;394452;0;0;marche_estime;;;;
2015-04-01;2015;2;Manouba;Grand Tunis;14;731.0;789.0;636.0;453.0;103.2;146.54;0;706.0;;0.0354;;142.0;;0.032;;4.25;3.2;4.9;394452;0;0;marche_estime;;;;
2015-07-01;2015;3;Manouba;Grand Tunis;14;752.0;812.0;654.0;466.0;105.1;149.24;0;731.0;;0.0287;;146.54;;0.0184;;4.25;3.2;4.9;394452;0;0;marche_estime;;;;
2015-10-01;2015;4;Manouba;Grand Tunis;14;746.0;806.0;649.0;463.0;107.8;153.08;0;752.0;;-0.008;;149.24;;0.0257;;4.25;3.2;4.9;394452;0;0;marche_estime;;;;
2016-01-01;2016;1;Manouba;Grand Tunis;14;763.0;824.0;664.0;473.0;109.4;155.35;0;746.0;706.0;0.0228;0.0807;153.08;142.0;0.0148;0.094;4.25;3.8;3.7;394452;0;0;marche_estime;;;;
2016-04-01;2016;2;Manouba;Grand Tunis;14;792.0;855.0;689.0;491.0;112.6;159.89;0;763.0;731.0;0.038;0.0834;155.35;146.54;0.0292;0.0911;4.25;3.8;3.7;394452;0;0;marche_estime;;;;
2016-07-01;2016;3;Manouba;Grand Tunis;14;808.0;873.0;703.0;501.0;114.3;162.31;0;792.0;752.0;0.0202;0.0745;159.89;149.24;0.0151;0.0876;4.25;3.8;3.7;394452;0;0;marche_estime;;;;
2016-10-01;2016;4;Manouba;Grand Tunis;14;807.0;872.0;702.0;500.0;116.9;166.0;0;808.0;746.0;-0.0012;0.0818;162.31;153.08;0.0227;0.0844;4.25;3.8;3.7;394452;0;0;marche_estime;;;;
2017-01-01;2017;1;Manouba;Grand Tunis;14;850.0;918.0;740.0;527.0;118.7;168.55;0;807.0;763.0;0.0533;0.114;166.0;155.35;0.0154;0.085;5.0;5.1;5.3;394452;0;0;marche_estime;;;;
2017-04-01;2017;2;Manouba;Grand Tunis;14;859.0;928.0;747.0;533.0;121.5;172.53;0;850.0;792.0;0.0106;0.0846;168.55;159.89;0.0236;0.0791;5.0;5.1;5.3;394452;0;0;marche_estime;;;;
2017-07-01;2017;3;Manouba;Grand Tunis;14;879.0;949.0;765.0;545.0;124.1;176.22;0;859.0;808.0;0.0233;0.0879;172.53;162.31;0.0214;0.0857;5.0;5.1;5.3;394452;0;0;marche_estime;;;;
2017-10-01;2017;4;Manouba;Grand Tunis;14;904.0;976.0;786.0;560.0;127.3;180.77;0;879.0;807.0;0.0284;0.1202;176.22;166.0;0.0258;0.089;5.0;5.1;5.3;394452;0;0;marche_estime;;;;
2018-01-01;2018;1;Manouba;Grand Tunis;14;928.0;1002.0;807.0;575.0;130.2;184.88;0;904.0;850.0;0.0265;0.0918;180.77;168.55;0.0227;0.0969;6.75;7.2;7.3;394452;0;0;marche_estime;;;;
2018-04-01;2018;2;Manouba;Grand Tunis;14;928.0;1002.0;807.0;575.0;138.7;196.95;0;928.0;859.0;0.0;0.0803;184.88;172.53;0.0653;0.1415;6.75;7.2;7.3;394452;0;0;marche_estime;;;;
2018-07-01;2018;3;Manouba;Grand Tunis;14;951.0;1027.0;827.0;590.0;141.9;201.5;0;928.0;879.0;0.0248;0.0819;196.95;176.22;0.0231;0.1435;6.75;7.2;7.3;394452;0;0;marche_estime;;;;
2018-10-01;2018;4;Manouba;Grand Tunis;14;957.0;1034.0;833.0;593.0;145.6;206.75;0;951.0;904.0;0.0063;0.0586;201.5;180.77;0.0261;0.1437;6.75;7.2;7.3;394452;0;0;marche_estime;;;;
2019-01-01;2019;1;Manouba;Grand Tunis;14;1002.0;1082.0;872.0;621.0;148.4;210.73;0;957.0;928.0;0.047;0.0797;206.75;184.88;0.0193;0.1398;7.75;6.4;6.7;394452;0;0;marche_estime;;;;
2019-04-01;2019;2;Manouba;Grand Tunis;14;1019.0;1101.0;887.0;632.0;156.4;222.09;0;1002.0;928.0;0.017;0.0981;210.73;196.95;0.0539;0.1276;7.75;6.4;6.7;394452;0;0;marche_estime;;;;
2019-07-01;2019;3;Manouba;Grand Tunis;14;1022.0;1104.0;889.0;634.0;159.8;226.92;0;1019.0;951.0;0.0029;0.0747;222.09;201.5;0.0217;0.1262;7.75;6.4;6.7;394452;0;0;marche_estime;;;;
2019-10-01;2019;4;Manouba;Grand Tunis;14;1040.0;1123.0;905.0;645.0;162.1;230.18;0;1022.0;957.0;0.0176;0.0867;226.92;206.75;0.0144;0.1133;7.75;6.4;6.7;394452;0;0;marche_estime;;;;
2020-01-01;2020;1;Manouba;Grand Tunis;14;1081.0;1167.0;940.0;670.0;164.7;233.87;0;1040.0;1002.0;0.0394;0.0788;230.18;210.73;0.016;0.1098;6.25;5.8;5.6;394452;0;0;marche_estime;;;;
2020-04-01;2020;2;Manouba;Grand Tunis;14;1098.0;1186.0;955.0;681.0;166.7;236.71;0;1081.0;1019.0;0.0157;0.0775;233.87;222.09;0.0121;0.0658;6.25;5.8;5.6;394452;0;0;marche_estime;;;;
2020-07-01;2020;3;Manouba;Grand Tunis;14;1113.0;1202.0;968.0;690.0;176.7;250.91;0;1098.0;1022.0;0.0137;0.089;236.71;226.92;0.06;0.1057;6.25;5.8;5.6;394452;0;0;marche_estime;;;;
2020-10-01;2020;4;Manouba;Grand Tunis;14;1130.0;1220.0;983.0;701.0;183.9;261.14;0;1113.0;1040.0;0.0153;0.0865;250.91;230.18;0.0408;0.1345;6.25;5.8;5.6;394452;0;0;marche_estime;;;;
2021-01-01;2021;1;Manouba;Grand Tunis;14;1158.0;1251.0;1007.0;718.0;196.8;279.46;0;1130.0;1081.0;0.0248;0.0712;261.14;233.87;0.0702;0.1949;6.25;9.1;6.0;394452;0;0;marche_estime;;;;
2021-04-01;2021;2;Manouba;Grand Tunis;14;1161.0;1254.0;1010.0;720.0;209.8;297.92;0;1158.0;1098.0;0.0026;0.0574;279.46;236.71;0.0661;0.2586;6.25;9.1;6.0;394452;0;0;marche_estime;;;;
2021-07-01;2021;3;Manouba;Grand Tunis;14;1195.0;1291.0;1040.0;741.0;202.1;286.98;0;1161.0;1113.0;0.0293;0.0737;297.92;250.91;-0.0367;0.1438;6.25;9.1;6.0;394452;0;0;marche_estime;;;;
2021-10-01;2021;4;Manouba;Grand Tunis;14;1232.0;1331.0;1072.0;764.0;209.0;296.78;0;1195.0;1130.0;0.031;0.0903;286.98;261.14;0.0341;0.1365;6.25;9.1;6.0;394452;0;0;marche_estime;;;;
2022-01-01;2022;1;Manouba;Grand Tunis;14;1256.0;1356.0;1093.0;779.0;216.94444444444446;308.0611111111111;1;1232.0;1158.0;0.0195;0.0846;296.78;279.46;0.038;0.1023;7.25;14.3;8.3;394452;0;0;marche_estime;;;;
2022-04-01;2022;2;Manouba;Grand Tunis;14;1267.0;1368.0;1102.0;786.0;224.88888888888889;319.3422222222222;1;1256.0;1161.0;0.0088;0.0913;308.0611111111111;297.92;0.0366;0.0719;7.25;14.3;8.3;394452;0;0;marche_estime;;;;
2022-07-01;2022;3;Manouba;Grand Tunis;14;1293.0;1396.0;1125.0;802.0;232.83333333333334;330.62333333333333;1;1267.0;1195.0;0.0205;0.082;319.3422222222222;286.98;0.0353;0.1521;7.25;14.3;8.3;394452;0;0;marche_estime;;;;
2022-10-01;2022;4;Manouba;Grand Tunis;14;1328.0;1434.0;1155.0;823.0;240.77777777777777;341.90444444444444;1;1293.0;1232.0;0.0271;0.0779;330.62333333333333;296.78;0.0341;0.152;7.25;14.3;8.3;394452;0;0;marche_estime;;;;
2023-01-01;2023;1;Manouba;Grand Tunis;14;1346.0;1454.0;1171.0;835.0;248.72222222222223;353.18555555555554;1;1328.0;1256.0;0.0136;0.0717;341.90444444444444;308.0611111111111;0.033;0.1465;8.0;11.2;9.3;394452;0;0;marche_estime;;;;
2023-04-01;2023;2;Manouba;Grand Tunis;14;1391.0;1502.0;1210.0;862.0;256.6666666666667;364.46666666666664;1;1346.0;1267.0;0.0334;0.0979;353.18555555555554;319.3422222222222;0.0319;0.1413;8.0;11.2;9.3;394452;0;0;marche_estime;;;;
2023-07-01;2023;3;Manouba;Grand Tunis;14;1391.0;1502.0;1210.0;862.0;264.6111111111111;375.74777777777774;1;1391.0;1293.0;0.0;0.0758;364.46666666666664;330.62333333333333;0.031;0.1365;8.0;11.2;9.3;394452;0;0;marche_estime;;;;
2023-10-01;2023;4;Manouba;Grand Tunis;14;1440.0;1555.0;1253.0;893.0;272.55555555555554;387.0288888888889;1;1391.0;1328.0;0.0352;0.0843;375.74777777777774;341.90444444444444;0.03;0.132;8.0;11.2;9.3;394452;0;0;marche_estime;;;;
2024-01-01;2024;1;Manouba;Grand Tunis;14;1499.0;1619.0;1304.0;929.0;280.5;398.31;0;1440.0;1346.0;0.041;0.1137;387.0288888888889;353.18555555555554;0.0291;0.1278;7.5;8.1;7.0;394452;0;0;marche_estime;;;;
2024-04-01;2024;2;Manouba;Grand Tunis;14;1477.0;1595.0;1285.0;916.0;287.3;407.97;0;1499.0;1391.0;-0.0147;0.0618;398.31;364.46666666666664;0.0243;0.1194;7.5;8.1;7.0;394452;0;0;marche_estime;;;;
2024-07-01;2024;3;Manouba;Grand Tunis;14;1527.0;1649.0;1328.0;947.0;293.1;416.2;0;1477.0;1391.0;0.0339;0.0978;407.97;375.74777777777774;0.0202;0.1077;7.5;8.1;7.0;394452;0;0;marche_estime;;;;
2024-10-01;2024;4;Manouba;Grand Tunis;14;1558.0;1683.0;1355.0;966.0;299.8;425.72;0;1527.0;1440.0;0.0203;0.0819;416.2;387.0288888888889;0.0229;0.1;7.5;8.1;7.0;394452;0;0;marche_estime;;;;
2025-01-01;2025;1;Manouba;Grand Tunis;14;1599.0;1727.0;1391.0;991.0;308.2;437.64;0;1558.0;1499.0;0.0263;0.0667;425.72;398.31;0.028;0.0987;7.0;6.5;5.8;394452;0;0;marche_estime;;;;
2025-04-01;2025;2;Manouba;Grand Tunis;14;1609.0;1738.0;1400.0;998.0;315.0;447.3;0;1599.0;1477.0;0.0063;0.0894;437.64;407.97;0.0221;0.0964;7.0;6.5;5.8;394452;0;0;marche_estime;;;;
2025-07-01;2025;3;Manouba;Grand Tunis;14;;;;;243.33333333333331;447.3;0;1609.0;1527.0;;;447.3;416.2;0.0;0.0747;;;;394452;0;0;;;;;
2025-10-01;2025;4;Manouba;Grand Tunis;14;;;;;171.66666666666666;447.3;0;;1558.0;;;447.3;425.72;0.0;0.0507;;;;394452;0;0;;;;;
2015-01-01;2015;1;Monastir;Nabeul/Sousse/Mahdia/Mon;52;1187.0;1282.0;1033.0;736.0;100.0;98.0;0;;;;;;;;;4.25;3.2;4.9;548828;1;1;marche_estime;;;;
2015-04-01;2015;2;Monastir;Nabeul/Sousse/Mahdia/Mon;52;1189.0;1284.0;1034.0;737.0;103.2;101.14;0;1187.0;;0.0017;;98.0;;0.032;;4.25;3.2;4.9;548828;1;1;marche_estime;;;;
2015-07-01;2015;3;Monastir;Nabeul/Sousse/Mahdia/Mon;52;1226.0;1324.0;1067.0;760.0;105.1;103.0;0;1189.0;;0.0311;;101.14;;0.0184;;4.25;3.2;4.9;548828;1;1;marche_estime;;;;
2015-10-01;2015;4;Monastir;Nabeul/Sousse/Mahdia/Mon;52;1242.0;1341.0;1081.0;770.0;107.8;105.64;0;1226.0;;0.0131;;103.0;;0.0256;;4.25;3.2;4.9;548828;1;1;marche_estime;;;;
2016-01-01;2016;1;Monastir;Nabeul/Sousse/Mahdia/Mon;52;1291.0;1394.0;1123.0;800.0;109.4;107.21;0;1242.0;1187.0;0.0395;0.0876;105.64;98.0;0.0149;0.094;4.25;3.8;3.7;548828;1;1;marche_estime;;;;
2016-04-01;2016;2;Monastir;Nabeul/Sousse/Mahdia/Mon;52;1284.0;1387.0;1117.0;796.0;112.6;110.35;0;1291.0;1189.0;-0.0054;0.0799;107.21;101.14;0.0293;0.0911;4.25;3.8;3.7;548828;1;1;marche_estime;;;;
2016-07-01;2016;3;Monastir;Nabeul/Sousse/Mahdia/Mon;52;1296.0;1400.0;1128.0;804.0;114.3;112.01;0;1284.0;1226.0;0.0093;0.0571;110.35;103.0;0.015;0.0875;4.25;3.8;3.7;548828;1;1;marche_estime;;;;
2016-10-01;2016;4;Monastir;Nabeul/Sousse/Mahdia/Mon;52;1373.0;1483.0;1195.0;851.0;116.9;114.56;0;1296.0;1242.0;0.0594;0.1055;112.01;105.64;0.0228;0.0844;4.25;3.8;3.7;548828;1;1;marche_estime;;;;
2017-01-01;2017;1;Monastir;Nabeul/Sousse/Mahdia/Mon;52;1355.0;1463.0;1179.0;840.0;118.7;116.33;0;1373.0;1291.0;-0.0131;0.0496;114.56;107.21;0.0155;0.0851;5.0;5.1;5.3;548828;1;1;marche_estime;;;;
2017-04-01;2017;2;Monastir;Nabeul/Sousse/Mahdia/Mon;52;1365.0;1474.0;1188.0;846.0;121.5;119.07;0;1355.0;1284.0;0.0074;0.0631;116.33;110.35;0.0236;0.079;5.0;5.1;5.3;548828;1;1;marche_estime;;;;
2017-07-01;2017;3;Monastir;Nabeul/Sousse/Mahdia/Mon;52;1399.0;1511.0;1217.0;867.0;124.1;121.62;0;1365.0;1296.0;0.0249;0.0795;119.07;112.01;0.0214;0.0858;5.0;5.1;5.3;548828;1;1;marche_estime;;;;
2017-10-01;2017;4;Monastir;Nabeul/Sousse/Mahdia/Mon;52;1391.0;1502.0;1210.0;862.0;127.3;124.75;0;1399.0;1373.0;-0.0057;0.0131;121.62;114.56;0.0257;0.0889;5.0;5.1;5.3;548828;1;1;marche_estime;;;;
2018-01-01;2018;1;Monastir;Nabeul/Sousse/Mahdia/Mon;52;1451.0;1567.0;1262.0;900.0;130.2;127.6;0;1391.0;1355.0;0.0431;0.0708;124.75;116.33;0.0228;0.0969;6.75;7.2;7.3;548828;1;1;marche_estime;;;;
2018-04-01;2018;2;Monastir;Nabeul/Sousse/Mahdia/Mon;52;1493.0;1612.0;1299.0;926.0;138.7;135.93;0;1451.0;1365.0;0.0289;0.0938;127.6;119.07;0.0653;0.1416;6.75;7.2;7.3;548828;1;1;marche_estime;;;;
2018-07-01;2018;3;Monastir;Nabeul/Sousse/Mahdia/Mon;52;1511.0;1632.0;1315.0;937.0;141.9;139.06;0;1493.0;1399.0;0.0121;0.0801;135.93;121.62;0.023;0.1434;6.75;7.2;7.3;548828;1;1;marche_estime;;;;
2018-10-01;2018;4;Monastir;Nabeul/Sousse/Mahdia/Mon;52;1557.0;1682.0;1355.0;965.0;145.6;142.69;0;1511.0;1391.0;0.0304;0.1193;139.06;124.75;0.0261;0.1438;6.75;7.2;7.3;548828;1;1;marche_estime;;;;
2019-01-01;2019;1;Monastir;Nabeul/Sousse/Mahdia/Mon;52;1589.0;1716.0;1382.0;985.0;148.4;145.43;0;1557.0;1451.0;0.0206;0.0951;142.69;127.6;0.0192;0.1397;7.75;6.4;6.7;548828;1;1;marche_estime;;;;
2019-04-01;2019;2;Monastir;Nabeul/Sousse/Mahdia/Mon;52;1595.0;1723.0;1388.0;989.0;156.4;153.27;0;1589.0;1493.0;0.0038;0.0683;145.43;135.93;0.0539;0.1276;7.75;6.4;6.7;548828;1;1;marche_estime;;;;
2019-07-01;2019;3;Monastir;Nabeul/Sousse/Mahdia/Mon;52;1645.0;1777.0;1431.0;1020.0;159.8;156.6;0;1595.0;1511.0;0.0313;0.0887;153.27;139.06;0.0217;0.1261;7.75;6.4;6.7;548828;1;1;marche_estime;;;;
2019-10-01;2019;4;Monastir;Nabeul/Sousse/Mahdia/Mon;52;1657.0;1790.0;1442.0;1027.0;162.1;158.86;0;1645.0;1557.0;0.0073;0.0642;156.6;142.69;0.0144;0.1133;7.75;6.4;6.7;548828;1;1;marche_estime;;;;
2020-01-01;2020;1;Monastir;Nabeul/Sousse/Mahdia/Mon;52;1698.0;1834.0;1477.0;1053.0;164.7;161.41;0;1657.0;1589.0;0.0247;0.0686;158.86;145.43;0.0161;0.1099;6.25;5.8;5.6;548828;1;1;marche_estime;;;;
2020-04-01;2020;2;Monastir;Nabeul/Sousse/Mahdia/Mon;52;1760.0;1901.0;1531.0;1091.0;166.7;163.37;0;1698.0;1595.0;0.0365;0.1034;161.41;153.27;0.0121;0.0659;6.25;5.8;5.6;548828;1;1;marche_estime;;;;
2020-07-01;2020;3;Monastir;Nabeul/Sousse/Mahdia/Mon;52;1769.0;1911.0;1539.0;1097.0;176.7;173.17;0;1760.0;1645.0;0.0051;0.0754;163.37;156.6;0.06;0.1058;6.25;5.8;5.6;548828;1;1;marche_estime;;;;
2020-10-01;2020;4;Monastir;Nabeul/Sousse/Mahdia/Mon;52;1769.0;1911.0;1539.0;1097.0;183.9;180.22;0;1769.0;1657.0;0.0;0.0676;173.17;158.86;0.0407;0.1345;6.25;5.8;5.6;548828;1;1;marche_estime;;;;
2021-01-01;2021;1;Monastir;Nabeul/Sousse/Mahdia/Mon;52;1846.0;1994.0;1606.0;1145.0;196.8;192.86;0;1769.0;1698.0;0.0435;0.0872;180.22;161.41;0.0701;0.1948;6.25;9.1;6.0;548828;1;1;marche_estime;;;;
2021-04-01;2021;2;Monastir;Nabeul/Sousse/Mahdia/Mon;52;1854.0;2002.0;1613.0;1149.0;209.8;205.6;0;1846.0;1760.0;0.0043;0.0534;192.86;163.37;0.0661;0.2585;6.25;9.1;6.0;548828;1;1;marche_estime;;;;
2021-07-01;2021;3;Monastir;Nabeul/Sousse/Mahdia/Mon;52;1879.0;2029.0;1635.0;1165.0;202.1;198.06;0;1854.0;1769.0;0.0135;0.0622;205.6;173.17;-0.0367;0.1437;6.25;9.1;6.0;548828;1;1;marche_estime;;;;
2021-10-01;2021;4;Monastir;Nabeul/Sousse/Mahdia/Mon;52;1917.0;2070.0;1668.0;1189.0;209.0;204.82;0;1879.0;1769.0;0.0202;0.0837;198.06;180.22;0.0341;0.1365;6.25;9.1;6.0;548828;1;1;marche_estime;;;;
2022-01-01;2022;1;Monastir;Nabeul/Sousse/Mahdia/Mon;52;1971.0;2129.0;1715.0;1222.0;216.94444444444446;212.60555555555555;1;1917.0;1846.0;0.0282;0.0677;204.82;192.86;0.038;0.1024;7.25;14.3;8.3;548828;1;1;marche_estime;;;;
2022-04-01;2022;2;Monastir;Nabeul/Sousse/Mahdia/Mon;52;2010.0;2171.0;1749.0;1246.0;224.88888888888889;220.39111111111112;1;1971.0;1854.0;0.0198;0.0841;212.60555555555555;205.6;0.0366;0.0719;7.25;14.3;8.3;548828;1;1;marche_estime;;;;
2022-07-01;2022;3;Monastir;Nabeul/Sousse/Mahdia/Mon;52;2050.0;2214.0;1784.0;1271.0;232.83333333333334;228.17666666666665;1;2010.0;1879.0;0.0199;0.091;220.39111111111112;198.06;0.0353;0.1521;7.25;14.3;8.3;548828;1;1;marche_estime;;;;
2022-10-01;2022;4;Monastir;Nabeul/Sousse/Mahdia/Mon;52;2045.0;2209.0;1779.0;1268.0;240.77777777777777;235.9622222222222;1;2050.0;1917.0;-0.0024;0.0668;228.17666666666665;204.82;0.0341;0.152;7.25;14.3;8.3;548828;1;1;marche_estime;;;;
2023-01-01;2023;1;Monastir;Nabeul/Sousse/Mahdia/Mon;52;2131.0;2301.0;1854.0;1321.0;248.72222222222223;243.74777777777777;1;2045.0;1971.0;0.0421;0.0812;235.9622222222222;212.60555555555555;0.033;0.1465;8.0;11.2;9.3;548828;1;1;marche_estime;;;;
2023-04-01;2023;2;Monastir;Nabeul/Sousse/Mahdia/Mon;52;2159.0;2332.0;1878.0;1339.0;256.6666666666667;251.53333333333333;1;2131.0;2010.0;0.0131;0.0741;243.74777777777777;220.39111111111112;0.0319;0.1413;8.0;11.2;9.3;548828;1;1;marche_estime;;;;
2023-07-01;2023;3;Monastir;Nabeul/Sousse/Mahdia/Mon;52;2192.0;2367.0;1907.0;1359.0;264.6111111111111;259.31888888888886;1;2159.0;2050.0;0.0153;0.0693;251.53333333333333;228.17666666666665;0.031;0.1365;8.0;11.2;9.3;548828;1;1;marche_estime;;;;
2023-10-01;2023;4;Monastir;Nabeul/Sousse/Mahdia/Mon;52;2215.0;2392.0;1927.0;1373.0;272.55555555555554;267.1044444444444;1;2192.0;2045.0;0.0105;0.0831;259.31888888888886;235.9622222222222;0.03;0.132;8.0;11.2;9.3;548828;1;1;marche_estime;;;;
2024-01-01;2024;1;Monastir;Nabeul/Sousse/Mahdia/Mon;52;2269.0;2451.0;1974.0;1407.0;280.5;274.89;0;2215.0;2131.0;0.0244;0.0648;267.1044444444444;243.74777777777777;0.0291;0.1278;7.5;8.1;7.0;548828;1;1;marche_estime;;;;
2024-04-01;2024;2;Monastir;Nabeul/Sousse/Mahdia/Mon;52;2276.0;2458.0;1980.0;1411.0;287.3;281.55;0;2269.0;2159.0;0.0031;0.0542;274.89;251.53333333333333;0.0242;0.1193;7.5;8.1;7.0;548828;1;1;marche_estime;;;;
2024-07-01;2024;3;Monastir;Nabeul/Sousse/Mahdia/Mon;52;2378.0;2568.0;2069.0;1474.0;293.1;287.24;0;2276.0;2192.0;0.0448;0.0849;281.55;259.31888888888886;0.0202;0.1077;7.5;8.1;7.0;548828;1;1;marche_estime;;;;
2024-10-01;2024;4;Monastir;Nabeul/Sousse/Mahdia/Mon;52;2395.0;2587.0;2084.0;1485.0;299.8;293.8;0;2378.0;2215.0;0.0071;0.0813;287.24;267.1044444444444;0.0228;0.0999;7.5;8.1;7.0;548828;1;1;marche_estime;;;;
2025-01-01;2025;1;Monastir;Nabeul/Sousse/Mahdia/Mon;52;2443.0;2638.0;2125.0;1515.0;308.2;302.04;0;2395.0;2269.0;0.02;0.0767;293.8;274.89;0.028;0.0988;7.0;6.5;5.8;548828;1;1;marche_estime;;;;
2025-04-01;2025;2;Monastir;Nabeul/Sousse/Mahdia/Mon;52;2450.0;2646.0;2132.0;1519.0;315.0;308.7;0;2443.0;2276.0;0.0029;0.0764;302.04;281.55;0.0221;0.0964;7.0;6.5;5.8;548828;1;1;marche_estime;;;;
2025-07-01;2025;3;Monastir;Nabeul/Sousse/Mahdia/Mon;52;;;;;243.33333333333331;308.7;0;2450.0;2378.0;;;308.7;287.24;0.0;0.0747;;;;548828;1;1;;;;;
2025-10-01;2025;4;Monastir;Nabeul/Sousse/Mahdia/Mon;52;;;;;171.66666666666666;308.7;0;;2395.0;;;308.7;293.8;0.0;0.0507;;;;548828;1;1;;;;;
2015-01-01;2015;1;Médenine;Sfax/Centre-Est/Sud;81;779.0;841.0;678.0;483.0;100.0;72.0;0;;;;;;;;;4.25;3.2;4.9;479520;1;1;marche_estime;;;;
2015-04-01;2015;2;Médenine;Sfax/Centre-Est/Sud;81;786.0;849.0;684.0;487.0;103.2;74.3;0;779.0;;0.009;;72.0;;0.0319;;4.25;3.2;4.9;479520;1;1;marche_estime;;;;
2015-07-01;2015;3;Médenine;Sfax/Centre-Est/Sud;81;818.0;883.0;712.0;507.0;105.1;75.67;0;786.0;;0.0407;;74.3;;0.0184;;4.25;3.2;4.9;479520;1;1;marche_estime;;;;
2015-10-01;2015;4;Médenine;Sfax/Centre-Est/Sud;81;828.0;894.0;720.0;513.0;107.8;77.62;0;818.0;;0.0122;;75.67;;0.0258;;4.25;3.2;4.9;479520;1;1;marche_estime;;;;
2016-01-01;2016;1;Médenine;Sfax/Centre-Est/Sud;81;841.0;908.0;732.0;521.0;109.4;78.77;0;828.0;779.0;0.0157;0.0796;77.62;72.0;0.0148;0.094;4.25;3.8;3.7;479520;1;1;marche_estime;;;;
2016-04-01;2016;2;Médenine;Sfax/Centre-Est/Sud;81;842.0;909.0;733.0;522.0;112.6;81.07;0;841.0;786.0;0.0012;0.0712;78.77;74.3;0.0292;0.0911;4.25;3.8;3.7;479520;1;1;marche_estime;;;;
2016-07-01;2016;3;Médenine;Sfax/Centre-Est/Sud;81;868.0;937.0;755.0;538.0;114.3;82.3;0;842.0;818.0;0.0309;0.0611;81.07;75.67;0.0152;0.0876;4.25;3.8;3.7;479520;1;1;marche_estime;;;;
2016-10-01;2016;4;Médenine;Sfax/Centre-Est/Sud;81;878.0;948.0;764.0;544.0;116.9;84.17;0;868.0;828.0;0.0115;0.0604;82.3;77.62;0.0227;0.0844;4.25;3.8;3.7;479520;1;1;marche_estime;;;;
2017-01-01;2017;1;Médenine;Sfax/Centre-Est/Sud;81;898.0;970.0;781.0;557.0;118.7;85.46;0;878.0;841.0;0.0228;0.0678;84.17;78.77;0.0153;0.0849;5.0;5.1;5.3;479520;1;1;marche_estime;;;;
2017-04-01;2017;2;Médenine;Sfax/Centre-Est/Sud;81;891.0;962.0;775.0;552.0;121.5;87.48;0;898.0;842.0;-0.0078;0.0582;85.46;81.07;0.0236;0.0791;5.0;5.1;5.3;479520;1;1;marche_estime;;;;
2017-07-01;2017;3;Médenine;Sfax/Centre-Est/Sud;81;913.0;986.0;794.0;566.0;124.1;89.35;0;891.0;868.0;0.0247;0.0518;87.48;82.3;0.0214;0.0857;5.0;5.1;5.3;479520;1;1;marche_estime;;;;
2017-10-01;2017;4;Médenine;Sfax/Centre-Est/Sud;81;929.0;1003.0;808.0;576.0;127.3;91.66;0;913.0;878.0;0.0175;0.0581;89.35;84.17;0.0259;0.089;5.0;5.1;5.3;479520;1;1;marche_estime;;;;
2018-01-01;2018;1;Médenine;Sfax/Centre-Est/Sud;81;953.0;1029.0;829.0;591.0;130.2;93.74;0;929.0;898.0;0.0258;0.0612;91.66;85.46;0.0227;0.0969;6.75;7.2;7.3;479520;1;1;marche_estime;;;;
2018-04-01;2018;2;Médenine;Sfax/Centre-Est/Sud;81;973.0;1051.0;847.0;603.0;138.7;99.86;0;953.0;891.0;0.021;0.092;93.74;87.48;0.0653;0.1415;6.75;7.2;7.3;479520;1;1;marche_estime;;;;
2018-07-01;2018;3;Médenine;Sfax/Centre-Est/Sud;81;979.0;1057.0;852.0;607.0;141.9;102.17;0;973.0;913.0;0.0062;0.0723;99.86;89.35;0.0231;0.1435;6.75;7.2;7.3;479520;1;1;marche_estime;;;;
2018-10-01;2018;4;Médenine;Sfax/Centre-Est/Sud;81;992.0;1071.0;863.0;615.0;145.6;104.83;0;979.0;929.0;0.0133;0.0678;102.17;91.66;0.026;0.1437;6.75;7.2;7.3;479520;1;1;marche_estime;;;;
2019-01-01;2019;1;Médenine;Sfax/Centre-Est/Sud;81;1009.0;1090.0;878.0;626.0;148.4;106.85;0;992.0;953.0;0.0171;0.0588;104.83;93.74;0.0193;0.1399;7.75;6.4;6.7;479520;1;1;marche_estime;;;;
2019-04-01;2019;2;Médenine;Sfax/Centre-Est/Sud;81;1010.0;1091.0;879.0;626.0;156.4;112.61;0;1009.0;973.0;0.001;0.038;106.85;99.86;0.0539;0.1277;7.75;6.4;6.7;479520;1;1;marche_estime;;;;
2019-07-01;2019;3;Médenine;Sfax/Centre-Est/Sud;81;1026.0;1108.0;893.0;636.0;159.8;115.06;0;1010.0;979.0;0.0158;0.048;112.61;102.17;0.0218;0.1262;7.75;6.4;6.7;479520;1;1;marche_estime;;;;
2019-10-01;2019;4;Médenine;Sfax/Centre-Est/Sud;81;1035.0;1118.0;900.0;642.0;162.1;116.71;0;1026.0;992.0;0.0088;0.0433;115.06;104.83;0.0143;0.1133;7.75;6.4;6.7;479520;1;1;marche_estime;;;;
2020-01-01;2020;1;Médenine;Sfax/Centre-Est/Sud;81;1065.0;1150.0;927.0;660.0;164.7;118.58;0;1035.0;1009.0;0.029;0.0555;116.71;106.85;0.016;0.1098;6.25;5.8;5.6;479520;1;1;marche_estime;;;;
2020-04-01;2020;2;Médenine;Sfax/Centre-Est/Sud;81;1102.0;1190.0;959.0;683.0;166.7;120.02;0;1065.0;1010.0;0.0347;0.0911;118.58;112.61;0.0121;0.0658;6.25;5.8;5.6;479520;1;1;marche_estime;;;;
2020-07-01;2020;3;Médenine;Sfax/Centre-Est/Sud;81;1101.0;1189.0;958.0;683.0;176.7;127.22;0;1102.0;1026.0;-0.0009;0.0731;120.02;115.06;0.06;0.1057;6.25;5.8;5.6;479520;1;1;marche_estime;;;;
2020-10-01;2020;4;Médenine;Sfax/Centre-Est/Sud;81;1127.0;1217.0;980.0;699.0;183.9;132.41;0;1101.0;1035.0;0.0236;0.0889;127.22;116.71;0.0408;0.1345;6.25;5.8;5.6;479520;1;1;marche_estime;;;;
2021-01-01;2021;1;Médenine;Sfax/Centre-Est/Sud;81;1128.0;1218.0;981.0;699.0;196.8;141.7;0;1127.0;1065.0;0.0009;0.0592;132.41;118.58;0.0702;0.195;6.25;9.1;6.0;479520;1;1;marche_estime;;;;
2021-04-01;2021;2;Médenine;Sfax/Centre-Est/Sud;81;1138.0;1229.0;990.0;706.0;209.8;151.06;0;1128.0;1102.0;0.0089;0.0327;141.7;120.02;0.0661;0.2586;6.25;9.1;6.0;479520;1;1;marche_estime;;;;
2021-07-01;2021;3;Médenine;Sfax/Centre-Est/Sud;81;1182.0;1277.0;1028.0;733.0;202.1;145.51;0;1138.0;1101.0;0.0387;0.0736;151.06;127.22;-0.0367;0.1438;6.25;9.1;6.0;479520;1;1;marche_estime;;;;
2021-10-01;2021;4;Médenine;Sfax/Centre-Est/Sud;81;1181.0;1275.0;1027.0;732.0;209.0;150.48;0;1182.0;1127.0;-0.0008;0.0479;145.51;132.41;0.0342;0.1365;6.25;9.1;6.0;479520;1;1;marche_estime;;;;
2022-01-01;2022;1;Médenine;Sfax/Centre-Est/Sud;81;1214.0;1311.0;1056.0;753.0;216.94444444444446;156.2;1;1181.0;1128.0;0.0279;0.0762;150.48;141.7;0.038;0.1023;7.25;14.3;8.3;479520;1;1;marche_estime;;;;
2022-04-01;2022;2;Médenine;Sfax/Centre-Est/Sud;81;1240.0;1339.0;1079.0;769.0;224.88888888888889;161.92;1;1214.0;1138.0;0.0214;0.0896;156.2;151.06;0.0366;0.0719;7.25;14.3;8.3;479520;1;1;marche_estime;;;;
2022-07-01;2022;3;Médenine;Sfax/Centre-Est/Sud;81;1237.0;1336.0;1076.0;767.0;232.83333333333334;167.64;1;1240.0;1182.0;-0.0024;0.0465;161.92;145.51;0.0353;0.1521;7.25;14.3;8.3;479520;1;1;marche_estime;;;;
2022-10-01;2022;4;Médenine;Sfax/Centre-Est/Sud;81;1249.0;1349.0;1087.0;774.0;240.77777777777777;173.36;1;1237.0;1181.0;0.0097;0.0576;167.64;150.48;0.0341;0.152;7.25;14.3;8.3;479520;1;1;marche_estime;;;;
2023-01-01;2023;1;Médenine;Sfax/Centre-Est/Sud;81;1314.0;1419.0;1143.0;815.0;248.72222222222223;179.08;1;1249.0;1214.0;0.052;0.0824;173.36;156.2;0.033;0.1465;8.0;11.2;9.3;479520;1;1;marche_estime;;;;
2023-04-01;2023;2;Médenine;Sfax/Centre-Est/Sud;81;1310.0;1415.0;1140.0;812.0;256.6666666666667;184.8;1;1314.0;1240.0;-0.003;0.0565;179.08;161.92;0.0319;0.1413;8.0;11.2;9.3;479520;1;1;marche_estime;;;;
2023-07-01;2023;3;Médenine;Sfax/Centre-Est/Sud;81;1325.0;1431.0;1153.0;822.0;264.6111111111111;190.52;1;1310.0;1237.0;0.0115;0.0711;184.8;167.64;0.031;0.1365;8.0;11.2;9.3;479520;1;1;marche_estime;;;;
2023-10-01;2023;4;Médenine;Sfax/Centre-Est/Sud;81;1334.0;1441.0;1161.0;827.0;272.55555555555554;196.24;1;1325.0;1249.0;0.0068;0.0681;190.52;173.36;0.03;0.132;8.0;11.2;9.3;479520;1;1;marche_estime;;;;
2024-01-01;2024;1;Médenine;Sfax/Centre-Est/Sud;81;1398.0;1510.0;1216.0;867.0;280.5;201.96;0;1334.0;1314.0;0.048;0.0639;196.24;179.08;0.0291;0.1278;7.5;8.1;7.0;479520;1;1;marche_estime;;;;
2024-04-01;2024;2;Médenine;Sfax/Centre-Est/Sud;81;1377.0;1487.0;1198.0;854.0;287.3;206.86;0;1398.0;1310.0;-0.015;0.0511;201.96;184.8;0.0243;0.1194;7.5;8.1;7.0;479520;1;1;marche_estime;;;;
2024-07-01;2024;3;Médenine;Sfax/Centre-Est/Sud;81;1396.0;1508.0;1215.0;866.0;293.1;211.03;0;1377.0;1325.0;0.0138;0.0536;206.86;190.52;0.0202;0.1077;7.5;8.1;7.0;479520;1;1;marche_estime;;;;
2024-10-01;2024;4;Médenine;Sfax/Centre-Est/Sud;81;1409.0;1522.0;1226.0;874.0;299.8;215.86;0;1396.0;1334.0;0.0093;0.0562;211.03;196.24;0.0229;0.1;7.5;8.1;7.0;479520;1;1;marche_estime;;;;
2025-01-01;2025;1;Médenine;Sfax/Centre-Est/Sud;81;1453.0;1569.0;1264.0;901.0;308.2;221.9;0;1409.0;1398.0;0.0312;0.0393;215.86;201.96;0.028;0.0987;7.0;6.5;5.8;479520;1;1;marche_estime;;;;
2025-04-01;2025;2;Médenine;Sfax/Centre-Est/Sud;81;1465.0;1582.0;1275.0;908.0;315.0;226.8;0;1453.0;1377.0;0.0083;0.0639;221.9;206.86;0.0221;0.0964;7.0;6.5;5.8;479520;1;1;marche_estime;;;;
2025-07-01;2025;3;Médenine;Sfax/Centre-Est/Sud;81;;;;;243.33333333333331;226.8;0;1465.0;1396.0;;;226.8;211.03;0.0;0.0747;;;;479520;1;1;;;;;
2025-10-01;2025;4;Médenine;Sfax/Centre-Est/Sud;81;;;;;171.66666666666666;226.8;0;;1409.0;;;226.8;215.86;0.0;0.0507;;;;479520;1;1;;;;;
2015-01-01;2015;1;Nabeul;Nord-Est littoral;21;1153.0;1245.0;1003.0;715.0;100.0;100.0;0;;;;;;;;;4.25;3.2;4.9;787920;1;1;marche_estime;;;;
2015-04-01;2015;2;Nabeul;Nord-Est littoral;21;1171.0;1265.0;1019.0;726.0;103.2;103.2;0;1153.0;;0.0156;;100.0;;0.032;;4.25;3.2;4.9;787920;1;1;marche_estime;;;;
2015-07-01;2015;3;Nabeul;Nord-Est littoral;21;1210.0;1307.0;1053.0;750.0;105.1;105.1;0;1171.0;;0.0333;;103.2;;0.0184;;4.25;3.2;4.9;787920;1;1;marche_estime;;;;
2015-10-01;2015;4;Nabeul;Nord-Est littoral;21;1178.0;1272.0;1025.0;730.0;107.8;107.8;0;1210.0;;-0.0264;;105.1;;0.0257;;4.25;3.2;4.9;787920;1;1;marche_estime;;;;
2016-01-01;2016;1;Nabeul;Nord-Est littoral;21;1230.0;1328.0;1070.0;763.0;109.4;109.4;0;1178.0;1153.0;0.0441;0.0668;107.8;100.0;0.0148;0.094;4.25;3.8;3.7;787920;1;1;marche_estime;;;;
2016-04-01;2016;2;Nabeul;Nord-Est littoral;21;1261.0;1362.0;1097.0;782.0;112.6;112.6;0;1230.0;1171.0;0.0252;0.0769;109.4;103.2;0.0293;0.0911;4.25;3.8;3.7;787920;1;1;marche_estime;;;;
2016-07-01;2016;3;Nabeul;Nord-Est littoral;21;1266.0;1367.0;1101.0;785.0;114.3;114.3;0;1261.0;1210.0;0.004;0.0463;112.6;105.1;0.0151;0.0875;4.25;3.8;3.7;787920;1;1;marche_estime;;;;
2016-10-01;2016;4;Nabeul;Nord-Est littoral;21;1286.0;1389.0;1119.0;797.0;116.9;116.9;0;1266.0;1178.0;0.0158;0.0917;114.3;107.8;0.0227;0.0844;4.25;3.8;3.7;787920;1;1;marche_estime;;;;
2017-01-01;2017;1;Nabeul;Nord-Est littoral;21;1326.0;1432.0;1154.0;822.0;118.7;118.7;0;1286.0;1230.0;0.0311;0.078;116.9;109.4;0.0154;0.085;5.0;5.1;5.3;787920;1;1;marche_estime;;;;
2017-04-01;2017;2;Nabeul;Nord-Est littoral;21;1340.0;1447.0;1166.0;831.0;121.5;121.5;0;1326.0;1261.0;0.0106;0.0626;118.7;112.6;0.0236;0.079;5.0;5.1;5.3;787920;1;1;marche_estime;;;;
2017-07-01;2017;3;Nabeul;Nord-Est littoral;21;1362.0;1471.0;1185.0;844.0;124.1;124.1;0;1340.0;1266.0;0.0164;0.0758;121.5;114.3;0.0214;0.0857;5.0;5.1;5.3;787920;1;1;marche_estime;;;;
2017-10-01;2017;4;Nabeul;Nord-Est littoral;21;1382.0;1493.0;1202.0;857.0;127.3;127.3;0;1362.0;1286.0;0.0147;0.0747;124.1;116.9;0.0258;0.089;5.0;5.1;5.3;787920;1;1;marche_estime;;;;
2018-01-01;2018;1;Nabeul;Nord-Est littoral;21;1384.0;1495.0;1204.0;858.0;130.2;130.2;0;1382.0;1326.0;0.0014;0.0437;127.3;118.7;0.0228;0.0969;6.75;7.2;7.3;787920;1;1;marche_estime;;;;
2018-04-01;2018;2;Nabeul;Nord-Est littoral;21;1392.0;1503.0;1211.0;863.0;138.7;138.7;0;1384.0;1340.0;0.0058;0.0388;130.2;121.5;0.0653;0.1416;6.75;7.2;7.3;787920;1;1;marche_estime;;;;
2018-07-01;2018;3;Nabeul;Nord-Est littoral;21;1444.0;1560.0;1256.0;895.0;141.9;141.9;0;1392.0;1362.0;0.0374;0.0602;138.7;124.1;0.0231;0.1434;6.75;7.2;7.3;787920;1;1;marche_estime;;;;
2018-10-01;2018;4;Nabeul;Nord-Est littoral;21;1451.0;1567.0;1262.0;900.0;145.6;145.6;0;1444.0;1382.0;0.0048;0.0499;141.9;127.3;0.0261;0.1438;6.75;7.2;7.3;787920;1;1;marche_estime;;;;
2019-01-01;2019;1;Nabeul;Nord-Est littoral;21;1471.0;1589.0;1280.0;912.0;148.4;148.4;0;1451.0;1384.0;0.0138;0.0629;145.6;130.2;0.0192;0.1398;7.75;6.4;6.7;787920;1;1;marche_estime;;;;
2019-04-01;2019;2;Nabeul;Nord-Est littoral;21;1472.0;1590.0;1281.0;913.0;156.4;156.4;0;1471.0;1392.0;0.0007;0.0575;148.4;138.7;0.0539;0.1276;7.75;6.4;6.7;787920;1;1;marche_estime;;;;
2019-07-01;2019;3;Nabeul;Nord-Est littoral;21;1495.0;1615.0;1301.0;927.0;159.8;159.8;0;1472.0;1444.0;0.0156;0.0353;156.4;141.9;0.0217;0.1261;7.75;6.4;6.7;787920;1;1;marche_estime;;;;
2019-10-01;2019;4;Nabeul;Nord-Est littoral;21;1536.0;1659.0;1336.0;952.0;162.1;162.1;0;1495.0;1451.0;0.0274;0.0586;159.8;145.6;0.0144;0.1133;7.75;6.4;6.7;787920;1;1;marche_estime;;;;
2020-01-01;2020;1;Nabeul;Nord-Est littoral;21;1587.0;1714.0;1381.0;984.0;164.7;164.7;0;1536.0;1471.0;0.0332;0.0789;162.1;148.4;0.016;0.1098;6.25;5.8;5.6;787920;1;1;marche_estime;;;;
2020-04-01;2020;2;Nabeul;Nord-Est littoral;21;1616.0;1745.0;1406.0;1002.0;166.7;166.7;0;1587.0;1472.0;0.0183;0.0978;164.7;156.4;0.0121;0.0659;6.25;5.8;5.6;787920;1;1;marche_estime;;;;
2020-07-01;2020;3;Nabeul;Nord-Est littoral;21;1621.0;1751.0;1410.0;1005.0;176.7;176.7;0;1616.0;1495.0;0.0031;0.0843;166.7;159.8;0.06;0.1058;6.25;5.8;5.6;787920;1;1;marche_estime;;;;
2020-10-01;2020;4;Nabeul;Nord-Est littoral;21;1612.0;1741.0;1402.0;999.0;183.9;183.9;0;1621.0;1536.0;-0.0056;0.0495;176.7;162.1;0.0407;0.1345;6.25;5.8;5.6;787920;1;1;marche_estime;;;;
2021-01-01;2021;1;Nabeul;Nord-Est littoral;21;1690.0;1825.0;1470.0;1048.0;196.8;196.8;0;1612.0;1587.0;0.0484;0.0649;183.9;164.7;0.0701;0.1949;6.25;9.1;6.0;787920;1;1;marche_estime;;;;
2021-04-01;2021;2;Nabeul;Nord-Est littoral;21;1707.0;1844.0;1485.0;1058.0;209.8;209.8;0;1690.0;1616.0;0.0101;0.0563;196.8;166.7;0.0661;0.2585;6.25;9.1;6.0;787920;1;1;marche_estime;;;;
2021-07-01;2021;3;Nabeul;Nord-Est littoral;21;1744.0;1884.0;1517.0;1081.0;202.1;202.1;0;1707.0;1621.0;0.0217;0.0759;209.8;176.7;-0.0367;0.1437;6.25;9.1;6.0;787920;1;1;marche_estime;;;;
2021-10-01;2021;4;Nabeul;Nord-Est littoral;21;1783.0;1926.0;1551.0;1105.0;209.0;209.0;0;1744.0;1612.0;0.0224;0.1061;202.1;183.9;0.0341;0.1365;6.25;9.1;6.0;787920;1;1;marche_estime;;;;
2022-01-01;2022;1;Nabeul;Nord-Est littoral;21;1795.0;1939.0;1562.0;1113.0;216.94444444444446;216.94444444444446;1;1783.0;1690.0;0.0067;0.0621;209.0;196.8;0.038;0.1024;7.25;14.3;8.3;787920;1;1;marche_estime;;;;
2022-04-01;2022;2;Nabeul;Nord-Est littoral;21;1816.0;1961.0;1580.0;1126.0;224.88888888888889;224.88888888888889;1;1795.0;1707.0;0.0117;0.0639;216.94444444444446;209.8;0.0366;0.0719;7.25;14.3;8.3;787920;1;1;marche_estime;;;;
2022-07-01;2022;3;Nabeul;Nord-Est littoral;21;1804.0;1948.0;1569.0;1118.0;232.83333333333334;232.83333333333334;1;1816.0;1744.0;-0.0066;0.0344;224.88888888888889;202.1;0.0353;0.1521;7.25;14.3;8.3;787920;1;1;marche_estime;;;;
2022-10-01;2022;4;Nabeul;Nord-Est littoral;21;1842.0;1989.0;1603.0;1142.0;240.77777777777777;240.77777777777777;1;1804.0;1783.0;0.0211;0.0331;232.83333333333334;209.0;0.0341;0.152;7.25;14.3;8.3;787920;1;1;marche_estime;;;;
2023-01-01;2023;1;Nabeul;Nord-Est littoral;21;1901.0;2053.0;1654.0;1179.0;248.72222222222223;248.72222222222223;1;1842.0;1795.0;0.032;0.0591;240.77777777777777;216.94444444444446;0.033;0.1465;8.0;11.2;9.3;787920;1;1;marche_estime;;;;
2023-04-01;2023;2;Nabeul;Nord-Est littoral;21;1923.0;2077.0;1673.0;1192.0;256.6666666666667;256.6666666666667;1;1901.0;1816.0;0.0116;0.0589;248.72222222222223;224.88888888888889;0.0319;0.1413;8.0;11.2;9.3;787920;1;1;marche_estime;;;;
2023-07-01;2023;3;Nabeul;Nord-Est littoral;21;1954.0;2110.0;1700.0;1211.0;264.6111111111111;264.6111111111111;1;1923.0;1804.0;0.0161;0.0831;256.6666666666667;232.83333333333334;0.031;0.1365;8.0;11.2;9.3;787920;1;1;marche_estime;;;;
2023-10-01;2023;4;Nabeul;Nord-Est littoral;21;1954.0;2110.0;1700.0;1211.0;272.55555555555554;272.55555555555554;1;1954.0;1842.0;0.0;0.0608;264.6111111111111;240.77777777777777;0.03;0.132;8.0;11.2;9.3;787920;1;1;marche_estime;;;;
2024-01-01;2024;1;Nabeul;Nord-Est littoral;21;2026.0;2188.0;1763.0;1256.0;280.5;280.5;0;1954.0;1901.0;0.0368;0.0658;272.55555555555554;248.72222222222223;0.0291;0.1278;7.5;8.1;7.0;787920;1;1;marche_estime;;;;
2024-04-01;2024;2;Nabeul;Nord-Est littoral;21;2057.0;2222.0;1790.0;1275.0;287.3;287.3;0;2026.0;1923.0;0.0153;0.0697;280.5;256.6666666666667;0.0242;0.1194;7.5;8.1;7.0;787920;1;1;marche_estime;;;;
2024-07-01;2024;3;Nabeul;Nord-Est littoral;21;2103.0;2271.0;1830.0;1304.0;293.1;293.1;0;2057.0;1954.0;0.0224;0.0763;287.3;264.6111111111111;0.0202;0.1077;7.5;8.1;7.0;787920;1;1;marche_estime;;;;
2024-10-01;2024;4;Nabeul;Nord-Est littoral;21;2147.0;2319.0;1868.0;1331.0;299.8;299.8;0;2103.0;1954.0;0.0209;0.0988;293.1;272.55555555555554;0.0229;0.1;7.5;8.1;7.0;787920;1;1;marche_estime;;;;
2025-01-01;2025;1;Nabeul;Nord-Est littoral;21;2131.0;2301.0;1854.0;1321.0;308.2;308.2;0;2147.0;2026.0;-0.0075;0.0518;299.8;280.5;0.028;0.0988;7.0;6.5;5.8;787920;1;1;marche_estime;;;;
2025-04-01;2025;2;Nabeul;Nord-Est littoral;21;2152.0;2324.0;1872.0;1334.0;315.0;315.0;0;2131.0;2057.0;0.0099;0.0462;308.2;287.3;0.0221;0.0964;7.0;6.5;5.8;787920;1;1;marche_estime;;;;
2025-07-01;2025;3;Nabeul;Nord-Est littoral;21;;;;;243.33333333333331;315.0;0;2152.0;2103.0;;;315.0;293.1;0.0;0.0747;;;;787920;1;1;;;;;
2025-10-01;2025;4;Nabeul;Nord-Est littoral;21;;;;;171.66666666666666;315.0;0;;2147.0;;;315.0;299.8;0.0;0.0507;;;;787920;1;1;;;;;
2015-01-01;2015;1;Sfax;Sfax/Centre-Est/Sud;61;1230.0;1328.0;1070.0;763.0;100.0;72.0;0;;;;;;;;;4.25;3.2;4.9;955421;1;0;marche_estime;11.0;669.0;288178.39;61.0
2015-04-01;2015;2;Sfax;Sfax/Centre-Est/Sud;61;1255.0;1355.0;1092.0;778.0;103.2;74.3;0;1230.0;;0.0203;;72.0;;0.0319;;4.25;3.2;4.9;955421;1;0;marche_estime;11.188;16371.0;213957.72;59.0
2015-07-01;2015;3;Sfax;Sfax/Centre-Est/Sud;61;1218.0;1315.0;1060.0;755.0;105.1;75.67;0;1255.0;;-0.0295;;74.3;;0.0184;;4.25;3.2;4.9;955421;1;0;marche_estime;11.378;5689.0;681445.3;57.0
2015-10-01;2015;4;Sfax;Sfax/Centre-Est/Sud;61;1277.0;1379.0;1111.0;792.0;107.8;77.62;0;1218.0;;0.0484;;75.67;;0.0258;;4.25;3.2;4.9;955421;1;0;marche_estime;11.573;9667.0;291910.39;64.0
2016-01-01;2016;1;Sfax;Sfax/Centre-Est/Sud;61;1290.0;1393.0;1122.0;800.0;109.4;78.77;0;1277.0;1230.0;0.0102;0.0488;77.62;72.0;0.0148;0.094;4.25;3.8;3.7;955421;1;0;marche_estime;11.77;5750.0;579338.14;58.0
2016-04-01;2016;2;Sfax;Sfax/Centre-Est/Sud;61;1329.0;1435.0;1156.0;824.0;112.6;81.07;0;1290.0;1255.0;0.0302;0.059;78.77;74.3;0.0292;0.0911;4.25;3.8;3.7;955421;1;0;marche_estime;11.971;1214.0;454506.07;56.0
2016-07-01;2016;3;Sfax;Sfax/Centre-Est/Sud;61;1359.0;1468.0;1182.0;843.0;114.3;82.3;0;1329.0;1218.0;0.0226;0.1158;81.07;75.67;0.0152;0.0876;4.25;3.8;3.7;955421;1;0;marche_estime;12.175;6847.0;96139.46;63.0
2016-10-01;2016;4;Sfax;Sfax/Centre-Est/Sud;61;1357.0;1466.0;1181.0;841.0;116.9;84.17;0;1359.0;1277.0;-0.0015;0.0626;82.3;77.62;0.0227;0.0844;4.25;3.8;3.7;955421;1;0;marche_estime;12.383;1533.0;540784.54;55.0
2017-01-01;2017;1;Sfax;Sfax/Centre-Est/Sud;61;1407.0;1520.0;1224.0;872.0;118.7;85.46;0;1357.0;1290.0;0.0368;0.0907;84.17;78.77;0.0153;0.0849;5.0;5.1;5.3;955421;1;0;marche_estime;12.594;994.0;749135.81;60.0
2017-04-01;2017;2;Sfax;Sfax/Centre-Est/Sud;61;1425.0;1539.0;1240.0;884.0;121.5;87.48;0;1407.0;1329.0;0.0128;0.0722;85.46;81.07;0.0236;0.0791;5.0;5.1;5.3;955421;1;0;marche_estime;12.809;2282.0;686708.16;60.0
2017-07-01;2017;3;Sfax;Sfax/Centre-Est/Sud;61;1377.0;1487.0;1198.0;854.0;124.1;89.35;0;1425.0;1359.0;-0.0337;0.0132;87.48;82.3;0.0214;0.0857;5.0;5.1;5.3;955421;1;0;marche_estime;13.027;1934.0;22267.37;59.0
2017-10-01;2017;4;Sfax;Sfax/Centre-Est/Sud;61;1430.0;1544.0;1244.0;887.0;127.3;91.66;0;1377.0;1357.0;0.0385;0.0538;89.35;84.17;0.0259;0.089;5.0;5.1;5.3;955421;1;0;marche_estime;13.249;5946.0;25425.58;60.0
2018-01-01;2018;1;Sfax;Sfax/Centre-Est/Sud;61;1470.0;1588.0;1279.0;911.0;130.2;93.74;0;1430.0;1407.0;0.028;0.0448;91.66;85.46;0.0227;0.0969;6.75;7.2;7.3;955421;1;0;marche_estime;13.475;1243.0;392061.9;57.0
2018-04-01;2018;2;Sfax;Sfax/Centre-Est/Sud;61;1493.0;1612.0;1299.0;926.0;138.7;99.86;0;1470.0;1425.0;0.0156;0.0477;93.74;87.48;0.0653;0.1415;6.75;7.2;7.3;955421;1;0;marche_estime;13.705;3860.0;525816.1;58.0
2018-07-01;2018;3;Sfax;Sfax/Centre-Est/Sud;61;1517.0;1638.0;1320.0;941.0;141.9;102.17;0;1493.0;1377.0;0.0161;0.1017;99.86;89.35;0.0231;0.1435;6.75;7.2;7.3;955421;1;0;marche_estime;13.939;508.0;1361711.46;56.0
2018-10-01;2018;4;Sfax;Sfax/Centre-Est/Sud;61;1542.0;1665.0;1342.0;956.0;145.6;104.83;0;1517.0;1430.0;0.0165;0.0783;102.17;91.66;0.026;0.1437;6.75;7.2;7.3;955421;1;0;marche_estime;14.177;14605.0;1746474.41;63.0
2019-01-01;2019;1;Sfax;Sfax/Centre-Est/Sud;61;1572.0;1698.0;1368.0;975.0;148.4;106.85;0;1542.0;1470.0;0.0195;0.0694;104.83;93.74;0.0193;0.1399;7.75;6.4;6.7;955421;1;0;marche_estime;14.419;4840.0;263708.77;64.0
2019-04-01;2019;2;Sfax;Sfax/Centre-Est/Sud;61;1589.0;1716.0;1382.0;985.0;156.4;112.61;0;1572.0;1493.0;0.0108;0.0643;106.85;99.86;0.0539;0.1277;7.75;6.4;6.7;955421;1;0;marche_estime;14.665;1878.0;1648493.12;64.0
2019-07-01;2019;3;Sfax;Sfax/Centre-Est/Sud;61;1583.0;1710.0;1377.0;981.0;159.8;115.06;0;1589.0;1517.0;-0.0038;0.0435;112.61;102.17;0.0218;0.1262;7.75;6.4;6.7;955421;1;0;marche_estime;14.915;2233.0;729870.8;62.0
2019-10-01;2019;4;Sfax;Sfax/Centre-Est/Sud;61;1619.0;1749.0;1409.0;1004.0;162.1;116.71;0;1583.0;1542.0;0.0227;0.0499;115.06;104.83;0.0143;0.1133;7.75;6.4;6.7;955421;1;0;marche_estime;15.169;6637.0;925924.28;59.0
2020-01-01;2020;1;Sfax;Sfax/Centre-Est/Sud;61;1663.0;1796.0;1447.0;1031.0;164.7;118.58;0;1619.0;1572.0;0.0272;0.0579;116.71;106.85;0.016;0.1098;6.25;5.8;5.6;955421;1;0;marche_estime;15.428;1315.0;300826.2;62.0
2020-04-01;2020;2;Sfax;Sfax/Centre-Est/Sud;61;1726.0;1864.0;1502.0;1070.0;166.7;120.02;0;1663.0;1589.0;0.0379;0.0862;118.58;112.61;0.0121;0.0658;6.25;5.8;5.6;955421;1;0;marche_estime;15.691;1415.0;128619.35;64.0
2020-07-01;2020;3;Sfax;Sfax/Centre-Est/Sud;61;1709.0;1846.0;1487.0;1060.0;176.7;127.22;0;1726.0;1583.0;-0.0098;0.0796;120.02;115.06;0.06;0.1057;6.25;5.8;5.6;955421;1;0;marche_estime;15.959;4579.0;838479.88;56.0
2020-10-01;2020;4;Sfax;Sfax/Centre-Est/Sud;61;1720.0;1858.0;1496.0;1066.0;183.9;132.41;0;1709.0;1619.0;0.0064;0.0624;127.22;116.71;0.0408;0.1345;6.25;5.8;5.6;955421;1;0;marche_estime;16.231;12959.0;527860.72;64.0
2021-01-01;2021;1;Sfax;Sfax/Centre-Est/Sud;61;1785.0;1928.0;1553.0;1107.0;196.8;141.7;0;1720.0;1663.0;0.0378;0.0734;132.41;118.58;0.0702;0.195;6.25;9.1;6.0;955421;1;0;marche_estime;16.508;8442.0;789980.91;59.0
2021-04-01;2021;2;Sfax;Sfax/Centre-Est/Sud;61;1804.0;1948.0;1569.0;1118.0;209.8;151.06;0;1785.0;1726.0;0.0106;0.0452;141.7;120.02;0.0661;0.2586;6.25;9.1;6.0;955421;1;0;marche_estime;16.79;7534.0;164619.66;59.0
2021-07-01;2021;3;Sfax;Sfax/Centre-Est/Sud;61;1850.0;1998.0;1610.0;1147.0;202.1;145.51;0;1804.0;1709.0;0.0255;0.0825;151.06;127.22;-0.0367;0.1438;6.25;9.1;6.0;955421;1;0;marche_estime;17.076;8998.0;323020.88;56.0
2021-10-01;2021;4;Sfax;Sfax/Centre-Est/Sud;61;1860.0;2009.0;1618.0;1153.0;209.0;150.48;0;1850.0;1720.0;0.0054;0.0814;145.51;132.41;0.0342;0.1365;6.25;9.1;6.0;955421;1;0;marche_estime;17.367;7527.0;1047410.1;61.0
2022-01-01;2022;1;Sfax;Sfax/Centre-Est/Sud;61;1863.0;2012.0;1621.0;1155.0;216.94444444444446;156.2;1;1860.0;1785.0;0.0016;0.0437;150.48;141.7;0.038;0.1023;7.25;14.3;8.3;955421;1;0;marche_estime;17.664;9545.0;501041.81;58.0
2022-04-01;2022;2;Sfax;Sfax/Centre-Est/Sud;61;1900.0;2052.0;1653.0;1178.0;224.88888888888889;161.92;1;1863.0;1804.0;0.0199;0.0532;156.2;151.06;0.0366;0.0719;7.25;14.3;8.3;955421;1;0;marche_estime;17.965;2002.0;344821.12;57.0
2022-07-01;2022;3;Sfax;Sfax/Centre-Est/Sud;61;1908.0;2061.0;1660.0;1183.0;232.83333333333334;167.64;1;1900.0;1850.0;0.0042;0.0314;161.92;145.51;0.0353;0.1521;7.25;14.3;8.3;955421;1;0;marche_estime;18.271;12001.0;175153.64;60.0
2022-10-01;2022;4;Sfax;Sfax/Centre-Est/Sud;61;1968.0;2125.0;1712.0;1220.0;240.77777777777777;173.36;1;1908.0;1860.0;0.0314;0.0581;167.64;150.48;0.0341;0.152;7.25;14.3;8.3;955421;1;0;marche_estime;18.583;5022.0;90590.22;57.0
2023-01-01;2023;1;Sfax;Sfax/Centre-Est/Sud;61;2003.0;2163.0;1743.0;1242.0;248.72222222222223;179.08;1;1968.0;1863.0;0.0178;0.0751;173.36;156.2;0.033;0.1465;8.0;11.2;9.3;955421;1;0;marche_estime;18.9;7723.0;103064.16;60.0
2023-04-01;2023;2;Sfax;Sfax/Centre-Est/Sud;61;1982.0;2141.0;1724.0;1229.0;256.6666666666667;184.8;1;2003.0;1900.0;-0.0105;0.0432;179.08;161.92;0.0319;0.1413;8.0;11.2;9.3;955421;1;0;marche_estime;19.222;2307.0;370829.02;57.0
2023-07-01;2023;3;Sfax;Sfax/Centre-Est/Sud;61;2102.0;2270.0;1829.0;1303.0;264.6111111111111;190.52;1;1982.0;1908.0;0.0605;0.1017;184.8;167.64;0.031;0.1365;8.0;11.2;9.3;955421;1;0;marche_estime;19.55;4182.0;193396.08;55.0
2023-10-01;2023;4;Sfax;Sfax/Centre-Est/Sud;61;2099.0;2267.0;1826.0;1301.0;272.55555555555554;196.24;1;2102.0;1968.0;-0.0014;0.0666;190.52;173.36;0.03;0.132;8.0;11.2;9.3;955421;1;0;marche_estime;19.884;22830.0;403393.24;64.0
2024-01-01;2024;1;Sfax;Sfax/Centre-Est/Sud;61;2083.0;2250.0;1812.0;1291.0;280.5;201.96;0;2099.0;2003.0;-0.0076;0.0399;196.24;179.08;0.0291;0.1278;7.5;8.1;7.0;955421;1;0;marche_estime;20.223;4969.0;75175.24;63.0
2024-04-01;2024;2;Sfax;Sfax/Centre-Est/Sud;61;2126.0;2296.0;1850.0;1318.0;287.3;206.86;0;2083.0;1982.0;0.0206;0.0727;201.96;184.8;0.0243;0.1194;7.5;8.1;7.0;955421;1;0;marche_estime;20.568;2093.0;194512.07;55.0
2024-07-01;2024;3;Sfax;Sfax/Centre-Est/Sud;61;2185.0;2360.0;1901.0;1355.0;293.1;211.03;0;2126.0;2102.0;0.0278;0.0395;206.86;190.52;0.0202;0.1077;7.5;8.1;7.0;955421;1;0;marche_estime;20.919;4030.0;566242.54;59.0
2024-10-01;2024;4;Sfax;Sfax/Centre-Est/Sud;61;2218.0;2395.0;1930.0;1375.0;299.8;215.86;0;2185.0;2099.0;0.0151;0.0567;211.03;196.24;0.0229;0.1;7.5;8.1;7.0;955421;1;0;marche_estime;21.276;1608.0;253746.4;64.0
2025-01-01;2025;1;Sfax;Sfax/Centre-Est/Sud;61;2242.0;2421.0;1951.0;1390.0;308.2;221.9;0;2218.0;2083.0;0.0108;0.0763;215.86;201.96;0.028;0.0987;7.0;6.5;5.8;955421;1;0;marche_estime;21.639;13096.0;932822.74;63.0
2025-04-01;2025;2;Sfax;Sfax/Centre-Est/Sud;61;2293.0;2476.0;1995.0;1422.0;315.0;226.8;0;2242.0;2126.0;0.0227;0.0786;221.9;206.86;0.0221;0.0964;7.0;6.5;5.8;955421;1;0;marche_estime;22.008;7237.0;316724.31;55.0
2025-07-01;2025;3;Sfax;Sfax/Centre-Est/Sud;61;;;;;243.33333333333331;226.8;0;2293.0;2185.0;;;226.8;211.03;0.0;0.0747;;;;955421;1;0;;;;;
2025-10-01;2025;4;Sfax;Sfax/Centre-Est/Sud;61;;;;;171.66666666666666;226.8;0;;2218.0;;;226.8;215.86;0.0;0.0507;;;;955421;1;0;;;;;
2015-01-01;2015;1;Sidi Bouzid;Sfax/Centre-Est/Sud;44;288.0;311.0;251.0;179.0;100.0;72.0;0;;;;;;;;;4.25;3.2;4.9;434827;0;0;marche_estime;;;;
2015-04-01;2015;2;Sidi Bouzid;Sfax/Centre-Est/Sud;44;291.0;314.0;253.0;180.0;103.2;74.3;0;288.0;;0.0104;;72.0;;0.0319;;4.25;3.2;4.9;434827;0;0;marche_estime;;;;
2015-07-01;2015;3;Sidi Bouzid;Sfax/Centre-Est/Sud;44;298.0;322.0;259.0;185.0;105.1;75.67;0;291.0;;0.0241;;74.3;;0.0184;;4.25;3.2;4.9;434827;0;0;marche_estime;;;;
2015-10-01;2015;4;Sidi Bouzid;Sfax/Centre-Est/Sud;44;298.0;322.0;259.0;185.0;107.8;77.62;0;298.0;;0.0;;75.67;;0.0258;;4.25;3.2;4.9;434827;0;0;marche_estime;;;;
2016-01-01;2016;1;Sidi Bouzid;Sfax/Centre-Est/Sud;44;306.0;330.0;266.0;190.0;109.4;78.77;0;298.0;288.0;0.0268;0.0625;77.62;72.0;0.0148;0.094;4.25;3.8;3.7;434827;0;0;marche_estime;;;;
2016-04-01;2016;2;Sidi Bouzid;Sfax/Centre-Est/Sud;44;311.0;336.0;271.0;193.0;112.6;81.07;0;306.0;291.0;0.0163;0.0687;78.77;74.3;0.0292;0.0911;4.25;3.8;3.7;434827;0;0;marche_estime;;;;
2016-07-01;2016;3;Sidi Bouzid;Sfax/Centre-Est/Sud;44;316.0;341.0;275.0;196.0;114.3;82.3;0;311.0;298.0;0.0161;0.0604;81.07;75.67;0.0152;0.0876;4.25;3.8;3.7;434827;0;0;marche_estime;;;;
2016-10-01;2016;4;Sidi Bouzid;Sfax/Centre-Est/Sud;44;318.0;343.0;277.0;197.0;116.9;84.17;0;316.0;298.0;0.0063;0.0671;82.3;77.62;0.0227;0.0844;4.25;3.8;3.7;434827;0;0;marche_estime;;;;
2017-01-01;2017;1;Sidi Bouzid;Sfax/Centre-Est/Sud;44;323.0;349.0;281.0;200.0;118.7;85.46;0;318.0;306.0;0.0157;0.0556;84.17;78.77;0.0153;0.0849;5.0;5.1;5.3;434827;0;0;marche_estime;;;;
2017-04-01;2017;2;Sidi Bouzid;Sfax/Centre-Est/Sud;44;327.0;353.0;284.0;203.0;121.5;87.48;0;323.0;311.0;0.0124;0.0514;85.46;81.07;0.0236;0.0791;5.0;5.1;5.3;434827;0;0;marche_estime;;;;
2017-07-01;2017;3;Sidi Bouzid;Sfax/Centre-Est/Sud;44;328.0;354.0;285.0;203.0;124.1;89.35;0;327.0;316.0;0.0031;0.038;87.48;82.3;0.0214;0.0857;5.0;5.1;5.3;434827;0;0;marche_estime;;;;
2017-10-01;2017;4;Sidi Bouzid;Sfax/Centre-Est/Sud;44;340.0;367.0;296.0;211.0;127.3;91.66;0;328.0;318.0;0.0366;0.0692;89.35;84.17;0.0259;0.089;5.0;5.1;5.3;434827;0;0;marche_estime;;;;
2018-01-01;2018;1;Sidi Bouzid;Sfax/Centre-Est/Sud;44;351.0;379.0;305.0;218.0;130.2;93.74;0;340.0;323.0;0.0324;0.0867;91.66;85.46;0.0227;0.0969;6.75;7.2;7.3;434827;0;0;marche_estime;;;;
2018-04-01;2018;2;Sidi Bouzid;Sfax/Centre-Est/Sud;44;348.0;376.0;303.0;216.0;138.7;99.86;0;351.0;327.0;-0.0085;0.0642;93.74;87.48;0.0653;0.1415;6.75;7.2;7.3;434827;0;0;marche_estime;;;;
2018-07-01;2018;3;Sidi Bouzid;Sfax/Centre-Est/Sud;44;351.0;379.0;305.0;218.0;141.9;102.17;0;348.0;328.0;0.0086;0.0701;99.86;89.35;0.0231;0.1435;6.75;7.2;7.3;434827;0;0;marche_estime;;;;
2018-10-01;2018;4;Sidi Bouzid;Sfax/Centre-Est/Sud;44;357.0;386.0;311.0;221.0;145.6;104.83;0;351.0;340.0;0.0171;0.05;102.17;91.66;0.026;0.1437;6.75;7.2;7.3;434827;0;0;marche_estime;;;;
2019-01-01;2019;1;Sidi Bouzid;Sfax/Centre-Est/Sud;44;363.0;392.0;316.0;225.0;148.4;106.85;0;357.0;351.0;0.0168;0.0342;104.83;93.74;0.0193;0.1399;7.75;6.4;6.7;434827;0;0;marche_estime;;;;
2019-04-01;2019;2;Sidi Bouzid;Sfax/Centre-Est/Sud;44;367.0;396.0;319.0;228.0;156.4;112.61;0;363.0;348.0;0.011;0.0546;106.85;99.86;0.0539;0.1277;7.75;6.4;6.7;434827;0;0;marche_estime;;;;
2019-07-01;2019;3;Sidi Bouzid;Sfax/Centre-Est/Sud;44;372.0;402.0;324.0;231.0;159.8;115.06;0;367.0;351.0;0.0136;0.0598;112.61;102.17;0.0218;0.1262;7.75;6.4;6.7;434827;0;0;marche_estime;;;;
2019-10-01;2019;4;Sidi Bouzid;Sfax/Centre-Est/Sud;44;378.0;408.0;329.0;234.0;162.1;116.71;0;372.0;357.0;0.0161;0.0588;115.06;104.83;0.0143;0.1133;7.75;6.4;6.7;434827;0;0;marche_estime;;;;
2020-01-01;2020;1;Sidi Bouzid;Sfax/Centre-Est/Sud;44;393.0;424.0;342.0;244.0;164.7;118.58;0;378.0;363.0;0.0397;0.0826;116.71;106.85;0.016;0.1098;6.25;5.8;5.6;434827;0;0;marche_estime;;;;
2020-04-01;2020;2;Sidi Bouzid;Sfax/Centre-Est/Sud;44;400.0;432.0;348.0;248.0;166.7;120.02;0;393.0;367.0;0.0178;0.0899;118.58;112.61;0.0121;0.0658;6.25;5.8;5.6;434827;0;0;marche_estime;;;;
2020-07-01;2020;3;Sidi Bouzid;Sfax/Centre-Est/Sud;44;401.0;433.0;349.0;249.0;176.7;127.22;0;400.0;372.0;0.0025;0.078;120.02;115.06;0.06;0.1057;6.25;5.8;5.6;434827;0;0;marche_estime;;;;
2020-10-01;2020;4;Sidi Bouzid;Sfax/Centre-Est/Sud;44;400.0;432.0;348.0;248.0;183.9;132.41;0;401.0;378.0;-0.0025;0.0582;127.22;116.71;0.0408;0.1345;6.25;5.8;5.6;434827;0;0;marche_estime;;;;
2021-01-01;2021;1;Sidi Bouzid;Sfax/Centre-Est/Sud;44;409.0;442.0;356.0;254.0;196.8;141.7;0;400.0;393.0;0.0225;0.0407;132.41;118.58;0.0702;0.195;6.25;9.1;6.0;434827;0;0;marche_estime;;;;
2021-04-01;2021;2;Sidi Bouzid;Sfax/Centre-Est/Sud;44;421.0;455.0;366.0;261.0;209.8;151.06;0;409.0;400.0;0.0293;0.0525;141.7;120.02;0.0661;0.2586;6.25;9.1;6.0;434827;0;0;marche_estime;;;;
2021-07-01;2021;3;Sidi Bouzid;Sfax/Centre-Est/Sud;44;418.0;451.0;364.0;259.0;202.1;145.51;0;421.0;401.0;-0.0071;0.0424;151.06;127.22;-0.0367;0.1438;6.25;9.1;6.0;434827;0;0;marche_estime;;;;
2021-10-01;2021;4;Sidi Bouzid;Sfax/Centre-Est/Sud;44;432.0;467.0;376.0;268.0;209.0;150.48;0;418.0;400.0;0.0335;0.08;145.51;132.41;0.0342;0.1365;6.25;9.1;6.0;434827;0;0;marche_estime;;;;
2022-01-01;2022;1;Sidi Bouzid;Sfax/Centre-Est/Sud;44;443.0;478.0;385.0;275.0;216.94444444444446;156.2;1;432.0;409.0;0.0255;0.0831;150.48;141.7;0.038;0.1023;7.25;14.3;8.3;434827;0;0;marche_estime;;;;
2022-04-01;2022;2;Sidi Bouzid;Sfax/Centre-Est/Sud;44;443.0;478.0;385.0;275.0;224.88888888888889;161.92;1;443.0;421.0;0.0;0.0523;156.2;151.06;0.0366;0.0719;7.25;14.3;8.3;434827;0;0;marche_estime;;;;
2022-07-01;2022;3;Sidi Bouzid;Sfax/Centre-Est/Sud;44;455.0;491.0;396.0;282.0;232.83333333333334;167.64;1;443.0;418.0;0.0271;0.0885;161.92;145.51;0.0353;0.1521;7.25;14.3;8.3;434827;0;0;marche_estime;;;;
2022-10-01;2022;4;Sidi Bouzid;Sfax/Centre-Est/Sud;44;465.0;502.0;405.0;288.0;240.77777777777777;173.36;1;455.0;432.0;0.022;0.0764;167.64;150.48;0.0341;0.152;7.25;14.3;8.3;434827;0;0;marche_estime;;;;
2023-01-01;2023;1;Sidi Bouzid;Sfax/Centre-Est/Sud;44;469.0;507.0;408.0;291.0;248.72222222222223;179.08;1;465.0;443.0;0.0086;0.0587;173.36;156.2;0.033;0.1465;8.0;11.2;9.3;434827;0;0;marche_estime;;;;
2023-04-01;2023;2;Sidi Bouzid;Sfax/Centre-Est/Sud;44;475.0;513.0;413.0;294.0;256.6666666666667;184.8;1;469.0;443.0;0.0128;0.0722;179.08;161.92;0.0319;0.1413;8.0;11.2;9.3;434827;0;0;marche_estime;;;;
2023-07-01;2023;3;Sidi Bouzid;Sfax/Centre-Est/Sud;44;482.0;521.0;419.0;299.0;264.6111111111111;190.52;1;475.0;455.0;0.0147;0.0593;184.8;167.64;0.031;0.1365;8.0;11.2;9.3;434827;0;0;marche_estime;;;;
2023-10-01;2023;4;Sidi Bouzid;Sfax/Centre-Est/Sud;44;495.0;535.0;431.0;307.0;272.55555555555554;196.24;1;482.0;465.0;0.027;0.0645;190.52;173.36;0.03;0.132;8.0;11.2;9.3;434827;0;0;marche_estime;;;;
2024-01-01;2024;1;Sidi Bouzid;Sfax/Centre-Est/Sud;44;496.0;536.0;432.0;308.0;280.5;201.96;0;495.0;469.0;0.002;0.0576;196.24;179.08;0.0291;0.1278;7.5;8.1;7.0;434827;0;0;marche_estime;;;;
2024-04-01;2024;2;Sidi Bouzid;Sfax/Centre-Est/Sud;44;500.0;540.0;435.0;310.0;287.3;206.86;0;496.0;475.0;0.0081;0.0526;201.96;184.8;0.0243;0.1194;7.5;8.1;7.0;434827;0;0;marche_estime;;;;
2024-07-01;2024;3;Sidi Bouzid;Sfax/Centre-Est/Sud;44;511.0;552.0;445.0;317.0;293.1;211.03;0;500.0;482.0;0.022;0.0602;206.86;190.52;0.0202;0.1077;7.5;8.1;7.0;434827;0;0;marche_estime;;;;
2024-10-01;2024;4;Sidi Bouzid;Sfax/Centre-Est/Sud;44;516.0;557.0;449.0;320.0;299.8;215.86;0;511.0;495.0;0.0098;0.0424;211.03;196.24;0.0229;0.1;7.5;8.1;7.0;434827;0;0;marche_estime;;;;
2025-01-01;2025;1;Sidi Bouzid;Sfax/Centre-Est/Sud;44;524.0;566.0;456.0;325.0;308.2;221.9;0;516.0;496.0;0.0155;0.0565;215.86;201.96;0.028;0.0987;7.0;6.5;5.8;434827;0;0;marche_estime;;;;
2025-04-01;2025;2;Sidi Bouzid;Sfax/Centre-Est/Sud;44;542.0;585.0;472.0;336.0;315.0;226.8;0;524.0;500.0;0.0344;0.084;221.9;206.86;0.0221;0.0964;7.0;6.5;5.8;434827;0;0;marche_estime;;;;
2025-07-01;2025;3;Sidi Bouzid;Sfax/Centre-Est/Sud;44;;;;;243.33333333333331;226.8;0;542.0;511.0;;;226.8;211.03;0.0;0.0747;;;;434827;0;0;;;;;
2025-10-01;2025;4;Sidi Bouzid;Sfax/Centre-Est/Sud;44;;;;;171.66666666666666;226.8;0;;516.0;;;226.8;215.86;0.0;0.0507;;;;434827;0;0;;;;;
2015-01-01;2015;1;Siliana;Zaghouan/Bizerte/NO;34;380.0;410.0;331.0;236.0;100.0;52.0;0;;;;;;;;;4.25;3.2;4.9;225740;0;0;marche_estime;;;;
2015-04-01;2015;2;Siliana;Zaghouan/Bizerte/NO;34;389.0;420.0;338.0;241.0;103.2;53.66;0;380.0;;0.0237;;52.0;;0.0319;;4.25;3.2;4.9;225740;0;0;marche_estime;;;;
2015-07-01;2015;3;Siliana;Zaghouan/Bizerte/NO;34;379.0;409.0;330.0;235.0;105.1;54.65;0;389.0;;-0.0257;;53.66;;0.0184;;4.25;3.2;4.9;225740;0;0;marche_estime;;;;
2015-10-01;2015;4;Siliana;Zaghouan/Bizerte/NO;34;398.0;430.0;346.0;247.0;107.8;56.06;0;379.0;;0.0501;;54.65;;0.0258;;4.25;3.2;4.9;225740;0;0;marche_estime;;;;
2016-01-01;2016;1;Siliana;Zaghouan/Bizerte/NO;34;390.0;421.0;339.0;242.0;109.4;56.89;0;398.0;380.0;-0.0201;0.0263;56.06;52.0;0.0148;0.094;4.25;3.8;3.7;225740;0;0;marche_estime;;;;
2016-04-01;2016;2;Siliana;Zaghouan/Bizerte/NO;34;395.0;427.0;344.0;245.0;112.6;58.55;0;390.0;389.0;0.0128;0.0154;56.89;53.66;0.0292;0.0911;4.25;3.8;3.7;225740;0;0;marche_estime;;;;
2016-07-01;2016;3;Siliana;Zaghouan/Bizerte/NO;34;411.0;444.0;358.0;255.0;114.3;59.44;0;395.0;379.0;0.0405;0.0844;58.55;54.65;0.0152;0.0876;4.25;3.8;3.7;225740;0;0;marche_estime;;;;
2016-10-01;2016;4;Siliana;Zaghouan/Bizerte/NO;34;421.0;455.0;366.0;261.0;116.9;60.79;0;411.0;398.0;0.0243;0.0578;59.44;56.06;0.0227;0.0844;4.25;3.8;3.7;225740;0;0;marche_estime;;;;
2017-01-01;2017;1;Siliana;Zaghouan/Bizerte/NO;34;416.0;449.0;362.0;258.0;118.7;61.72;0;421.0;390.0;-0.0119;0.0667;60.79;56.89;0.0153;0.0849;5.0;5.1;5.3;225740;0;0;marche_estime;;;;
2017-04-01;2017;2;Siliana;Zaghouan/Bizerte/NO;34;431.0;465.0;375.0;267.0;121.5;63.18;0;416.0;395.0;0.0361;0.0911;61.72;58.55;0.0237;0.0791;5.0;5.1;5.3;225740;0;0;marche_estime;;;;
2017-07-01;2017;3;Siliana;Zaghouan/Bizerte/NO;34;431.0;465.0;375.0;267.0;124.1;64.53;0;431.0;411.0;0.0;0.0487;63.18;59.44;0.0214;0.0856;5.0;5.1;5.3;225740;0;0;marche_estime;;;;
2017-10-01;2017;4;Siliana;Zaghouan/Bizerte/NO;34;427.0;461.0;371.0;265.0;127.3;66.2;0;431.0;421.0;-0.0093;0.0143;64.53;60.79;0.0259;0.089;5.0;5.1;5.3;225740;0;0;marche_estime;;;;
2018-01-01;2018;1;Siliana;Zaghouan/Bizerte/NO;34;441.0;476.0;384.0;273.0;130.2;67.7;0;427.0;416.0;0.0328;0.0601;66.2;61.72;0.0227;0.0969;6.75;7.2;7.3;225740;0;0;marche_estime;;;;
2018-04-01;2018;2;Siliana;Zaghouan/Bizerte/NO;34;441.0;476.0;384.0;273.0;138.7;72.12;0;441.0;431.0;0.0;0.0232;67.7;63.18;0.0653;0.1415;6.75;7.2;7.3;225740;0;0;marche_estime;;;;
2018-07-01;2018;3;Siliana;Zaghouan/Bizerte/NO;34;446.0;482.0;388.0;277.0;141.9;73.79;0;441.0;431.0;0.0113;0.0348;72.12;64.53;0.0232;0.1435;6.75;7.2;7.3;225740;0;0;marche_estime;;;;
2018-10-01;2018;4;Siliana;Zaghouan/Bizerte/NO;34;463.0;500.0;403.0;287.0;145.6;75.71;0;446.0;427.0;0.0381;0.0843;73.79;66.2;0.026;0.1437;6.75;7.2;7.3;225740;0;0;marche_estime;;;;
2019-01-01;2019;1;Siliana;Zaghouan/Bizerte/NO;34;455.0;491.0;396.0;282.0;148.4;77.17;0;463.0;441.0;-0.0173;0.0317;75.71;67.7;0.0193;0.1399;7.75;6.4;6.7;225740;0;0;marche_estime;;;;
2019-04-01;2019;2;Siliana;Zaghouan/Bizerte/NO;34;466.0;503.0;405.0;289.0;156.4;81.33;0;455.0;441.0;0.0242;0.0567;77.17;72.12;0.0539;0.1277;7.75;6.4;6.7;225740;0;0;marche_estime;;;;
2019-07-01;2019;3;Siliana;Zaghouan/Bizerte/NO;34;484.0;523.0;421.0;300.0;159.8;83.1;0;466.0;446.0;0.0386;0.0852;81.33;73.79;0.0218;0.1262;7.75;6.4;6.7;225740;0;0;marche_estime;;;;
2019-10-01;2019;4;Siliana;Zaghouan/Bizerte/NO;34;477.0;515.0;415.0;296.0;162.1;84.29;0;484.0;463.0;-0.0145;0.0302;83.1;75.71;0.0143;0.1133;7.75;6.4;6.7;225740;0;0;marche_estime;;;;
2020-01-01;2020;1;Siliana;Zaghouan/Bizerte/NO;34;474.0;512.0;412.0;294.0;164.7;85.64;0;477.0;455.0;-0.0063;0.0418;84.29;77.17;0.016;0.1098;6.25;5.8;5.6;225740;0;0;marche_estime;;;;
2020-04-01;2020;2;Siliana;Zaghouan/Bizerte/NO;34;507.0;548.0;441.0;314.0;166.7;86.68;0;474.0;466.0;0.0696;0.088;85.64;81.33;0.0121;0.0658;6.25;5.8;5.6;225740;0;0;marche_estime;;;;
2020-07-01;2020;3;Siliana;Zaghouan/Bizerte/NO;34;507.0;548.0;441.0;314.0;176.7;91.88;0;507.0;484.0;0.0;0.0475;86.68;83.1;0.06;0.1057;6.25;5.8;5.6;225740;0;0;marche_estime;;;;
2020-10-01;2020;4;Siliana;Zaghouan/Bizerte/NO;34;516.0;557.0;449.0;320.0;183.9;95.63;0;507.0;477.0;0.0178;0.0818;91.88;84.29;0.0408;0.1345;6.25;5.8;5.6;225740;0;0;marche_estime;;;;
2021-01-01;2021;1;Siliana;Zaghouan/Bizerte/NO;34;522.0;564.0;454.0;324.0;196.8;102.34;0;516.0;474.0;0.0116;0.1013;95.63;85.64;0.0702;0.195;6.25;9.1;6.0;225740;0;0;marche_estime;;;;
2021-04-01;2021;2;Siliana;Zaghouan/Bizerte/NO;34;516.0;557.0;449.0;320.0;209.8;109.1;0;522.0;507.0;-0.0115;0.0178;102.34;86.68;0.0661;0.2587;6.25;9.1;6.0;225740;0;0;marche_estime;;;;
2021-07-01;2021;3;Siliana;Zaghouan/Bizerte/NO;34;519.0;561.0;452.0;322.0;202.1;105.09;0;516.0;507.0;0.0058;0.0237;109.1;91.88;-0.0368;0.1438;6.25;9.1;6.0;225740;0;0;marche_estime;;;;
2021-10-01;2021;4;Siliana;Zaghouan/Bizerte/NO;34;531.0;573.0;462.0;329.0;209.0;108.68;0;519.0;516.0;0.0231;0.0291;105.09;95.63;0.0342;0.1365;6.25;9.1;6.0;225740;0;0;marche_estime;;;;
2022-01-01;2022;1;Siliana;Zaghouan/Bizerte/NO;34;546.0;590.0;475.0;339.0;216.94444444444446;112.81111111111112;1;531.0;522.0;0.0282;0.046;108.68;102.34;0.038;0.1023;7.25;14.3;8.3;225740;0;0;marche_estime;;;;
2022-04-01;2022;2;Siliana;Zaghouan/Bizerte/NO;34;551.0;595.0;479.0;342.0;224.88888888888889;116.94222222222223;1;546.0;516.0;0.0092;0.0678;112.81111111111112;109.1;0.0366;0.0719;7.25;14.3;8.3;225740;0;0;marche_estime;;;;
2022-07-01;2022;3;Siliana;Zaghouan/Bizerte/NO;34;552.0;596.0;480.0;342.0;232.83333333333334;121.07333333333334;1;551.0;519.0;0.0018;0.0636;116.94222222222223;105.09;0.0353;0.1521;7.25;14.3;8.3;225740;0;0;marche_estime;;;;
2022-10-01;2022;4;Siliana;Zaghouan/Bizerte/NO;34;565.0;610.0;492.0;350.0;240.77777777777777;125.20444444444445;1;552.0;531.0;0.0236;0.064;121.07333333333334;108.68;0.0341;0.152;7.25;14.3;8.3;225740;0;0;marche_estime;;;;
2023-01-01;2023;1;Siliana;Zaghouan/Bizerte/NO;34;568.0;613.0;494.0;352.0;248.72222222222223;129.33555555555557;1;565.0;546.0;0.0053;0.0403;125.20444444444445;112.81111111111112;0.033;0.1465;8.0;11.2;9.3;225740;0;0;marche_estime;;;;
2023-04-01;2023;2;Siliana;Zaghouan/Bizerte/NO;34;574.0;620.0;499.0;356.0;256.6666666666667;133.46666666666667;1;568.0;551.0;0.0106;0.0417;129.33555555555557;116.94222222222223;0.0319;0.1413;8.0;11.2;9.3;225740;0;0;marche_estime;;;;
2023-07-01;2023;3;Siliana;Zaghouan/Bizerte/NO;34;601.0;649.0;523.0;373.0;264.6111111111111;137.5977777777778;1;574.0;552.0;0.047;0.0888;133.46666666666667;121.07333333333334;0.031;0.1365;8.0;11.2;9.3;225740;0;0;marche_estime;;;;
2023-10-01;2023;4;Siliana;Zaghouan/Bizerte/NO;34;602.0;650.0;524.0;373.0;272.55555555555554;141.7288888888889;1;601.0;565.0;0.0017;0.0655;137.5977777777778;125.20444444444445;0.03;0.132;8.0;11.2;9.3;225740;0;0;marche_estime;;;;
2024-01-01;2024;1;Siliana;Zaghouan/Bizerte/NO;34;591.0;638.0;514.0;366.0;280.5;145.86;0;602.0;568.0;-0.0183;0.0405;141.7288888888889;129.33555555555557;0.0291;0.1278;7.5;8.1;7.0;225740;0;0;marche_estime;;;;
2024-04-01;2024;2;Siliana;Zaghouan/Bizerte/NO;34;618.0;667.0;538.0;383.0;287.3;149.4;0;591.0;574.0;0.0457;0.0767;145.86;133.46666666666667;0.0243;0.1194;7.5;8.1;7.0;225740;0;0;marche_estime;;;;
2024-07-01;2024;3;Siliana;Zaghouan/Bizerte/NO;34;620.0;670.0;539.0;384.0;293.1;152.41;0;618.0;601.0;0.0032;0.0316;149.4;137.5977777777778;0.0201;0.1076;7.5;8.1;7.0;225740;0;0;marche_estime;;;;
2024-10-01;2024;4;Siliana;Zaghouan/Bizerte/NO;34;631.0;681.0;549.0;391.0;299.8;155.9;0;620.0;602.0;0.0177;0.0482;152.41;141.7288888888889;0.0229;0.1;7.5;8.1;7.0;225740;0;0;marche_estime;;;;
2025-01-01;2025;1;Siliana;Zaghouan/Bizerte/NO;34;645.0;697.0;561.0;400.0;308.2;160.26;0;631.0;591.0;0.0222;0.0914;155.9;145.86;0.028;0.0987;7.0;6.5;5.8;225740;0;0;marche_estime;;;;
2025-04-01;2025;2;Siliana;Zaghouan/Bizerte/NO;34;640.0;691.0;557.0;397.0;315.0;163.8;0;645.0;618.0;-0.0078;0.0356;160.26;149.4;0.0221;0.0964;7.0;6.5;5.8;225740;0;0;marche_estime;;;;
2025-07-01;2025;3;Siliana;Zaghouan/Bizerte/NO;34;;;;;243.33333333333331;163.8;0;640.0;620.0;;;163.8;152.41;0.0;0.0747;;;;225740;0;0;;;;;
2025-10-01;2025;4;Siliana;Zaghouan/Bizerte/NO;34;;;;;171.66666666666666;163.8;0;;631.0;;;163.8;155.9;0.0;0.0507;;;;225740;0;0;;;;;
2015-01-01;2015;1;Sousse;Nabeul/Sousse/Mahdia/Mon;41;1444.0;1560.0;1256.0;895.0;100.0;98.0;0;;;;;;;;;4.25;3.2;4.9;674971;1;1;marche_estime;6.0;21276.0;678636.46;60.0
2015-04-01;2015;2;Sousse;Nabeul/Sousse/Mahdia/Mon;41;1470.0;1588.0;1279.0;911.0;103.2;101.14;0;1444.0;;0.018;;98.0;;0.032;;4.25;3.2;4.9;674971;1;1;marche_estime;6.102;5129.0;749485.34;61.0
2015-07-01;2015;3;Sousse;Nabeul/Sousse/Mahdia/Mon;41;1482.0;1601.0;1289.0;919.0;105.1;103.0;0;1470.0;;0.0082;;101.14;;0.0184;;4.25;3.2;4.9;674971;1;1;marche_estime;6.206;4596.0;35991.65;59.0
2015-10-01;2015;4;Sousse;Nabeul/Sousse/Mahdia/Mon;41;1565.0;1690.0;1362.0;970.0;107.8;105.64;0;1482.0;;0.056;;103.0;;0.0256;;4.25;3.2;4.9;674971;1;1;marche_estime;6.312;7811.0;523797.33;58.0
2016-01-01;2016;1;Sousse;Nabeul/Sousse/Mahdia/Mon;41;1567.0;1692.0;1363.0;972.0;109.4;107.21;0;1565.0;1444.0;0.0013;0.0852;105.64;98.0;0.0149;0.094;4.25;3.8;3.7;674971;1;1;marche_estime;6.42;5052.0;631785.58;60.0
2016-04-01;2016;2;Sousse;Nabeul/Sousse/Mahdia/Mon;41;1596.0;1724.0;1389.0;990.0;112.6;110.35;0;1567.0;1470.0;0.0185;0.0857;107.21;101.14;0.0293;0.0911;4.25;3.8;3.7;674971;1;1;marche_estime;6.53;1271.0;86630.68;55.0
2016-07-01;2016;3;Sousse;Nabeul/Sousse/Mahdia/Mon;41;1599.0;1727.0;1391.0;991.0;114.3;112.01;0;1596.0;1482.0;0.0019;0.0789;110.35;103.0;0.015;0.0875;4.25;3.8;3.7;674971;1;1;marche_estime;6.641;4475.0;1894985.08;64.0
2016-10-01;2016;4;Sousse;Nabeul/Sousse/Mahdia/Mon;41;1622.0;1752.0;1411.0;1006.0;116.9;114.56;0;1599.0;1565.0;0.0144;0.0364;112.01;105.64;0.0228;0.0844;4.25;3.8;3.7;674971;1;1;marche_estime;6.754;712.0;311328.69;63.0
2017-01-01;2017;1;Sousse;Nabeul/Sousse/Mahdia/Mon;41;1670.0;1804.0;1453.0;1035.0;118.7;116.33;0;1622.0;1567.0;0.0296;0.0657;114.56;107.21;0.0155;0.0851;5.0;5.1;5.3;674971;1;1;marche_estime;6.869;2458.0;133085.68;56.0
2017-04-01;2017;2;Sousse;Nabeul/Sousse/Mahdia/Mon;41;1683.0;1818.0;1464.0;1043.0;121.5;119.07;0;1670.0;1596.0;0.0078;0.0545;116.33;110.35;0.0236;0.079;5.0;5.1;5.3;674971;1;1;marche_estime;6.987;2591.0;29520.07;61.0
2017-07-01;2017;3;Sousse;Nabeul/Sousse/Mahdia/Mon;41;1723.0;1861.0;1499.0;1068.0;124.1;121.62;0;1683.0;1599.0;0.0238;0.0775;119.07;112.01;0.0214;0.0858;5.0;5.1;5.3;674971;1;1;marche_estime;7.106;3510.0;579616.42;61.0
2017-10-01;2017;4;Sousse;Nabeul/Sousse/Mahdia/Mon;41;1770.0;1912.0;1540.0;1097.0;127.3;124.75;0;1723.0;1622.0;0.0273;0.0912;121.62;114.56;0.0257;0.0889;5.0;5.1;5.3;674971;1;1;marche_estime;7.227;12374.0;1303761.53;57.0
2018-01-01;2018;1;Sousse;Nabeul/Sousse/Mahdia/Mon;41;1777.0;1919.0;1546.0;1102.0;130.2;127.6;0;1770.0;1670.0;0.004;0.0641;124.75;116.33;0.0228;0.0969;6.75;7.2;7.3;674971;1;1;marche_estime;7.35;166.0;64035.25;59.0
2018-04-01;2018;2;Sousse;Nabeul/Sousse/Mahdia/Mon;41;1869.0;2019.0;1626.0;1159.0;138.7;135.93;0;1777.0;1683.0;0.0518;0.1105;127.6;119.07;0.0653;0.1416;6.75;7.2;7.3;674971;1;1;marche_estime;7.476;213.0;337698.48;59.0
2018-07-01;2018;3;Sousse;Nabeul/Sousse/Mahdia/Mon;41;1870.0;2020.0;1627.0;1159.0;141.9;139.06;0;1869.0;1723.0;0.0005;0.0853;135.93;121.62;0.023;0.1434;6.75;7.2;7.3;674971;1;1;marche_estime;7.603;2185.0;386571.71;60.0
2018-10-01;2018;4;Sousse;Nabeul/Sousse/Mahdia/Mon;41;1922.0;2076.0;1672.0;1192.0;145.6;142.69;0;1870.0;1770.0;0.0278;0.0859;139.06;124.75;0.0261;0.1438;6.75;7.2;7.3;674971;1;1;marche_estime;7.733;5794.0;472539.07;59.0
2019-01-01;2019;1;Sousse;Nabeul/Sousse/Mahdia/Mon;41;1920.0;2074.0;1670.0;1190.0;148.4;145.43;0;1922.0;1777.0;-0.001;0.0805;142.69;127.6;0.0192;0.1397;7.75;6.4;6.7;674971;1;1;marche_estime;7.865;2002.0;554187.59;59.0
2019-04-01;2019;2;Sousse;Nabeul/Sousse/Mahdia/Mon;41;1955.0;2111.0;1701.0;1212.0;156.4;153.27;0;1920.0;1869.0;0.0182;0.046;145.43;135.93;0.0539;0.1276;7.75;6.4;6.7;674971;1;1;marche_estime;7.999;23212.0;649213.6;64.0
2019-07-01;2019;3;Sousse;Nabeul/Sousse/Mahdia/Mon;41;2025.0;2187.0;1762.0;1256.0;159.8;156.6;0;1955.0;1870.0;0.0358;0.0829;153.27;139.06;0.0217;0.1261;7.75;6.4;6.7;674971;1;1;marche_estime;8.135;1153.0;1853646.28;56.0
2019-10-01;2019;4;Sousse;Nabeul/Sousse/Mahdia/Mon;41;2053.0;2217.0;1786.0;1273.0;162.1;158.86;0;2025.0;1922.0;0.0138;0.0682;156.6;142.69;0.0144;0.1133;7.75;6.4;6.7;674971;1;1;marche_estime;8.274;7185.0;116368.1;61.0
2020-01-01;2020;1;Sousse;Nabeul/Sousse/Mahdia/Mon;41;2101.0;2269.0;1828.0;1303.0;164.7;161.41;0;2053.0;1920.0;0.0234;0.0943;158.86;145.43;0.0161;0.1099;6.25;5.8;5.6;674971;1;1;marche_estime;8.415;8403.0;155505.12;60.0
2020-04-01;2020;2;Sousse;Nabeul/Sousse/Mahdia/Mon;41;2133.0;2304.0;1856.0;1322.0;166.7;163.37;0;2101.0;1955.0;0.0152;0.091;161.41;153.27;0.0121;0.0659;6.25;5.8;5.6;674971;1;1;marche_estime;8.559;7921.0;313909.73;59.0
2020-07-01;2020;3;Sousse;Nabeul/Sousse/Mahdia/Mon;41;2205.0;2381.0;1918.0;1367.0;176.7;173.17;0;2133.0;2025.0;0.0338;0.0889;163.37;156.6;0.06;0.1058;6.25;5.8;5.6;674971;1;1;marche_estime;8.705;2175.0;196957.71;60.0
2020-10-01;2020;4;Sousse;Nabeul/Sousse/Mahdia/Mon;41;2194.0;2370.0;1909.0;1360.0;183.9;180.22;0;2205.0;2053.0;-0.005;0.0687;173.17;158.86;0.0407;0.1345;6.25;5.8;5.6;674971;1;1;marche_estime;8.853;8910.0;385464.75;58.0
2021-01-01;2021;1;Sousse;Nabeul/Sousse/Mahdia/Mon;41;2286.0;2469.0;1989.0;1417.0;196.8;192.86;0;2194.0;2101.0;0.0419;0.0881;180.22;161.41;0.0701;0.1948;6.25;9.1;6.0;674971;1;1;marche_estime;9.004;3559.0;180078.0;63.0
2021-04-01;2021;2;Sousse;Nabeul/Sousse/Mahdia/Mon;41;2273.0;2455.0;1978.0;1409.0;209.8;205.6;0;2286.0;2133.0;-0.0057;0.0656;192.86;163.37;0.0661;0.2585;6.25;9.1;6.0;674971;1;1;marche_estime;9.158;2679.0;29438.73;55.0
2021-07-01;2021;3;Sousse;Nabeul/Sousse/Mahdia/Mon;41;2291.0;2474.0;1993.0;1420.0;202.1;198.06;0;2273.0;2205.0;0.0079;0.039;205.6;173.17;-0.0367;0.1437;6.25;9.1;6.0;674971;1;1;marche_estime;9.314;11312.0;287860.67;63.0
2021-10-01;2021;4;Sousse;Nabeul/Sousse/Mahdia/Mon;41;2390.0;2581.0;2079.0;1482.0;209.0;204.82;0;2291.0;2194.0;0.0432;0.0893;198.06;180.22;0.0341;0.1365;6.25;9.1;6.0;674971;1;1;marche_estime;9.473;1289.0;280231.91;59.0
2022-01-01;2022;1;Sousse;Nabeul/Sousse/Mahdia/Mon;41;2403.0;2595.0;2091.0;1490.0;216.94444444444446;212.60555555555555;1;2390.0;2286.0;0.0054;0.0512;204.82;192.86;0.038;0.1024;7.25;14.3;8.3;674971;1;1;marche_estime;9.635;2080.0;193774.17;56.0
2022-04-01;2022;2;Sousse;Nabeul/Sousse/Mahdia/Mon;41;2499.0;2699.0;2174.0;1549.0;224.88888888888889;220.39111111111112;1;2403.0;2273.0;0.04;0.0994;212.60555555555555;205.6;0.0366;0.0719;7.25;14.3;8.3;674971;1;1;marche_estime;9.799;10139.0;342007.37;57.0
2022-07-01;2022;3;Sousse;Nabeul/Sousse/Mahdia/Mon;41;2498.0;2698.0;2173.0;1549.0;232.83333333333334;228.17666666666665;1;2499.0;2291.0;-0.0004;0.0904;220.39111111111112;198.06;0.0353;0.1521;7.25;14.3;8.3;674971;1;1;marche_estime;9.966;22170.0;360110.4;57.0
2022-10-01;2022;4;Sousse;Nabeul/Sousse/Mahdia/Mon;41;2566.0;2771.0;2232.0;1591.0;240.77777777777777;235.9622222222222;1;2498.0;2390.0;0.0272;0.0736;228.17666666666665;204.82;0.0341;0.152;7.25;14.3;8.3;674971;1;1;marche_estime;10.136;5655.0;46342.08;62.0
2023-01-01;2023;1;Sousse;Nabeul/Sousse/Mahdia/Mon;41;2609.0;2818.0;2270.0;1618.0;248.72222222222223;243.74777777777777;1;2566.0;2403.0;0.0168;0.0857;235.9622222222222;212.60555555555555;0.033;0.1465;8.0;11.2;9.3;674971;1;1;marche_estime;10.309;7890.0;136049.54;62.0
2023-04-01;2023;2;Sousse;Nabeul/Sousse/Mahdia/Mon;41;2683.0;2898.0;2334.0;1663.0;256.6666666666667;251.53333333333333;1;2609.0;2499.0;0.0284;0.0736;243.74777777777777;220.39111111111112;0.0319;0.1413;8.0;11.2;9.3;674971;1;1;marche_estime;10.485;25953.0;529859.15;57.0
2023-07-01;2023;3;Sousse;Nabeul/Sousse/Mahdia/Mon;41;2683.0;2898.0;2334.0;1663.0;264.6111111111111;259.31888888888886;1;2683.0;2498.0;0.0;0.0741;251.53333333333333;228.17666666666665;0.031;0.1365;8.0;11.2;9.3;674971;1;1;marche_estime;10.664;884.0;11927.94;61.0
2023-10-01;2023;4;Sousse;Nabeul/Sousse/Mahdia/Mon;41;2761.0;2982.0;2402.0;1712.0;272.55555555555554;267.1044444444444;1;2683.0;2566.0;0.0291;0.076;259.31888888888886;235.9622222222222;0.03;0.132;8.0;11.2;9.3;674971;1;1;marche_estime;10.846;3789.0;395336.23;61.0
2024-01-01;2024;1;Sousse;Nabeul/Sousse/Mahdia/Mon;41;2786.0;3009.0;2424.0;1727.0;280.5;274.89;0;2761.0;2609.0;0.0091;0.0678;267.1044444444444;243.74777777777777;0.0291;0.1278;7.5;8.1;7.0;674971;1;1;marche_estime;11.031;1727.0;313197.88;57.0
2024-04-01;2024;2;Sousse;Nabeul/Sousse/Mahdia/Mon;41;2839.0;3066.0;2470.0;1760.0;287.3;281.55;0;2786.0;2683.0;0.019;0.0581;274.89;251.53333333333333;0.0242;0.1193;7.5;8.1;7.0;674971;1;1;marche_estime;11.219;2931.0;295082.04;63.0
2024-07-01;2024;3;Sousse;Nabeul/Sousse/Mahdia/Mon;41;2911.0;3144.0;2533.0;1805.0;293.1;287.24;0;2839.0;2683.0;0.0254;0.085;281.55;259.31888888888886;0.0202;0.1077;7.5;8.1;7.0;674971;1;1;marche_estime;11.41;11426.0;118854.74;59.0
2024-10-01;2024;4;Sousse;Nabeul/Sousse/Mahdia/Mon;41;2944.0;3180.0;2561.0;1825.0;299.8;293.8;0;2911.0;2761.0;0.0113;0.0663;287.24;267.1044444444444;0.0228;0.0999;7.5;8.1;7.0;674971;1;1;marche_estime;11.605;19710.0;78468.3;62.0
2025-01-01;2025;1;Sousse;Nabeul/Sousse/Mahdia/Mon;41;3037.0;3280.0;2642.0;1883.0;308.2;302.04;0;2944.0;2786.0;0.0316;0.0901;293.8;274.89;0.028;0.0988;7.0;6.5;5.8;674971;1;1;marche_estime;11.803;3482.0;86539.03;62.0
2025-04-01;2025;2;Sousse;Nabeul/Sousse/Mahdia/Mon;41;3071.0;3317.0;2672.0;1904.0;315.0;308.7;0;3037.0;2839.0;0.0112;0.0817;302.04;281.55;0.0221;0.0964;7.0;6.5;5.8;674971;1;1;marche_estime;12.004;6003.0;189146.83;61.0
2025-07-01;2025;3;Sousse;Nabeul/Sousse/Mahdia/Mon;41;;;;;243.33333333333331;308.7;0;3071.0;2911.0;;;308.7;287.24;0.0;0.0747;;;;674971;1;1;;;;;
2025-10-01;2025;4;Sousse;Nabeul/Sousse/Mahdia/Mon;41;;;;;171.66666666666666;308.7;0;;2944.0;;;308.7;293.8;0.0;0.0507;;;;674971;1;1;;;;;
2015-01-01;2015;1;Tataouine;Sfax/Centre-Est/Sud;82;249.0;269.0;217.0;154.0;100.0;72.0;0;;;;;;;;;4.25;3.2;4.9;152761;0;0;marche_estime;;;;
2015-04-01;2015;2;Tataouine;Sfax/Centre-Est/Sud;82;252.0;272.0;219.0;156.0;103.2;74.3;0;249.0;;0.012;;72.0;;0.0319;;4.25;3.2;4.9;152761;0;0;marche_estime;;;;
2015-07-01;2015;3;Tataouine;Sfax/Centre-Est/Sud;82;256.0;276.0;223.0;159.0;105.1;75.67;0;252.0;;0.0159;;74.3;;0.0184;;4.25;3.2;4.9;152761;0;0;marche_estime;;;;
2015-10-01;2015;4;Tataouine;Sfax/Centre-Est/Sud;82;255.0;275.0;222.0;158.0;107.8;77.62;0;256.0;;-0.0039;;75.67;;0.0258;;4.25;3.2;4.9;152761;0;0;marche_estime;;;;
2016-01-01;2016;1;Tataouine;Sfax/Centre-Est/Sud;82;268.0;289.0;233.0;166.0;109.4;78.77;0;255.0;249.0;0.051;0.0763;77.62;72.0;0.0148;0.094;4.25;3.8;3.7;152761;0;0;marche_estime;;;;
2016-04-01;2016;2;Tataouine;Sfax/Centre-Est/Sud;82;266.0;287.0;231.0;165.0;112.6;81.07;0;268.0;252.0;-0.0075;0.0556;78.77;74.3;0.0292;0.0911;4.25;3.8;3.7;152761;0;0;marche_estime;;;;
2016-07-01;2016;3;Tataouine;Sfax/Centre-Est/Sud;82;269.0;291.0;234.0;167.0;114.3;82.3;0;266.0;256.0;0.0113;0.0508;81.07;75.67;0.0152;0.0876;4.25;3.8;3.7;152761;0;0;marche_estime;;;;
2016-10-01;2016;4;Tataouine;Sfax/Centre-Est/Sud;82;281.0;303.0;244.0;174.0;116.9;84.17;0;269.0;255.0;0.0446;0.102;82.3;77.62;0.0227;0.0844;4.25;3.8;3.7;152761;0;0;marche_estime;;;;
2017-01-01;2017;1;Tataouine;Sfax/Centre-Est/Sud;82;275.0;297.0;239.0;170.0;118.7;85.46;0;281.0;268.0;-0.0214;0.0261;84.17;78.77;0.0153;0.0849;5.0;5.1;5.3;152761;0;0;marche_estime;;;;
2017-04-01;2017;2;Tataouine;Sfax/Centre-Est/Sud;82;286.0;309.0;249.0;177.0;121.5;87.48;0;275.0;266.0;0.04;0.0752;85.46;81.07;0.0236;0.0791;5.0;5.1;5.3;152761;0;0;marche_estime;;;;
2017-07-01;2017;3;Tataouine;Sfax/Centre-Est/Sud;82;290.0;313.0;252.0;180.0;124.1;89.35;0;286.0;269.0;0.014;0.0781;87.48;82.3;0.0214;0.0857;5.0;5.1;5.3;152761;0;0;marche_estime;;;;
2017-10-01;2017;4;Tataouine;Sfax/Centre-Est/Sud;82;297.0;321.0;258.0;184.0;127.3;91.66;0;290.0;281.0;0.0241;0.0569;89.35;84.17;0.0259;0.089;5.0;5.1;5.3;152761;0;0;marche_estime;;;;
2018-01-01;2018;1;Tataouine;Sfax/Centre-Est/Sud;82;302.0;326.0;263.0;187.0;130.2;93.74;0;297.0;275.0;0.0168;0.0982;91.66;85.46;0.0227;0.0969;6.75;7.2;7.3;152761;0;0;marche_estime;;;;
2018-04-01;2018;2;Tataouine;Sfax/Centre-Est/Sud;82;299.0;323.0;260.0;185.0;138.7;99.86;0;302.0;286.0;-0.0099;0.0455;93.74;87.48;0.0653;0.1415;6.75;7.2;7.3;152761;0;0;marche_estime;;;;
2018-07-01;2018;3;Tataouine;Sfax/Centre-Est/Sud;82;310.0;335.0;270.0;192.0;141.9;102.17;0;299.0;290.0;0.0368;0.069;99.86;89.35;0.0231;0.1435;6.75;7.2;7.3;152761;0;0;marche_estime;;;;
2018-10-01;2018;4;Tataouine;Sfax/Centre-Est/Sud;82;314.0;339.0;273.0;195.0;145.6;104.83;0;310.0;297.0;0.0129;0.0572;102.17;91.66;0.026;0.1437;6.75;7.2;7.3;152761;0;0;marche_estime;;;;
2019-01-01;2019;1;Tataouine;Sfax/Centre-Est/Sud;82;326.0;352.0;284.0;202.0;148.4;106.85;0;314.0;302.0;0.0382;0.0795;104.83;93.74;0.0193;0.1399;7.75;6.4;6.7;152761;0;0;marche_estime;;;;
2019-04-01;2019;2;Tataouine;Sfax/Centre-Est/Sud;82;327.0;353.0;284.0;203.0;156.4;112.61;0;326.0;299.0;0.0031;0.0936;106.85;99.86;0.0539;0.1277;7.75;6.4;6.7;152761;0;0;marche_estime;;;;
2019-07-01;2019;3;Tataouine;Sfax/Centre-Est/Sud;82;329.0;355.0;286.0;204.0;159.8;115.06;0;327.0;310.0;0.0061;0.0613;112.61;102.17;0.0218;0.1262;7.75;6.4;6.7;152761;0;0;marche_estime;;;;
2019-10-01;2019;4;Tataouine;Sfax/Centre-Est/Sud;82;330.0;356.0;287.0;205.0;162.1;116.71;0;329.0;314.0;0.003;0.051;115.06;104.83;0.0143;0.1133;7.75;6.4;6.7;152761;0;0;marche_estime;;;;
2020-01-01;2020;1;Tataouine;Sfax/Centre-Est/Sud;82;332.0;359.0;289.0;206.0;164.7;118.58;0;330.0;326.0;0.0061;0.0184;116.71;106.85;0.016;0.1098;6.25;5.8;5.6;152761;0;0;marche_estime;;;;
2020-04-01;2020;2;Tataouine;Sfax/Centre-Est/Sud;82;340.0;367.0;296.0;211.0;166.7;120.02;0;332.0;327.0;0.0241;0.0398;118.58;112.61;0.0121;0.0658;6.25;5.8;5.6;152761;0;0;marche_estime;;;;
2020-07-01;2020;3;Tataouine;Sfax/Centre-Est/Sud;82;346.0;374.0;301.0;215.0;176.7;127.22;0;340.0;329.0;0.0176;0.0517;120.02;115.06;0.06;0.1057;6.25;5.8;5.6;152761;0;0;marche_estime;;;;
2020-10-01;2020;4;Tataouine;Sfax/Centre-Est/Sud;82;358.0;387.0;311.0;222.0;183.9;132.41;0;346.0;330.0;0.0347;0.0848;127.22;116.71;0.0408;0.1345;6.25;5.8;5.6;152761;0;0;marche_estime;;;;
2021-01-01;2021;1;Tataouine;Sfax/Centre-Est/Sud;82;357.0;386.0;311.0;221.0;196.8;141.7;0;358.0;332.0;-0.0028;0.0753;132.41;118.58;0.0702;0.195;6.25;9.1;6.0;152761;0;0;marche_estime;;;;
2021-04-01;2021;2;Tataouine;Sfax/Centre-Est/Sud;82;364.0;393.0;317.0;226.0;209.8;151.06;0;357.0;340.0;0.0196;0.0706;141.7;120.02;0.0661;0.2586;6.25;9.1;6.0;152761;0;0;marche_estime;;;;
2021-07-01;2021;3;Tataouine;Sfax/Centre-Est/Sud;82;372.0;402.0;324.0;231.0;202.1;145.51;0;364.0;346.0;0.022;0.0751;151.06;127.22;-0.0367;0.1438;6.25;9.1;6.0;152761;0;0;marche_estime;;;;
2021-10-01;2021;4;Tataouine;Sfax/Centre-Est/Sud;82;380.0;410.0;331.0;236.0;209.0;150.48;0;372.0;358.0;0.0215;0.0615;145.51;132.41;0.0342;0.1365;6.25;9.1;6.0;152761;0;0;marche_estime;;;;
2022-01-01;2022;1;Tataouine;Sfax/Centre-Est/Sud;82;380.0;410.0;331.0;236.0;216.94444444444446;156.2;1;380.0;357.0;0.0;0.0644;150.48;141.7;0.038;0.1023;7.25;14.3;8.3;152761;0;0;marche_estime;;;;
2022-04-01;2022;2;Tataouine;Sfax/Centre-Est/Sud;82;387.0;418.0;337.0;240.0;224.88888888888889;161.92;1;380.0;364.0;0.0184;0.0632;156.2;151.06;0.0366;0.0719;7.25;14.3;8.3;152761;0;0;marche_estime;;;;
2022-07-01;2022;3;Tataouine;Sfax/Centre-Est/Sud;82;387.0;418.0;337.0;240.0;232.83333333333334;167.64;1;387.0;372.0;0.0;0.0403;161.92;145.51;0.0353;0.1521;7.25;14.3;8.3;152761;0;0;marche_estime;;;;
2022-10-01;2022;4;Tataouine;Sfax/Centre-Est/Sud;82;399.0;431.0;347.0;247.0;240.77777777777777;173.36;1;387.0;380.0;0.031;0.05;167.64;150.48;0.0341;0.152;7.25;14.3;8.3;152761;0;0;marche_estime;;;;
2023-01-01;2023;1;Tataouine;Sfax/Centre-Est/Sud;82;410.0;443.0;357.0;254.0;248.72222222222223;179.08;1;399.0;380.0;0.0276;0.0789;173.36;156.2;0.033;0.1465;8.0;11.2;9.3;152761;0;0;marche_estime;;;;
2023-04-01;2023;2;Tataouine;Sfax/Centre-Est/Sud;82;419.0;453.0;365.0;260.0;256.6666666666667;184.8;1;410.0;387.0;0.022;0.0827;179.08;161.92;0.0319;0.1413;8.0;11.2;9.3;152761;0;0;marche_estime;;;;
2023-07-01;2023;3;Tataouine;Sfax/Centre-Est/Sud;82;422.0;456.0;367.0;262.0;264.6111111111111;190.52;1;419.0;387.0;0.0072;0.0904;184.8;167.64;0.031;0.1365;8.0;11.2;9.3;152761;0;0;marche_estime;;;;
2023-10-01;2023;4;Tataouine;Sfax/Centre-Est/Sud;82;427.0;461.0;371.0;265.0;272.55555555555554;196.24;1;422.0;399.0;0.0118;0.0702;190.52;173.36;0.03;0.132;8.0;11.2;9.3;152761;0;0;marche_estime;;;;
2024-01-01;2024;1;Tataouine;Sfax/Centre-Est/Sud;82;434.0;469.0;378.0;269.0;280.5;201.96;0;427.0;410.0;0.0164;0.0585;196.24;179.08;0.0291;0.1278;7.5;8.1;7.0;152761;0;0;marche_estime;;;;
2024-04-01;2024;2;Tataouine;Sfax/Centre-Est/Sud;82;437.0;472.0;380.0;271.0;287.3;206.86;0;434.0;419.0;0.0069;0.043;201.96;184.8;0.0243;0.1194;7.5;8.1;7.0;152761;0;0;marche_estime;;;;
2024-07-01;2024;3;Tataouine;Sfax/Centre-Est/Sud;82;442.0;477.0;385.0;274.0;293.1;211.03;0;437.0;422.0;0.0114;0.0474;206.86;190.52;0.0202;0.1077;7.5;8.1;7.0;152761;0;0;marche_estime;;;;
2024-10-01;2024;4;Tataouine;Sfax/Centre-Est/Sud;82;450.0;486.0;392.0;279.0;299.8;215.86;0;442.0;427.0;0.0181;0.0539;211.03;196.24;0.0229;0.1;7.5;8.1;7.0;152761;0;0;marche_estime;;;;
2025-01-01;2025;1;Tataouine;Sfax/Centre-Est/Sud;82;468.0;505.0;407.0;290.0;308.2;221.9;0;450.0;434.0;0.04;0.0783;215.86;201.96;0.028;0.0987;7.0;6.5;5.8;152761;0;0;marche_estime;;;;
2025-04-01;2025;2;Tataouine;Sfax/Centre-Est/Sud;82;462.0;499.0;402.0;286.0;315.0;226.8;0;468.0;437.0;-0.0128;0.0572;221.9;206.86;0.0221;0.0964;7.0;6.5;5.8;152761;0;0;marche_estime;;;;
2025-07-01;2025;3;Tataouine;Sfax/Centre-Est/Sud;82;;;;;243.33333333333331;226.8;0;462.0;442.0;;;226.8;211.03;0.0;0.0747;;;;152761;0;0;;;;;
2025-10-01;2025;4;Tataouine;Sfax/Centre-Est/Sud;82;;;;;171.66666666666666;226.8;0;;450.0;;;226.8;215.86;0.0;0.0507;;;;152761;0;0;;;;;
2015-01-01;2015;1;Tozeur;Sfax/Centre-Est/Sud;73;328.0;354.0;285.0;203.0;100.0;72.0;0;;;;;;;;;4.25;3.2;4.9;109803;0;1;marche_estime;;;;
2015-04-01;2015;2;Tozeur;Sfax/Centre-Est/Sud;73;334.0;361.0;291.0;207.0;103.2;74.3;0;328.0;;0.0183;;72.0;;0.0319;;4.25;3.2;4.9;109803;0;1;marche_estime;;;;
2015-07-01;2015;3;Tozeur;Sfax/Centre-Est/Sud;73;344.0;372.0;299.0;213.0;105.1;75.67;0;334.0;;0.0299;;74.3;;0.0184;;4.25;3.2;4.9;109803;0;1;marche_estime;;;;
2015-10-01;2015;4;Tozeur;Sfax/Centre-Est/Sud;73;344.0;372.0;299.0;213.0;107.8;77.62;0;344.0;;0.0;;75.67;;0.0258;;4.25;3.2;4.9;109803;0;1;marche_estime;;;;
2016-01-01;2016;1;Tozeur;Sfax/Centre-Est/Sud;73;351.0;379.0;305.0;218.0;109.4;78.77;0;344.0;328.0;0.0203;0.0701;77.62;72.0;0.0148;0.094;4.25;3.8;3.7;109803;0;1;marche_estime;;;;
2016-04-01;2016;2;Tozeur;Sfax/Centre-Est/Sud;73;350.0;378.0;304.0;217.0;112.6;81.07;0;351.0;334.0;-0.0028;0.0479;78.77;74.3;0.0292;0.0911;4.25;3.8;3.7;109803;0;1;marche_estime;;;;
2016-07-01;2016;3;Tozeur;Sfax/Centre-Est/Sud;73;364.0;393.0;317.0;226.0;114.3;82.3;0;350.0;344.0;0.04;0.0581;81.07;75.67;0.0152;0.0876;4.25;3.8;3.7;109803;0;1;marche_estime;;;;
2016-10-01;2016;4;Tozeur;Sfax/Centre-Est/Sud;73;367.0;396.0;319.0;228.0;116.9;84.17;0;364.0;344.0;0.0082;0.0669;82.3;77.62;0.0227;0.0844;4.25;3.8;3.7;109803;0;1;marche_estime;;;;
2017-01-01;2017;1;Tozeur;Sfax/Centre-Est/Sud;73;378.0;408.0;329.0;234.0;118.7;85.46;0;367.0;351.0;0.03;0.0769;84.17;78.77;0.0153;0.0849;5.0;5.1;5.3;109803;0;1;marche_estime;;;;
2017-04-01;2017;2;Tozeur;Sfax/Centre-Est/Sud;73;382.0;413.0;332.0;237.0;121.5;87.48;0;378.0;350.0;0.0106;0.0914;85.46;81.07;0.0236;0.0791;5.0;5.1;5.3;109803;0;1;marche_estime;;;;
2017-07-01;2017;3;Tozeur;Sfax/Centre-Est/Sud;73;385.0;416.0;335.0;239.0;124.1;89.35;0;382.0;364.0;0.0079;0.0577;87.48;82.3;0.0214;0.0857;5.0;5.1;5.3;109803;0;1;marche_estime;;;;
2017-10-01;2017;4;Tozeur;Sfax/Centre-Est/Sud;73;390.0;421.0;339.0;242.0;127.3;91.66;0;385.0;367.0;0.013;0.0627;89.35;84.17;0.0259;0.089;5.0;5.1;5.3;109803;0;1;marche_estime;;;;
2018-01-01;2018;1;Tozeur;Sfax/Centre-Est/Sud;73;398.0;430.0;346.0;247.0;130.2;93.74;0;390.0;378.0;0.0205;0.0529;91.66;85.46;0.0227;0.0969;6.75;7.2;7.3;109803;0;1;marche_estime;;;;
2018-04-01;2018;2;Tozeur;Sfax/Centre-Est/Sud;73;405.0;437.0;352.0;251.0;138.7;99.86;0;398.0;382.0;0.0176;0.0602;93.74;87.48;0.0653;0.1415;6.75;7.2;7.3;109803;0;1;marche_estime;;;;
2018-07-01;2018;3;Tozeur;Sfax/Centre-Est/Sud;73;408.0;441.0;355.0;253.0;141.9;102.17;0;405.0;385.0;0.0074;0.0597;99.86;89.35;0.0231;0.1435;6.75;7.2;7.3;109803;0;1;marche_estime;;;;
2018-10-01;2018;4;Tozeur;Sfax/Centre-Est/Sud;73;421.0;455.0;366.0;261.0;145.6;104.83;0;408.0;390.0;0.0319;0.0795;102.17;91.66;0.026;0.1437;6.75;7.2;7.3;109803;0;1;marche_estime;;;;
2019-01-01;2019;1;Tozeur;Sfax/Centre-Est/Sud;73;424.0;458.0;369.0;263.0;148.4;106.85;0;421.0;398.0;0.0071;0.0653;104.83;93.74;0.0193;0.1399;7.75;6.4;6.7;109803;0;1;marche_estime;;;;
2019-04-01;2019;2;Tozeur;Sfax/Centre-Est/Sud;73;423.0;457.0;368.0;262.0;156.4;112.61;0;424.0;405.0;-0.0024;0.0444;106.85;99.86;0.0539;0.1277;7.75;6.4;6.7;109803;0;1;marche_estime;;;;
2019-07-01;2019;3;Tozeur;Sfax/Centre-Est/Sud;73;419.0;453.0;365.0;260.0;159.8;115.06;0;423.0;408.0;-0.0095;0.027;112.61;102.17;0.0218;0.1262;7.75;6.4;6.7;109803;0;1;marche_estime;;;;
2019-10-01;2019;4;Tozeur;Sfax/Centre-Est/Sud;73;450.0;486.0;392.0;279.0;162.1;116.71;0;419.0;421.0;0.074;0.0689;115.06;104.83;0.0143;0.1133;7.75;6.4;6.7;109803;0;1;marche_estime;;;;
2020-01-01;2020;1;Tozeur;Sfax/Centre-Est/Sud;73;458.0;495.0;398.0;284.0;164.7;118.58;0;450.0;424.0;0.0178;0.0802;116.71;106.85;0.016;0.1098;6.25;5.8;5.6;109803;0;1;marche_estime;;;;
2020-04-01;2020;2;Tozeur;Sfax/Centre-Est/Sud;73;453.0;489.0;394.0;281.0;166.7;120.02;0;458.0;423.0;-0.0109;0.0709;118.58;112.61;0.0121;0.0658;6.25;5.8;5.6;109803;0;1;marche_estime;;;;
2020-07-01;2020;3;Tozeur;Sfax/Centre-Est/Sud;73;467.0;504.0;406.0;290.0;176.7;127.22;0;453.0;419.0;0.0309;0.1146;120.02;115.06;0.06;0.1057;6.25;5.8;5.6;109803;0;1;marche_estime;;;;
2020-10-01;2020;4;Tozeur;Sfax/Centre-Est/Sud;73;458.0;495.0;398.0;284.0;183.9;132.41;0;467.0;450.0;-0.0193;0.0178;127.22;116.71;0.0408;0.1345;6.25;5.8;5.6;109803;0;1;marche_estime;;;;
2021-01-01;2021;1;Tozeur;Sfax/Centre-Est/Sud;73;459.0;496.0;399.0;285.0;196.8;141.7;0;458.0;458.0;0.0022;0.0022;132.41;118.58;0.0702;0.195;6.25;9.1;6.0;109803;0;1;marche_estime;;;;
2021-04-01;2021;2;Tozeur;Sfax/Centre-Est/Sud;73;476.0;514.0;414.0;295.0;209.8;151.06;0;459.0;453.0;0.037;0.0508;141.7;120.02;0.0661;0.2586;6.25;9.1;6.0;109803;0;1;marche_estime;;;;
2021-07-01;2021;3;Tozeur;Sfax/Centre-Est/Sud;73;492.0;531.0;428.0;305.0;202.1;145.51;0;476.0;467.0;0.0336;0.0535;151.06;127.22;-0.0367;0.1438;6.25;9.1;6.0;109803;0;1;marche_estime;;;;
2021-10-01;2021;4;Tozeur;Sfax/Centre-Est/Sud;73;496.0;536.0;432.0;308.0;209.0;150.48;0;492.0;458.0;0.0081;0.083;145.51;132.41;0.0342;0.1365;6.25;9.1;6.0;109803;0;1;marche_estime;;;;
2022-01-01;2022;1;Tozeur;Sfax/Centre-Est/Sud;73;511.0;552.0;445.0;317.0;216.94444444444446;156.2;1;496.0;459.0;0.0302;0.1133;150.48;141.7;0.038;0.1023;7.25;14.3;8.3;109803;0;1;marche_estime;;;;
2022-04-01;2022;2;Tozeur;Sfax/Centre-Est/Sud;73;510.0;551.0;444.0;316.0;224.88888888888889;161.92;1;511.0;476.0;-0.002;0.0714;156.2;151.06;0.0366;0.0719;7.25;14.3;8.3;109803;0;1;marche_estime;;;;
2022-07-01;2022;3;Tozeur;Sfax/Centre-Est/Sud;73;514.0;555.0;447.0;319.0;232.83333333333334;167.64;1;510.0;492.0;0.0078;0.0447;161.92;145.51;0.0353;0.1521;7.25;14.3;8.3;109803;0;1;marche_estime;;;;
2022-10-01;2022;4;Tozeur;Sfax/Centre-Est/Sud;73;525.0;567.0;457.0;326.0;240.77777777777777;173.36;1;514.0;496.0;0.0214;0.0585;167.64;150.48;0.0341;0.152;7.25;14.3;8.3;109803;0;1;marche_estime;;;;
2023-01-01;2023;1;Tozeur;Sfax/Centre-Est/Sud;73;531.0;573.0;462.0;329.0;248.72222222222223;179.08;1;525.0;511.0;0.0114;0.0391;173.36;156.2;0.033;0.1465;8.0;11.2;9.3;109803;0;1;marche_estime;;;;
2023-04-01;2023;2;Tozeur;Sfax/Centre-Est/Sud;73;543.0;586.0;472.0;337.0;256.6666666666667;184.8;1;531.0;510.0;0.0226;0.0647;179.08;161.92;0.0319;0.1413;8.0;11.2;9.3;109803;0;1;marche_estime;;;;
2023-07-01;2023;3;Tozeur;Sfax/Centre-Est/Sud;73;555.0;599.0;483.0;344.0;264.6111111111111;190.52;1;543.0;514.0;0.0221;0.0798;184.8;167.64;0.031;0.1365;8.0;11.2;9.3;109803;0;1;marche_estime;;;;
2023-10-01;2023;4;Tozeur;Sfax/Centre-Est/Sud;73;567.0;612.0;493.0;352.0;272.55555555555554;196.24;1;555.0;525.0;0.0216;0.08;190.52;173.36;0.03;0.132;8.0;11.2;9.3;109803;0;1;marche_estime;;;;
2024-01-01;2024;1;Tozeur;Sfax/Centre-Est/Sud;73;578.0;624.0;503.0;358.0;280.5;201.96;0;567.0;531.0;0.0194;0.0885;196.24;179.08;0.0291;0.1278;7.5;8.1;7.0;109803;0;1;marche_estime;;;;
2024-04-01;2024;2;Tozeur;Sfax/Centre-Est/Sud;73;576.0;622.0;501.0;357.0;287.3;206.86;0;578.0;543.0;-0.0035;0.0608;201.96;184.8;0.0243;0.1194;7.5;8.1;7.0;109803;0;1;marche_estime;;;;
2024-07-01;2024;3;Tozeur;Sfax/Centre-Est/Sud;73;603.0;651.0;525.0;374.0;293.1;211.03;0;576.0;555.0;0.0469;0.0865;206.86;190.52;0.0202;0.1077;7.5;8.1;7.0;109803;0;1;marche_estime;;;;
2024-10-01;2024;4;Tozeur;Sfax/Centre-Est/Sud;73;597.0;645.0;519.0;370.0;299.8;215.86;0;603.0;567.0;-0.01;0.0529;211.03;196.24;0.0229;0.1;7.5;8.1;7.0;109803;0;1;marche_estime;;;;
2025-01-01;2025;1;Tozeur;Sfax/Centre-Est/Sud;73;602.0;650.0;524.0;373.0;308.2;221.9;0;597.0;578.0;0.0084;0.0415;215.86;201.96;0.028;0.0987;7.0;6.5;5.8;109803;0;1;marche_estime;;;;
2025-04-01;2025;2;Tozeur;Sfax/Centre-Est/Sud;73;621.0;671.0;540.0;385.0;315.0;226.8;0;602.0;576.0;0.0316;0.0781;221.9;206.86;0.0221;0.0964;7.0;6.5;5.8;109803;0;1;marche_estime;;;;
2025-07-01;2025;3;Tozeur;Sfax/Centre-Est/Sud;73;;;;;243.33333333333331;226.8;0;621.0;603.0;;;226.8;211.03;0.0;0.0747;;;;109803;0;1;;;;;
2025-10-01;2025;4;Tozeur;Sfax/Centre-Est/Sud;73;;;;;171.66666666666666;226.8;0;;597.0;;;226.8;215.86;0.0;0.0507;;;;109803;0;1;;;;;
2015-01-01;2015;1;Tunis;Grand Tunis;11;2031.0;2193.0;1767.0;1259.0;100.0;142.0;0;;;;;;;;;4.25;3.2;4.9;1056247;0;0;marche_estime;21.833333333333332;11955.0;914276.6;56.666666666666664
2015-04-01;2015;2;Tunis;Grand Tunis;11;2071.0;2237.0;1802.0;1284.0;103.2;146.54;0;2031.0;;0.0197;;142.0;;0.032;;4.25;3.2;4.9;1056247;0;0;marche_estime;22.206;21661.0;4942759.069999999;58.666666666666664
2015-07-01;2015;3;Tunis;Grand Tunis;11;2132.0;2303.0;1855.0;1322.0;105.1;149.24;0;2071.0;;0.0295;;146.54;;0.0184;;4.25;3.2;4.9;1056247;0;0;marche_estime;22.584333333333333;4791.0;2871404.77;61.666666666666664
2015-10-01;2015;4;Tunis;Grand Tunis;11;2152.0;2324.0;1872.0;1334.0;107.8;153.08;0;2132.0;;0.0094;;149.24;;0.0257;;4.25;3.2;4.9;1056247;0;0;marche_estime;22.97;6618.0;1227776.47;59.0
2016-01-01;2016;1;Tunis;Grand Tunis;11;2165.0;2338.0;1884.0;1342.0;109.4;155.35;0;2152.0;2031.0;0.006;0.066;153.08;142.0;0.0148;0.094;4.25;3.8;3.7;1056247;0;0;marche_estime;23.361666666666665;16281.0;1547747.8399999999;59.0
2016-04-01;2016;2;Tunis;Grand Tunis;11;2255.0;2435.0;1962.0;1398.0;112.6;159.89;0;2165.0;2071.0;0.0416;0.0888;155.35;146.54;0.0292;0.0911;4.25;3.8;3.7;1056247;0;0;marche_estime;23.76033333333333;18143.0;1115260.59;63.0
2016-07-01;2016;3;Tunis;Grand Tunis;11;2263.0;2444.0;1969.0;1403.0;114.3;162.31;0;2255.0;2132.0;0.0035;0.0614;159.89;149.24;0.0151;0.0876;4.25;3.8;3.7;1056247;0;0;marche_estime;24.165666666666667;7397.0;4537747.890000001;59.666666666666664
2016-10-01;2016;4;Tunis;Grand Tunis;11;2318.0;2503.0;2017.0;1437.0;116.9;166.0;0;2263.0;2152.0;0.0243;0.0771;162.31;153.08;0.0227;0.0844;4.25;3.8;3.7;1056247;0;0;marche_estime;24.57766666666667;3436.0;1302913.93;60.666666666666664
2017-01-01;2017;1;Tunis;Grand Tunis;11;2367.0;2556.0;2059.0;1468.0;118.7;168.55;0;2318.0;2165.0;0.0211;0.0933;166.0;155.35;0.0154;0.085;5.0;5.1;5.3;1056247;0;0;marche_estime;24.997;13954.0;3589750.9699999997;58.333333333333336
2017-04-01;2017;2;Tunis;Grand Tunis;11;2438.0;2633.0;2121.0;1512.0;121.5;172.53;0;2367.0;2255.0;0.03;0.0812;168.55;159.89;0.0236;0.0791;5.0;5.1;5.3;1056247;0;0;marche_estime;25.423666666666666;22525.0;2472026.73;59.0
2017-07-01;2017;3;Tunis;Grand Tunis;11;2449.0;2645.0;2131.0;1518.0;124.1;176.22;0;2438.0;2263.0;0.0045;0.0822;172.53;162.31;0.0214;0.0857;5.0;5.1;5.3;1056247;0;0;marche_estime;25.857333333333333;12514.0;774886.27;59.0
2017-10-01;2017;4;Tunis;Grand Tunis;11;2477.0;2675.0;2155.0;1536.0;127.3;180.77;0;2449.0;2318.0;0.0114;0.0686;176.22;166.0;0.0258;0.089;5.0;5.1;5.3;1056247;0;0;marche_estime;26.298000000000002;8936.0;2480728.64;61.0
2018-01-01;2018;1;Tunis;Grand Tunis;11;2562.0;2767.0;2229.0;1588.0;130.2;184.88;0;2477.0;2367.0;0.0343;0.0824;180.77;168.55;0.0227;0.0969;6.75;7.2;7.3;1056247;0;0;marche_estime;26.747;16444.0;957882.1699999999;58.333333333333336
2018-04-01;2018;2;Tunis;Grand Tunis;11;2616.0;2825.0;2276.0;1622.0;138.7;196.95;0;2562.0;2438.0;0.0211;0.073;184.88;172.53;0.0653;0.1415;6.75;7.2;7.3;1056247;0;0;marche_estime;27.203;5771.0;6117668.63;58.666666666666664
2018-07-01;2018;3;Tunis;Grand Tunis;11;2629.0;2839.0;2287.0;1630.0;141.9;201.5;0;2616.0;2449.0;0.005;0.0735;196.95;176.22;0.0231;0.1435;6.75;7.2;7.3;1056247;0;0;marche_estime;27.667333333333332;14257.0;2437325.23;59.333333333333336
2018-10-01;2018;4;Tunis;Grand Tunis;11;2687.0;2902.0;2338.0;1666.0;145.6;206.75;0;2629.0;2477.0;0.0221;0.0848;201.5;180.77;0.0261;0.1437;6.75;7.2;7.3;1056247;0;0;marche_estime;28.139333333333337;8160.0;2224626.12;57.333333333333336
2019-01-01;2019;1;Tunis;Grand Tunis;11;2746.0;2966.0;2389.0;1703.0;148.4;210.73;0;2687.0;2562.0;0.022;0.0718;206.75;184.88;0.0193;0.1398;7.75;6.4;6.7;1056247;0;0;marche_estime;28.619;14794.0;4171126.3400000003;60.0
2019-04-01;2019;2;Tunis;Grand Tunis;11;2889.0;3120.0;2513.0;1791.0;156.4;222.09;0;2746.0;2616.0;0.0521;0.1044;210.73;196.95;0.0539;0.1276;7.75;6.4;6.7;1056247;0;0;marche_estime;29.107333333333333;14127.0;10964033.059999999;59.666666666666664
2019-07-01;2019;3;Tunis;Grand Tunis;11;2878.0;3108.0;2504.0;1784.0;159.8;226.92;0;2889.0;2629.0;-0.0038;0.0947;222.09;201.5;0.0217;0.1262;7.75;6.4;6.7;1056247;0;0;marche_estime;29.604;28786.0;2133558.02;61.666666666666664
2019-10-01;2019;4;Tunis;Grand Tunis;11;2918.0;3151.0;2539.0;1809.0;162.1;230.18;0;2878.0;2687.0;0.0139;0.086;226.92;206.75;0.0144;0.1133;7.75;6.4;6.7;1056247;0;0;marche_estime;30.108666666666664;5026.0;1093453.89;58.333333333333336
2020-01-01;2020;1;Tunis;Grand Tunis;11;2988.0;3227.0;2600.0;1853.0;164.7;233.87;0;2918.0;2746.0;0.024;0.0881;230.18;210.73;0.016;0.1098;6.25;5.8;5.6;1056247;0;0;marche_estime;30.622333333333334;8782.0;1059601.02;60.333333333333336
2020-04-01;2020;2;Tunis;Grand Tunis;11;3009.0;3250.0;2618.0;1866.0;166.7;236.71;0;2988.0;2889.0;0.007;0.0415;233.87;222.09;0.0121;0.0658;6.25;5.8;5.6;1056247;0;0;marche_estime;31.144666666666666;19491.0;1677714.08;58.333333333333336
2020-07-01;2020;3;Tunis;Grand Tunis;11;3131.0;3381.0;2724.0;1941.0;176.7;250.91;0;3009.0;2878.0;0.0405;0.0879;236.71;226.92;0.06;0.1057;6.25;5.8;5.6;1056247;0;0;marche_estime;31.676333333333332;6832.0;2976551.54;61.666666666666664
2020-10-01;2020;4;Tunis;Grand Tunis;11;3144.0;3396.0;2735.0;1949.0;183.9;261.14;0;3131.0;2918.0;0.0042;0.0775;250.91;230.18;0.0408;0.1345;6.25;5.8;5.6;1056247;0;0;marche_estime;32.21633333333333;10430.0;1633058.4;57.333333333333336
2021-01-01;2021;1;Tunis;Grand Tunis;11;3274.0;3536.0;2848.0;2030.0;196.8;279.46;0;3144.0;2988.0;0.0413;0.0957;261.14;233.87;0.0702;0.1949;6.25;9.1;6.0;1056247;0;0;marche_estime;32.766;29759.0;6635953.03;60.666666666666664
2021-04-01;2021;2;Tunis;Grand Tunis;11;3237.0;3496.0;2816.0;2007.0;209.8;297.92;0;3274.0;3009.0;-0.0113;0.0758;279.46;236.71;0.0661;0.2586;6.25;9.1;6.0;1056247;0;0;marche_estime;33.324999999999996;19718.0;4276741.53;58.666666666666664
2021-07-01;2021;3;Tunis;Grand Tunis;11;3298.0;3562.0;2869.0;2045.0;202.1;286.98;0;3237.0;3131.0;0.0188;0.0533;297.92;250.91;-0.0367;0.1438;6.25;9.1;6.0;1056247;0;0;marche_estime;33.89333333333333;8977.0;2130015.9;61.0
2021-10-01;2021;4;Tunis;Grand Tunis;11;3420.0;3694.0;2975.0;2120.0;209.0;296.78;0;3298.0;3144.0;0.037;0.0878;286.98;261.14;0.0341;0.1365;6.25;9.1;6.0;1056247;0;0;marche_estime;34.47133333333333;14323.0;5114523.859999999;59.666666666666664
2022-01-01;2022;1;Tunis;Grand Tunis;11;3535.0;3818.0;3075.0;2192.0;216.94444444444446;308.0611111111111;1;3420.0;3274.0;0.0336;0.0797;296.78;279.46;0.038;0.1023;7.25;14.3;8.3;1056247;0;0;marche_estime;35.059333333333335;19960.0;3020289.28;58.666666666666664
2022-04-01;2022;2;Tunis;Grand Tunis;11;3574.0;3860.0;3109.0;2216.0;224.88888888888889;319.3422222222222;1;3535.0;3237.0;0.011;0.1041;308.0611111111111;297.92;0.0366;0.0719;7.25;14.3;8.3;1056247;0;0;marche_estime;35.65766666666667;2224.0;6839548.04;58.333333333333336
2022-07-01;2022;3;Tunis;Grand Tunis;11;3636.0;3927.0;3163.0;2254.0;232.83333333333334;330.62333333333333;1;3574.0;3298.0;0.0173;0.1025;319.3422222222222;286.98;0.0353;0.1521;7.25;14.3;8.3;1056247;0;0;marche_estime;36.266;2362.0;475057.02;59.0
2022-10-01;2022;4;Tunis;Grand Tunis;11;3710.0;4007.0;3228.0;2300.0;240.77777777777777;341.90444444444444;1;3636.0;3420.0;0.0204;0.0848;330.62333333333333;296.78;0.0341;0.152;7.25;14.3;8.3;1056247;0;0;marche_estime;36.88433333333334;10578.0;3181328.49;58.666666666666664
2023-01-01;2023;1;Tunis;Grand Tunis;11;3751.0;4051.0;3263.0;2326.0;248.72222222222223;353.18555555555554;1;3710.0;3535.0;0.0111;0.0611;341.90444444444444;308.0611111111111;0.033;0.1465;8.0;11.2;9.3;1056247;0;0;marche_estime;37.513333333333335;12621.0;663535.19;60.666666666666664
2023-04-01;2023;2;Tunis;Grand Tunis;11;3812.0;4117.0;3316.0;2363.0;256.6666666666667;364.46666666666664;1;3751.0;3574.0;0.0163;0.0666;353.18555555555554;319.3422222222222;0.0319;0.1413;8.0;11.2;9.3;1056247;0;0;marche_estime;38.153666666666666;8953.0;2092695.8299999998;59.333333333333336
2023-07-01;2023;3;Tunis;Grand Tunis;11;3887.0;4198.0;3382.0;2410.0;264.6111111111111;375.74777777777774;1;3812.0;3636.0;0.0197;0.069;364.46666666666664;330.62333333333333;0.031;0.1365;8.0;11.2;9.3;1056247;0;0;marche_estime;38.80433333333333;10568.0;3597464.2399999998;63.0
2023-10-01;2023;4;Tunis;Grand Tunis;11;4150.0;4482.0;3610.0;2573.0;272.55555555555554;387.0288888888889;1;3887.0;3710.0;0.0677;0.1186;375.74777777777774;341.90444444444444;0.03;0.132;8.0;11.2;9.3;1056247;0;0;marche_estime;39.46633333333333;10487.0;2853000.37;58.666666666666664
2024-01-01;2024;1;Tunis;Grand Tunis;11;4063.0;4388.0;3535.0;2519.0;280.5;398.31;0;4150.0;3751.0;-0.021;0.0832;387.0288888888889;353.18555555555554;0.0291;0.1278;7.5;8.1;7.0;1056247;0;0;marche_estime;40.13966666666666;3078.0;1029611.7100000001;61.0
2024-04-01;2024;2;Tunis;Grand Tunis;11;4117.0;4446.0;3582.0;2553.0;287.3;407.97;0;4063.0;3812.0;0.0133;0.08;398.31;364.46666666666664;0.0243;0.1194;7.5;8.1;7.0;1056247;0;0;marche_estime;40.824666666666666;17455.0;1443343.1;60.333333333333336
2024-07-01;2024;3;Tunis;Grand Tunis;11;4261.0;4602.0;3707.0;2642.0;293.1;416.2;0;4117.0;3887.0;0.035;0.0962;407.97;375.74777777777774;0.0202;0.1077;7.5;8.1;7.0;1056247;0;0;marche_estime;41.52066666666666;14927.0;1775841.51;63.0
2024-10-01;2024;4;Tunis;Grand Tunis;11;4313.0;4658.0;3752.0;2674.0;299.8;425.72;0;4261.0;4150.0;0.0122;0.0393;416.2;387.0288888888889;0.0229;0.1;7.5;8.1;7.0;1056247;0;0;marche_estime;42.229;26355.0;3564818.44;59.0
2025-01-01;2025;1;Tunis;Grand Tunis;11;4424.0;4778.0;3849.0;2743.0;308.2;437.64;0;4313.0;4063.0;0.0257;0.0889;425.72;398.31;0.028;0.0987;7.0;6.5;5.8;1056247;0;0;marche_estime;42.94966666666667;7716.0;841255.8300000001;56.0
2025-04-01;2025;2;Tunis;Grand Tunis;11;4442.0;4797.0;3865.0;2754.0;315.0;447.3;0;4424.0;4117.0;0.0041;0.0789;437.64;407.97;0.0221;0.0964;7.0;6.5;5.8;1056247;0;0;marche_estime;43.681999999999995;5052.0;4669247.74;59.0
2025-07-01;2025;3;Tunis;Grand Tunis;11;;;;;243.33333333333331;447.3;0;4442.0;4261.0;;;447.3;416.2;0.0;0.0747;;;;1056247;0;0;;;;;
2025-10-01;2025;4;Tunis;Grand Tunis;11;;;;;171.66666666666666;447.3;0;;4313.0;;;447.3;425.72;0.0;0.0507;;;;1056247;0;0;;;;;
2015-01-01;2015;1;Zaghouan;Zaghouan/Bizerte/NO;22;375.0;405.0;326.0;232.0;100.0;52.0;0;;;;;;;;;4.25;3.2;4.9;185564;0;0;marche_estime;;;;
2015-04-01;2015;2;Zaghouan;Zaghouan/Bizerte/NO;22;380.0;410.0;331.0;236.0;103.2;53.66;0;375.0;;0.0133;;52.0;;0.0319;;4.25;3.2;4.9;185564;0;0;marche_estime;;;;
2015-07-01;2015;3;Zaghouan;Zaghouan/Bizerte/NO;22;389.0;420.0;338.0;241.0;105.1;54.65;0;380.0;;0.0237;;53.66;;0.0184;;4.25;3.2;4.9;185564;0;0;marche_estime;;;;
2015-10-01;2015;4;Zaghouan;Zaghouan/Bizerte/NO;22;389.0;420.0;338.0;241.0;107.8;56.06;0;389.0;;0.0;;54.65;;0.0258;;4.25;3.2;4.9;185564;0;0;marche_estime;;;;
2016-01-01;2016;1;Zaghouan;Zaghouan/Bizerte/NO;22;396.0;428.0;345.0;246.0;109.4;56.89;0;389.0;375.0;0.018;0.056;56.06;52.0;0.0148;0.094;4.25;3.8;3.7;185564;0;0;marche_estime;;;;
2016-04-01;2016;2;Zaghouan;Zaghouan/Bizerte/NO;22;408.0;441.0;355.0;253.0;112.6;58.55;0;396.0;380.0;0.0303;0.0737;56.89;53.66;0.0292;0.0911;4.25;3.8;3.7;185564;0;0;marche_estime;;;;
2016-07-01;2016;3;Zaghouan;Zaghouan/Bizerte/NO;22;401.0;433.0;349.0;249.0;114.3;59.44;0;408.0;389.0;-0.0172;0.0308;58.55;54.65;0.0152;0.0876;4.25;3.8;3.7;185564;0;0;marche_estime;;;;
2016-10-01;2016;4;Zaghouan;Zaghouan/Bizerte/NO;22;416.0;449.0;362.0;258.0;116.9;60.79;0;401.0;389.0;0.0374;0.0694;59.44;56.06;0.0227;0.0844;4.25;3.8;3.7;185564;0;0;marche_estime;;;;
2017-01-01;2017;1;Zaghouan;Zaghouan/Bizerte/NO;22;413.0;446.0;359.0;256.0;118.7;61.72;0;416.0;396.0;-0.0072;0.0429;60.79;56.89;0.0153;0.0849;5.0;5.1;5.3;185564;0;0;marche_estime;;;;
2017-04-01;2017;2;Zaghouan;Zaghouan/Bizerte/NO;22;431.0;465.0;375.0;267.0;121.5;63.18;0;413.0;408.0;0.0436;0.0564;61.72;58.55;0.0237;0.0791;5.0;5.1;5.3;185564;0;0;marche_estime;;;;
2017-07-01;2017;3;Zaghouan;Zaghouan/Bizerte/NO;22;427.0;461.0;371.0;265.0;124.1;64.53;0;431.0;401.0;-0.0093;0.0648;63.18;59.44;0.0214;0.0856;5.0;5.1;5.3;185564;0;0;marche_estime;;;;
2017-10-01;2017;4;Zaghouan;Zaghouan/Bizerte/NO;22;432.0;467.0;376.0;268.0;127.3;66.2;0;427.0;416.0;0.0117;0.0385;64.53;60.79;0.0259;0.089;5.0;5.1;5.3;185564;0;0;marche_estime;;;;
2018-01-01;2018;1;Zaghouan;Zaghouan/Bizerte/NO;22;441.0;476.0;384.0;273.0;130.2;67.7;0;432.0;413.0;0.0208;0.0678;66.2;61.72;0.0227;0.0969;6.75;7.2;7.3;185564;0;0;marche_estime;;;;
2018-04-01;2018;2;Zaghouan;Zaghouan/Bizerte/NO;22;441.0;476.0;384.0;273.0;138.7;72.12;0;441.0;431.0;0.0;0.0232;67.7;63.18;0.0653;0.1415;6.75;7.2;7.3;185564;0;0;marche_estime;;;;
2018-07-01;2018;3;Zaghouan;Zaghouan/Bizerte/NO;22;453.0;489.0;394.0;281.0;141.9;73.79;0;441.0;427.0;0.0272;0.0609;72.12;64.53;0.0232;0.1435;6.75;7.2;7.3;185564;0;0;marche_estime;;;;
2018-10-01;2018;4;Zaghouan;Zaghouan/Bizerte/NO;22;459.0;496.0;399.0;285.0;145.6;75.71;0;453.0;432.0;0.0132;0.0625;73.79;66.2;0.026;0.1437;6.75;7.2;7.3;185564;0;0;marche_estime;;;;
2019-01-01;2019;1;Zaghouan;Zaghouan/Bizerte/NO;22;472.0;510.0;411.0;293.0;148.4;77.17;0;459.0;441.0;0.0283;0.0703;75.71;67.7;0.0193;0.1399;7.75;6.4;6.7;185564;0;0;marche_estime;;;;
2019-04-01;2019;2;Zaghouan;Zaghouan/Bizerte/NO;22;472.0;510.0;411.0;293.0;156.4;81.33;0;472.0;441.0;0.0;0.0703;77.17;72.12;0.0539;0.1277;7.75;6.4;6.7;185564;0;0;marche_estime;;;;
2019-07-01;2019;3;Zaghouan;Zaghouan/Bizerte/NO;22;489.0;528.0;425.0;303.0;159.8;83.1;0;472.0;453.0;0.036;0.0795;81.33;73.79;0.0218;0.1262;7.75;6.4;6.7;185564;0;0;marche_estime;;;;
2019-10-01;2019;4;Zaghouan;Zaghouan/Bizerte/NO;22;483.0;522.0;420.0;299.0;162.1;84.29;0;489.0;459.0;-0.0123;0.0523;83.1;75.71;0.0143;0.1133;7.75;6.4;6.7;185564;0;0;marche_estime;;;;
2020-01-01;2020;1;Zaghouan;Zaghouan/Bizerte/NO;22;494.0;534.0;430.0;306.0;164.7;85.64;0;483.0;472.0;0.0228;0.0466;84.29;77.17;0.016;0.1098;6.25;5.8;5.6;185564;0;0;marche_estime;;;;
2020-04-01;2020;2;Zaghouan;Zaghouan/Bizerte/NO;22;505.0;545.0;439.0;313.0;166.7;86.68;0;494.0;472.0;0.0223;0.0699;85.64;81.33;0.0121;0.0658;6.25;5.8;5.6;185564;0;0;marche_estime;;;;
2020-07-01;2020;3;Zaghouan;Zaghouan/Bizerte/NO;22;501.0;541.0;436.0;311.0;176.7;91.88;0;505.0;489.0;-0.0079;0.0245;86.68;83.1;0.06;0.1057;6.25;5.8;5.6;185564;0;0;marche_estime;;;;
2020-10-01;2020;4;Zaghouan;Zaghouan/Bizerte/NO;22;508.0;549.0;442.0;315.0;183.9;95.63;0;501.0;483.0;0.014;0.0518;91.88;84.29;0.0408;0.1345;6.25;5.8;5.6;185564;0;0;marche_estime;;;;
2021-01-01;2021;1;Zaghouan;Zaghouan/Bizerte/NO;22;505.0;545.0;439.0;313.0;196.8;102.34;0;508.0;494.0;-0.0059;0.0223;95.63;85.64;0.0702;0.195;6.25;9.1;6.0;185564;0;0;marche_estime;;;;
2021-04-01;2021;2;Zaghouan;Zaghouan/Bizerte/NO;22;525.0;567.0;457.0;326.0;209.8;109.1;0;505.0;505.0;0.0396;0.0396;102.34;86.68;0.0661;0.2587;6.25;9.1;6.0;185564;0;0;marche_estime;;;;
2021-07-01;2021;3;Zaghouan;Zaghouan/Bizerte/NO;22;529.0;571.0;460.0;328.0;202.1;105.09;0;525.0;501.0;0.0076;0.0559;109.1;91.88;-0.0368;0.1438;6.25;9.1;6.0;185564;0;0;marche_estime;;;;
2021-10-01;2021;4;Zaghouan;Zaghouan/Bizerte/NO;22;541.0;584.0;471.0;335.0;209.0;108.68;0;529.0;508.0;0.0227;0.065;105.09;95.63;0.0342;0.1365;6.25;9.1;6.0;185564;0;0;marche_estime;;;;
2022-01-01;2022;1;Zaghouan;Zaghouan/Bizerte/NO;22;547.0;591.0;476.0;339.0;216.94444444444446;112.81111111111112;1;541.0;505.0;0.0111;0.0832;108.68;102.34;0.038;0.1023;7.25;14.3;8.3;185564;0;0;marche_estime;;;;
2022-04-01;2022;2;Zaghouan;Zaghouan/Bizerte/NO;22;547.0;591.0;476.0;339.0;224.88888888888889;116.94222222222223;1;547.0;525.0;0.0;0.0419;112.81111111111112;109.1;0.0366;0.0719;7.25;14.3;8.3;185564;0;0;marche_estime;;;;
2022-07-01;2022;3;Zaghouan;Zaghouan/Bizerte/NO;22;556.0;600.0;484.0;345.0;232.83333333333334;121.07333333333334;1;547.0;529.0;0.0165;0.051;116.94222222222223;105.09;0.0353;0.1521;7.25;14.3;8.3;185564;0;0;marche_estime;;;;
2022-10-01;2022;4;Zaghouan;Zaghouan/Bizerte/NO;22;572.0;618.0;498.0;355.0;240.77777777777777;125.20444444444445;1;556.0;541.0;0.0288;0.0573;121.07333333333334;108.68;0.0341;0.152;7.25;14.3;8.3;185564;0;0;marche_estime;;;;
2023-01-01;2023;1;Zaghouan;Zaghouan/Bizerte/NO;22;586.0;633.0;510.0;363.0;248.72222222222223;129.33555555555557;1;572.0;547.0;0.0245;0.0713;125.20444444444445;112.81111111111112;0.033;0.1465;8.0;11.2;9.3;185564;0;0;marche_estime;;;;
2023-04-01;2023;2;Zaghouan;Zaghouan/Bizerte/NO;22;574.0;620.0;499.0;356.0;256.6666666666667;133.46666666666667;1;586.0;547.0;-0.0205;0.0494;129.33555555555557;116.94222222222223;0.0319;0.1413;8.0;11.2;9.3;185564;0;0;marche_estime;;;;
2023-07-01;2023;3;Zaghouan;Zaghouan/Bizerte/NO;22;583.0;630.0;507.0;361.0;264.6111111111111;137.5977777777778;1;574.0;556.0;0.0157;0.0486;133.46666666666667;121.07333333333334;0.031;0.1365;8.0;11.2;9.3;185564;0;0;marche_estime;;;;
2023-10-01;2023;4;Zaghouan;Zaghouan/Bizerte/NO;22;602.0;650.0;524.0;373.0;272.55555555555554;141.7288888888889;1;583.0;572.0;0.0326;0.0524;137.5977777777778;125.20444444444445;0.03;0.132;8.0;11.2;9.3;185564;0;0;marche_estime;;;;
2024-01-01;2024;1;Zaghouan;Zaghouan/Bizerte/NO;22;603.0;651.0;525.0;374.0;280.5;145.86;0;602.0;586.0;0.0017;0.029;141.7288888888889;129.33555555555557;0.0291;0.1278;7.5;8.1;7.0;185564;0;0;marche_estime;;;;
2024-04-01;2024;2;Zaghouan;Zaghouan/Bizerte/NO;22;624.0;674.0;543.0;387.0;287.3;149.4;0;603.0;574.0;0.0348;0.0871;145.86;133.46666666666667;0.0243;0.1194;7.5;8.1;7.0;185564;0;0;marche_estime;;;;
2024-07-01;2024;3;Zaghouan;Zaghouan/Bizerte/NO;22;623.0;673.0;542.0;386.0;293.1;152.41;0;624.0;583.0;-0.0016;0.0686;149.4;137.5977777777778;0.0201;0.1076;7.5;8.1;7.0;185564;0;0;marche_estime;;;;
2024-10-01;2024;4;Zaghouan;Zaghouan/Bizerte/NO;22;630.0;680.0;548.0;391.0;299.8;155.9;0;623.0;602.0;0.0112;0.0465;152.41;141.7288888888889;0.0229;0.1;7.5;8.1;7.0;185564;0;0;marche_estime;;;;
2025-01-01;2025;1;Zaghouan;Zaghouan/Bizerte/NO;22;642.0;693.0;559.0;398.0;308.2;160.26;0;630.0;603.0;0.019;0.0647;155.9;145.86;0.028;0.0987;7.0;6.5;5.8;185564;0;0;marche_estime;;;;
2025-04-01;2025;2;Zaghouan;Zaghouan/Bizerte/NO;22;643.0;694.0;559.0;399.0;315.0;163.8;0;642.0;624.0;0.0016;0.0304;160.26;149.4;0.0221;0.0964;7.0;6.5;5.8;185564;0;0;marche_estime;;;;
2025-07-01;2025;3;Zaghouan;Zaghouan/Bizerte/NO;22;;;;;315.0;163.8;0;643.0;623.0;;;163.8;152.41;0.0;0.0747;;;;185564;0;0;;;;;
2025-10-01;2025;4;Zaghouan;Zaghouan/Bizerte/NO;22;;;;;315.0;163.8;0;;630.0;;;163.8;155.9;0.0;0.0507;;;;185564;0;0;;;;;
