Région,Titre,Type,Prix,Surface,Pièces,Lien
Bizerte,Etage de villa en vente,villa,600 000 DT,411 m²,,https://www.tecnocasa.tn/vendre/villa/bizerte/bizerte/63247.html
Bizerte,S+2 en vente,appartement,140 000 DT,63 m²,3 pièces,https://www.tecnocasa.tn/vendre/appartement/bizerte/bizerte/62987.html
Bizerte,Villa jumelée en vente,villa,550 000 DT,196 m²,,https://www.tecnocasa.tn/vendre/villa/bizerte/bizerte/61927.html
Bizerte,S+2 en vente,appartement,330 000 DT,130 m²,3 pièces,https://www.tecnocasa.tn/vendre/appartement/bizerte/bizerte/62274.html
Bizerte,Triplex en vente,appartement,200 000 DT,205 m²,,https://www.tecnocasa.tn/vendre/appartement/bizerte/bizerte/58845.html
Bizerte,S+2 en vente,appartement,150 000 DT,51 m²,3 pièces,https://www.tecnocasa.tn/vendre/appartement/bizerte/bizerte/56418.html
Bizerte,S+2 en vente,appartement,330 000 DT,100 m²,3 pièces,https://www.tecnocasa.tn/vendre/appartement/bizerte/bizerte/61533.html
Bizerte,Terrain habitation ind. en vente,terrain,369 000 DT,410 m²,,https://www.tecnocasa.tn/vendre/terrain/bizerte/bizerte/56372.html
Bizerte,Terrain habitation ind. en vente,terrain,378 000 DT,420 m²,,https://www.tecnocasa.tn/vendre/terrain/bizerte/bizerte/56370.html
Bizerte,Villa individuelle en vente,villa,615 000 DT,320 m²,,https://www.tecnocasa.tn/vendre/villa/bizerte/bizerte/53393.html
Bizerte,Villa individuelle en vente,villa,610 000 DT,513 m²,,https://www.tecnocasa.tn/vendre/villa/bizerte/bizerte/53824.html
Bizerte,S+3 en vente,appartement,160 000 DT,110 m²,4 pièces,https://www.tecnocasa.tn/vendre/appartement/bizerte/bizerte/55319.html
Bizerte,Villa jumelée en vente,villa,635 000 DT,100 m²,,https://www.tecnocasa.tn/vendre/villa/bizerte/bizerte/61074.html
Bizerte,Maison jumelée en vente,villa,230 000 DT,160 m²,,https://www.tecnocasa.tn/vendre/villa/bizerte/bizerte/56782.html
Bizerte,S+3 en vente,appartement,320 000 DT,100 m²,4 pièces,https://www.tecnocasa.tn/vendre/appartement/bizerte/bizerte/60632.html
Bizerte,Duplex en vente,appartement,350 000 DT,200 m²,4 pièces,https://www.tecnocasa.tn/vendre/appartement/bizerte/bizerte/48999.html
Bizerte,Maison jumelée en vente,villa,350 000 DT,251 m²,,https://www.tecnocasa.tn/vendre/villa/bizerte/bizerte/60671.html
Bizerte,Etage de villa en vente,villa,273 000 DT,150 m²,3 pièces,https://www.tecnocasa.tn/vendre/villa/bizerte/bizerte/59821.html
Bizerte,Maison jumelée en vente,villa,240 000 DT,150 m²,,https://www.tecnocasa.tn/vendre/villa/bizerte/bizerte/57968.html
Bizerte,Villa individuelle en vente,villa,650 000 DT,305 m²,,https://www.tecnocasa.tn/vendre/villa/bizerte/bizerte/56820.html
Bizerte,Villa individuelle en vente,villa,530 000 DT,284 m²,,https://www.tecnocasa.tn/vendre/villa/bizerte/bizerte/58716.html
Bizerte,Villa individuelle en vente,villa,600 000 DT,300 m²,,https://www.tecnocasa.tn/vendre/villa/bizerte/bizerte/57906.html
Bizerte,Villa individuelle en vente,villa,1 250 000 DT,826 m²,,https://www.tecnocasa.tn/vendre/villa/bizerte/bizerte/58928.html
Bizerte,Terrain habitation ind. en vente,terrain,440 000 DT,550 m²,,https://www.tecnocasa.tn/vendre/terrain/bizerte/bizerte/48189.html
Bizerte,Terrain habitation ind. en vente,terrain,691 600 DT,728 m²,,https://www.tecnocasa.tn/vendre/terrain/bizerte/bizerte/56298.html
Bizerte,Maison jumelée en vente,villa,"<span class=""trattativaRiservata"">Informations en agence</span>",410 m²,6 pièces,https://www.tecnocasa.tn/vendre/villa/bizerte/bizerte/53702.html
Bizerte,S+2 en vente,appartement,"<span class=""trattativaRiservata"">Informations en agence</span>",160 m²,3 pièces,https://www.tecnocasa.tn/vendre/appartement/bizerte/bizerte/57418.html
Bizerte,S+2 en vente,appartement,"<span class=""trattativaRiservata"">Informations en agence</span>",275 m²,,https://www.tecnocasa.tn/vendre/appartement/bizerte/bizerte/57938.html
Bizerte,Villa individuelle en vente,villa,"<span class=""trattativaRiservata"">Informations en agence</span>",1865 m²,,https://www.tecnocasa.tn/vendre/villa/bizerte/bizerte/56572.html
Bizerte,Villa jumelée en vente,villa,350 000 DT,153 m²,,https://www.tecnocasa.tn/vendre/villa/bizerte/bizerte/57939.html
Bizerte,Terrain habitation ind. en vente,terrain,188 500 DT,377 m²,,https://www.tecnocasa.tn/vendre/terrain/bizerte/bizerte/56733.html
Bizerte,S+3 en vente,appartement,520 000 DT,250 m²,4 pièces,https://www.tecnocasa.tn/vendre/appartement/bizerte/bizerte/54975.html
Bizerte,Etage de villa en vente,villa,95 000 DT,113 m²,2 pièces,https://www.tecnocasa.tn/vendre/villa/bizerte/bizerte/50871.html
Bizerte,Terrain habitation ind. en vente,terrain,711 000 DT,790 m²,,https://www.tecnocasa.tn/vendre/terrain/bizerte/bizerte/55393.html
Bizerte,Terrain agricole en vente,terrain,600 000 DT,6045 m²,,https://www.tecnocasa.tn/vendre/terrain/bizerte/bizerte/56159.html
Bizerte,Terrain habitation ind. en vente,terrain,290 000 DT,414 m²,,https://www.tecnocasa.tn/vendre/terrain/bizerte/bizerte/47265.html
Bizerte,Villa jumelée en vente,villa,480 000 DT,270 m²,,https://www.tecnocasa.tn/vendre/villa/bizerte/bizerte/55785.html
Bizerte,Duplex en vente,appartement,350 000 DT,194 m²,,https://www.tecnocasa.tn/vendre/appartement/bizerte/bizerte/45686.html
Bizerte,Terrain habitation ind. en vente,terrain,595 000 DT,540 m²,,https://www.tecnocasa.tn/vendre/terrain/bizerte/bizerte/47192.html
Bizerte,Etage de villa en vente,villa,220 000 DT,120 m²,3 pièces,https://www.tecnocasa.tn/vendre/villa/bizerte/bizerte/49177.html
Bizerte,S+2 en vente,appartement,310 000 DT,128 m²,4 pièces,https://www.tecnocasa.tn/vendre/appartement/bizerte/bizerte/51008.html
Bizerte,S+2 en vente,appartement,160 000 DT,140 m²,3 pièces,https://www.tecnocasa.tn/vendre/appartement/bizerte/bizerte/51865.html
Bizerte,Villa individuelle en vente,villa,725 000 DT,460 m²,5 pièces,https://www.tecnocasa.tn/vendre/villa/bizerte/bizerte/46815.html
Cap Bon,Terrain habitation ind. en vente,terrain,211 420 DT,341 m²,,https://www.tecnocasa.tn/vendre/terrain/cap-bon/hammamet/36522.html
Cap Bon,Villa individuelle en vente,villa,580 000 DT,200 m²,4 pièces,https://www.tecnocasa.tn/vendre/villa/cap-bon/hammamet/62150.html
Cap Bon,S+2 en vente,appartement,285 000 DT,125 m²,2 pièces,https://www.tecnocasa.tn/vendre/appartement/cap-bon/kelibia/62427.html
Cap Bon,S+2 en vente,appartement,395 000 DT,101 m²,4 pièces,https://www.tecnocasa.tn/vendre/appartement/cap-bon/kelibia/63773.html
Cap Bon,Terrain habitation ind. en vente,terrain,168 000 DT,349 m²,,https://www.tecnocasa.tn/vendre/terrain/cap-bon/soliman/63742.html
Cap Bon,Terrain agricole en vente,terrain,1 245 600 DT,4152 m²,,https://www.tecnocasa.tn/vendre/terrain/cap-bon/nabeul/51204.html
Cap Bon,S+3 en vente,appartement,430 000 DT,130 m²,3 pièces,https://www.tecnocasa.tn/vendre/appartement/cap-bon/hammamet/62463.html
Cap Bon,Terrain agricole en vente,terrain,157 000 DT,157 m²,,https://www.tecnocasa.tn/vendre/terrain/cap-bon/hammamet/62260.html
Cap Bon,Villa jumelée en vente,villa,750 000 DT,230 m²,3 pièces,https://www.tecnocasa.tn/vendre/villa/cap-bon/hammamet/62152.html
Cap Bon,Terrain agricole en vente,terrain,320 000 DT,534 m²,,https://www.tecnocasa.tn/vendre/terrain/cap-bon/hammamet/62155.html
Cap Bon,Villa jumelée en vente,villa,685 000 DT,203 m²,,https://www.tecnocasa.tn/vendre/villa/cap-bon/hammamet/61923.html
Cap Bon,Terrain agricole en vente,terrain,152 000 DT,152 m²,,https://www.tecnocasa.tn/vendre/terrain/cap-bon/hammamet/61496.html
Cap Bon,Villa jumelée en vente,villa,1 050 000 DT,440 m²,,https://www.tecnocasa.tn/vendre/villa/cap-bon/hammamet/60194.html
Cap Bon,Terrain agricole en vente,terrain,858 000 DT,858 m²,,https://www.tecnocasa.tn/vendre/terrain/cap-bon/hammamet/58265.html
Cap Bon,Villa individuelle en vente,villa,1 050 000 DT,280 m²,,https://www.tecnocasa.tn/vendre/villa/cap-bon/hammamet/56466.html
Cap Bon,Terrain agricole en vente,terrain,190 000 DT,190 m²,,https://www.tecnocasa.tn/vendre/terrain/cap-bon/hammamet/53586.html
Cap Bon,Terrain habitation ind. en vente,terrain,730 000 DT,410 m²,,https://www.tecnocasa.tn/vendre/terrain/cap-bon/hammamet/53911.html
Cap Bon,Terrain agricole en vente,terrain,146 000 DT,248 m²,,https://www.tecnocasa.tn/vendre/terrain/cap-bon/hammamet/52899.html
Cap Bon,Villa individuelle en vente,villa,620 000 DT,215 m²,3 pièces,https://www.tecnocasa.tn/vendre/villa/cap-bon/hammamet/52712.html
Cap Bon,Villa individuelle en vente,villa,805 000 DT,236 m²,4 pièces,https://www.tecnocasa.tn/vendre/villa/cap-bon/hammamet/50621.html
Cap Bon,Terrain agricole en vente,terrain,210 000 DT,350 m²,,https://www.tecnocasa.tn/vendre/terrain/cap-bon/hammamet/44683.html
Cap Bon,S+2 en vente,appartement,100 000 DT,75 m²,3 pièces,https://www.tecnocasa.tn/vendre/appartement/cap-bon/nabeul/62354.html
Cap Bon,S+2 en vente,appartement,220 000 DT,70 m²,3 pièces,https://www.tecnocasa.tn/vendre/appartement/cap-bon/nabeul/62690.html
Cap Bon,S+2 en vente,appartement,540 000 DT,137 m²,2 pièces,https://www.tecnocasa.tn/vendre/appartement/cap-bon/hammamet/50956.html
Cap Bon,S+2 en vente,appartement,340 000 DT,94 m²,3 pièces,https://www.tecnocasa.tn/vendre/appartement/cap-bon/nabeul/63466.html
Cap Bon,Terrain agricole en vente,terrain,151 740 DT,281 m²,,https://www.tecnocasa.tn/vendre/terrain/cap-bon/hammamet/49149.html
Cap Bon,Terrain agricole en vente,terrain,195 000 DT,272 m²,,https://www.tecnocasa.tn/vendre/terrain/cap-bon/hammamet/48240.html
Cap Bon,S+2 en vente,appartement,185 000 DT,105 m²,2 pièces,https://www.tecnocasa.tn/vendre/appartement/cap-bon/kelibia/62096.html
Cap Bon,Terrain agricole en vente,terrain,225 000 DT,340 m²,,https://www.tecnocasa.tn/vendre/terrain/cap-bon/hammamet/61034.html
Cap Bon,Terrain agricole en vente,terrain,245 000 DT,967 m²,,https://www.tecnocasa.tn/vendre/terrain/cap-bon/nabeul/58040.html
Cap Bon,S+2 en vente,appartement,435 000 DT,131 m²,2 pièces,https://www.tecnocasa.tn/vendre/appartement/cap-bon/hammamet/55494.html
Cap Bon,S+3 en vente,appartement,475 000 DT,175 m²,4 pièces,https://www.tecnocasa.tn/vendre/appartement/cap-bon/nabeul/54095.html
Cap Bon,S+2 en vente,appartement,398 000 DT,105 m²,3 pièces,https://www.tecnocasa.tn/vendre/appartement/cap-bon/nabeul/57778.html
Cap Bon,Villa en bande en vente,villa,780 000 DT,200 m²,2 pièces,https://www.tecnocasa.tn/vendre/villa/cap-bon/nabeul/57129.html
Cap Bon,S+2 en vente,appartement,460 000 DT,120 m²,2 pièces,https://www.tecnocasa.tn/vendre/appartement/cap-bon/hammamet/57915.html
Cap Bon,Terrain agricole en vente,terrain,601 800 DT,354 m²,,https://www.tecnocasa.tn/vendre/terrain/cap-bon/hammamet/55911.html
Cap Bon,Terrain agricole en vente,terrain,168 750 DT,225 m²,,https://www.tecnocasa.tn/vendre/terrain/cap-bon/hammamet/56906.html
Cap Bon,S+3 en vente,appartement,150 000 DT,156 m²,,https://www.tecnocasa.tn/vendre/appartement/cap-bon/kelibia/59059.html
Cap Bon,S+2 en vente,appartement,185 000 DT,110 m²,3 pièces,https://www.tecnocasa.tn/vendre/appartement/cap-bon/nabeul/62435.html
Cap Bon,Villa jumelée en vente,villa,600 000 DT,204 m²,,https://www.tecnocasa.tn/vendre/villa/cap-bon/nabeul/62650.html
Cap Bon,Terrain agricole en vente,terrain,220 000 DT,2500 m²,,https://www.tecnocasa.tn/vendre/terrain/cap-bon/nabeul/63419.html
Cap Bon,Penthouse en vente,appartement,120 000 DT,156 m²,3 pièces,https://www.tecnocasa.tn/vendre/appartement/cap-bon/kelibia/59911.html
Cap Bon,Terrain habitation ind. en vente,terrain,630 000 DT,1163 m²,,https://www.tecnocasa.tn/vendre/terrain/cap-bon/kelibia/62109.html
Cap Bon,Terrain habitation ind. en vente,terrain,110 000 DT,613 m²,,https://www.tecnocasa.tn/vendre/terrain/cap-bon/kelibia/61827.html
Cap Bon,S+3 en vente,appartement,290 000 DT,156 m²,,https://www.tecnocasa.tn/vendre/appartement/cap-bon/kelibia/60421.html
Cap Bon,Terrain habitation ind. en vente,terrain,95 000 DT,164 m²,,https://www.tecnocasa.tn/vendre/terrain/cap-bon/kelibia/56599.html
Cap Bon,Terrain habitation ind. en vente,terrain,600 000 DT,800 m²,,https://www.tecnocasa.tn/vendre/terrain/cap-bon/kelibia/58545.html
Cap Bon,Villa inachevée en vente,villa,535 000 DT,400 m²,,https://www.tecnocasa.tn/vendre/villa/cap-bon/kelibia/55599.html
Cap Bon,Terrain habitation ind. en vente,terrain,510 000 DT,417 m²,,https://www.tecnocasa.tn/vendre/terrain/cap-bon/kelibia/50479.html
Cap Bon,Terrain habitation ind. en vente,terrain,285 000 DT,257 m²,,https://www.tecnocasa.tn/vendre/terrain/cap-bon/kelibia/55545.html
Cap Bon,S+2 en vente,appartement,400 000 DT,125 m²,3 pièces,https://www.tecnocasa.tn/vendre/appartement/cap-bon/nabeul/61217.html
Cap Bon,S+2 en vente,appartement,400 000 DT,120 m²,3 pièces,https://www.tecnocasa.tn/vendre/appartement/cap-bon/nabeul/61216.html
Cap Bon,S+2 en vente,appartement,400 000 DT,128 m²,3 pièces,https://www.tecnocasa.tn/vendre/appartement/cap-bon/nabeul/61174.html
Cap Bon,Villa en bande en vente,villa,600 000 DT,400 m²,5 pièces,https://www.tecnocasa.tn/vendre/villa/cap-bon/kelibia/62747.html
Cap Bon,Etage de villa en vente,villa,155 000 DT,152 m²,,https://www.tecnocasa.tn/vendre/villa/cap-bon/kelibia/62839.html
Cap Bon,S+2 en vente,appartement,280 000 DT,120 m²,3 pièces,https://www.tecnocasa.tn/vendre/appartement/cap-bon/nabeul/63471.html
Cap Bon,Triplex en vente,appartement,410 000 DT,390 m²,,https://www.tecnocasa.tn/vendre/appartement/cap-bon/nabeul/62024.html
Cap Bon,S+3 en vente,appartement,560 000 DT,304 m²,4 pièces,https://www.tecnocasa.tn/vendre/appartement/cap-bon/nabeul/56365.html
Cap Bon,S+2 en vente,appartement,175 000 DT,100 m²,3 pièces,https://www.tecnocasa.tn/vendre/appartement/cap-bon/kelibia/60319.html
Cap Bon,S+2 en vente,appartement,180 000 DT,100 m²,2 pièces,https://www.tecnocasa.tn/vendre/appartement/cap-bon/kelibia/62446.html
Cap Bon,S+3 en vente,appartement,220 000 DT,120 m²,4 pièces,https://www.tecnocasa.tn/vendre/appartement/cap-bon/kelibia/62097.html
Cap Bon,Villa jumelée en vente,villa,700 000 DT,313 m²,,https://www.tecnocasa.tn/vendre/villa/cap-bon/nabeul/58259.html
Cap Bon,S+3 en vente,appartement,600 000 DT,200 m²,4 pièces,https://www.tecnocasa.tn/vendre/appartement/cap-bon/nabeul/59939.html
Cap Bon,Villa en bande en vente,villa,400 000 DT,76 m²,,https://www.tecnocasa.tn/vendre/villa/cap-bon/nabeul/62239.html
Cap Bon,Villa jumelée en vente,villa,370 000 DT,122 m²,,https://www.tecnocasa.tn/vendre/villa/cap-bon/kelibia/59917.html
Cap Bon,Villa individuelle en vente,villa,950 000 DT,350 m²,4 pièces,https://www.tecnocasa.tn/vendre/villa/cap-bon/kelibia/61814.html
Cap Bon,Villa jumelée en vente,villa,2 100 000 DT,650 m²,,https://www.tecnocasa.tn/vendre/villa/cap-bon/kelibia/59861.html
Cap Bon,Terrain habitation collective en vente,terrain,"<span class=""trattativaRiservata"">Informations en agence</span>",1691 m²,,https://www.tecnocasa.tn/vendre/terrain/cap-bon/kelibia/59516.html
Cap Bon,Terrain habitation ind. en vente,terrain,35 000 DT,157 m²,,https://www.tecnocasa.tn/vendre/terrain/cap-bon/kelibia/60272.html
Cap Bon,Villa individuelle en vente,villa,260 000 DT,200 m²,2 pièces,https://www.tecnocasa.tn/vendre/villa/cap-bon/kelibia/63054.html
Cap Bon,S+3 en vente,appartement,295 000 DT,83 m²,3 pièces,https://www.tecnocasa.tn/vendre/appartement/cap-bon/kelibia/62442.html
Cap Bon,Villa jumelée en vente,villa,850 000 DT,200 m²,3 pièces,https://www.tecnocasa.tn/vendre/villa/cap-bon/nabeul/48654.html
Cap Bon,Terrain habitation ind. en vente,terrain,660 000 DT,220 m²,,https://www.tecnocasa.tn/vendre/terrain/cap-bon/nabeul/54046.html
Cap Bon,Terrain habitation ind. en vente,terrain,250 000 DT,296 m²,,https://www.tecnocasa.tn/vendre/terrain/cap-bon/nabeul/49246.html
Cap Bon,Terrain agricole en vente,terrain,150 000 DT,225 m²,,https://www.tecnocasa.tn/vendre/terrain/cap-bon/hammamet/62868.html
Cap Bon,S+2 en vente,appartement,365 000 DT,131 m²,3 pièces,https://www.tecnocasa.tn/vendre/appartement/cap-bon/kelibia/61913.html
Cap Bon,S+2 en vente,appartement,420 000 DT,127 m²,3 pièces,https://www.tecnocasa.tn/vendre/appartement/cap-bon/nabeul/60400.html
Cap Bon,Terrain habitation ind. en vente,terrain,80 000 DT,105 m²,,https://www.tecnocasa.tn/vendre/terrain/cap-bon/nabeul/62270.html
Cap Bon,S+2 en vente,appartement,345 000 DT,117 m²,3 pièces,https://www.tecnocasa.tn/vendre/appartement/cap-bon/nabeul/44426.html
Cap Bon,S+1 en vente,appartement,215 000 DT,49 m²,2 pièces,https://www.tecnocasa.tn/vendre/appartement/cap-bon/nabeul/44033.html
Cap Bon,Villa jumelée en vente,villa,470 000 DT,299 m²,5 pièces,https://www.tecnocasa.tn/vendre/villa/cap-bon/nabeul/43752.html
Cap Bon,Terrain habitation ind. en vente,terrain,316 000 DT,527 m²,,https://www.tecnocasa.tn/vendre/terrain/cap-bon/nabeul/43608.html
Cap Bon,S+3 en vente,appartement,350 000 DT,200 m²,4 pièces,https://www.tecnocasa.tn/vendre/appartement/cap-bon/nabeul/62025.html
Cap Bon,S+2 en vente,appartement,185 000 DT,110 m²,2 pièces,https://www.tecnocasa.tn/vendre/appartement/cap-bon/kelibia/62228.html
Cap Bon,S+2 en vente,appartement,295 000 DT,110 m²,3 pièces,https://www.tecnocasa.tn/vendre/appartement/cap-bon/kelibia/61850.html
Cap Bon,Villa inachevée en vente,villa,700 000 DT,500 m²,,https://www.tecnocasa.tn/vendre/villa/cap-bon/kelibia/62596.html
Cap Bon,S+2 en vente,appartement,220 000 DT,118 m²,2 pièces,https://www.tecnocasa.tn/vendre/appartement/cap-bon/kelibia/59811.html
Cap Bon,S+2 en vente,appartement,185 000 DT,80 m²,3 pièces,https://www.tecnocasa.tn/vendre/appartement/cap-bon/kelibia/62019.html
Cap Bon,Villa individuelle en vente,villa,2 200 000 DT,750 m²,,https://www.tecnocasa.tn/vendre/villa/cap-bon/kelibia/59947.html
Cap Bon,S+1 en vente,appartement,320 000 DT,83 m²,2 pièces,https://www.tecnocasa.tn/vendre/appartement/cap-bon/kelibia/60597.html
Cap Bon,Villa jumelée en vente,villa,495 000 DT,350 m²,,https://www.tecnocasa.tn/vendre/villa/cap-bon/kelibia/60904.html
Cap Bon,S+2 en vente,appartement,200 000 DT,105 m²,2 pièces,https://www.tecnocasa.tn/vendre/appartement/cap-bon/kelibia/61409.html
Cap Bon,S+3 en vente,appartement,310 000 DT,130 m²,4 pièces,https://www.tecnocasa.tn/vendre/appartement/cap-bon/kelibia/59539.html
Cap Bon,S+3 en vente,appartement,250 000 DT,110 m²,2 pièces,https://www.tecnocasa.tn/vendre/appartement/cap-bon/kelibia/61532.html
Cap Bon,Villa jumelée en vente,villa,885 000 DT,500 m²,3 pièces,https://www.tecnocasa.tn/vendre/villa/cap-bon/kelibia/59409.html
Cap Bon,S+3 en vente,appartement,240 000 DT,110 m²,3 pièces,https://www.tecnocasa.tn/vendre/appartement/cap-bon/kelibia/61952.html
Cap Bon,Duplex en vente,appartement,197 000 DT,170 m²,,https://www.tecnocasa.tn/vendre/appartement/cap-bon/kelibia/55235.html
Cap Bon,S+2 en vente,appartement,270 000 DT,80 m²,3 pièces,https://www.tecnocasa.tn/vendre/appartement/cap-bon/kelibia/62214.html
Cap Bon,Duplex en vente,appartement,495 000 DT,220 m²,,https://www.tecnocasa.tn/vendre/appartement/cap-bon/kelibia/62395.html
Cap Bon,S+3 en vente,appartement,395 000 DT,253 m²,,https://www.tecnocasa.tn/vendre/appartement/cap-bon/nabeul/60659.html
Cap Bon,Maison jumelée en vente,villa,360 000 DT,208 m²,,https://www.tecnocasa.tn/vendre/villa/cap-bon/nabeul/60891.html
Cap Bon,Villa jumelée en vente,villa,450 000 DT,195 m²,,https://www.tecnocasa.tn/vendre/villa/cap-bon/nabeul/56381.html
Cap Bon,S+2 en vente,appartement,300 000 DT,100 m²,3 pièces,https://www.tecnocasa.tn/vendre/appartement/cap-bon/nabeul/54594.html
Cap Bon,S+3 en vente,appartement,300 000 DT,127 m²,4 pièces,https://www.tecnocasa.tn/vendre/appartement/cap-bon/nabeul/60999.html
Cap Bon,Villa individuelle en vente,villa,2 295 000 DT,984 m²,5 pièces,https://www.tecnocasa.tn/vendre/villa/cap-bon/nabeul/49096.html
Cap Bon,S+1 en vente,appartement,250 155 DT,55 m²,2 pièces,https://www.tecnocasa.tn/vendre/appartement/cap-bon/nabeul/53137.html
Cap Bon,S+2 en vente,appartement,468 384 DT,111 m²,3 pièces,https://www.tecnocasa.tn/vendre/appartement/cap-bon/nabeul/57050.html
Cap Bon,Terrain habitation ind. en vente,terrain,310 000 DT,277 m²,,https://www.tecnocasa.tn/vendre/terrain/cap-bon/nabeul/56772.html
Cap Bon,S+1 en vente,appartement,307 000 DT,81 m²,2 pièces,https://www.tecnocasa.tn/vendre/appartement/cap-bon/nabeul/57869.html
Cap Bon,Terrain habitation ind. en vente,terrain,680 000 DT,687 m²,,https://www.tecnocasa.tn/vendre/terrain/cap-bon/nabeul/58186.html
Cap Bon,S+3 en vente,appartement,449 400 DT,107 m²,4 pièces,https://www.tecnocasa.tn/vendre/appartement/cap-bon/nabeul/58195.html
Cap Bon,S+1 en vente,appartement,239 400 DT,57 m²,2 pièces,https://www.tecnocasa.tn/vendre/appartement/cap-bon/nabeul/58193.html
Cap Bon,S+3 en vente,appartement,720 000 DT,152 m²,4 pièces,https://www.tecnocasa.tn/vendre/appartement/cap-bon/nabeul/60341.html
Cap Bon,S+3 en vente,appartement,680 000 DT,158 m²,4 pièces,https://www.tecnocasa.tn/vendre/appartement/cap-bon/nabeul/60504.html
Cap Bon,S+2 en vente,appartement,403 200 DT,96 m²,3 pièces,https://www.tecnocasa.tn/vendre/appartement/cap-bon/nabeul/60775.html
Cap Bon,S+2 en vente,appartement,560 000 DT,185 m²,2 pièces,https://www.tecnocasa.tn/vendre/appartement/cap-bon/nabeul/61098.html
Cap Bon,S+3 en vente,appartement,350 000 DT,80 m²,3 pièces,https://www.tecnocasa.tn/vendre/appartement/cap-bon/nabeul/61377.html
Cap Bon,Duplex en vente,appartement,390 000 DT,105 m²,2 pièces,https://www.tecnocasa.tn/vendre/appartement/cap-bon/nabeul/61381.html
Cap Bon,S+2 en vente,appartement,450 000 DT,113 m²,3 pièces,https://www.tecnocasa.tn/vendre/appartement/cap-bon/nabeul/62053.html
Cap Bon,S+2 en vente,appartement,630 000 DT,94 m²,3 pièces,https://www.tecnocasa.tn/vendre/appartement/cap-bon/nabeul/58146.html
Cap Bon,S+2 en vente,appartement,175 000 DT,80 m²,3 pièces,https://www.tecnocasa.tn/vendre/appartement/cap-bon/nabeul/57372.html
Cap Bon,Villa jumelée en vente,villa,850 000 DT,174 m²,4 pièces,https://www.tecnocasa.tn/vendre/villa/cap-bon/nabeul/60838.html
Cap Bon,Villa individuelle en vente,villa,430 000 DT,344 m²,,https://www.tecnocasa.tn/vendre/villa/cap-bon/soliman/61740.html
Cap Bon,Maison jumelée en vente,villa,280 000 DT,85 m²,2 pièces,https://www.tecnocasa.tn/vendre/villa/cap-bon/nabeul/55963.html
Cap Bon,Terrain habitation ind. en vente,terrain,600 000 DT,265 m²,,https://www.tecnocasa.tn/vendre/terrain/cap-bon/nabeul/61525.html
Cap Bon,S+2 en vente,appartement,240 000 DT,150 m²,2 pièces,https://www.tecnocasa.tn/vendre/appartement/cap-bon/nabeul/57375.html
Cap Bon,Terrain habitation ind. en vente,terrain,180 000 DT,237 m²,,https://www.tecnocasa.tn/vendre/terrain/cap-bon/nabeul/59410.html
Cap Bon,Villa individuelle en vente,villa,540 000 DT,270 m²,4 pièces,https://www.tecnocasa.tn/vendre/villa/cap-bon/hammamet/56075.html
Cap Bon,Villa jumelée en vente,villa,820 000 DT,337 m²,4 pièces,https://www.tecnocasa.tn/vendre/villa/cap-bon/hammamet/47114.html
Cap Bon,Villa individuelle en vente,villa,860 000 DT,603 m²,,https://www.tecnocasa.tn/vendre/villa/cap-bon/hammamet/57451.html
Cap Bon,S+1 en vente,appartement,215 000 DT,72 m²,1 pièce,https://www.tecnocasa.tn/vendre/appartement/cap-bon/hammamet/61068.html
Cap Bon,Villa jumelée en vente,villa,880 000 DT,360 m²,,https://www.tecnocasa.tn/vendre/villa/cap-bon/nabeul/58156.html
Cap Bon,Villa jumelée en vente,villa,380 000 DT,250 m²,,https://www.tecnocasa.tn/vendre/villa/cap-bon/nabeul/50101.html
Cap Bon,S+2 en vente,appartement,250 000 DT,174 m²,3 pièces,https://www.tecnocasa.tn/vendre/appartement/cap-bon/nabeul/55190.html
Cap Bon,S+2 en vente,appartement,450 000 DT,113 m²,3 pièces,https://www.tecnocasa.tn/vendre/appartement/cap-bon/nabeul/54863.html
Cap Bon,Terrain habitation ind. en vente,terrain,187 500 DT,250 m²,,https://www.tecnocasa.tn/vendre/terrain/cap-bon/nabeul/61135.html
Cap Bon,Villa jumelée en vente,villa,350 000 DT,100 m²,3 pièces,https://www.tecnocasa.tn/vendre/villa/cap-bon/nabeul/49345.html
Cap Bon,Maison jumelée en vente,villa,385 000 DT,167 m²,,https://www.tecnocasa.tn/vendre/villa/cap-bon/nabeul/56192.html
Cap Bon,Villa individuelle en vente,villa,990 000 DT,503 m²,,https://www.tecnocasa.tn/vendre/villa/cap-bon/nabeul/58257.html
Cap Bon,Terrain habitation ind. en vente,terrain,330 000 DT,394 m²,,https://www.tecnocasa.tn/vendre/terrain/cap-bon/nabeul/56839.html
Cap Bon,Terrain habitation ind. en vente,terrain,66 000 DT,120 m²,,https://www.tecnocasa.tn/vendre/terrain/cap-bon/nabeul/60566.html
Cap Bon,Terrain habitation ind. en vente,terrain,217 000 DT,310 m²,,https://www.tecnocasa.tn/vendre/terrain/cap-bon/nabeul/60515.html
Cap Bon,Villa jumelée en vente,villa,1 200 000 DT,240 m²,,https://www.tecnocasa.tn/vendre/villa/cap-bon/nabeul/53521.html
Cap Bon,Terrain habitation ind. en vente,terrain,170 000 DT,237 m²,,https://www.tecnocasa.tn/vendre/terrain/cap-bon/nabeul/59184.html
Cap Bon,Villa individuelle en vente,villa,899 000 DT,490 m²,,https://www.tecnocasa.tn/vendre/villa/cap-bon/nabeul/60381.html
Cap Bon,S+1 en vente,appartement,150 000 DT,78 m²,1 pièce,https://www.tecnocasa.tn/vendre/appartement/cap-bon/nabeul/55205.html
Cap Bon,Villa jumelée en vente,villa,1 200 000 DT,302 m²,,https://www.tecnocasa.tn/vendre/villa/cap-bon/nabeul/54196.html
Cap Bon,Ferme en vente,ferme,1 300 000 DT,54000 m²,,https://www.tecnocasa.tn/vendre/ferme/cap-bon/nabeul/48443.html
Cap Bon,S+1 en vente,appartement,130 000 DT,60 m²,2 pièces,https://www.tecnocasa.tn/vendre/appartement/cap-bon/nabeul/57373.html
Cap Bon,Terrain habitation ind. en vente,terrain,365 000 DT,292 m²,,https://www.tecnocasa.tn/vendre/terrain/cap-bon/nabeul/55944.html
Cap Bon,Villa jumelée en vente,villa,980 000 DT,640 m²,6 pièces,https://www.tecnocasa.tn/vendre/villa/cap-bon/nabeul/51425.html
Cap Bon,S+2 en vente,appartement,390 000 DT,116 m²,2 pièces,https://www.tecnocasa.tn/vendre/appartement/cap-bon/hammamet/39464.html
Cap Bon,S+1 en vente,appartement,295 000 DT,85 m²,1 pièce,https://www.tecnocasa.tn/vendre/appartement/cap-bon/hammamet/41327.html
Cap Bon,Terrain habitation ind. en vente,terrain,546 150 DT,331 m²,,https://www.tecnocasa.tn/vendre/terrain/cap-bon/hammamet/38992.html
Cap Bon,Terrain agricole en vente,terrain,180 000 DT,316 m²,,https://www.tecnocasa.tn/vendre/terrain/cap-bon/hammamet/34329.html
Cap Bon,Terrain habitation ind. en vente,terrain,940 000 DT,470 m²,,https://www.tecnocasa.tn/vendre/terrain/cap-bon/hammamet/57176.html
Cap Bon,Terrain habitation ind. en vente,terrain,2 300 000 DT,883 m²,,https://www.tecnocasa.tn/vendre/terrain/cap-bon/nabeul/48100.html
Cap Bon,Terrain habitation ind. en vente,terrain,208 000 DT,260 m²,,https://www.tecnocasa.tn/vendre/terrain/cap-bon/nabeul/57704.html
Cap Bon,Terrain habitation ind. en vente,terrain,714 000 DT,664 m²,,https://www.tecnocasa.tn/vendre/terrain/cap-bon/hammamet/42152.html
Cap Bon,Maison jumelée en vente,villa,245 000 DT,210 m²,,https://www.tecnocasa.tn/vendre/villa/cap-bon/nabeul/52368.html
Cap Bon,S+2 en vente,appartement,320 000 DT,100 m²,3 pièces,https://www.tecnocasa.tn/vendre/appartement/cap-bon/hammamet/45473.html
Cap Bon,S+1 en vente,appartement,320 000 DT,77 m²,2 pièces,https://www.tecnocasa.tn/vendre/appartement/cap-bon/hammamet/51464.html
Cap Bon,S+3 en vente,appartement,600 000 DT,165 m²,4 pièces,https://www.tecnocasa.tn/vendre/appartement/cap-bon/hammamet/55512.html
Cap Bon,S+3 en vente,appartement,450 000 DT,116 m²,4 pièces,https://www.tecnocasa.tn/vendre/appartement/cap-bon/hammamet/48424.html
Cap Bon,S+2 en vente,appartement,320 000 DT,120 m²,2 pièces,https://www.tecnocasa.tn/vendre/appartement/cap-bon/hammamet/45572.html
Cap Bon,S+2 en vente,appartement,475 000 DT,130 m²,3 pièces,https://www.tecnocasa.tn/vendre/appartement/cap-bon/hammamet/44766.html
Cap Bon,S+2 en vente,appartement,640 000 DT,180 m²,4 pièces,https://www.tecnocasa.tn/vendre/appartement/cap-bon/hammamet/48225.html
Cap Bon,Villa individuelle en vente,villa,440 000 DT,367 m²,4 pièces,https://www.tecnocasa.tn/vendre/villa/cap-bon/hammamet/54655.html
Cap Bon,S+1 en vente,appartement,260 000 DT,74 m²,2 pièces,https://www.tecnocasa.tn/vendre/appartement/cap-bon/hammamet/50272.html
Cap Bon,Villa individuelle en vente,villa,1 200 000 DT,659 m²,,https://www.tecnocasa.tn/vendre/villa/cap-bon/hammamet/51182.html
Cap Bon,Terrain habitation ind. en vente,terrain,1 182 150 DT,639 m²,,https://www.tecnocasa.tn/vendre/terrain/cap-bon/hammamet/52549.html
Cap Bon,S+2 en vente,appartement,360 000 DT,95 m²,2 pièces,https://www.tecnocasa.tn/vendre/appartement/cap-bon/hammamet/48648.html
Cap Bon,Terrain agricole en vente,terrain,330 000 DT,1500 m²,,https://www.tecnocasa.tn/vendre/terrain/cap-bon/hammamet/48074.html
Cap Bon,S+2 en vente,appartement,340 000 DT,100 m²,3 pièces,https://www.tecnocasa.tn/vendre/appartement/cap-bon/hammamet/45475.html
Cap Bon,Terrain agricole en vente,terrain,517 000 DT,5750 m²,,https://www.tecnocasa.tn/vendre/terrain/cap-bon/hammamet/45482.html
Cap Bon,Terrain agricole en vente,terrain,351 000 DT,1100 m²,,https://www.tecnocasa.tn/vendre/terrain/cap-bon/hammamet/43244.html
Cap Bon,Villa individuelle en vente,villa,2 300 000 DT,2200 m²,,https://www.tecnocasa.tn/vendre/villa/cap-bon/hammamet/44855.html
Grand Tunis,Villa jumelée en vente,villa,1 780 000 DT,502 m²,,https://www.tecnocasa.tn/vendre/villa/grand-tunis/ariana/60042.html
Grand Tunis,S+3 en vente,appartement,425 000 DT,143 m²,3 pièces,https://www.tecnocasa.tn/vendre/appartement/grand-tunis/ennasr/61699.html
Grand Tunis,S+3 en vente,appartement,279 000 DT,110 m²,4 pièces,https://www.tecnocasa.tn/vendre/appartement/grand-tunis/aouina/56940.html
Grand Tunis,S+1 en vente,appartement,250 000 DT,59 m²,3 pièces,https://www.tecnocasa.tn/vendre/appartement/grand-tunis/ariana/63861.html
Grand Tunis,Duplex en vente,appartement,495 000 DT,200 m²,,https://www.tecnocasa.tn/vendre/appartement/grand-tunis/ariana/63063.html
Grand Tunis,S+2 en vente,appartement,190 000 DT,150 m²,3 pièces,https://www.tecnocasa.tn/vendre/appartement/grand-tunis/ariana/63053.html
Grand Tunis,S+4 en vente,appartement,328 000 DT,120 m²,5 pièces,https://www.tecnocasa.tn/vendre/appartement/grand-tunis/aouina/63659.html
Grand Tunis,Duplex en vente,appartement,330 000 DT,105 m²,4 pièces,https://www.tecnocasa.tn/vendre/appartement/grand-tunis/la-manouba/59364.html
Grand Tunis,Duplex en vente,appartement,680 000 DT,304 m²,6 pièces,https://www.tecnocasa.tn/vendre/appartement/grand-tunis/aouina/63373.html
Grand Tunis,Terrain habitation ind. en vente,terrain,200 000 DT,274 m²,,https://www.tecnocasa.tn/vendre/terrain/grand-tunis/borj-cedria/61505.html
Grand Tunis,Terrain habitation ind. en vente,terrain,2 250 000 DT,539 m²,,https://www.tecnocasa.tn/vendre/terrain/grand-tunis/carthage/59015.html
Grand Tunis,Villa individuelle en vente,villa,950 000 DT,500 m²,,https://www.tecnocasa.tn/vendre/villa/grand-tunis/ariana/63726.html
Grand Tunis,S+3 en vente,appartement,485 000 DT,120 m²,4 pièces,https://www.tecnocasa.tn/vendre/appartement/grand-tunis/la-soukra/63656.html
Grand Tunis,Villa individuelle en vente,villa,648 000 DT,410 m²,,https://www.tecnocasa.tn/vendre/villa/grand-tunis/ezzahra/39305.html
Grand Tunis,S+3 en vente,appartement,220 000 DT,95 m²,3 pièces,https://www.tecnocasa.tn/vendre/appartement/grand-tunis/rades/62409.html
Grand Tunis,S+3 en vente,appartement,150 000 DT,75 m²,4 pièces,https://www.tecnocasa.tn/vendre/appartement/grand-tunis/rades/60971.html
Grand Tunis,S+3 en vente,appartement,285 000 DT,120 m²,4 pièces,https://www.tecnocasa.tn/vendre/appartement/grand-tunis/ariana/62841.html
Grand Tunis,S+2 en vente,appartement,240 000 DT,115 m²,3 pièces,https://www.tecnocasa.tn/vendre/appartement/grand-tunis/ariana/63674.html
Grand Tunis,S+1 en vente,appartement,170 000 DT,95 m²,2 pièces,https://www.tecnocasa.tn/vendre/appartement/grand-tunis/ariana/63675.html
Grand Tunis,S+2 en vente,appartement,227 000 DT,109 m²,3 pièces,https://www.tecnocasa.tn/vendre/appartement/grand-tunis/ariana/63777.html
Grand Tunis,S+2 en vente,appartement,135 000 DT,68 m²,3 pièces,https://www.tecnocasa.tn/vendre/appartement/grand-tunis/ariana/63207.html
Grand Tunis,S+2 en vente,appartement,592 000 DT,171 m²,3 pièces,https://www.tecnocasa.tn/vendre/appartement/grand-tunis/la-soukra/63782.html
Grand Tunis,S+3 en vente,appartement,290 000 DT,130 m²,3 pièces,https://www.tecnocasa.tn/vendre/appartement/grand-tunis/manar/62777.html
Grand Tunis,S+2 en vente,appartement,305 000 DT,121 m²,3 pièces,https://www.tecnocasa.tn/vendre/appartement/grand-tunis/ariana/60610.html
Grand Tunis,Duplex en vente,appartement,360 000 DT,107 m²,3 pièces,https://www.tecnocasa.tn/vendre/appartement/grand-tunis/ezzahra/60743.html
Grand Tunis,Villa individuelle en vente,villa,800 000 DT,540 m²,3 pièces,https://www.tecnocasa.tn/vendre/villa/grand-tunis/ariana/59938.html
Grand Tunis,S+2 en vente,appartement,450 000 DT,190 m²,3 pièces,https://www.tecnocasa.tn/vendre/appartement/grand-tunis/ariana/63335.html
Grand Tunis,Villa jumelée en vente,villa,1 230 000 DT,340 m²,,https://www.tecnocasa.tn/vendre/villa/grand-tunis/ariana/57438.html
Grand Tunis,S+3 en vente,appartement,265 000 DT,109 m²,,https://www.tecnocasa.tn/vendre/appartement/grand-tunis/el-mourouj/62062.html
Grand Tunis,S+2 en vente,appartement,125 000 DT,66 m²,3 pièces,https://www.tecnocasa.tn/vendre/appartement/grand-tunis/el-mourouj/60297.html
Grand Tunis,S+4 en vente,appartement,310 000 DT,130 m²,5 pièces,https://www.tecnocasa.tn/vendre/appartement/grand-tunis/ariana/63611.html
Grand Tunis,S+3 en vente,appartement,940 000 DT,175 m²,4 pièces,https://www.tecnocasa.tn/vendre/appartement/grand-tunis/jardins-de-carthage/61906.html
Grand Tunis,Villa individuelle en vente,villa,1 500 000 DT,540 m²,3 pièces,https://www.tecnocasa.tn/vendre/villa/grand-tunis/ariana/63790.html
Grand Tunis,S+2 en vente,appartement,260 000 DT,110 m²,3 pièces,https://www.tecnocasa.tn/vendre/appartement/grand-tunis/ariana/62740.html
Grand Tunis,Terrain habitation collective en vente,terrain,444 400 DT,370 m²,,https://www.tecnocasa.tn/vendre/terrain/grand-tunis/la-soukra/63730.html
Grand Tunis,Villa individuelle en vente,villa,900 000 DT,401 m²,5 pièces,https://www.tecnocasa.tn/vendre/villa/grand-tunis/la-manouba/59283.html
Grand Tunis,S+2 en vente,appartement,165 000 DT,65 m²,3 pièces,https://www.tecnocasa.tn/vendre/appartement/grand-tunis/la-marsa/61040.html
Grand Tunis,S+2 en vente,appartement,130 000 DT,60 m²,3 pièces,https://www.tecnocasa.tn/vendre/appartement/grand-tunis/lafayette-centre-ville/63493.html
Grand Tunis,S+3 en vente,appartement,550 000 DT,151 m²,4 pièces,https://www.tecnocasa.tn/vendre/appartement/grand-tunis/ennasr/58583.html
Grand Tunis,Duplex en vente,appartement,520 000 DT,132 m²,,https://www.tecnocasa.tn/vendre/appartement/grand-tunis/gammarth/63746.html
Grand Tunis,S+2 en vente,appartement,240 000 DT,85 m²,,https://www.tecnocasa.tn/vendre/appartement/grand-tunis/aouina/63597.html
Grand Tunis,Villa jumelée en vente,villa,900 000 DT,300 m²,,https://www.tecnocasa.tn/vendre/villa/grand-tunis/ennasr/63734.html
Grand Tunis,Terrain habitation ind. en vente,terrain,270 000 DT,391 m²,,https://www.tecnocasa.tn/vendre/terrain/grand-tunis/borj-cedria/63767.html
Grand Tunis,Terrain habitation ind. en vente,terrain,310 000 DT,567 m²,,https://www.tecnocasa.tn/vendre/terrain/grand-tunis/borj-cedria/63745.html
Grand Tunis,S+3 en vente,appartement,380 000 DT,135 m²,4 pièces,https://www.tecnocasa.tn/vendre/appartement/grand-tunis/ennasr/63647.html
Grand Tunis,S+2 en vente,appartement,411 000 DT,80 m²,3 pièces,https://www.tecnocasa.tn/vendre/appartement/grand-tunis/mutuelleville/55499.html
Grand Tunis,S+2 en vente,appartement,605 000 DT,112 m²,3 pièces,https://www.tecnocasa.tn/vendre/appartement/grand-tunis/la-marsa/63416.html
Grand Tunis,Villa individuelle en vente,villa,1 200 000 DT,,,https://www.tecnocasa.tn/vendre/villa/grand-tunis/el-menzah/63563.html
Grand Tunis,Terrain habitation ind. en vente,terrain,600 000 DT,400 m²,,https://www.tecnocasa.tn/vendre/terrain/grand-tunis/la-marsa/62337.html
Grand Tunis,S+2 en vente,appartement,485 000 DT,128 m²,2 pièces,https://www.tecnocasa.tn/vendre/appartement/grand-tunis/jardins-de-carthage/62852.html
Grand Tunis,S+2 en vente,appartement,390 000 DT,130 m²,,https://www.tecnocasa.tn/vendre/appartement/grand-tunis/ain-zaghouan/62726.html
Grand Tunis,Duplex en vente,appartement,750 000 DT,127 m²,,https://www.tecnocasa.tn/vendre/appartement/grand-tunis/ain-zaghouan/63681.html
Grand Tunis,Villa individuelle en vente,villa,650 000 DT,350 m²,,https://www.tecnocasa.tn/vendre/villa/grand-tunis/el-omrane/63588.html
Grand Tunis,S+1 en vente,appartement,745 000 DT,92 m²,3 pièces,https://www.tecnocasa.tn/vendre/appartement/grand-tunis/la-marsa/61939.html
Grand Tunis,Etage de villa en vente,villa,260 000 DT,77 m²,,https://www.tecnocasa.tn/vendre/villa/grand-tunis/el-omrane/61819.html
Grand Tunis,S+2 en vente,appartement,420 000 DT,113 m²,3 pièces,https://www.tecnocasa.tn/vendre/appartement/grand-tunis/la-soukra/63639.html
Grand Tunis,S+2 en vente,appartement,464 941 DT,106 m²,2 pièces,https://www.tecnocasa.tn/vendre/appartement/grand-tunis/la-soukra/63706.html
Grand Tunis,Villa individuelle en vente,villa,2 500 000 DT,403 m²,7 pièces,https://www.tecnocasa.tn/vendre/villa/grand-tunis/la-marsa/63446.html
Grand Tunis,S+3 en vente,appartement,435 000 DT,152 m²,4 pièces,https://www.tecnocasa.tn/vendre/appartement/grand-tunis/ennasr/62918.html
Grand Tunis,Duplex en vente,appartement,620 000 DT,160 m²,,https://www.tecnocasa.tn/vendre/appartement/grand-tunis/aouina/62834.html
Grand Tunis,S+2 en vente,appartement,530 000 DT,90 m²,3 pièces,https://www.tecnocasa.tn/vendre/appartement/grand-tunis/jardins-de-carthage/63555.html
Grand Tunis,S+2 en vente,appartement,190 000 DT,84 m²,2 pièces,https://www.tecnocasa.tn/vendre/appartement/grand-tunis/cite-el-khadra/63214.html
Grand Tunis,S+3 en vente,appartement,380 000 DT,90 m²,4 pièces,https://www.tecnocasa.tn/vendre/appartement/grand-tunis/ennasr/63508.html
Grand Tunis,S+2 en vente,appartement,280 000 DT,115 m²,3 pièces,https://www.tecnocasa.tn/vendre/appartement/grand-tunis/la-soukra/59920.html
Grand Tunis,S+2 en vente,appartement,450 000 DT,118 m²,3 pièces,https://www.tecnocasa.tn/vendre/appartement/grand-tunis/ain-zaghouan/62855.html
Grand Tunis,S+4 en vente,appartement,530 000 DT,245 m²,5 pièces,https://www.tecnocasa.tn/vendre/appartement/grand-tunis/el-menzah/59116.html
Grand Tunis,S+4 en vente,appartement,475 000 DT,206 m²,4 pièces,https://www.tecnocasa.tn/vendre/appartement/grand-tunis/el-menzah/59497.html
Grand Tunis,Villa jumelée en vente,villa,300 000 DT,320 m²,,https://www.tecnocasa.tn/vendre/villa/grand-tunis/ariana/63692.html
Grand Tunis,Villa jumelée en vente,villa,650 000 DT,450 m²,,https://www.tecnocasa.tn/vendre/villa/grand-tunis/ariana/62869.html
Grand Tunis,Etage de villa en vente,villa,550 000 DT,170 m²,3 pièces,https://www.tecnocasa.tn/vendre/villa/grand-tunis/rades/61179.html
Grand Tunis,Etage de villa en vente,villa,530 000 DT,150 m²,,https://www.tecnocasa.tn/vendre/villa/grand-tunis/rades/61024.html
Grand Tunis,Etage de villa en vente,villa,670 000 DT,398 m²,2 pièces,https://www.tecnocasa.tn/vendre/villa/grand-tunis/la-marsa/62011.html
Grand Tunis,S+3 en vente,appartement,450 000 DT,110 m²,4 pièces,https://www.tecnocasa.tn/vendre/appartement/grand-tunis/borj-cedria/63612.html
Grand Tunis,Villa jumelée en vente,villa,1 350 000 DT,240 m²,,https://www.tecnocasa.tn/vendre/villa/grand-tunis/la-soukra/63577.html
Grand Tunis,Terrain habitation ind. en vente,terrain,130 000 DT,238 m²,,https://www.tecnocasa.tn/vendre/terrain/grand-tunis/borj-cedria/61844.html
Grand Tunis,Terrain habitation ind. en vente,terrain,1 782 000 DT,990 m²,,https://www.tecnocasa.tn/vendre/terrain/grand-tunis/la-soukra/61763.html
Grand Tunis,Terrain habitation ind. en vente,terrain,400 000 DT,445 m²,,https://www.tecnocasa.tn/vendre/terrain/grand-tunis/borj-cedria/61168.html
Grand Tunis,Terrain habitation ind. en vente,terrain,220 000 DT,497 m²,,https://www.tecnocasa.tn/vendre/terrain/grand-tunis/borj-cedria/63570.html
Grand Tunis,S+1 en vente,appartement,178 000 DT,60 m²,2 pièces,https://www.tecnocasa.tn/vendre/appartement/grand-tunis/ennasr/63504.html
Grand Tunis,S+3 en vente,appartement,855 000 DT,171 m²,,https://www.tecnocasa.tn/vendre/appartement/grand-tunis/ennasr/63606.html
Grand Tunis,S+3 en vente,appartement,230 000 DT,115 m²,3 pièces,https://www.tecnocasa.tn/vendre/appartement/grand-tunis/el-mourouj/61430.html
Grand Tunis,S+3 en vente,appartement,530 000 DT,152 m²,4 pièces,https://www.tecnocasa.tn/vendre/appartement/grand-tunis/centre-urbain-nord/56708.html
Grand Tunis,S+1 en vente,appartement,440 000 DT,65 m²,2 pièces,https://www.tecnocasa.tn/vendre/appartement/grand-tunis/la-marsa/63200.html
Grand Tunis,S+2 en vente,appartement,345 000 DT,130 m²,3 pièces,https://www.tecnocasa.tn/vendre/appartement/grand-tunis/ennasr/62521.html
Grand Tunis,S+3 en vente,appartement,740 000 DT,211 m²,5 pièces,https://www.tecnocasa.tn/vendre/appartement/grand-tunis/ennasr/51547.html
Grand Tunis,S+3 en vente,appartement,450 000 DT,120 m²,4 pièces,https://www.tecnocasa.tn/vendre/appartement/grand-tunis/ennasr/62546.html
Grand Tunis,S+2 en vente,appartement,395 000 DT,115 m²,3 pièces,https://www.tecnocasa.tn/vendre/appartement/grand-tunis/ennasr/63491.html
Grand Tunis,Duplex en vente,appartement,1 200 000 DT,290 m²,,https://www.tecnocasa.tn/vendre/appartement/grand-tunis/ennasr/63457.html
Grand Tunis,Etage de villa en vente,villa,500 000 DT,500 m²,,https://www.tecnocasa.tn/vendre/villa/grand-tunis/la-marsa/58680.html
Grand Tunis,S+2 en vente,appartement,365 000 DT,110 m²,3 pièces,https://www.tecnocasa.tn/vendre/appartement/grand-tunis/la-marsa/62969.html
Grand Tunis,Villa jumelée en vente,villa,1 190 000 DT,495 m²,,https://www.tecnocasa.tn/vendre/villa/grand-tunis/la-soukra/62185.html
Grand Tunis,Villa individuelle en vente,villa,650 000 DT,170 m²,,https://www.tecnocasa.tn/vendre/villa/grand-tunis/el-omrane/63589.html
Grand Tunis,Etage de villa en vente,villa,395 000 DT,140 m²,,https://www.tecnocasa.tn/vendre/villa/grand-tunis/el-omrane/63587.html
Grand Tunis,S+3 en vente,appartement,750 000 DT,121 m²,4 pièces,https://www.tecnocasa.tn/vendre/appartement/grand-tunis/la-soukra/62467.html
Grand Tunis,S+2 en vente,appartement,380 000 DT,83 m²,3 pièces,https://www.tecnocasa.tn/vendre/appartement/grand-tunis/la-soukra/63098.html
Grand Tunis,S+1 en vente,appartement,265 000 DT,80 m²,2 pièces,https://www.tecnocasa.tn/vendre/appartement/grand-tunis/la-soukra/63514.html
Grand Tunis,S+3 en vente,appartement,280 000 DT,125 m²,4 pièces,https://www.tecnocasa.tn/vendre/appartement/grand-tunis/cite-el-khadra/59999.html
Grand Tunis,S+1 en vente,appartement,230 000 DT,85 m²,2 pièces,https://www.tecnocasa.tn/vendre/appartement/grand-tunis/aouina/63478.html
Grand Tunis,S+3 en vente,appartement,365 000 DT,174 m²,4 pièces,https://www.tecnocasa.tn/vendre/appartement/grand-tunis/aouina/63592.html
Grand Tunis,S+3 en vente,appartement,360 000 DT,135 m²,,https://www.tecnocasa.tn/vendre/appartement/grand-tunis/el-menzah/62586.html
Grand Tunis,S+2 en vente,appartement,280 000 DT,80 m²,3 pièces,https://www.tecnocasa.tn/vendre/appartement/grand-tunis/rades/63412.html
Grand Tunis,S+1 en vente,appartement,100 000 DT,59 m²,2 pièces,https://www.tecnocasa.tn/vendre/appartement/grand-tunis/la-manouba/63396.html
Grand Tunis,Maison jumelée en vente,villa,640 000 DT,360 m²,4 pièces,https://www.tecnocasa.tn/vendre/villa/grand-tunis/la-manouba/58482.html
Grand Tunis,Terrain habitation ind. en vente,terrain,318 000 DT,424 m²,,https://www.tecnocasa.tn/vendre/terrain/grand-tunis/la-manouba/63307.html
Grand Tunis,Villa jumelée en vente,villa,600 000 DT,300 m²,3 pièces,https://www.tecnocasa.tn/vendre/villa/grand-tunis/megrine/52024.html
Grand Tunis,Villa individuelle en vente,villa,2 200 000 DT,1017 m²,7 pièces,https://www.tecnocasa.tn/vendre/villa/grand-tunis/la-marsa/63503.html
Grand Tunis,Duplex en vente,appartement,595 000 DT,170 m²,4 pièces,https://www.tecnocasa.tn/vendre/appartement/grand-tunis/rades/62292.html
Grand Tunis,Villa individuelle en vente,villa,1 150 000 DT,300 m²,5 pièces,https://www.tecnocasa.tn/vendre/villa/grand-tunis/rades/62230.html
Grand Tunis,S+2 en vente,appartement,105 000 DT,60 m²,2 pièces,https://www.tecnocasa.tn/vendre/appartement/grand-tunis/cite-el-khadra/63111.html
Grand Tunis,S+2 en vente,appartement,147 000 DT,65 m²,2 pièces,https://www.tecnocasa.tn/vendre/appartement/grand-tunis/cite-el-khadra/63501.html
Grand Tunis,S+3 en vente,appartement,250 000 DT,121 m²,3 pièces,https://www.tecnocasa.tn/vendre/appartement/grand-tunis/ben-arous/62320.html
Grand Tunis,S+1 en vente,appartement,255 000 DT,65 m²,2 pièces,https://www.tecnocasa.tn/vendre/appartement/grand-tunis/megrine/52789.html
Grand Tunis,Villa jumelée en vente,villa,500 000 DT,323 m²,,https://www.tecnocasa.tn/vendre/villa/grand-tunis/ben-arous/58329.html
Grand Tunis,S+2 en vente,appartement,310 000 DT,140 m²,2 pièces,https://www.tecnocasa.tn/vendre/appartement/grand-tunis/megrine/58695.html
Grand Tunis,Terrain habitation ind. en vente,terrain,491 000 DT,491 m²,,https://www.tecnocasa.tn/vendre/terrain/grand-tunis/ben-arous/60102.html
Grand Tunis,Terrain habitation ind. en vente,terrain,494 400 DT,618 m²,,https://www.tecnocasa.tn/vendre/terrain/grand-tunis/ben-arous/60804.html
Grand Tunis,S+3 en vente,appartement,130 000 DT,65 m²,5 pièces,https://www.tecnocasa.tn/vendre/appartement/grand-tunis/ben-arous/61077.html
Grand Tunis,Etage de villa en vente,villa,220 000 DT,128 m²,3 pièces,https://www.tecnocasa.tn/vendre/villa/grand-tunis/megrine/61324.html
Grand Tunis,Terrain habitation ind. en vente,terrain,850 000 DT,525 m²,,https://www.tecnocasa.tn/vendre/terrain/grand-tunis/ben-arous/62819.html
Grand Tunis,Terrain habitation ind. en vente,terrain,480 000 DT,272 m²,,https://www.tecnocasa.tn/vendre/terrain/grand-tunis/jardins-de-carthage/63354.html
Grand Tunis,Etage de villa en vente,villa,300 000 DT,,,https://www.tecnocasa.tn/vendre/villa/grand-tunis/ben-arous/62992.html
Grand Tunis,S+3 en vente,appartement,290 000 DT,145 m²,4 pièces,https://www.tecnocasa.tn/vendre/appartement/grand-tunis/medina-jedida/63246.html
Grand Tunis,S+2 en vente,appartement,365 000 DT,120 m²,3 pièces,https://www.tecnocasa.tn/vendre/appartement/grand-tunis/la-soukra/62797.html
Grand Tunis,Villa individuelle en vente,villa,800 000 DT,349 m²,,https://www.tecnocasa.tn/vendre/villa/grand-tunis/la-soukra/62159.html
Grand Tunis,Villa jumelée en vente,villa,730 000 DT,143 m²,,https://www.tecnocasa.tn/vendre/villa/grand-tunis/la-marsa/63125.html
Grand Tunis,Villa individuelle en vente,villa,780 000 DT,500 m²,,https://www.tecnocasa.tn/vendre/villa/grand-tunis/megrine/59193.html
Grand Tunis,Triplex en vente,appartement,1 800 000 DT,223 m²,,https://www.tecnocasa.tn/vendre/appartement/grand-tunis/jardins-de-carthage/62826.html
Grand Tunis,S+3 en vente,appartement,500 000 DT,125 m²,4 pièces,https://www.tecnocasa.tn/vendre/appartement/grand-tunis/la-marsa/63407.html
Grand Tunis,Terrain habitation ind. en vente,terrain,270 000 DT,404 m²,,https://www.tecnocasa.tn/vendre/terrain/grand-tunis/borj-cedria/63104.html
Grand Tunis,S+2 en vente,appartement,535 000 DT,133 m²,2 pièces,https://www.tecnocasa.tn/vendre/appartement/grand-tunis/ain-zaghouan/63507.html
Grand Tunis,Villa jumelée en vente,villa,370 000 DT,299 m²,,https://www.tecnocasa.tn/vendre/villa/grand-tunis/borj-cedria/61323.html
Grand Tunis,Villa individuelle en vente,villa,740 000 DT,200 m²,,https://www.tecnocasa.tn/vendre/villa/grand-tunis/borj-cedria/55634.html
Grand Tunis,Terrain habitation ind. en vente,terrain,275 000 DT,416 m²,,https://www.tecnocasa.tn/vendre/terrain/grand-tunis/borj-cedria/63006.html
Grand Tunis,Terrain habitation ind. en vente,terrain,135 000 DT,214 m²,,https://www.tecnocasa.tn/vendre/terrain/grand-tunis/borj-cedria/62823.html
Grand Tunis,Villa individuelle en vente,villa,600 000 DT,355 m²,,https://www.tecnocasa.tn/vendre/villa/grand-tunis/ariana/63206.html
Grand Tunis,S+3 en vente,appartement,275 000 DT,90 m²,3 pièces,https://www.tecnocasa.tn/vendre/appartement/grand-tunis/manar/56149.html
Grand Tunis,S+3 en vente,appartement,630 000 DT,207 m²,4 pièces,https://www.tecnocasa.tn/vendre/appartement/grand-tunis/ain-zaghouan/63406.html
Grand Tunis,S+3 en vente,appartement,140 000 DT,85 m²,4 pièces,https://www.tecnocasa.tn/vendre/appartement/grand-tunis/ariana/63242.html
Grand Tunis,S+1 en vente,appartement,239 000 DT,53 m²,2 pièces,https://www.tecnocasa.tn/vendre/appartement/grand-tunis/la-soukra/63429.html
Grand Tunis,S+2 en vente,appartement,125 000 DT,64 m²,3 pièces,https://www.tecnocasa.tn/vendre/appartement/grand-tunis/el-mourouj/63486.html
Grand Tunis,S+3 en vente,appartement,390 000 DT,138 m²,4 pièces,https://www.tecnocasa.tn/vendre/appartement/grand-tunis/aouina/59104.html
Grand Tunis,S+3 en vente,appartement,130 000 DT,108 m²,4 pièces,https://www.tecnocasa.tn/vendre/appartement/grand-tunis/ariana/62990.html
Grand Tunis,S+3 en vente,appartement,835 000 DT,180 m²,4 pièces,https://www.tecnocasa.tn/vendre/appartement/grand-tunis/ennasr/62794.html
Grand Tunis,S+2 en vente,appartement,287 000 DT,104 m²,3 pièces,https://www.tecnocasa.tn/vendre/appartement/grand-tunis/aouina/63397.html
Grand Tunis,S+3 en vente,appartement,530 000 DT,210 m²,3 pièces,https://www.tecnocasa.tn/vendre/appartement/grand-tunis/el-menzah/54744.html
Grand Tunis,S+3 en vente,appartement,380 000 DT,153 m²,3 pièces,https://www.tecnocasa.tn/vendre/appartement/grand-tunis/la-manouba/63448.html
Grand Tunis,S+3 en vente,appartement,235 000 DT,110 m²,34 pièces,https://www.tecnocasa.tn/vendre/appartement/grand-tunis/ariana/63313.html
Grand Tunis,S+2 en vente,appartement,140 000 DT,79 m²,3 pièces,https://www.tecnocasa.tn/vendre/appartement/grand-tunis/medina-jedida/62321.html
Grand Tunis,S+1 en vente,appartement,167 000 DT,63 m²,2 pièces,https://www.tecnocasa.tn/vendre/appartement/grand-tunis/medina-jedida/63150.html
Grand Tunis,S+2 en vente,appartement,245 000 DT,114 m²,3 pièces,https://www.tecnocasa.tn/vendre/appartement/grand-tunis/medina-jedida/63196.html
Grand Tunis,S+3 en vente,appartement,250 000 DT,186 m²,4 pièces,https://www.tecnocasa.tn/vendre/appartement/grand-tunis/ennasr/57780.html
Grand Tunis,S+2 en vente,appartement,370 000 DT,123 m²,3 pièces,https://www.tecnocasa.tn/vendre/appartement/grand-tunis/la-soukra/62068.html
Grand Tunis,S+2 en vente,appartement,350 000 DT,139 m²,3 pièces,https://www.tecnocasa.tn/vendre/appartement/grand-tunis/ariana/63399.html
Grand Tunis,S+2 en vente,appartement,400 000 DT,120 m²,3 pièces,https://www.tecnocasa.tn/vendre/appartement/grand-tunis/ain-zaghouan/63350.html
Grand Tunis,S+2 en vente,appartement,123 000 DT,80 m²,3 pièces,https://www.tecnocasa.tn/vendre/appartement/grand-tunis/la-manouba/61797.html
Grand Tunis,S+3 en vente,appartement,420 000 DT,125 m²,4 pièces,https://www.tecnocasa.tn/vendre/appartement/grand-tunis/lafayette-centre-ville/63296.html
Grand Tunis,S+1 en vente,appartement,150 000 DT,60 m²,3 pièces,https://www.tecnocasa.tn/vendre/appartement/grand-tunis/lafayette-centre-ville/61050.html
Grand Tunis,S+3 en vente,appartement,550 000 DT,145 m²,3 pièces,https://www.tecnocasa.tn/vendre/appartement/grand-tunis/jardins-de-carthage/62170.html
Grand Tunis,S+3 en vente,appartement,235 000 DT,122 m²,4 pièces,https://www.tecnocasa.tn/vendre/appartement/grand-tunis/lafayette-centre-ville/48072.html
Grand Tunis,S+2 en vente,appartement,135 000 DT,100 m²,3 pièces,https://www.tecnocasa.tn/vendre/appartement/grand-tunis/rades/63342.html
Grand Tunis,S+3 en vente,appartement,245 000 DT,100 m²,4 pièces,https://www.tecnocasa.tn/vendre/appartement/grand-tunis/rades/63212.html
Grand Tunis,S+3 en vente,appartement,265 000 DT,120 m²,3 pièces,https://www.tecnocasa.tn/vendre/appartement/grand-tunis/manar/62090.html
Grand Tunis,Terrain habitation ind. en vente,terrain,399 000 DT,570 m²,,https://www.tecnocasa.tn/vendre/terrain/grand-tunis/ariana/63260.html
Grand Tunis,S+2 en vente,appartement,420 000 DT,120 m²,3 pièces,https://www.tecnocasa.tn/vendre/appartement/grand-tunis/jardins-de-carthage/63032.html
Grand Tunis,Villa individuelle en vente,villa,1 550 000 DT,452 m²,,https://www.tecnocasa.tn/vendre/villa/grand-tunis/ennasr/61030.html
Grand Tunis,S+1 en vente,appartement,195 000 DT,48 m²,1 pièce,https://www.tecnocasa.tn/vendre/appartement/grand-tunis/ennasr/61498.html
Grand Tunis,Duplex en vente,appartement,550 000 DT,240 m²,,https://www.tecnocasa.tn/vendre/appartement/grand-tunis/ariana/62775.html
Grand Tunis,S+2 en vente,appartement,711 993 DT,100 m²,3 pièces,https://www.tecnocasa.tn/vendre/appartement/grand-tunis/jardins-de-carthage/62703.html
Grand Tunis,S+3 en vente,appartement,899 000 DT,131 m²,4 pièces,https://www.tecnocasa.tn/vendre/appartement/grand-tunis/jardins-de-carthage/62704.html
Grand Tunis,Terrain habitation ind. en vente,terrain,1 498 500 DT,999 m²,,https://www.tecnocasa.tn/vendre/terrain/grand-tunis/ariana/63263.html
Grand Tunis,S+1 en vente,appartement,190 000 DT,70 m²,2 pièces,https://www.tecnocasa.tn/vendre/appartement/grand-tunis/ariana/63203.html
Grand Tunis,Villa inachevée en vente,villa,690 000 DT,1062 m²,,https://www.tecnocasa.tn/vendre/villa/grand-tunis/la-manouba/63184.html
Grand Tunis,Terrain habitation ind. en vente,terrain,345 400 DT,314 m²,,https://www.tecnocasa.tn/vendre/terrain/grand-tunis/la-manouba/63224.html
Grand Tunis,Villa individuelle en vente,villa,1 290 000 DT,722 m²,,https://www.tecnocasa.tn/vendre/villa/grand-tunis/la-soukra/63139.html
Grand Tunis,S+2 en vente,appartement,145 000 DT,70 m²,3 pièces,https://www.tecnocasa.tn/vendre/appartement/grand-tunis/lafayette-centre-ville/58709.html
Grand Tunis,S+2 en vente,appartement,115 000 DT,60 m²,3 pièces,https://www.tecnocasa.tn/vendre/appartement/grand-tunis/lafayette-centre-ville/60741.html
Grand Tunis,Terrain habitation ind. en vente,terrain,295 000 DT,410 m²,,https://www.tecnocasa.tn/vendre/terrain/grand-tunis/ariana/62827.html
Grand Tunis,Villa jumelée en vente,villa,560 000 DT,210 m²,4 pièces,https://www.tecnocasa.tn/vendre/villa/grand-tunis/rades/59127.html
Grand Tunis,S+3 en vente,appartement,240 000 DT,110 m²,4 pièces,https://www.tecnocasa.tn/vendre/appartement/grand-tunis/rades/62811.html
Grand Tunis,Villa jumelée en vente,villa,795 000 DT,392 m²,,https://www.tecnocasa.tn/vendre/villa/grand-tunis/rades/62935.html
Grand Tunis,S+2 en vente,appartement,250 000 DT,106 m²,3 pièces,https://www.tecnocasa.tn/vendre/appartement/grand-tunis/la-marsa/61014.html
Grand Tunis,Terrain habitation ind. en vente,terrain,480 000 DT,400 m²,,https://www.tecnocasa.tn/vendre/terrain/grand-tunis/la-soukra/63124.html
Grand Tunis,S+2 en vente,appartement,165 000 DT,88 m²,2 pièces,https://www.tecnocasa.tn/vendre/appartement/grand-tunis/la-manouba/63095.html
Grand Tunis,Terrain habitation collective en vente,terrain,154 070 DT,248 m²,,https://www.tecnocasa.tn/vendre/terrain/grand-tunis/la-soukra/59749.html
Grand Tunis,Terrain habitation ind. en vente,terrain,495 000 DT,75 m²,,https://www.tecnocasa.tn/vendre/terrain/grand-tunis/carthage/63166.html
Grand Tunis,S+2 en vente,appartement,370 000 DT,81 m²,,https://www.tecnocasa.tn/vendre/appartement/grand-tunis/la-marsa/62901.html
Grand Tunis,Villa jumelée en vente,villa,300 000 DT,187 m²,,https://www.tecnocasa.tn/vendre/villa/grand-tunis/la-marsa/62471.html
Grand Tunis,Duplex en vente,appartement,320 000 DT,230 m²,4 pièces,https://www.tecnocasa.tn/vendre/appartement/grand-tunis/el-omrane/61198.html
Grand Tunis,S+2 en vente,appartement,330 000 DT,105 m²,2 pièces,https://www.tecnocasa.tn/vendre/appartement/grand-tunis/manar/56224.html
Grand Tunis,Hall+3 en vente,bureau,295 000 DT,125 m²,4 pièces,https://www.tecnocasa.tn/vendre/bureau/grand-tunis/manar/60281.html
Grand Tunis,Terrain habitation ind. en vente,terrain,1 200 000 DT,670 m²,,https://www.tecnocasa.tn/vendre/terrain/grand-tunis/el-menzah/63005.html
Grand Tunis,Villa jumelée en vente,villa,370 000 DT,369 m²,,https://www.tecnocasa.tn/vendre/villa/grand-tunis/ariana/60279.html
Grand Tunis,S+3 en vente,appartement,650 000 DT,159 m²,3 pièces,https://www.tecnocasa.tn/vendre/appartement/grand-tunis/jardins-de-carthage/61680.html
Grand Tunis,S+3 en vente,appartement,580 000 DT,165 m²,,https://www.tecnocasa.tn/vendre/appartement/grand-tunis/ain-zaghouan/60619.html
Grand Tunis,S+2 en vente,appartement,170 000 DT,70 m²,3 pièces,https://www.tecnocasa.tn/vendre/appartement/grand-tunis/lafayette-centre-ville/63106.html
Grand Tunis,Villa individuelle en vente,villa,670 000 DT,440 m²,,https://www.tecnocasa.tn/vendre/villa/grand-tunis/rades/60098.html
Grand Tunis,Duplex en vente,appartement,304 000 DT,208 m²,,https://www.tecnocasa.tn/vendre/appartement/grand-tunis/la-manouba/61080.html
Grand Tunis,S+3 en vente,appartement,800 000 DT,200 m²,4 pièces,https://www.tecnocasa.tn/vendre/appartement/grand-tunis/jardins-de-carthage/62843.html
Grand Tunis,S+3 en vente,appartement,310 000 DT,155 m²,4 pièces,https://www.tecnocasa.tn/vendre/appartement/grand-tunis/la-soukra/61773.html
Grand Tunis,Etage de villa en vente,villa,290 000 DT,140 m²,,https://www.tecnocasa.tn/vendre/villa/grand-tunis/le-bardo/55520.html
Grand Tunis,S+3 en vente,appartement,145 000 DT,80 m²,4 pièces,https://www.tecnocasa.tn/vendre/appartement/grand-tunis/el-mourouj/63151.html
Grand Tunis,S+1 en vente,appartement,275 000 DT,59 m²,2 pièces,https://www.tecnocasa.tn/vendre/appartement/grand-tunis/la-soukra/61794.html
Grand Tunis,S+1 en vente,appartement,273 000 DT,61 m²,2 pièces,https://www.tecnocasa.tn/vendre/appartement/grand-tunis/ennasr/61779.html
Grand Tunis,S+2 en vente,appartement,430 000 DT,110 m²,3 pièces,https://www.tecnocasa.tn/vendre/appartement/grand-tunis/gammarth/62753.html
Grand Tunis,S+3 en vente,appartement,660 000 DT,167 m²,4 pièces,https://www.tecnocasa.tn/vendre/appartement/grand-tunis/ennasr/61137.html
Grand Tunis,Terrain habitation ind. en vente,terrain,700 000 DT,1100 m²,,https://www.tecnocasa.tn/vendre/terrain/grand-tunis/ariana/63064.html
Grand Tunis,S+2 en vente,appartement,335 000 DT,139 m²,3 pièces,https://www.tecnocasa.tn/vendre/appartement/grand-tunis/el-mourouj/62689.html
Grand Tunis,Terrain habitation ind. en vente,terrain,275 000 DT,365 m²,,https://www.tecnocasa.tn/vendre/terrain/grand-tunis/la-soukra/61761.html
Grand Tunis,Terrain habitation ind. en vente,terrain,800 000 DT,637 m²,,https://www.tecnocasa.tn/vendre/terrain/grand-tunis/la-soukra/63078.html
Grand Tunis,Terrain habitation ind. en vente,terrain,1 240 000 DT,731 m²,,https://www.tecnocasa.tn/vendre/terrain/grand-tunis/el-menzah/53745.html
Grand Tunis,Duplex en vente,appartement,280 000 DT,140 m²,3 pièces,https://www.tecnocasa.tn/vendre/appartement/grand-tunis/el-omrane/58825.html
Grand Tunis,Villa individuelle en vente,villa,2 500 000 DT,913 m²,,https://www.tecnocasa.tn/vendre/villa/grand-tunis/gammarth/61151.html
Grand Tunis,S+2 en vente,appartement,1 700 000 DT,600 m²,,https://www.tecnocasa.tn/vendre/appartement/grand-tunis/la-marsa/62110.html
Grand Tunis,S+2 en vente,appartement,310 000 DT,66 m²,3 pièces,https://www.tecnocasa.tn/vendre/appartement/grand-tunis/gammarth/62540.html
Grand Tunis,Villa en bande en vente,villa,1 100 000 DT,658 m²,8 pièces,https://www.tecnocasa.tn/vendre/villa/grand-tunis/la-manouba/62668.html
Grand Tunis,Villa individuelle en vente,villa,1 600 000 DT,400 m²,,https://www.tecnocasa.tn/vendre/villa/grand-tunis/mutuelleville/59374.html
Grand Tunis,Villa jumelée en vente,villa,1 300 000 DT,337 m²,,https://www.tecnocasa.tn/vendre/villa/grand-tunis/ariana/61592.html
Grand Tunis,Villa individuelle en vente,villa,2 200 000 DT,527 m²,,https://www.tecnocasa.tn/vendre/villa/grand-tunis/ariana/57200.html
Grand Tunis,Villa individuelle en vente,villa,1 500 000 DT,684 m²,5 pièces,https://www.tecnocasa.tn/vendre/villa/grand-tunis/el-menzah/62440.html
Grand Tunis,S+2 en vente,appartement,315 000 DT,95 m²,3 pièces,https://www.tecnocasa.tn/vendre/appartement/grand-tunis/lafayette-centre-ville/62272.html
Grand Tunis,S+3 en vente,appartement,155 000 DT,129 m²,4 pièces,https://www.tecnocasa.tn/vendre/appartement/grand-tunis/ariana/62162.html
Grand Tunis,Villa individuelle en vente,villa,670 000 DT,483 m²,,https://www.tecnocasa.tn/vendre/villa/grand-tunis/ariana/62741.html
Grand Tunis,Terrain habitation ind. en vente,terrain,434 400 000 DT,362 m²,,https://www.tecnocasa.tn/vendre/terrain/grand-tunis/rades/60781.html
Grand Tunis,Duplex en vente,appartement,750 000 DT,247 m²,3 pièces,https://www.tecnocasa.tn/vendre/appartement/grand-tunis/la-soukra/54227.html
Grand Tunis,S+2 en vente,appartement,140 000 DT,100 m²,3 pièces,https://www.tecnocasa.tn/vendre/appartement/grand-tunis/medina-jedida/62933.html
Grand Tunis,Villa jumelée en vente,villa,260 000 DT,120 m²,3 pièces,https://www.tecnocasa.tn/vendre/villa/grand-tunis/borj-cedria/61589.html
Grand Tunis,S+2 en vente,appartement,155 000 DT,99 m²,3 pièces,https://www.tecnocasa.tn/vendre/appartement/grand-tunis/rades/62779.html
Grand Tunis,Etage de villa en vente,villa,350 000 DT,350 m²,,https://www.tecnocasa.tn/vendre/villa/grand-tunis/ariana/61766.html
Grand Tunis,S+1 en vente,appartement,70 000 DT,60 m²,2 pièces,https://www.tecnocasa.tn/vendre/appartement/grand-tunis/medina-jedida/62803.html
Grand Tunis,Terrain habitation ind. en vente,terrain,515 000 DT,522 m²,,https://www.tecnocasa.tn/vendre/terrain/grand-tunis/rades/61285.html
Grand Tunis,S+3 en vente,appartement,385 000 DT,130 m²,4 pièces,https://www.tecnocasa.tn/vendre/appartement/grand-tunis/ariana/60524.html
Grand Tunis,S+3 en vente,appartement,340 000 DT,166 m²,3 pièces,https://www.tecnocasa.tn/vendre/appartement/grand-tunis/cite-el-khadra/61898.html
Grand Tunis,S+2 en vente,appartement,130 000 DT,80 m²,2 pièces,https://www.tecnocasa.tn/vendre/appartement/grand-tunis/el-mourouj/61111.html
Grand Tunis,Villa individuelle en vente,villa,450 000 DT,220 m²,,https://www.tecnocasa.tn/vendre/villa/grand-tunis/el-mourouj/62646.html
Grand Tunis,Villa individuelle en vente,villa,750 000 DT,425 m²,6 pièces,https://www.tecnocasa.tn/vendre/villa/grand-tunis/borj-cedria/61812.html
Grand Tunis,Villa individuelle en vente,villa,880 000 DT,512 m²,,https://www.tecnocasa.tn/vendre/villa/grand-tunis/la-manouba/56768.html
Grand Tunis,S+2 en vente,appartement,315 000 DT,127 m²,,https://www.tecnocasa.tn/vendre/appartement/grand-tunis/medina-jedida/62737.html
Grand Tunis,Villa jumelée en vente,villa,970 000 DT,230 m²,,https://www.tecnocasa.tn/vendre/villa/grand-tunis/la-soukra/62590.html
Grand Tunis,S+2 en vente,appartement,360 000 DT,110 m²,3 pièces,https://www.tecnocasa.tn/vendre/appartement/grand-tunis/la-soukra/62804.html
Grand Tunis,Maison jumelée en vente,villa,320 000 DT,90 m²,2 pièces,https://www.tecnocasa.tn/vendre/villa/grand-tunis/rades/61881.html
Grand Tunis,S+1 en vente,appartement,185 000 DT,64 m²,,https://www.tecnocasa.tn/vendre/appartement/grand-tunis/ariana/62511.html
Grand Tunis,Villa individuelle en vente,villa,1 200 000 DT,600 m²,5 pièces,https://www.tecnocasa.tn/vendre/villa/grand-tunis/ariana/62671.html
Grand Tunis,Villa individuelle en vente,villa,1 800 000 DT,622 m²,4 pièces,https://www.tecnocasa.tn/vendre/villa/grand-tunis/ariana/62682.html
Grand Tunis,Terrain habitation ind. en vente,terrain,705 600 DT,504 m²,,https://www.tecnocasa.tn/vendre/terrain/grand-tunis/ariana/62765.html
Grand Tunis,Terrain habitation ind. en vente,terrain,650 000 DT,453 m²,,https://www.tecnocasa.tn/vendre/terrain/grand-tunis/ariana/62173.html
Grand Tunis,Terrain habitation ind. en vente,terrain,450 000 DT,333 m²,,https://www.tecnocasa.tn/vendre/terrain/grand-tunis/rades/61792.html
Grand Tunis,Terrain habitation ind. en vente,terrain,290 000 DT,321 m²,,https://www.tecnocasa.tn/vendre/terrain/grand-tunis/rades/61400.html
Grand Tunis,Etage de villa en vente,villa,395 000 DT,170 m²,3 pièces,https://www.tecnocasa.tn/vendre/villa/grand-tunis/rades/62006.html
Grand Tunis,Villa individuelle en vente,villa,510 000 DT,300 m²,3 pièces,https://www.tecnocasa.tn/vendre/villa/grand-tunis/rades/60598.html
Grand Tunis,S+3 en vente,appartement,230 000 DT,100 m²,4 pièces,https://www.tecnocasa.tn/vendre/appartement/grand-tunis/rades/60424.html
Grand Tunis,Villa individuelle en vente,villa,1 280 000 DT,240 m²,,https://www.tecnocasa.tn/vendre/villa/grand-tunis/mutuelleville/62529.html
Grand Tunis,Terrain habitation ind. en vente,terrain,515 000 DT,515 m²,,https://www.tecnocasa.tn/vendre/terrain/grand-tunis/rades/60403.html
Grand Tunis,S+2 en vente,appartement,175 000 DT,91 m²,3 pièces,https://www.tecnocasa.tn/vendre/appartement/grand-tunis/rades/60395.html
Grand Tunis,S+3 en vente,appartement,228 000 DT,100 m²,4 pièces,https://www.tecnocasa.tn/vendre/appartement/grand-tunis/rades/60226.html
Grand Tunis,S+3 en vente,appartement,390 000 DT,150 m²,4 pièces,https://www.tecnocasa.tn/vendre/appartement/grand-tunis/rades/60053.html
Grand Tunis,S+2 en vente,appartement,137 000 DT,80 m²,3 pièces,https://www.tecnocasa.tn/vendre/appartement/grand-tunis/rades/60071.html
Grand Tunis,S+3 en vente,appartement,280 000 DT,109 m²,4 pièces,https://www.tecnocasa.tn/vendre/appartement/grand-tunis/rades/60032.html
Grand Tunis,Terrain habitation ind. en vente,terrain,245 000 DT,219 m²,,https://www.tecnocasa.tn/vendre/terrain/grand-tunis/rades/60025.html
Grand Tunis,Villa jumelée en vente,villa,555 000 DT,180 m²,3 pièces,https://www.tecnocasa.tn/vendre/villa/grand-tunis/rades/59907.html
Grand Tunis,S+2 en vente,appartement,158 000 DT,75 m²,3 pièces,https://www.tecnocasa.tn/vendre/appartement/grand-tunis/rades/59893.html
Grand Tunis,S+3 en vente,appartement,155 000 DT,100 m²,4 pièces,https://www.tecnocasa.tn/vendre/appartement/grand-tunis/rades/59236.html
Grand Tunis,S+3 en vente,appartement,170 000 DT,100 m²,4 pièces,https://www.tecnocasa.tn/vendre/appartement/grand-tunis/rades/57518.html
Grand Tunis,S+2 en vente,appartement,285 000 DT,81 m²,2 pièces,https://www.tecnocasa.tn/vendre/appartement/grand-tunis/rades/62103.html
Grand Tunis,S+2 en vente,appartement,315 000 DT,116 m²,3 pièces,https://www.tecnocasa.tn/vendre/appartement/grand-tunis/aouina/62809.html
Grand Tunis,S+2 en vente,appartement,365 000 DT,125 m²,3 pièces,https://www.tecnocasa.tn/vendre/appartement/grand-tunis/ain-zaghouan/62196.html
Grand Tunis,S+2 en vente,appartement,680 000 DT,156 m²,3 pièces,https://www.tecnocasa.tn/vendre/appartement/grand-tunis/ain-zaghouan/62592.html
Grand Tunis,Triplex en vente,appartement,520 000 DT,290 m²,5 pièces,https://www.tecnocasa.tn/vendre/appartement/grand-tunis/ariana/62744.html
Grand Tunis,Villa individuelle en vente,villa,1 300 000 DT,398 m²,,https://www.tecnocasa.tn/vendre/villa/grand-tunis/ariana/62156.html
Grand Tunis,S+2 en vente,appartement,360 000 DT,122 m²,3 pièces,https://www.tecnocasa.tn/vendre/appartement/grand-tunis/jardins-d-el-menzah/62187.html
Grand Tunis,Villa individuelle en vente,villa,900 000 DT,450 m²,,https://www.tecnocasa.tn/vendre/villa/grand-tunis/ariana/62525.html
Grand Tunis,Villa individuelle en vente,villa,680 000 DT,300 m²,,https://www.tecnocasa.tn/vendre/villa/grand-tunis/le-bardo/50764.html
Grand Tunis,Villa individuelle en vente,villa,450 000 DT,200 m²,,https://www.tecnocasa.tn/vendre/villa/grand-tunis/ariana/61520.html
Grand Tunis,S+3 en vente,appartement,245 000 DT,123 m²,,https://www.tecnocasa.tn/vendre/appartement/grand-tunis/medina-jedida/58752.html
Grand Tunis,S+2 en vente,appartement,177 000 DT,92 m²,3 pièces,https://www.tecnocasa.tn/vendre/appartement/grand-tunis/ariana/60736.html
Grand Tunis,Villa jumelée en vente,villa,450 000 DT,210 m²,,https://www.tecnocasa.tn/vendre/villa/grand-tunis/la-manouba/58364.html
Grand Tunis,S+2 en vente,appartement,135 000 DT,81 m²,2 pièces,https://www.tecnocasa.tn/vendre/appartement/grand-tunis/la-manouba/62673.html
Grand Tunis,S+2 en vente,appartement,675 000 DT,158 m²,4 pièces,https://www.tecnocasa.tn/vendre/appartement/grand-tunis/jardins-de-carthage/62739.html
Grand Tunis,S+3 en vente,appartement,390 000 DT,132 m²,4 pièces,https://www.tecnocasa.tn/vendre/appartement/grand-tunis/la-manouba/62657.html
Grand Tunis,S+2 en vente,appartement,200 000 DT,80 m²,,https://www.tecnocasa.tn/vendre/appartement/grand-tunis/medina-jedida/62694.html
Grand Tunis,Terrain habitation ind. en vente,terrain,164 000 DT,310 m²,,https://www.tecnocasa.tn/vendre/terrain/grand-tunis/borj-cedria/61941.html
Grand Tunis,Terrain habitation ind. en vente,terrain,1 436 400 DT,1368 m²,,https://www.tecnocasa.tn/vendre/terrain/grand-tunis/la-soukra/62730.html
Grand Tunis,Terrain habitation collective en vente,terrain,1 200 000 DT,1000 m²,,https://www.tecnocasa.tn/vendre/terrain/grand-tunis/la-soukra/62268.html
Grand Tunis,S+3 en vente,appartement,370 000 DT,138 m²,4 pièces,https://www.tecnocasa.tn/vendre/appartement/grand-tunis/ariana/62608.html
Grand Tunis,S+3 en vente,appartement,250 000 DT,115 m²,4 pièces,https://www.tecnocasa.tn/vendre/appartement/grand-tunis/lafayette-centre-ville/59581.html
Grand Tunis,Terrain habitation collective en vente,terrain,1 700 000 DT,571 m²,,https://www.tecnocasa.tn/vendre/terrain/grand-tunis/lafayette-centre-ville/59486.html
Grand Tunis,Villa individuelle en vente,villa,1 800 000 DT,700 m²,,https://www.tecnocasa.tn/vendre/villa/grand-tunis/lafayette-centre-ville/53299.html
Grand Tunis,Terrain habitation ind. en vente,terrain,357 000 DT,357 m²,,https://www.tecnocasa.tn/vendre/terrain/grand-tunis/gammarth/62251.html
Grand Tunis,Terrain habitation ind. en vente,terrain,580 000 DT,597 m²,,https://www.tecnocasa.tn/vendre/terrain/grand-tunis/le-bardo/55181.html
Grand Tunis,S+3 en vente,appartement,270 000 DT,131 m²,4 pièces,https://www.tecnocasa.tn/vendre/appartement/grand-tunis/ariana/61257.html
Grand Tunis,S+2 en vente,appartement,310 000 DT,100 m²,3 pièces,https://www.tecnocasa.tn/vendre/appartement/grand-tunis/jardins-d-el-menzah/61101.html
Grand Tunis,Villa individuelle en vente,villa,2 100 000 DT,580 m²,,https://www.tecnocasa.tn/vendre/villa/grand-tunis/ariana/59257.html
Grand Tunis,Etage de villa en vente,villa,430 000 DT,387 m²,,https://www.tecnocasa.tn/vendre/villa/grand-tunis/ariana/62290.html
Grand Tunis,S+1 en vente,appartement,130 000 DT,75 m²,2 pièces,https://www.tecnocasa.tn/vendre/appartement/grand-tunis/la-manouba/61935.html
Grand Tunis,S+3 en vente,appartement,1 050 000 DT,103 m²,,https://www.tecnocasa.tn/vendre/appartement/grand-tunis/les-berges-du-lac/62207.html
Grand Tunis,Villa individuelle en vente,villa,500 000 DT,328 m²,4 pièces,https://www.tecnocasa.tn/vendre/villa/grand-tunis/la-manouba/62396.html
Grand Tunis,Villa individuelle en vente,villa,850 000 DT,536 m²,3 pièces,https://www.tecnocasa.tn/vendre/villa/grand-tunis/la-manouba/62376.html
Grand Tunis,S+2 en vente,appartement,400 000 DT,79 m²,3 pièces,https://www.tecnocasa.tn/vendre/appartement/grand-tunis/la-soukra/61986.html
Grand Tunis,Villa jumelée en vente,villa,980 000 DT,360 m²,4 pièces,https://www.tecnocasa.tn/vendre/villa/grand-tunis/manar/53981.html
Grand Tunis,Villa individuelle en vente,villa,870 000 DT,400 m²,,https://www.tecnocasa.tn/vendre/villa/grand-tunis/manar/58487.html
Grand Tunis,Etage de villa en vente,villa,165 000 DT,89 m²,3 pièces,https://www.tecnocasa.tn/vendre/villa/grand-tunis/la-manouba/61228.html
Grand Tunis,S+1 en vente,appartement,115 000 DT,61 m²,2 pièces,https://www.tecnocasa.tn/vendre/appartement/grand-tunis/ariana/59914.html
Grand Tunis,S+4 en vente,appartement,450 000 DT,155 m²,5 pièces,https://www.tecnocasa.tn/vendre/appartement/grand-tunis/ennasr/61299.html
Grand Tunis,Maison jumelée en vente,villa,650 000 DT,337 m²,3 pièces,https://www.tecnocasa.tn/vendre/villa/grand-tunis/ariana/62287.html
Grand Tunis,S+3 en vente,appartement,299 000 DT,133 m²,4 pièces,https://www.tecnocasa.tn/vendre/appartement/grand-tunis/aouina/62498.html
Grand Tunis,S+5 en vente,appartement,210 000 DT,133 m²,6 pièces,https://www.tecnocasa.tn/vendre/appartement/grand-tunis/lafayette-centre-ville/62179.html
Grand Tunis,S+3 en vente,appartement,340 000 DT,145 m²,4 pièces,https://www.tecnocasa.tn/vendre/appartement/grand-tunis/ennasr/61439.html
Grand Tunis,S+3 en vente,appartement,520 000 DT,108 m²,4 pièces,https://www.tecnocasa.tn/vendre/appartement/grand-tunis/centre-urbain-nord/61992.html
Grand Tunis,Terrain habitation ind. en vente,terrain,975 000 DT,650 m²,4 pièces,https://www.tecnocasa.tn/vendre/terrain/grand-tunis/megrine/62114.html
Grand Tunis,Villa jumelée en vente,villa,450 000 DT,231 m²,4 pièces,https://www.tecnocasa.tn/vendre/villa/grand-tunis/borj-cedria/60193.html
Grand Tunis,Terrain habitation ind. en vente,terrain,270 000 DT,242 m²,,https://www.tecnocasa.tn/vendre/terrain/grand-tunis/ariana/62284.html
Grand Tunis,S+2 en vente,appartement,175 000 DT,70 m²,3 pièces,https://www.tecnocasa.tn/vendre/appartement/grand-tunis/la-manouba/61383.html
Grand Tunis,Villa individuelle en vente,villa,1 600 000 DT,300 m²,,https://www.tecnocasa.tn/vendre/villa/grand-tunis/gammarth/62285.html
Grand Tunis,S+3 en vente,appartement,900 000 DT,177 m²,4 pièces,https://www.tecnocasa.tn/vendre/appartement/grand-tunis/ennasr/57993.html
Grand Tunis,S+3 en vente,appartement,230 000 DT,128 m²,4 pièces,https://www.tecnocasa.tn/vendre/appartement/grand-tunis/ariana/61995.html
Grand Tunis,Villa jumelée en vente,villa,390 000 DT,120 m²,4 pièces,https://www.tecnocasa.tn/vendre/villa/grand-tunis/ariana/61855.html
Grand Tunis,S+3 en vente,appartement,320 000 DT,146 m²,,https://www.tecnocasa.tn/vendre/appartement/grand-tunis/el-menzah/62112.html
Grand Tunis,S+2 en vente,appartement,315 000 DT,117 m²,2 pièces,https://www.tecnocasa.tn/vendre/appartement/grand-tunis/ennasr/61306.html
Grand Tunis,S+3 en vente,appartement,280 000 DT,126 m²,4 pièces,https://www.tecnocasa.tn/vendre/appartement/grand-tunis/ariana/62127.html
Grand Tunis,Etage de villa en vente,villa,759 000 DT,330 m²,,https://www.tecnocasa.tn/vendre/villa/grand-tunis/ariana/61138.html
Grand Tunis,S+3 en vente,appartement,317 000 DT,152 m²,4 pièces,https://www.tecnocasa.tn/vendre/appartement/grand-tunis/ennasr/59937.html
Grand Tunis,Etage de villa en vente,villa,450 000 DT,140 m²,,https://www.tecnocasa.tn/vendre/villa/grand-tunis/le-bardo/49222.html
Grand Tunis,Terrain habitation ind. en vente,terrain,450 000 DT,401 m²,,https://www.tecnocasa.tn/vendre/terrain/grand-tunis/le-bardo/58171.html
Grand Tunis,S+3 en vente,appartement,195 000 DT,120 m²,4 pièces,https://www.tecnocasa.tn/vendre/appartement/grand-tunis/le-bardo/52820.html
Grand Tunis,Etage de villa en vente,villa,340 000 DT,230 m²,,https://www.tecnocasa.tn/vendre/villa/grand-tunis/ariana/46618.html
Grand Tunis,S+2 en vente,appartement,100 000 DT,100 m²,3 pièces,https://www.tecnocasa.tn/vendre/appartement/grand-tunis/ariana/59391.html
Grand Tunis,Terrain habitation ind. en vente,terrain,490 000 DT,613 m²,,https://www.tecnocasa.tn/vendre/terrain/grand-tunis/ariana/59142.html
Grand Tunis,S+2 en vente,appartement,170 000 DT,115 m²,3 pièces,https://www.tecnocasa.tn/vendre/appartement/grand-tunis/ariana/62117.html
Grand Tunis,S+3 en vente,appartement,495 000 DT,178 m²,4 pièces,https://www.tecnocasa.tn/vendre/appartement/grand-tunis/le-bardo/52244.html
Grand Tunis,S+3 en vente,appartement,249 000 DT,118 m²,3 pièces,https://www.tecnocasa.tn/vendre/appartement/grand-tunis/cite-el-khadra/61909.html
Grand Tunis,S+2 en vente,appartement,295 000 DT,110 m²,2 pièces,https://www.tecnocasa.tn/vendre/appartement/grand-tunis/ennasr/61695.html
Grand Tunis,Duplex en vente,appartement,1 350 000 DT,247 m²,3 pièces,https://www.tecnocasa.tn/vendre/appartement/grand-tunis/ennasr/59731.html
Grand Tunis,S+1 en vente,appartement,130 000 DT,44 m²,2 pièces,https://www.tecnocasa.tn/vendre/appartement/grand-tunis/borj-cedria/57961.html
Grand Tunis,Maison jumelée en vente,villa,290 000 DT,150 m²,4 pièces,https://www.tecnocasa.tn/vendre/villa/grand-tunis/la-manouba/57298.html
Grand Tunis,Villa individuelle en vente,villa,420 000 DT,422 m²,,https://www.tecnocasa.tn/vendre/villa/grand-tunis/ezzahra/58274.html
Grand Tunis,S+2 en vente,appartement,178 000 DT,78 m²,3 pièces,https://www.tecnocasa.tn/vendre/appartement/grand-tunis/la-manouba/61937.html
Grand Tunis,S+3 en vente,appartement,268 000 DT,115 m²,4 pièces,https://www.tecnocasa.tn/vendre/appartement/grand-tunis/lafayette-centre-ville/61278.html
Grand Tunis,S+4 en vente,appartement,377 000 DT,185 m²,5 pièces,https://www.tecnocasa.tn/vendre/appartement/grand-tunis/lafayette-centre-ville/59478.html
Grand Tunis,Duplex en vente,appartement,305 000 DT,111 m²,3 pièces,https://www.tecnocasa.tn/vendre/appartement/grand-tunis/bou-mhel-el-bassatine/61637.html
Grand Tunis,Villa individuelle en vente,villa,700 000 DT,360 m²,,https://www.tecnocasa.tn/vendre/villa/grand-tunis/la-soukra/60738.html
Grand Tunis,S+2 en vente,appartement,590 478 DT,112 m²,3 pièces,https://www.tecnocasa.tn/vendre/appartement/grand-tunis/le-kram/61741.html
Grand Tunis,Terrain habitation ind. en vente,terrain,483 600 DT,403 m²,,https://www.tecnocasa.tn/vendre/terrain/grand-tunis/la-manouba/61908.html
Grand Tunis,S+3 en vente,appartement,539 994 DT,128 m²,4 pièces,https://www.tecnocasa.tn/vendre/appartement/grand-tunis/le-kram/61742.html
Grand Tunis,S+1 en vente,appartement,260 778 DT,62 m²,2 pièces,https://www.tecnocasa.tn/vendre/appartement/grand-tunis/le-kram/61743.html
Grand Tunis,S+1 en vente,appartement,200 000 DT,67 m²,2 pièces,https://www.tecnocasa.tn/vendre/appartement/grand-tunis/la-manouba/60664.html
Grand Tunis,Terrain habitation ind. en vente,terrain,1 429 000 DT,1459 m²,,https://www.tecnocasa.tn/vendre/terrain/grand-tunis/la-soukra/61790.html
Grand Tunis,Terrain habitation ind. en vente,terrain,752 000 DT,684 m²,,https://www.tecnocasa.tn/vendre/terrain/grand-tunis/borj-cedria/61897.html
Grand Tunis,S+3 en vente,appartement,375 000 DT,110 m²,4 pièces,https://www.tecnocasa.tn/vendre/appartement/grand-tunis/la-marsa/58131.html
Grand Tunis,Villa inachevée en vente,villa,470 000 DT,259 m²,,https://www.tecnocasa.tn/vendre/villa/grand-tunis/la-manouba/57749.html
Grand Tunis,S+2 en vente,appartement,250 000 DT,94 m²,2 pièces,https://www.tecnocasa.tn/vendre/appartement/grand-tunis/gammarth/61774.html
Grand Tunis,S+1 en vente,appartement,190 000 DT,68 m²,2 pièces,https://www.tecnocasa.tn/vendre/appartement/grand-tunis/medina-jedida/61411.html
Grand Tunis,S+2 en vente,appartement,265 000 DT,76 m²,3 pièces,https://www.tecnocasa.tn/vendre/appartement/grand-tunis/el-menzah/61820.html
Grand Tunis,S+3 en vente,appartement,370 000 DT,124 m²,4 pièces,https://www.tecnocasa.tn/vendre/appartement/grand-tunis/la-manouba/60665.html
Grand Tunis,S+2 en vente,appartement,310 000 DT,105 m²,3 pièces,https://www.tecnocasa.tn/vendre/appartement/grand-tunis/la-manouba/58436.html
Grand Tunis,S+2 en vente,appartement,120 000 DT,52 m²,,https://www.tecnocasa.tn/vendre/appartement/grand-tunis/ben-arous/61652.html
Grand Tunis,S+3 en vente,appartement,395 000 DT,180 m²,4 pièces,https://www.tecnocasa.tn/vendre/appartement/grand-tunis/ennasr/61733.html
Grand Tunis,S+3 en vente,appartement,185 000 DT,120 m²,4 pièces,https://www.tecnocasa.tn/vendre/appartement/grand-tunis/la-manouba/59824.html
Grand Tunis,S+3 en vente,appartement,250 000 DT,115 m²,4 pièces,https://www.tecnocasa.tn/vendre/appartement/grand-tunis/el-mourouj/61729.html
Grand Tunis,Terrain habitation ind. en vente,terrain,410 000 DT,550 m²,,https://www.tecnocasa.tn/vendre/terrain/grand-tunis/la-soukra/61664.html
Grand Tunis,S+2 en vente,appartement,350 000 DT,124 m²,3 pièces,https://www.tecnocasa.tn/vendre/appartement/grand-tunis/la-soukra/61682.html
Grand Tunis,S+2 en vente,appartement,290 000 DT,101 m²,3 pièces,https://www.tecnocasa.tn/vendre/appartement/grand-tunis/el-mourouj/61260.html
Grand Tunis,S+3 en vente,appartement,450 000 DT,130 m²,4 pièces,https://www.tecnocasa.tn/vendre/appartement/grand-tunis/le-bardo/52241.html
Grand Tunis,S+3 en vente,appartement,450 000 DT,130 m²,4 pièces,https://www.tecnocasa.tn/vendre/appartement/grand-tunis/le-bardo/52240.html
Grand Tunis,S+3 en vente,appartement,450 000 DT,130 m²,4 pièces,https://www.tecnocasa.tn/vendre/appartement/grand-tunis/le-bardo/52242.html
Grand Tunis,S+3 en vente,appartement,450 000 DT,130 m²,4 pièces,https://www.tecnocasa.tn/vendre/appartement/grand-tunis/le-bardo/52243.html
Grand Tunis,Terrain habitation ind. en vente,terrain,750 000 DT,474 m²,,https://www.tecnocasa.tn/vendre/terrain/grand-tunis/gammarth/61464.html
Grand Tunis,Villa individuelle en vente,villa,1 055 000 DT,483 m²,,https://www.tecnocasa.tn/vendre/villa/grand-tunis/el-menzah/55535.html
Grand Tunis,Villa inachevée en vente,villa,1 850 000 DT,450 m²,,https://www.tecnocasa.tn/vendre/villa/grand-tunis/el-menzah/55609.html
Grand Tunis,Villa individuelle en vente,villa,710 000 DT,242 m²,,https://www.tecnocasa.tn/vendre/villa/grand-tunis/la-manouba/60342.html
Grand Tunis,Terrain habitation ind. en vente,terrain,1 950 000 DT,681 m²,,https://www.tecnocasa.tn/vendre/terrain/grand-tunis/mutuelleville/61431.html
Grand Tunis,Villa individuelle en vente,villa,1 850 000 DT,538 m²,,https://www.tecnocasa.tn/vendre/villa/grand-tunis/mutuelleville/61587.html
Grand Tunis,S+2 en vente,appartement,92 000 DT,47 m²,3 pièces,https://www.tecnocasa.tn/vendre/appartement/grand-tunis/lafayette-centre-ville/54350.html
Grand Tunis,S+3 en vente,appartement,360 000 DT,150 m²,4 pièces,https://www.tecnocasa.tn/vendre/appartement/grand-tunis/la-soukra/60881.html
Grand Tunis,S+2 en vente,appartement,360 000 DT,100 m²,2 pièces,https://www.tecnocasa.tn/vendre/appartement/grand-tunis/la-soukra/58941.html
Grand Tunis,Villa individuelle en vente,villa,1 800 000 DT,175 m²,6 pièces,https://www.tecnocasa.tn/vendre/villa/grand-tunis/carthage/61451.html
Grand Tunis,S+2 en vente,appartement,280 000 DT,72 m²,3 pièces,https://www.tecnocasa.tn/vendre/appartement/grand-tunis/mutuelleville/60104.html
Grand Tunis,S+3 en vente,appartement,265 000 DT,120 m²,,https://www.tecnocasa.tn/vendre/appartement/grand-tunis/mutuelleville/53168.html
Grand Tunis,S+2 en vente,appartement,210 000 DT,97 m²,3 pièces,https://www.tecnocasa.tn/vendre/appartement/grand-tunis/la-manouba/58859.html
Grand Tunis,Villa individuelle en vente,villa,1 380 000 DT,450 m²,4 pièces,https://www.tecnocasa.tn/vendre/villa/grand-tunis/la-marsa/60211.html
Grand Tunis,S+3 en vente,appartement,180 000 DT,110 m²,4 pièces,https://www.tecnocasa.tn/vendre/appartement/grand-tunis/ariana/43596.html
Grand Tunis,Villa individuelle en vente,villa,780 000 DT,500 m²,,https://www.tecnocasa.tn/vendre/villa/grand-tunis/la-soukra/61290.html
Grand Tunis,S+2 en vente,appartement,295 000 DT,111 m²,3 pièces,https://www.tecnocasa.tn/vendre/appartement/grand-tunis/ariana/54224.html
Grand Tunis,S+3 en vente,appartement,650 000 DT,160 m²,3 pièces,https://www.tecnocasa.tn/vendre/appartement/grand-tunis/la-marsa/60846.html
Grand Tunis,S+2 en vente,appartement,240 000 DT,114 m²,2 pièces,https://www.tecnocasa.tn/vendre/appartement/grand-tunis/hammam-chott/61265.html
Grand Tunis,Terrain habitation ind. en vente,terrain,434 000 DT,484 m²,,https://www.tecnocasa.tn/vendre/terrain/grand-tunis/la-manouba/60638.html
Grand Tunis,S+3 en vente,appartement,155 000 DT,100 m²,4 pièces,https://www.tecnocasa.tn/vendre/appartement/grand-tunis/rades/53769.html
Grand Tunis,Terrain habitation ind. en vente,terrain,300 000 DT,400 m²,,https://www.tecnocasa.tn/vendre/terrain/grand-tunis/ariana/61195.html
Grand Tunis,S+3 en vente,appartement,335 000 DT,110 m²,4 pièces,https://www.tecnocasa.tn/vendre/appartement/grand-tunis/ennasr/59437.html
Grand Tunis,Villa individuelle en vente,villa,645 000 DT,570 m²,3 pièces,https://www.tecnocasa.tn/vendre/villa/grand-tunis/la-soukra/52247.html
Grand Tunis,Villa individuelle en vente,villa,480 000 DT,200 m²,5 pièces,https://www.tecnocasa.tn/vendre/villa/grand-tunis/borj-cedria/61175.html
Grand Tunis,S+2 en vente,appartement,185 000 DT,100 m²,3 pièces,https://www.tecnocasa.tn/vendre/appartement/grand-tunis/borj-cedria/60762.html
Grand Tunis,Terrain habitation ind. en vente,terrain,155 000 DT,333 m²,,https://www.tecnocasa.tn/vendre/terrain/grand-tunis/borj-cedria/60719.html
Grand Tunis,S+2 en vente,appartement,190 000 DT,126 m²,4 pièces,https://www.tecnocasa.tn/vendre/appartement/grand-tunis/borj-cedria/59511.html
Grand Tunis,Terrain habitation ind. en vente,terrain,310 000 DT,460 m²,,https://www.tecnocasa.tn/vendre/terrain/grand-tunis/borj-cedria/58574.html
Grand Tunis,S+2 en vente,appartement,140 000 DT,86 m²,3 pièces,https://www.tecnocasa.tn/vendre/appartement/grand-tunis/borj-cedria/57646.html
Grand Tunis,Villa individuelle en vente,villa,385 000 DT,330 m²,,https://www.tecnocasa.tn/vendre/villa/grand-tunis/borj-cedria/56912.html
Grand Tunis,Villa individuelle en vente,villa,510 000 DT,200 m²,3 pièces,https://www.tecnocasa.tn/vendre/villa/grand-tunis/borj-cedria/55549.html
Grand Tunis,Villa individuelle en vente,villa,1 600 000 DT,579 m²,,https://www.tecnocasa.tn/vendre/villa/grand-tunis/el-menzah/60602.html
Grand Tunis,Triplex en vente,appartement,490 000 DT,190 m²,6 pièces,https://www.tecnocasa.tn/vendre/appartement/grand-tunis/el-menzah/61359.html
Grand Tunis,Terrain habitation ind. en vente,terrain,406 000 DT,507 m²,,https://www.tecnocasa.tn/vendre/terrain/grand-tunis/la-manouba/61371.html
Grand Tunis,Villa jumelée en vente,villa,680 000 DT,197 m²,,https://www.tecnocasa.tn/vendre/villa/grand-tunis/el-mourouj/61165.html
Grand Tunis,Villa individuelle en vente,villa,1 500 000 DT,673 m²,,https://www.tecnocasa.tn/vendre/villa/grand-tunis/el-menzah/61241.html
Grand Tunis,S+2 en vente,appartement,165 000 DT,75 m²,,https://www.tecnocasa.tn/vendre/appartement/grand-tunis/ezzahra/57757.html
Grand Tunis,Terrain habitation ind. en vente,terrain,900 000 DT,800 m²,,https://www.tecnocasa.tn/vendre/terrain/grand-tunis/megrine/60856.html
Grand Tunis,S+3 en vente,appartement,297 000 DT,120 m²,3 pièces,https://www.tecnocasa.tn/vendre/appartement/grand-tunis/manar/57936.html
Grand Tunis,Villa individuelle en vente,villa,570 000 DT,240 m²,,https://www.tecnocasa.tn/vendre/villa/grand-tunis/ariana/61020.html
Grand Tunis,Duplex en vente,appartement,650 000 DT,151 m²,3 pièces,https://www.tecnocasa.tn/vendre/appartement/grand-tunis/la-marsa/61110.html
Grand Tunis,Villa individuelle en vente,villa,1 470 000 DT,500 m²,,https://www.tecnocasa.tn/vendre/villa/grand-tunis/el-menzah/59159.html
Grand Tunis,Villa individuelle en vente,villa,1 190 000 DT,564 m²,,https://www.tecnocasa.tn/vendre/villa/grand-tunis/jardins-d-el-menzah/44907.html
Grand Tunis,S+3 en vente,appartement,770 000 DT,138 m²,4 pièces,https://www.tecnocasa.tn/vendre/appartement/grand-tunis/carthage/56455.html
Grand Tunis,S+2 en vente,appartement,210 000 DT,90 m²,3 pièces,https://www.tecnocasa.tn/vendre/appartement/grand-tunis/cite-el-khadra/60269.html
Grand Tunis,S+1 en vente,appartement,197 000 DT,72 m²,2 pièces,https://www.tecnocasa.tn/vendre/appartement/grand-tunis/ariana/59883.html
Grand Tunis,S+2 en vente,appartement,220 000 DT,109 m²,,https://www.tecnocasa.tn/vendre/appartement/grand-tunis/manar/59823.html
Grand Tunis,S+2 en vente,appartement,128 000 DT,100 m²,3 pièces,https://www.tecnocasa.tn/vendre/appartement/grand-tunis/medina-jedida/60905.html
Grand Tunis,Villa individuelle en vente,villa,2 500 000 DT,667 m²,,https://www.tecnocasa.tn/vendre/villa/grand-tunis/gammarth/59418.html
Grand Tunis,Maison jumelée en vente,villa,320 000 DT,180 m²,,https://www.tecnocasa.tn/vendre/villa/grand-tunis/cite-el-khadra/60895.html
Grand Tunis,Etage de villa en vente,villa,330 000 DT,86 m²,2 pièces,https://www.tecnocasa.tn/vendre/villa/grand-tunis/la-marsa/61099.html
Grand Tunis,Villa individuelle en vente,villa,1 480 000 DT,320 m²,,https://www.tecnocasa.tn/vendre/villa/grand-tunis/la-soukra/61113.html
Grand Tunis,S+2 en vente,appartement,245 000 DT,113 m²,3 pièces,https://www.tecnocasa.tn/vendre/appartement/grand-tunis/el-mourouj/54475.html
Grand Tunis,S+3 en vente,appartement,440 000 DT,190 m²,4 pièces,https://www.tecnocasa.tn/vendre/appartement/grand-tunis/el-menzah/56169.html
Grand Tunis,Villa individuelle en vente,villa,900 000 DT,330 m²,4 pièces,https://www.tecnocasa.tn/vendre/villa/grand-tunis/la-manouba/61146.html
Grand Tunis,Terrain habitation ind. en vente,terrain,457 900 DT,482 m²,,https://www.tecnocasa.tn/vendre/terrain/grand-tunis/la-manouba/61039.html
Grand Tunis,Villa jumelée en vente,villa,480 000 DT,148 m²,,https://www.tecnocasa.tn/vendre/villa/grand-tunis/la-manouba/61006.html
Grand Tunis,Terrain habitation ind. en vente,terrain,137 200 DT,343 m²,,https://www.tecnocasa.tn/vendre/terrain/grand-tunis/la-manouba/61027.html
Grand Tunis,S+2 en vente,appartement,450 000 DT,150 m²,2 pièces,https://www.tecnocasa.tn/vendre/appartement/grand-tunis/gammarth/60757.html
Grand Tunis,Villa jumelée en vente,villa,530 000 DT,450 m²,,https://www.tecnocasa.tn/vendre/villa/grand-tunis/la-manouba/60913.html
Grand Tunis,Penthouse en vente,appartement,650 000 DT,200 m²,4 pièces,https://www.tecnocasa.tn/vendre/appartement/grand-tunis/el-menzah/51108.html
Grand Tunis,Terrain habitation ind. en vente,terrain,256 500 DT,342 m²,,https://www.tecnocasa.tn/vendre/terrain/grand-tunis/la-manouba/60847.html
Grand Tunis,S+2 en vente,appartement,320 000 DT,149 m²,3 pièces,https://www.tecnocasa.tn/vendre/appartement/grand-tunis/ariana/60772.html
Grand Tunis,Terrain habitation ind. en vente,terrain,742 000 DT,529 m²,,https://www.tecnocasa.tn/vendre/terrain/grand-tunis/la-marsa/53714.html
Grand Tunis,Villa en bande en vente,villa,475 000 DT,207 m²,,https://www.tecnocasa.tn/vendre/villa/grand-tunis/la-manouba/57926.html
Grand Tunis,Maison jumelée en vente,villa,450 000 DT,198 m²,5 pièces,https://www.tecnocasa.tn/vendre/villa/grand-tunis/la-manouba/59403.html
Grand Tunis,Villa individuelle en vente,villa,560 000 DT,343 m²,4 pièces,https://www.tecnocasa.tn/vendre/villa/grand-tunis/la-manouba/59637.html
Grand Tunis,Maison jumelée en vente,villa,499 000 DT,315 m²,,https://www.tecnocasa.tn/vendre/villa/grand-tunis/la-manouba/57241.html
Grand Tunis,Terrain habitation ind. en vente,terrain,195 000 DT,234 m²,,https://www.tecnocasa.tn/vendre/terrain/grand-tunis/la-manouba/60912.html
Grand Tunis,Terrain habitation ind. en vente,terrain,2 500 000 DT,1797 m²,,https://www.tecnocasa.tn/vendre/terrain/grand-tunis/ariana/55329.html
Grand Tunis,Villa individuelle en vente,villa,750 000 DT,450 m²,,https://www.tecnocasa.tn/vendre/villa/grand-tunis/ariana/56048.html
Grand Tunis,Villa individuelle en vente,villa,1 050 000 DT,595 m²,,https://www.tecnocasa.tn/vendre/villa/grand-tunis/ariana/55067.html
Grand Tunis,S+3 en vente,appartement,275 000 DT,128 m²,4 pièces,https://www.tecnocasa.tn/vendre/appartement/grand-tunis/la-soukra/60284.html
Grand Tunis,S+4 en vente,appartement,340 000 DT,158 m²,4 pièces,https://www.tecnocasa.tn/vendre/appartement/grand-tunis/jardins-d-el-menzah/60842.html
Grand Tunis,Terrain habitation ind. en vente,terrain,414 000 DT,503 m²,,https://www.tecnocasa.tn/vendre/terrain/grand-tunis/la-manouba/60811.html
Grand Tunis,S+3 en vente,appartement,175 000 DT,98 m²,,https://www.tecnocasa.tn/vendre/appartement/grand-tunis/medina-jedida/60789.html
Grand Tunis,Triplex en vente,appartement,1 000 000 DT,284 m²,3 pièces,https://www.tecnocasa.tn/vendre/appartement/grand-tunis/gammarth/59954.html
Grand Tunis,Villa individuelle en vente,villa,370 000 DT,317 m²,7 pièces,https://www.tecnocasa.tn/vendre/villa/grand-tunis/la-manouba/56018.html
Grand Tunis,S+3 en vente,appartement,265 000 DT,146 m²,4 pièces,https://www.tecnocasa.tn/vendre/appartement/grand-tunis/lafayette-centre-ville/56217.html
Grand Tunis,Villa individuelle en vente,villa,1 400 000 DT,1000 m²,,https://www.tecnocasa.tn/vendre/villa/grand-tunis/jardins-d-el-menzah/47037.html
Grand Tunis,S+3 en vente,appartement,280 000 DT,104 m²,,https://www.tecnocasa.tn/vendre/appartement/grand-tunis/ben-arous/60105.html
Grand Tunis,Villa individuelle en vente,villa,680 000 DT,200 m²,,https://www.tecnocasa.tn/vendre/villa/grand-tunis/medina-jedida/55293.html
Grand Tunis,Duplex en vente,appartement,380 000 DT,175 m²,4 pièces,https://www.tecnocasa.tn/vendre/appartement/grand-tunis/el-menzah/59060.html
Grand Tunis,Terrain habitation ind. en vente,terrain,297 500 DT,425 m²,,https://www.tecnocasa.tn/vendre/terrain/grand-tunis/ariana/60544.html
Grand Tunis,Villa individuelle en vente,villa,838 000 DT,544 m²,4 pièces,https://www.tecnocasa.tn/vendre/villa/grand-tunis/ariana/59117.html
Grand Tunis,Terrain habitation ind. en vente,terrain,484 000 DT,440 m²,,https://www.tecnocasa.tn/vendre/terrain/grand-tunis/la-manouba/56038.html
Grand Tunis,S+3 en vente,appartement,270 000 DT,114 m²,3 pièces,https://www.tecnocasa.tn/vendre/appartement/grand-tunis/la-manouba/53961.html
Grand Tunis,Etage de villa en vente,villa,750 000 DT,450 m²,,https://www.tecnocasa.tn/vendre/villa/grand-tunis/gammarth/55466.html
Grand Tunis,Maison jumelée en vente,villa,600 000 DT,349 m²,,https://www.tecnocasa.tn/vendre/villa/grand-tunis/la-manouba/58201.html
Grand Tunis,S+2 en vente,appartement,123 000 DT,,,https://www.tecnocasa.tn/vendre/appartement/grand-tunis/la-manouba/55160.html
Grand Tunis,S+4 en vente,appartement,792 000 DT,198 m²,5 pièces,https://www.tecnocasa.tn/vendre/appartement/grand-tunis/ennasr/59525.html
Grand Tunis,S+2 en vente,appartement,110 000 DT,90 m²,3 pièces,https://www.tecnocasa.tn/vendre/appartement/grand-tunis/lafayette-centre-ville/53938.html
Grand Tunis,Terrain habitation ind. en vente,terrain,480 000 DT,300 m²,,https://www.tecnocasa.tn/vendre/terrain/grand-tunis/la-manouba/59618.html
Grand Tunis,S+2 en vente,appartement,457 000 DT,115 m²,3 pièces,https://www.tecnocasa.tn/vendre/appartement/grand-tunis/ariana/60262.html
Grand Tunis,Villa individuelle en vente,villa,550 000 DT,200 m²,6 pièces,https://www.tecnocasa.tn/vendre/villa/grand-tunis/la-manouba/58249.html
Grand Tunis,Terrain habitation ind. en vente,terrain,250 000 DT,306 m²,,https://www.tecnocasa.tn/vendre/terrain/grand-tunis/la-manouba/60209.html
Grand Tunis,Terrain habitation ind. en vente,terrain,470 000 DT,715 m²,,https://www.tecnocasa.tn/vendre/terrain/grand-tunis/la-manouba/57557.html
Grand Tunis,Terrain habitation ind. en vente,terrain,260 000 DT,380 m²,,https://www.tecnocasa.tn/vendre/terrain/grand-tunis/la-manouba/58554.html
Grand Tunis,Terrain habitation ind. en vente,terrain,363 000 DT,405 m²,,https://www.tecnocasa.tn/vendre/terrain/grand-tunis/la-manouba/60134.html
Grand Tunis,Villa individuelle en vente,villa,1 850 000 DT,616 m²,,https://www.tecnocasa.tn/vendre/villa/grand-tunis/el-menzah/49531.html
Grand Tunis,Villa individuelle en vente,villa,1 050 000 DT,634 m²,,https://www.tecnocasa.tn/vendre/villa/grand-tunis/el-menzah/49921.html
Grand Tunis,S+3 en vente,appartement,335 000 DT,136 m²,4 pièces,https://www.tecnocasa.tn/vendre/appartement/grand-tunis/el-menzah/58624.html
Grand Tunis,Villa individuelle en vente,villa,1 000 000 DT,672 m²,,https://www.tecnocasa.tn/vendre/villa/grand-tunis/ariana/52678.html
Grand Tunis,Villa jumelée en vente,villa,1 290 000 DT,370 m²,4 pièces,https://www.tecnocasa.tn/vendre/villa/grand-tunis/manar/60196.html
Grand Tunis,Villa inachevée en vente,villa,675 000 DT,200 m²,,https://www.tecnocasa.tn/vendre/villa/grand-tunis/la-soukra/56718.html
Grand Tunis,S+2 en vente,appartement,439 235 DT,120 m²,3 pièces,https://www.tecnocasa.tn/vendre/appartement/grand-tunis/la-soukra/52390.html
Grand Tunis,Villa individuelle en vente,villa,695 000 DT,455 m²,,https://www.tecnocasa.tn/vendre/villa/grand-tunis/ariana/43067.html
Grand Tunis,S+3 en vente,appartement,340 000 DT,130 m²,4 pièces,https://www.tecnocasa.tn/vendre/appartement/grand-tunis/manar/58809.html
Grand Tunis,S+2 en vente,appartement,550 000 DT,110 m²,2 pièces,https://www.tecnocasa.tn/vendre/appartement/grand-tunis/gammarth/59459.html
Grand Tunis,Villa individuelle en vente,villa,1 400 000 DT,340 m²,4 pièces,https://www.tecnocasa.tn/vendre/villa/grand-tunis/la-marsa/60033.html
Grand Tunis,Villa en bande en vente,villa,1 137 500 DT,339 m²,,https://www.tecnocasa.tn/vendre/villa/grand-tunis/la-soukra/47330.html
Grand Tunis,S+2 en vente,appartement,113 000 DT,80 m²,,https://www.tecnocasa.tn/vendre/appartement/grand-tunis/ariana/58538.html
Grand Tunis,Villa individuelle en vente,villa,1 150 000 DT,599 m²,,https://www.tecnocasa.tn/vendre/villa/grand-tunis/el-menzah/59953.html
Grand Tunis,Villa individuelle en vente,villa,1 280 000 DT,1029 m²,,https://www.tecnocasa.tn/vendre/villa/grand-tunis/la-soukra/59799.html
Grand Tunis,Terrain habitation ind. en vente,terrain,307 800 DT,513 m²,,https://www.tecnocasa.tn/vendre/terrain/grand-tunis/la-soukra/59549.html
Grand Tunis,S+1 en vente,appartement,245 000 DT,60 m²,2 pièces,https://www.tecnocasa.tn/vendre/appartement/grand-tunis/la-soukra/51924.html
Grand Tunis,Terrain habitation ind. en vente,terrain,620 000 DT,360 m²,,https://www.tecnocasa.tn/vendre/terrain/grand-tunis/manar/57822.html
Grand Tunis,Villa jumelée en vente,villa,520 000 DT,260 m²,,https://www.tecnocasa.tn/vendre/villa/grand-tunis/la-manouba/59905.html
Grand Tunis,S+2 en vente,appartement,450 000 DT,126 m²,3 pièces,https://www.tecnocasa.tn/vendre/appartement/grand-tunis/ain-zaghouan/57629.html
Grand Tunis,Villa individuelle en vente,villa,1 600 000 DT,467 m²,,https://www.tecnocasa.tn/vendre/villa/grand-tunis/el-menzah/59134.html
Grand Tunis,Duplex en vente,appartement,450 000 DT,160 m²,5 pièces,https://www.tecnocasa.tn/vendre/appartement/grand-tunis/ariana/59836.html
Grand Tunis,S+2 en vente,appartement,395 000 DT,100 m²,,https://www.tecnocasa.tn/vendre/appartement/grand-tunis/la-soukra/59753.html
Grand Tunis,S+2 en vente,appartement,290 000 DT,111 m²,3 pièces,https://www.tecnocasa.tn/vendre/appartement/grand-tunis/la-manouba/59732.html
Grand Tunis,Villa individuelle en vente,villa,580 000 DT,260 m²,3 pièces,https://www.tecnocasa.tn/vendre/villa/grand-tunis/ariana/59682.html
Grand Tunis,S+3 en vente,appartement,352 000 DT,141 m²,4 pièces,https://www.tecnocasa.tn/vendre/appartement/grand-tunis/la-manouba/59733.html
Grand Tunis,Villa individuelle en vente,villa,1 100 000 DT,474 m²,5 pièces,https://www.tecnocasa.tn/vendre/villa/grand-tunis/el-menzah/32291.html
Grand Tunis,Villa individuelle en vente,villa,550 000 DT,350 m²,,https://www.tecnocasa.tn/vendre/villa/grand-tunis/ariana/59445.html
Grand Tunis,Duplex en vente,appartement,480 000 DT,265 m²,4 pièces,https://www.tecnocasa.tn/vendre/appartement/grand-tunis/manar/50380.html
Grand Tunis,Terrain habitation ind. en vente,terrain,745 000 DT,596 m²,,https://www.tecnocasa.tn/vendre/terrain/grand-tunis/la-soukra/59105.html
Grand Tunis,Villa individuelle en vente,villa,1 269 000 DT,350 m²,,https://www.tecnocasa.tn/vendre/villa/grand-tunis/la-soukra/58790.html
Grand Tunis,S+3 en vente,appartement,280 000 DT,125 m²,4 pièces,https://www.tecnocasa.tn/vendre/appartement/grand-tunis/el-mourouj/57723.html
Grand Tunis,Villa individuelle en vente,villa,1 550 000 DT,684 m²,,https://www.tecnocasa.tn/vendre/villa/grand-tunis/el-menzah/52048.html
Grand Tunis,S+1 en vente,appartement,300 000 DT,87 m²,2 pièces,https://www.tecnocasa.tn/vendre/appartement/grand-tunis/ennasr/58005.html
Grand Tunis,Villa jumelée en vente,villa,370 000 DT,100 m²,,https://www.tecnocasa.tn/vendre/villa/grand-tunis/la-marsa/56507.html
Grand Tunis,S+2 en vente,appartement,170 000 DT,105 m²,3 pièces,https://www.tecnocasa.tn/vendre/appartement/grand-tunis/el-mourouj/59263.html
Grand Tunis,S+2 en vente,appartement,497 000 DT,144 m²,3 pièces,https://www.tecnocasa.tn/vendre/appartement/grand-tunis/la-soukra/59054.html
Grand Tunis,Villa individuelle en vente,villa,870 000 DT,360 m²,,https://www.tecnocasa.tn/vendre/villa/grand-tunis/ariana/59135.html
Grand Tunis,S+4 en vente,appartement,580 000 DT,216 m²,,https://www.tecnocasa.tn/vendre/appartement/grand-tunis/medina-jedida/59101.html
Grand Tunis,S+4 en vente,appartement,1 270 000 DT,249 m²,5 pièces,https://www.tecnocasa.tn/vendre/appartement/grand-tunis/jardins-de-carthage/47570.html
Grand Tunis,S+1 en vente,appartement,297 000 DT,59 m²,2 pièces,https://www.tecnocasa.tn/vendre/appartement/grand-tunis/ennasr/54572.html
Grand Tunis,S+2 en vente,appartement,645 000 DT,129 m²,3 pièces,https://www.tecnocasa.tn/vendre/appartement/grand-tunis/jardins-de-carthage/57908.html
Grand Tunis,S+2 en vente,appartement,925 000 DT,112 m²,2 pièces,https://www.tecnocasa.tn/vendre/appartement/grand-tunis/jardins-de-carthage/48166.html
Grand Tunis,S+3 en vente,appartement,259 000 DT,110 m²,4 pièces,https://www.tecnocasa.tn/vendre/appartement/grand-tunis/el-menzah/57866.html
Grand Tunis,S+3 en vente,appartement,280 000 DT,120 m²,4 pièces,https://www.tecnocasa.tn/vendre/appartement/grand-tunis/ain-zaghouan/58880.html
Grand Tunis,Terrain habitation ind. en vente,terrain,418 660 DT,484 m²,,https://www.tecnocasa.tn/vendre/terrain/grand-tunis/la-soukra/58433.html
Grand Tunis,Etage de villa en vente,villa,380 000 DT,441 m²,,https://www.tecnocasa.tn/vendre/villa/grand-tunis/ariana/55006.html
Grand Tunis,Villa individuelle en vente,villa,4 000 000 DT,1500 m²,,https://www.tecnocasa.tn/vendre/villa/grand-tunis/lafayette-centre-ville/52826.html
Grand Tunis,S+2 en vente,appartement,279 700 DT,110 m²,3 pièces,https://www.tecnocasa.tn/vendre/appartement/grand-tunis/ariana/58830.html
Grand Tunis,S+3 en vente,appartement,320 000 DT,116 m²,4 pièces,https://www.tecnocasa.tn/vendre/appartement/grand-tunis/el-menzah/50755.html
Grand Tunis,S+2 en vente,appartement,490 000 DT,205 m²,2 pièces,https://www.tecnocasa.tn/vendre/appartement/grand-tunis/ennasr/56245.html
Grand Tunis,Villa individuelle en vente,villa,1 100 000 DT,411 m²,6 pièces,https://www.tecnocasa.tn/vendre/villa/grand-tunis/ennasr/56137.html
Grand Tunis,Villa jumelée en vente,villa,650 000 DT,140 m²,,https://www.tecnocasa.tn/vendre/villa/grand-tunis/la-soukra/58271.html
Grand Tunis,Villa jumelée en vente,villa,450 000 DT,355 m²,,https://www.tecnocasa.tn/vendre/villa/grand-tunis/ariana/57225.html
Grand Tunis,S+2 en vente,appartement,180 000 DT,103 m²,3 pièces,https://www.tecnocasa.tn/vendre/appartement/grand-tunis/medina-jedida/58099.html
Grand Tunis,Villa individuelle en vente,villa,1 480 000 DT,422 m²,,https://www.tecnocasa.tn/vendre/villa/grand-tunis/la-soukra/41820.html
Grand Tunis,S+3 en vente,appartement,440 000 DT,138 m²,4 pièces,https://www.tecnocasa.tn/vendre/appartement/grand-tunis/ennasr/56673.html
Grand Tunis,S+3 en vente,appartement,270 000 DT,120 m²,4 pièces,https://www.tecnocasa.tn/vendre/appartement/grand-tunis/la-soukra/50130.html
Grand Tunis,S+3 en vente,appartement,270 000 DT,130 m²,4 pièces,https://www.tecnocasa.tn/vendre/appartement/grand-tunis/ariana/56031.html
Grand Tunis,Terrain habitation ind. en vente,terrain,853 600 DT,776 m²,,https://www.tecnocasa.tn/vendre/terrain/grand-tunis/zone-industrielles-nord/51894.html
Grand Tunis,Duplex en vente,appartement,450 000 DT,140 m²,,https://www.tecnocasa.tn/vendre/appartement/grand-tunis/la-marsa/55548.html
Grand Tunis,Terrain habitation ind. en vente,terrain,474 300 DT,558 m²,,https://www.tecnocasa.tn/vendre/terrain/grand-tunis/mnihla/57267.html
Grand Tunis,Terrain habitation collective en vente,terrain,366 000 DT,486 m²,,https://www.tecnocasa.tn/vendre/terrain/grand-tunis/ariana/55528.html
Grand Tunis,S+1 en vente,appartement,339 150 DT,59 m²,2 pièces,https://www.tecnocasa.tn/vendre/appartement/grand-tunis/jardins-de-carthage/54372.html
Grand Tunis,Villa individuelle en vente,villa,1 385 000 DT,528 m²,,https://www.tecnocasa.tn/vendre/villa/grand-tunis/el-menzah/57010.html
Grand Tunis,Villa individuelle en vente,villa,990 000 DT,542 m²,3 pièces,https://www.tecnocasa.tn/vendre/villa/grand-tunis/el-menzah/54288.html
Grand Tunis,Villa individuelle en vente,villa,550 000 DT,501 m²,,https://www.tecnocasa.tn/vendre/villa/grand-tunis/el-mourouj/56314.html
Grand Tunis,Villa individuelle en vente,villa,1 400 000 DT,600 m²,,https://www.tecnocasa.tn/vendre/villa/grand-tunis/jardins-d-el-menzah/57327.html
Grand Tunis,Villa individuelle en vente,villa,1 300 000 DT,400 m²,,https://www.tecnocasa.tn/vendre/villa/grand-tunis/jardins-d-el-menzah/57004.html
Grand Tunis,Terrain habitation collective en vente,terrain,580 000 DT,1000 m²,,https://www.tecnocasa.tn/vendre/terrain/grand-tunis/ariana/56036.html
Grand Tunis,S+3 en vente,appartement,1 000 000 DT,150 m²,3 pièces,https://www.tecnocasa.tn/vendre/appartement/grand-tunis/gammarth/54427.html
Grand Tunis,S+3 en vente,appartement,147 000 DT,90 m²,4 pièces,https://www.tecnocasa.tn/vendre/appartement/grand-tunis/ariana/55858.html
Grand Tunis,Villa individuelle en vente,villa,1 600 000 DT,436 m²,,https://www.tecnocasa.tn/vendre/villa/grand-tunis/megrine/45907.html
Grand Tunis,Villa individuelle en vente,villa,1 700 000 DT,1320 m²,,https://www.tecnocasa.tn/vendre/villa/grand-tunis/megrine/51065.html
Grand Tunis,Villa jumelée en vente,villa,1 150 000 DT,250 m²,,https://www.tecnocasa.tn/vendre/villa/grand-tunis/la-soukra/52406.html
Grand Tunis,S+3 en vente,appartement,370 000 DT,133 m²,4 pièces,https://www.tecnocasa.tn/vendre/appartement/grand-tunis/jardins-d-el-menzah/54519.html
Grand Tunis,S+3 en vente,appartement,320 000 DT,105 m²,4 pièces,https://www.tecnocasa.tn/vendre/appartement/grand-tunis/ariana/51376.html
Grand Tunis,Villa inachevée en vente,villa,420 000 DT,240 m²,,https://www.tecnocasa.tn/vendre/villa/grand-tunis/ariana/52433.html
Grand Tunis,S+2 en vente,appartement,595 000 DT,108 m²,2 pièces,https://www.tecnocasa.tn/vendre/appartement/grand-tunis/jardins-de-carthage/47567.html
Grand Tunis,Villa individuelle en vente,villa,750 000 DT,460 m²,,https://www.tecnocasa.tn/vendre/villa/grand-tunis/megrine/54185.html
Grand Tunis,Villa individuelle en vente,villa,790 000 DT,400 m²,,https://www.tecnocasa.tn/vendre/villa/grand-tunis/ariana/54257.html
Grand Tunis,S+3 en vente,appartement,292 000 DT,160 m²,4 pièces,https://www.tecnocasa.tn/vendre/appartement/grand-tunis/lafayette-centre-ville/49205.html
Grand Tunis,Terrain habitation ind. en vente,terrain,620 000 DT,366 m²,,https://www.tecnocasa.tn/vendre/terrain/grand-tunis/megrine/53364.html
Grand Tunis,Villa individuelle en vente,villa,7 000 000 DT,2000 m²,5 pièces,https://www.tecnocasa.tn/vendre/villa/grand-tunis/aouina/39675.html
Grand Tunis,Terrain habitation ind. en vente,terrain,450 000 DT,450 m²,,https://www.tecnocasa.tn/vendre/terrain/grand-tunis/ariana/53157.html
Grand Tunis,Villa individuelle en vente,villa,545 000 DT,150 m²,,https://www.tecnocasa.tn/vendre/villa/grand-tunis/jardins-d-el-menzah/39256.html
Grand Tunis,Villa individuelle en vente,villa,1 700 000 DT,574 m²,,https://www.tecnocasa.tn/vendre/villa/grand-tunis/manar/50682.html
Grand Tunis,Villa individuelle en vente,villa,1 050 000 DT,586 m²,,https://www.tecnocasa.tn/vendre/villa/grand-tunis/el-menzah/51956.html
Grand Tunis,Villa jumelée en vente,villa,670 000 DT,449 m²,,https://www.tecnocasa.tn/vendre/villa/grand-tunis/ariana/50475.html
Grand Tunis,Villa individuelle en vente,villa,2 000 000 DT,665 m²,,https://www.tecnocasa.tn/vendre/villa/grand-tunis/manar/52205.html
Grand Tunis,Villa individuelle en vente,villa,"<span class=""trattativaRiservata"">Informations en agence</span>",1100 m²,,https://www.tecnocasa.tn/vendre/villa/grand-tunis/el-menzah/50668.html
Grand Tunis,Terrain habitation collective en vente,terrain,393 000 DT,357 m²,,https://www.tecnocasa.tn/vendre/terrain/grand-tunis/ariana/46625.html
Grand Tunis,Terrain habitation collective en vente,terrain,2 600 000 DT,930 m²,,https://www.tecnocasa.tn/vendre/terrain/grand-tunis/mutuelleville/49283.html
Grand Tunis,Terrain habitation ind. en vente,terrain,1 800 000 DT,956 m²,,https://www.tecnocasa.tn/vendre/terrain/grand-tunis/ain-zaghouan/45586.html
Grand Tunis,Terrain habitation ind. en vente,terrain,485 000 DT,431 m²,,https://www.tecnocasa.tn/vendre/terrain/grand-tunis/manar/46649.html
Grand Tunis,S+2 en vente,appartement,418 400 DT,100 m²,2 pièces,https://www.tecnocasa.tn/vendre/appartement/grand-tunis/la-soukra/48475.html
Grand Tunis,Terrain habitation ind. en vente,terrain,750 000 DT,385 m²,3 pièces,https://www.tecnocasa.tn/vendre/terrain/grand-tunis/megrine/43954.html
Grand Tunis,Terrain habitation ind. en vente,terrain,235 000 DT,340 m²,,https://www.tecnocasa.tn/vendre/terrain/grand-tunis/mornag/46459.html
Grand Tunis,Terrain habitation ind. en vente,terrain,1 092 300 DT,993 m²,,https://www.tecnocasa.tn/vendre/terrain/grand-tunis/la-soukra/44771.html
Grand Tunis,Terrain habitation ind. en vente,terrain,245 000 DT,,,https://www.tecnocasa.tn/vendre/terrain/grand-tunis/mornag/34198.html
Grand Tunis,S+3 en vente,appartement,680 000 DT,225 m²,3 pièces,https://www.tecnocasa.tn/vendre/appartement/grand-tunis/jardins-de-carthage/29765.html
Grand Tunis,Terrain industriel en vente,terrain,1 950 000 DT,2473 m²,,https://www.tecnocasa.tn/vendre/terrain/grand-tunis/megrine/28554.html
Grand Tunis,Terrain industriel en vente,terrain,8 763 600 DT,7303 m²,,https://www.tecnocasa.tn/vendre/terrain/grand-tunis/zone-industrielles-nord/29314.html
Kairouan,Maison jumelée en vente,villa,260 000 DT,180 m²,,https://www.tecnocasa.tn/vendre/villa/kairouan/kairouan/63530.html
Kairouan,S+3 en vente,appartement,284 087 DT,156 m²,4 pièces,https://www.tecnocasa.tn/vendre/appartement/kairouan/kairouan/62860.html
Kairouan,Maison jumelée en vente,villa,265 000 DT,140 m²,,https://www.tecnocasa.tn/vendre/villa/kairouan/kairouan/62681.html
Kairouan,S+2 en vente,appartement,160 000 DT,144 m²,,https://www.tecnocasa.tn/vendre/appartement/kairouan/kairouan/54861.html
Kairouan,Terrain habitation ind. en vente,terrain,61 200 DT,204 m²,,https://www.tecnocasa.tn/vendre/terrain/kairouan/kairouan/62591.html
Kairouan,Ferme en vente,ferme,750 000 DT,45000 m²,,https://www.tecnocasa.tn/vendre/ferme/kairouan/kairouan/60869.html
Kairouan,S+3 en vente,appartement,280 000 DT,180 m²,3 pièces,https://www.tecnocasa.tn/vendre/appartement/kairouan/kairouan/55230.html
Kairouan,S+2 en vente,appartement,165 000 DT,79 m²,2 pièces,https://www.tecnocasa.tn/vendre/appartement/kairouan/kairouan/55838.html
Kairouan,S+2 en vente,appartement,175 000 DT,91 m²,2 pièces,https://www.tecnocasa.tn/vendre/appartement/kairouan/kairouan/55836.html
Kairouan,S+1 en vente,appartement,180 000 DT,62 m²,1 pièce,https://www.tecnocasa.tn/vendre/appartement/kairouan/kairouan/61584.html
Kairouan,Terrain habitation ind. en vente,terrain,199 920 DT,294 m²,,https://www.tecnocasa.tn/vendre/terrain/kairouan/kairouan/61980.html
Kairouan,Villa individuelle en vente,villa,1 400 000 DT,750 m²,,https://www.tecnocasa.tn/vendre/villa/kairouan/kairouan/53821.html
Kairouan,Terrain habitation ind. en vente,terrain,198 260 DT,431 m²,,https://www.tecnocasa.tn/vendre/terrain/kairouan/kairouan/61903.html
Kairouan,S+2 en vente,appartement,235 000 DT,94 m²,2 pièces,https://www.tecnocasa.tn/vendre/appartement/kairouan/kairouan/61603.html
Kairouan,Maison jumelée en vente,villa,250 000 DT,200 m²,,https://www.tecnocasa.tn/vendre/villa/kairouan/kairouan/57036.html
Kairouan,S+2 en vente,appartement,180 000 DT,113 m²,2 pièces,https://www.tecnocasa.tn/vendre/appartement/kairouan/kairouan/57819.html
Kairouan,Villa individuelle en vente,villa,560 000 DT,500 m²,,https://www.tecnocasa.tn/vendre/villa/kairouan/kairouan/56699.html
Kairouan,Terrain habitation collective en vente,terrain,275 000 DT,770 m²,,https://www.tecnocasa.tn/vendre/terrain/kairouan/kairouan/60879.html
Kairouan,Terrain habitation ind. en vente,terrain,171 500 DT,343 m²,,https://www.tecnocasa.tn/vendre/terrain/kairouan/kairouan/60526.html
Kairouan,Villa inachevée en vente,villa,280 000 DT,300 m²,4 pièces,https://www.tecnocasa.tn/vendre/villa/kairouan/kairouan/58011.html
Kairouan,Villa jumelée en vente,villa,790 000 DT,495 m²,,https://www.tecnocasa.tn/vendre/villa/kairouan/kairouan/58253.html
Kairouan,Villa individuelle en vente,villa,460 000 DT,324 m²,,https://www.tecnocasa.tn/vendre/villa/kairouan/kairouan/59808.html
Kairouan,Villa jumelée en vente,villa,380 000 DT,167 m²,,https://www.tecnocasa.tn/vendre/villa/kairouan/kairouan/58285.html
Kairouan,Terrain habitation ind. en vente,terrain,330 000 DT,447 m²,,https://www.tecnocasa.tn/vendre/terrain/kairouan/kairouan/58008.html
Kairouan,Villa jumelée en vente,villa,480 000 DT,280 m²,5 pièces,https://www.tecnocasa.tn/vendre/villa/kairouan/kairouan/55826.html
Kairouan,Terrain habitation ind. en vente,terrain,280 000 DT,572 m²,,https://www.tecnocasa.tn/vendre/terrain/kairouan/kairouan/55493.html
Kairouan,Maison jumelée en vente,villa,240 000 DT,120 m²,,https://www.tecnocasa.tn/vendre/villa/kairouan/kairouan/53913.html
Kairouan,Villa individuelle en vente,villa,580 000 DT,600 m²,,https://www.tecnocasa.tn/vendre/villa/kairouan/kairouan/49811.html
Kairouan,Terrain habitation ind. en vente,terrain,105 000 DT,251 m²,,https://www.tecnocasa.tn/vendre/terrain/kairouan/kairouan/52797.html
Kairouan,Terrain habitation ind. en vente,terrain,90 000 DT,240 m²,,https://www.tecnocasa.tn/vendre/terrain/kairouan/kairouan/52700.html
Kairouan,Terrain agricole en vente,terrain,360 000 DT,3038 m²,,https://www.tecnocasa.tn/vendre/terrain/kairouan/kairouan/50774.html
Kairouan,Maison jumelée en vente,villa,230 000 DT,200 m²,,https://www.tecnocasa.tn/vendre/villa/kairouan/kairouan/41583.html
Kairouan,S+2 en vente,appartement,223 000 DT,98 m²,2 pièces,https://www.tecnocasa.tn/vendre/appartement/kairouan/kairouan/49183.html
Kairouan,Terrain habitation ind. en vente,terrain,270 000 DT,540 m²,,https://www.tecnocasa.tn/vendre/terrain/kairouan/kairouan/52173.html
Kairouan,S+2 en vente,appartement,198 000 DT,86 m²,2 pièces,https://www.tecnocasa.tn/vendre/appartement/kairouan/kairouan/49184.html
Kairouan,S+2 en vente,appartement,90 000 DT,50 m²,1 pièce,https://www.tecnocasa.tn/vendre/appartement/kairouan/kairouan/40853.html
Kairouan,S+1 en vente,appartement,100 000 DT,70 m²,1 pièce,https://www.tecnocasa.tn/vendre/appartement/kairouan/kairouan/40854.html
Kairouan,Terrain agricole en vente,terrain,65 000 DT,1000 m²,,https://www.tecnocasa.tn/vendre/terrain/kairouan/kairouan/40596.html
Kairouan,Terrain agricole en vente,terrain,120 000 DT,600 m²,,https://www.tecnocasa.tn/vendre/terrain/kairouan/kairouan/49288.html
Mahdia,Terrain habitation ind. en vente,terrain,130 000 DT,311 m²,,https://www.tecnocasa.tn/vendre/terrain/mahdia/ksour-essef/63561.html
Mahdia,S+2 en vente,appartement,290 000 DT,70 m²,3 pièces,https://www.tecnocasa.tn/vendre/appartement/mahdia/salakta/61155.html
Mahdia,Terrain habitation ind. en vente,terrain,125 500 DT,493 m²,,https://www.tecnocasa.tn/vendre/terrain/mahdia/chebba/62372.html
Mahdia,Terrain habitation ind. en vente,terrain,96 800 DT,458 m²,,https://www.tecnocasa.tn/vendre/terrain/mahdia/chebba/56210.html
Mahdia,S+1 en vente,appartement,198 000 DT,60 m²,1 pièce,https://www.tecnocasa.tn/vendre/appartement/mahdia/mahdia/58873.html
Mahdia,Hall+3 en vente,bureau,230 000 DT,60 m²,3 pièces,https://www.tecnocasa.tn/vendre/bureau/mahdia/mahdia/58236.html
Mahdia,S+3 en vente,appartement,260 000 DT,110 m²,3 pièces,https://www.tecnocasa.tn/vendre/appartement/mahdia/mahdia/61301.html
Mahdia,Villa jumelée en vente,villa,500 000 DT,278 m²,,https://www.tecnocasa.tn/vendre/villa/mahdia/mahdia/57376.html
Mahdia,S+2 en vente,appartement,152 000 DT,85 m²,3 pièces,https://www.tecnocasa.tn/vendre/appartement/mahdia/mahdia/61329.html
Mahdia,Maison jumelée en vente,villa,550 000 DT,190 m²,,https://www.tecnocasa.tn/vendre/villa/mahdia/mahdia/57282.html
Mahdia,Triplex en vente,appartement,275 000 DT,160 m²,3 pièces,https://www.tecnocasa.tn/vendre/appartement/mahdia/mahdia/51271.html
Mahdia,Villa jumelée en vente,villa,495 000 DT,600 m²,,https://www.tecnocasa.tn/vendre/villa/mahdia/mahdia/61977.html
Mahdia,S+2 en vente,appartement,250 000 DT,103 m²,,https://www.tecnocasa.tn/vendre/appartement/mahdia/mahdia/50894.html
Mahdia,S+3 en vente,appartement,150 000 DT,100 m²,4 pièces,https://www.tecnocasa.tn/vendre/appartement/mahdia/mahdia/62756.html
Mahdia,Triplex en vente,appartement,300 000 DT,280 m²,,https://www.tecnocasa.tn/vendre/appartement/mahdia/mahdia/50053.html
Mahdia,S+3 en vente,appartement,275 000 DT,135 m²,4 pièces,https://www.tecnocasa.tn/vendre/appartement/mahdia/mahdia/63266.html
Mahdia,Terrain habitation ind. en vente,terrain,900 000 DT,1632 m²,,https://www.tecnocasa.tn/vendre/terrain/mahdia/mahdia/44172.html
Mahdia,S+3 en vente,appartement,285 000 DT,135 m²,3 pièces,https://www.tecnocasa.tn/vendre/appartement/mahdia/mahdia/42671.html
Mahdia,Terrain habitation ind. en vente,terrain,671 000 DT,1220 m²,,https://www.tecnocasa.tn/vendre/terrain/mahdia/mahdia/34729.html
Mahdia,Triplex en vente,appartement,1 250 000 DT,305 m²,2 pièces,https://www.tecnocasa.tn/vendre/appartement/mahdia/mahdia/63669.html
Mahdia,S+3 en vente,appartement,445 000 DT,135 m²,3 pièces,https://www.tecnocasa.tn/vendre/appartement/mahdia/mahdia/63740.html
Mahdia,Villa individuelle en vente,villa,420 000 DT,250 m²,,https://www.tecnocasa.tn/vendre/villa/mahdia/mahdia/63785.html
Mahdia,Maison jumelée en vente,villa,500 000 DT,328 m²,,https://www.tecnocasa.tn/vendre/villa/mahdia/mahdia/60079.html
Mahdia,S+2 en vente,appartement,270 000 DT,87 m²,2 pièces,https://www.tecnocasa.tn/vendre/appartement/mahdia/rejiche/61310.html
Mahdia,S+1 en vente,appartement,239 000 DT,81 m²,1 pièce,https://www.tecnocasa.tn/vendre/appartement/mahdia/mahdia/62497.html
Mahdia,S+3 en vente,appartement,185 000 DT,108 m²,3 pièces,https://www.tecnocasa.tn/vendre/appartement/mahdia/mahdia/62717.html
Mahdia,S+3 en vente,appartement,160 000 DT,108 m²,3 pièces,https://www.tecnocasa.tn/vendre/appartement/mahdia/mahdia/62748.html
Mahdia,S+2 en vente,appartement,220 000 DT,124 m²,2 pièces,https://www.tecnocasa.tn/vendre/appartement/mahdia/rejiche/61617.html
Mahdia,S+2 en vente,appartement,380 000 DT,116 m²,2 pièces,https://www.tecnocasa.tn/vendre/appartement/mahdia/mahdia/62151.html
Mahdia,S+3 en vente,appartement,457 000 DT,127 m²,4 pièces,https://www.tecnocasa.tn/vendre/appartement/mahdia/mahdia/58275.html
Mahdia,S+2 en vente,appartement,340 000 DT,87 m²,2 pièces,https://www.tecnocasa.tn/vendre/appartement/mahdia/mahdia/58531.html
Mahdia,Villa jumelée en vente,villa,175 000 DT,265 m²,,https://www.tecnocasa.tn/vendre/villa/mahdia/rejiche/63310.html
Mahdia,S+2 en vente,appartement,130 000 DT,135 m²,3 pièces,https://www.tecnocasa.tn/vendre/appartement/mahdia/rejiche/63442.html
Mahdia,Terrain habitation ind. en vente,terrain,887 000 DT,1972 m²,,https://www.tecnocasa.tn/vendre/terrain/mahdia/mahdia/61358.html
Mahdia,Villa individuelle en vente,villa,820 000 DT,451 m²,,https://www.tecnocasa.tn/vendre/villa/mahdia/mahdia/59827.html
Mahdia,S+2 en vente,appartement,308 000 DT,86 m²,2 pièces,https://www.tecnocasa.tn/vendre/appartement/mahdia/mahdia/60679.html
Mahdia,S+2 en vente,appartement,360 000 DT,135 m²,2 pièces,https://www.tecnocasa.tn/vendre/appartement/mahdia/mahdia/60826.html
Mahdia,S+1 en vente,appartement,210 000 DT,47 m²,2 pièces,https://www.tecnocasa.tn/vendre/appartement/mahdia/salakta/63414.html
Mahdia,Terrain habitation ind. en vente,terrain,131 000 DT,218 m²,,https://www.tecnocasa.tn/vendre/terrain/mahdia/salakta/63490.html
Mahdia,Villa inachevée en vente,villa,80 000 DT,100 m²,,https://www.tecnocasa.tn/vendre/villa/mahdia/ksour-essef/63385.html
Mahdia,Terrain habitation ind. en vente,terrain,290 000 DT,488 m²,,https://www.tecnocasa.tn/vendre/terrain/mahdia/rejiche/62197.html
Mahdia,Villa individuelle en vente,villa,260 000 DT,440 m²,4 pièces,https://www.tecnocasa.tn/vendre/villa/mahdia/salakta/58870.html
Mahdia,S+2 en vente,appartement,243 000 DT,91 m²,3 pièces,https://www.tecnocasa.tn/vendre/appartement/mahdia/salakta/54640.html
Mahdia,S+2 en vente,appartement,223 000 DT,78 m²,3 pièces,https://www.tecnocasa.tn/vendre/appartement/mahdia/salakta/54636.html
Mahdia,Maison jumelée en vente,villa,390 000 DT,467 m²,,https://www.tecnocasa.tn/vendre/villa/mahdia/salakta/58425.html
Mahdia,Terrain habitation ind. en vente,terrain,151 000 DT,252 m²,,https://www.tecnocasa.tn/vendre/terrain/mahdia/salakta/54064.html
Mahdia,S+2 en vente,appartement,275 000 DT,85 m²,2 pièces,https://www.tecnocasa.tn/vendre/appartement/mahdia/baghdedi/63117.html
Mahdia,S+2 en vente,appartement,290 000 DT,115 m²,2 pièces,https://www.tecnocasa.tn/vendre/appartement/mahdia/baghdedi/56400.html
Mahdia,Villa individuelle en vente,villa,1 420 000 DT,500 m²,,https://www.tecnocasa.tn/vendre/villa/mahdia/baghdedi/56493.html
Mahdia,S+2 en vente,appartement,315 000 DT,126 m²,2 pièces,https://www.tecnocasa.tn/vendre/appartement/mahdia/baghdedi/60871.html
Mahdia,S+1 en vente,appartement,237 000 DT,70 m²,1 pièce,https://www.tecnocasa.tn/vendre/appartement/mahdia/rejiche/61312.html
Mahdia,S+2 en vente,appartement,265 000 DT,105 m²,3 pièces,https://www.tecnocasa.tn/vendre/appartement/mahdia/rejiche/60499.html
Mahdia,Villa jumelée en vente,villa,155 000 DT,153 m²,,https://www.tecnocasa.tn/vendre/villa/mahdia/rejiche/61280.html
Mahdia,Villa individuelle en vente,villa,725 000 DT,455 m²,,https://www.tecnocasa.tn/vendre/villa/mahdia/rejiche/61452.html
Mahdia,S+2 en vente,appartement,235 000 DT,98 m²,2 pièces,https://www.tecnocasa.tn/vendre/appartement/mahdia/baghdedi/63091.html
Mahdia,S+1 en vente,appartement,186 000 DT,65 m²,1 pièce,https://www.tecnocasa.tn/vendre/appartement/mahdia/baghdedi/63119.html
Mahdia,S+2 en vente,appartement,170 000 DT,100 m²,,https://www.tecnocasa.tn/vendre/appartement/mahdia/rejiche/59949.html
Mahdia,Villa jumelée en vente,villa,580 000 DT,216 m²,2 pièces,https://www.tecnocasa.tn/vendre/villa/mahdia/baghdedi/55226.html
Mahdia,Maison jumelée en vente,villa,180 000 DT,125 m²,2 pièces,https://www.tecnocasa.tn/vendre/villa/mahdia/rejiche/63037.html
Mahdia,S+2 en vente,appartement,242 000 DT,110 m²,,https://www.tecnocasa.tn/vendre/appartement/mahdia/salakta/60667.html
Mahdia,Terrain habitation ind. en vente,terrain,205 000 DT,286 m²,,https://www.tecnocasa.tn/vendre/terrain/mahdia/salakta/61487.html
Mahdia,Maison jumelée en vente,villa,140 000 DT,150 m²,3 pièces,https://www.tecnocasa.tn/vendre/villa/mahdia/ksour-essef/62473.html
Mahdia,S+1 en vente,appartement,125 000 DT,64 m²,1 pièce,https://www.tecnocasa.tn/vendre/appartement/mahdia/baghdedi/58018.html
Mahdia,Terrain habitation ind. en vente,terrain,175 000 DT,346 m²,,https://www.tecnocasa.tn/vendre/terrain/mahdia/rejiche/60801.html
Mahdia,Maison jumelée en vente,villa,225 000 DT,242 m²,,https://www.tecnocasa.tn/vendre/villa/mahdia/rejiche/54992.html
Mahdia,Etage de villa en vente,villa,380 000 DT,196 m²,,https://www.tecnocasa.tn/vendre/villa/mahdia/rejiche/62800.html
Mahdia,S+3 en vente,appartement,290 000 DT,276 m²,4 pièces,https://www.tecnocasa.tn/vendre/appartement/mahdia/salakta/61063.html
Mahdia,Terrain habitation collective en vente,terrain,330 000 DT,452 m²,,https://www.tecnocasa.tn/vendre/terrain/mahdia/rejiche/62806.html
Mahdia,S+1 en vente,appartement,160 000 DT,74 m²,2 pièces,https://www.tecnocasa.tn/vendre/appartement/mahdia/chebba/62466.html
Mahdia,Terrain habitation ind. en vente,terrain,204 000 DT,408 m²,,https://www.tecnocasa.tn/vendre/terrain/mahdia/rejiche/62752.html
Mahdia,Terrain habitation ind. en vente,terrain,150 000 DT,323 m²,,https://www.tecnocasa.tn/vendre/terrain/mahdia/salakta/62549.html
Mahdia,Terrain habitation ind. en vente,terrain,590 000 DT,1078 m²,,https://www.tecnocasa.tn/vendre/terrain/mahdia/salakta/59536.html
Mahdia,Terrain habitation ind. en vente,terrain,180 000 DT,250 m²,,https://www.tecnocasa.tn/vendre/terrain/mahdia/salakta/52407.html
Mahdia,Terrain habitation ind. en vente,terrain,99 000 DT,207 m²,,https://www.tecnocasa.tn/vendre/terrain/mahdia/salakta/54062.html
Mahdia,Villa individuelle en vente,villa,1 650 000 DT,5131 m²,5 pièces,https://www.tecnocasa.tn/vendre/villa/mahdia/salakta/54068.html
Mahdia,Terrain habitation ind. en vente,terrain,1 700 000 DT,1537 m²,,https://www.tecnocasa.tn/vendre/terrain/mahdia/ksour-essef/54678.html
Mahdia,Maison jumelée en vente,villa,160 000 DT,150 m²,3 pièces,https://www.tecnocasa.tn/vendre/villa/mahdia/ksour-essef/56249.html
Mahdia,Terrain habitation ind. en vente,terrain,185 000 DT,466 m²,,https://www.tecnocasa.tn/vendre/terrain/mahdia/salakta/58412.html
Mahdia,Maison jumelée en vente,villa,865 000 DT,330 m²,1 pièce,https://www.tecnocasa.tn/vendre/villa/mahdia/salakta/58443.html
Mahdia,Terrain habitation ind. en vente,terrain,220 000 DT,480 m²,,https://www.tecnocasa.tn/vendre/terrain/mahdia/salakta/58455.html
Mahdia,Terrain habitation ind. en vente,terrain,450 000 DT,722 m²,,https://www.tecnocasa.tn/vendre/terrain/mahdia/salakta/58481.html
Mahdia,Duplex en vente,appartement,750 000 DT,348 m²,,https://www.tecnocasa.tn/vendre/appartement/mahdia/salakta/58596.html
Mahdia,Villa jumelée en vente,villa,1 290 000 DT,700 m²,,https://www.tecnocasa.tn/vendre/villa/mahdia/salakta/58770.html
Mahdia,Terrain habitation ind. en vente,terrain,125 000 DT,367 m²,,https://www.tecnocasa.tn/vendre/terrain/mahdia/ksour-essef/59102.html
Mahdia,Terrain habitation ind. en vente,terrain,120 000 DT,550 m²,,https://www.tecnocasa.tn/vendre/terrain/mahdia/ksour-essef/59109.html
Mahdia,Terrain habitation ind. en vente,terrain,125 000 DT,337 m²,,https://www.tecnocasa.tn/vendre/terrain/mahdia/salakta/59541.html
Mahdia,Terrain habitation ind. en vente,terrain,115 000 DT,289 m²,,https://www.tecnocasa.tn/vendre/terrain/mahdia/salakta/59678.html
Mahdia,S+3 en vente,appartement,550 000 DT,186 m²,3 pièces,https://www.tecnocasa.tn/vendre/appartement/mahdia/salakta/60674.html
Mahdia,S+3 en vente,appartement,165 000 DT,116 m²,4 pièces,https://www.tecnocasa.tn/vendre/appartement/mahdia/ksour-essef/60835.html
Mahdia,Terrain habitation ind. en vente,terrain,85 000 DT,147 m²,,https://www.tecnocasa.tn/vendre/terrain/mahdia/salakta/61594.html
Mahdia,Terrain habitation ind. en vente,terrain,145 000 DT,259 m²,,https://www.tecnocasa.tn/vendre/terrain/mahdia/rejiche/55304.html
Mahdia,Terrain habitation collective en vente,terrain,372 852 DT,516 m²,,https://www.tecnocasa.tn/vendre/terrain/mahdia/rejiche/62286.html
Mahdia,S+3 en vente,appartement,310 000 DT,99 m²,4 pièces,https://www.tecnocasa.tn/vendre/appartement/mahdia/baghdedi/60224.html
Mahdia,Terrain habitation ind. en vente,terrain,210 000 DT,350 m²,,https://www.tecnocasa.tn/vendre/terrain/mahdia/rejiche/62015.html
Mahdia,Terrain habitation ind. en vente,terrain,234 000 DT,360 m²,,https://www.tecnocasa.tn/vendre/terrain/mahdia/rejiche/62013.html
Mahdia,Studio en vente,appartement,140 000 DT,85 m²,1 pièce,https://www.tecnocasa.tn/vendre/appartement/mahdia/rejiche/61780.html
Mahdia,S+2 en vente,appartement,290 000 DT,112 m²,,https://www.tecnocasa.tn/vendre/appartement/mahdia/chebba/58532.html
Mahdia,S+2 en vente,appartement,383 000 DT,402 m²,,https://www.tecnocasa.tn/vendre/appartement/mahdia/chebba/59599.html
Mahdia,Terrain habitation ind. en vente,terrain,124 740 DT,567 m²,,https://www.tecnocasa.tn/vendre/terrain/mahdia/chebba/56259.html
Mahdia,Terrain habitation ind. en vente,terrain,48 600 DT,243 m²,,https://www.tecnocasa.tn/vendre/terrain/mahdia/chebba/56409.html
Mahdia,Terrain habitation ind. en vente,terrain,205 000 DT,394 m²,,https://www.tecnocasa.tn/vendre/terrain/mahdia/rejiche/58292.html
Mahdia,Terrain habitation ind. en vente,terrain,147 000 DT,1231 m²,,https://www.tecnocasa.tn/vendre/terrain/mahdia/chebba/60056.html
Mahdia,S+1 en vente,appartement,218 000 DT,48 m²,2 pièces,https://www.tecnocasa.tn/vendre/appartement/mahdia/chebba/61293.html
Mahdia,Terrain habitation ind. en vente,terrain,71 000 DT,174 m²,,https://www.tecnocasa.tn/vendre/terrain/mahdia/rejiche/57814.html
Mahdia,Terrain habitation ind. en vente,terrain,620 000 DT,519 m²,,https://www.tecnocasa.tn/vendre/terrain/mahdia/rejiche/50221.html
Mahdia,Terrain habitation ind. en vente,terrain,303 000 DT,510 m²,,https://www.tecnocasa.tn/vendre/terrain/mahdia/rejiche/57032.html
Mahdia,Terrain habitation ind. en vente,terrain,140 000 DT,389 m²,,https://www.tecnocasa.tn/vendre/terrain/mahdia/rejiche/57831.html
Mahdia,Terrain habitation ind. en vente,terrain,198 000 DT,381 m²,,https://www.tecnocasa.tn/vendre/terrain/mahdia/rejiche/57096.html
Mahdia,Terrain habitation ind. en vente,terrain,169 260 DT,403 m²,,https://www.tecnocasa.tn/vendre/terrain/mahdia/rejiche/57733.html
Mahdia,Villa inachevée en vente,villa,100 000 DT,225 m²,,https://www.tecnocasa.tn/vendre/villa/mahdia/rejiche/55964.html
Mahdia,Terrain habitation ind. en vente,terrain,245 000 DT,492 m²,,https://www.tecnocasa.tn/vendre/terrain/mahdia/rejiche/56937.html
Mahdia,Terrain habitation ind. en vente,terrain,218 400 DT,336 m²,,https://www.tecnocasa.tn/vendre/terrain/mahdia/rejiche/58591.html
Mahdia,Terrain habitation ind. en vente,terrain,241 000 DT,419 m²,,https://www.tecnocasa.tn/vendre/terrain/mahdia/rejiche/53099.html
Mahdia,S+2 en vente,appartement,175 000 DT,100 m²,2 pièces,https://www.tecnocasa.tn/vendre/appartement/mahdia/baghdedi/56233.html
Mahdia,Terrain agricole en vente,terrain,47 720 DT,317 m²,,https://www.tecnocasa.tn/vendre/terrain/mahdia/rejiche/50616.html
Mahdia,Terrain agricole en vente,terrain,45 700 DT,318 m²,,https://www.tecnocasa.tn/vendre/terrain/mahdia/rejiche/50617.html
Mahdia,Terrain habitation ind. en vente,terrain,227 400 DT,379 m²,,https://www.tecnocasa.tn/vendre/terrain/mahdia/rejiche/40479.html
Monastir,S+3 en vente,appartement,171 000 DT,114 m²,4 pièces,https://www.tecnocasa.tn/vendre/appartement/monastir/monastir/62345.html
Monastir,S+2 en vente,appartement,139 000 DT,88 m²,2 pièces,https://www.tecnocasa.tn/vendre/appartement/monastir/monastir/63320.html
Monastir,Villa individuelle en vente,villa,699 000 DT,238 m²,,https://www.tecnocasa.tn/vendre/villa/monastir/monastir/62699.html
Monastir,Terrain habitation ind. en vente,terrain,107 000 DT,400 m²,,https://www.tecnocasa.tn/vendre/terrain/monastir/bekalta/61932.html
Monastir,S+2 en vente,appartement,170 000 DT,75 m²,2 pièces,https://www.tecnocasa.tn/vendre/appartement/monastir/bekalta/57552.html
Monastir,Terrain habitation ind. en vente,terrain,58 000 DT,189 m²,,https://www.tecnocasa.tn/vendre/terrain/monastir/bekalta/57054.html
Monastir,Maison jumelée en vente,villa,75 000 DT,60 m²,,https://www.tecnocasa.tn/vendre/villa/monastir/ksar-hellal/63375.html
Monastir,Maison jumelée en vente,villa,245 000 DT,200 m²,,https://www.tecnocasa.tn/vendre/villa/monastir/ksar-hellal/63159.html
Monastir,Terrain habitation collective en vente,terrain,122 000 DT,299 m²,,https://www.tecnocasa.tn/vendre/terrain/monastir/ksar-hellal/63164.html
Monastir,Maison jumelée en vente,villa,140 000 DT,120 m²,,https://www.tecnocasa.tn/vendre/villa/monastir/ksar-hellal/63743.html
Monastir,Villa individuelle en vente,villa,1 300 000 DT,120 m²,3 pièces,https://www.tecnocasa.tn/vendre/villa/monastir/monastir/62899.html
Monastir,Terrain habitation ind. en vente,terrain,128 000 DT,366 m²,,https://www.tecnocasa.tn/vendre/terrain/monastir/ksar-hellal/62851.html
Monastir,Duplex en vente,appartement,130 000 DT,70 m²,,https://www.tecnocasa.tn/vendre/appartement/monastir/monastir/61915.html
Monastir,S+1 en vente,appartement,300 000 DT,62 m²,1 pièce,https://www.tecnocasa.tn/vendre/appartement/monastir/monastir/63698.html
Monastir,S+2 en vente,appartement,250 000 DT,92 m²,3 pièces,https://www.tecnocasa.tn/vendre/appartement/monastir/monastir/61674.html
Monastir,S+2 en vente,appartement,230 000 DT,80 m²,3 pièces,https://www.tecnocasa.tn/vendre/appartement/monastir/monastir/63047.html
Monastir,Villa jumelée en vente,villa,2 000 000 DT,900 m²,,https://www.tecnocasa.tn/vendre/villa/monastir/monastir/58931.html
Monastir,Terrain habitation ind. en vente,terrain,247 000 DT,380 m²,,https://www.tecnocasa.tn/vendre/terrain/monastir/sahline/63267.html
Monastir,Terrain habitation collective en vente,terrain,160 000 DT,320 m²,,https://www.tecnocasa.tn/vendre/terrain/monastir/sahline/63623.html
Monastir,Villa individuelle en vente,villa,550 000 DT,508 m²,,https://www.tecnocasa.tn/vendre/villa/monastir/ksar-hellal/63617.html
Monastir,Villa inachevée en vente,villa,780 000 DT,1000 m²,,https://www.tecnocasa.tn/vendre/villa/monastir/bekalta/63096.html
Monastir,Villa jumelée en vente,villa,390 000 DT,190 m²,,https://www.tecnocasa.tn/vendre/villa/monastir/monastir/60286.html
Monastir,Villa jumelée en vente,villa,75 000 DT,280 m²,,https://www.tecnocasa.tn/vendre/villa/monastir/sahline/62890.html
Monastir,S+2 en vente,appartement,200 000 DT,120 m²,3 pièces,https://www.tecnocasa.tn/vendre/appartement/monastir/sahline/63304.html
Monastir,Villa en bande en vente,villa,355 000 DT,100 m²,,https://www.tecnocasa.tn/vendre/villa/monastir/bekalta/57261.html
Monastir,Villa en bande en vente,villa,280 000 DT,350 m²,2 pièces,https://www.tecnocasa.tn/vendre/villa/monastir/bekalta/58833.html
Monastir,Villa individuelle en vente,villa,700 000 DT,1090 m²,,https://www.tecnocasa.tn/vendre/villa/monastir/bekalta/61092.html
Monastir,Maison jumelée en vente,villa,65 000 DT,180 m²,,https://www.tecnocasa.tn/vendre/villa/monastir/bekalta/63084.html
Monastir,S+2 en vente,appartement,540 000 DT,90 m²,3 pièces,https://www.tecnocasa.tn/vendre/appartement/monastir/monastir/61650.html
Monastir,Terrain habitation collective en vente,terrain,310 000 DT,400 m²,,https://www.tecnocasa.tn/vendre/terrain/monastir/ksar-hellal/61624.html
Monastir,Terrain habitation collective en vente,terrain,1 350 000 DT,1734 m²,,https://www.tecnocasa.tn/vendre/terrain/monastir/ksar-hellal/62332.html
Monastir,Maison jumelée en vente,villa,215 000 DT,240 m²,3 pièces,https://www.tecnocasa.tn/vendre/villa/monastir/ksar-hellal/59369.html
Monastir,Terrain agricole en vente,terrain,300 000 DT,6582 m²,,https://www.tecnocasa.tn/vendre/terrain/monastir/bekalta/63097.html
Monastir,S+2 en vente,appartement,435 000 DT,130 m²,2 pièces,https://www.tecnocasa.tn/vendre/appartement/monastir/monastir/61485.html
Monastir,Terrain agricole en vente,terrain,360 000 DT,1325 m²,,https://www.tecnocasa.tn/vendre/terrain/monastir/bekalta/63094.html
Monastir,Villa jumelée en vente,villa,380 000 DT,300 m²,2 pièces,https://www.tecnocasa.tn/vendre/villa/monastir/bekalta/51567.html
Monastir,S+1 en vente,appartement,260 000 DT,63 m²,1 pièce,https://www.tecnocasa.tn/vendre/appartement/monastir/monastir/62963.html
Monastir,Terrain habitation collective en vente,terrain,308 000 DT,434 m²,,https://www.tecnocasa.tn/vendre/terrain/monastir/ksar-hellal/63189.html
Monastir,S+2 en vente,appartement,250 000 DT,150 m²,2 pièces,https://www.tecnocasa.tn/vendre/appartement/monastir/ksar-hellal/63180.html
Monastir,Terrain habitation collective en vente,terrain,105 000 DT,290 m²,,https://www.tecnocasa.tn/vendre/terrain/monastir/ksar-hellal/63183.html
Monastir,Duplex en vente,appartement,490 000 DT,201 m²,,https://www.tecnocasa.tn/vendre/appartement/monastir/monastir/57943.html
Monastir,Villa individuelle en vente,villa,830 000 DT,360 m²,,https://www.tecnocasa.tn/vendre/villa/monastir/monastir/60702.html
Monastir,Duplex en vente,appartement,1 250 000 DT,250 m²,,https://www.tecnocasa.tn/vendre/appartement/monastir/monastir/61718.html
Monastir,S+2 en vente,appartement,420 000 DT,190 m²,2 pièces,https://www.tecnocasa.tn/vendre/appartement/monastir/monastir/62885.html
Monastir,Villa individuelle en vente,villa,610 000 DT,600 m²,3 pièces,https://www.tecnocasa.tn/vendre/villa/monastir/ksar-hellal/58783.html
Monastir,Terrain habitation ind. en vente,terrain,200 200 DT,308 m²,,https://www.tecnocasa.tn/vendre/terrain/monastir/sahline/62782.html
Monastir,Villa jumelée en vente,villa,197 000 DT,113 m²,,https://www.tecnocasa.tn/vendre/villa/monastir/monastir/61716.html
Monastir,S+3 en vente,appartement,580 000 DT,157 m²,4 pièces,https://www.tecnocasa.tn/vendre/appartement/monastir/monastir/56710.html
Monastir,Villa individuelle en vente,villa,1 300 000 DT,404 m²,,https://www.tecnocasa.tn/vendre/villa/monastir/monastir/62439.html
Monastir,Maison jumelée en vente,villa,185 000 DT,135 m²,,https://www.tecnocasa.tn/vendre/villa/monastir/sahline/62472.html
Monastir,S+2 en vente,appartement,450 000 DT,103 m²,3 pièces,https://www.tecnocasa.tn/vendre/appartement/monastir/monastir/62116.html
Monastir,Terrain habitation collective en vente,terrain,270 000 DT,421 m²,,https://www.tecnocasa.tn/vendre/terrain/monastir/ksar-hellal/62577.html
Monastir,S+1 en vente,appartement,130 000 DT,63 m²,2 pièces,https://www.tecnocasa.tn/vendre/appartement/monastir/monastir/60345.html
Monastir,Villa inachevée en vente,villa,495 000 DT,450 m²,,https://www.tecnocasa.tn/vendre/villa/monastir/ksar-hellal/60953.html
Monastir,Terrain agricole en vente,terrain,1 200 000 DT,8947 m²,,https://www.tecnocasa.tn/vendre/terrain/monastir/monastir/62357.html
Monastir,Terrain habitation ind. en vente,terrain,123 750 DT,225 m²,,https://www.tecnocasa.tn/vendre/terrain/monastir/sahline/61369.html
Monastir,Villa jumelée en vente,villa,265 000 DT,281 m²,2 pièces,https://www.tecnocasa.tn/vendre/villa/monastir/ksar-hellal/59968.html
Monastir,Terrain habitation collective en vente,terrain,370 000 DT,860 m²,,https://www.tecnocasa.tn/vendre/terrain/monastir/ksar-hellal/60803.html
Monastir,Terrain habitation ind. en vente,terrain,217 620 DT,468 m²,,https://www.tecnocasa.tn/vendre/terrain/monastir/sahline/61806.html
Monastir,Terrain habitation ind. en vente,terrain,980 000 DT,1115 m²,,https://www.tecnocasa.tn/vendre/terrain/monastir/monastir/62063.html
Monastir,S+2 en vente,appartement,95 000 DT,70 m²,3 pièces,https://www.tecnocasa.tn/vendre/appartement/monastir/monastir/62140.html
Monastir,Terrain habitation collective en vente,terrain,193 500 DT,430 m²,,https://www.tecnocasa.tn/vendre/terrain/monastir/sahline/61902.html
Monastir,S+2 en vente,appartement,165 000 DT,76 m²,3 pièces,https://www.tecnocasa.tn/vendre/appartement/monastir/sahline/61644.html
Monastir,Terrain habitation ind. en vente,terrain,110 000 DT,198 m²,,https://www.tecnocasa.tn/vendre/terrain/monastir/sahline/61690.html
Monastir,Terrain agricole en vente,terrain,215 460 DT,3591 m²,,https://www.tecnocasa.tn/vendre/terrain/monastir/sahline/61645.html
Monastir,Villa individuelle en vente,villa,585 000 DT,410 m²,2 pièces,https://www.tecnocasa.tn/vendre/villa/monastir/ksar-hellal/57767.html
Monastir,Terrain habitation collective en vente,terrain,255 000 DT,824 m²,,https://www.tecnocasa.tn/vendre/terrain/monastir/ksar-hellal/58353.html
Monastir,S+2 en vente,appartement,150 000 DT,105 m²,1 pièce,https://www.tecnocasa.tn/vendre/appartement/monastir/sahline/61660.html
Monastir,Villa individuelle en vente,villa,490 000 DT,488 m²,4 pièces,https://www.tecnocasa.tn/vendre/villa/monastir/ksar-hellal/58766.html
Monastir,Villa individuelle en vente,villa,399 000 DT,500 m²,3 pièces,https://www.tecnocasa.tn/vendre/villa/monastir/monastir/61561.html
Monastir,Terrain habitation collective en vente,terrain,195 000 DT,504 m²,,https://www.tecnocasa.tn/vendre/terrain/monastir/ksar-hellal/61528.html
Monastir,S+1 en vente,appartement,108 000 DT,82 m²,2 pièces,https://www.tecnocasa.tn/vendre/appartement/monastir/monastir/61472.html
Monastir,S+2 en vente,appartement,92 000 DT,71 m²,3 pièces,https://www.tecnocasa.tn/vendre/appartement/monastir/monastir/61350.html
Monastir,Duplex en vente,appartement,140 000 DT,35 m²,,https://www.tecnocasa.tn/vendre/appartement/monastir/monastir/61445.html
Monastir,S+2 en vente,appartement,130 000 DT,90 m²,2 pièces,https://www.tecnocasa.tn/vendre/appartement/monastir/monastir/60707.html
Monastir,S+2 en vente,appartement,350 000 DT,99 m²,2 pièces,https://www.tecnocasa.tn/vendre/appartement/monastir/monastir/61394.html
Monastir,S+2 en vente,appartement,92 000 DT,75 m²,3 pièces,https://www.tecnocasa.tn/vendre/appartement/monastir/monastir/61353.html
Monastir,S+2 en vente,appartement,170 000 DT,77 m²,3 pièces,https://www.tecnocasa.tn/vendre/appartement/monastir/monastir/61003.html
Monastir,Terrain habitation collective en vente,terrain,160 000 DT,333 m²,,https://www.tecnocasa.tn/vendre/terrain/monastir/sahline/51082.html
Monastir,S+1 en vente,appartement,155 000 DT,75 m²,2 pièces,https://www.tecnocasa.tn/vendre/appartement/monastir/sahline/53613.html
Monastir,S+2 en vente,appartement,190 000 DT,130 m²,2 pièces,https://www.tecnocasa.tn/vendre/appartement/monastir/sahline/60109.html
Monastir,S+5 en vente,appartement,780 000 DT,240 m²,5 pièces,https://www.tecnocasa.tn/vendre/appartement/monastir/monastir/57355.html
Monastir,S+3 en vente,appartement,255 000 DT,112 m²,4 pièces,https://www.tecnocasa.tn/vendre/appartement/monastir/monastir/59688.html
Monastir,S+3 en vente,appartement,259 000 DT,114 m²,4 pièces,https://www.tecnocasa.tn/vendre/appartement/monastir/monastir/59982.html
Monastir,S+1 en vente,appartement,215 000 DT,58 m²,1 pièce,https://www.tecnocasa.tn/vendre/appartement/monastir/monastir/56429.html
Monastir,S+2 en vente,appartement,125 000 DT,68 m²,3 pièces,https://www.tecnocasa.tn/vendre/appartement/monastir/sahline/60351.html
Monastir,Villa individuelle en vente,villa,1 600 000 DT,21825 m²,,https://www.tecnocasa.tn/vendre/villa/monastir/sahline/60308.html
Monastir,Maison jumelée en vente,villa,115 000 DT,88 m²,3 pièces,https://www.tecnocasa.tn/vendre/villa/monastir/sahline/60391.html
Monastir,Maison jumelée en vente,villa,280 000 DT,380 m²,4 pièces,https://www.tecnocasa.tn/vendre/villa/monastir/sahline/61069.html
Monastir,Terrain habitation ind. en vente,terrain,249 750 DT,555 m²,,https://www.tecnocasa.tn/vendre/terrain/monastir/sahline/53247.html
Monastir,Villa jumelée en vente,villa,275 000 DT,110 m²,,https://www.tecnocasa.tn/vendre/villa/monastir/monastir/60815.html
Monastir,Terrain habitation ind. en vente,terrain,320 000 DT,580 m²,,https://www.tecnocasa.tn/vendre/terrain/monastir/bekalta/52918.html
Monastir,Villa individuelle en vente,villa,2 226 150 DT,9541 m²,,https://www.tecnocasa.tn/vendre/villa/monastir/sahline/35732.html
Monastir,Villa jumelée en vente,villa,470 000 DT,144 m²,,https://www.tecnocasa.tn/vendre/villa/monastir/sahline/52343.html
Monastir,Villa individuelle en vente,villa,470 000 DT,140 m²,,https://www.tecnocasa.tn/vendre/villa/monastir/sahline/52345.html
Monastir,Villa jumelée en vente,villa,730 000 DT,417 m²,5 pièces,https://www.tecnocasa.tn/vendre/villa/monastir/ksar-hellal/49404.html
Monastir,Villa individuelle en vente,villa,710 000 DT,475 m²,4 pièces,https://www.tecnocasa.tn/vendre/villa/monastir/ksar-hellal/54646.html
Monastir,Maison jumelée en vente,villa,199 000 DT,275 m²,,https://www.tecnocasa.tn/vendre/villa/monastir/ksar-hellal/47002.html
Monastir,Terrain habitation ind. en vente,terrain,333 000 DT,555 m²,,https://www.tecnocasa.tn/vendre/terrain/monastir/sahline/42587.html
Monastir,Terrain agricole en vente,terrain,95 000 DT,1615 m²,,https://www.tecnocasa.tn/vendre/terrain/monastir/monastir/60195.html
Monastir,Villa inachevée en vente,villa,300 000 DT,250 m²,,https://www.tecnocasa.tn/vendre/villa/monastir/sahline/60449.html
Monastir,Terrain habitation collective en vente,terrain,115 000 DT,186 m²,,https://www.tecnocasa.tn/vendre/terrain/monastir/sahline/60293.html
Monastir,Terrain habitation ind. en vente,terrain,125 500 DT,251 m²,,https://www.tecnocasa.tn/vendre/terrain/monastir/sahline/60188.html
Monastir,Terrain habitation ind. en vente,terrain,950 000 DT,1277 m²,,https://www.tecnocasa.tn/vendre/terrain/monastir/monastir/60227.html
Monastir,Terrain habitation collective en vente,terrain,120 000 DT,369 m²,,https://www.tecnocasa.tn/vendre/terrain/monastir/ksar-hellal/57883.html
Monastir,Terrain habitation ind. en vente,terrain,195 000 DT,301 m²,,https://www.tecnocasa.tn/vendre/terrain/monastir/sahline/56609.html
Monastir,Terrain habitation ind. en vente,terrain,247 000 DT,330 m²,,https://www.tecnocasa.tn/vendre/terrain/monastir/monastir/59894.html
Monastir,Terrain habitation ind. en vente,terrain,147 000 DT,294 m²,,https://www.tecnocasa.tn/vendre/terrain/monastir/sahline/60001.html
Monastir,S+2 en vente,appartement,190 000 DT,90 m²,3 pièces,https://www.tecnocasa.tn/vendre/appartement/monastir/monastir/53096.html
Monastir,S+1 en vente,appartement,255 000 DT,87 m²,2 pièces,https://www.tecnocasa.tn/vendre/appartement/monastir/monastir/53397.html
Monastir,S+2 en vente,appartement,"<span class=""trattativaRiservata"">Informations en agence</span>",60 m²,3 pièces,https://www.tecnocasa.tn/vendre/appartement/monastir/monastir/59640.html
Monastir,S+2 en vente,appartement,575 000 DT,121 m²,3 pièces,https://www.tecnocasa.tn/vendre/appartement/monastir/monastir/59316.html
Monastir,Terrain habitation ind. en vente,terrain,195 300 DT,434 m²,,https://www.tecnocasa.tn/vendre/terrain/monastir/sahline/59200.html
Monastir,Terrain habitation collective en vente,terrain,158 500 DT,317 m²,,https://www.tecnocasa.tn/vendre/terrain/monastir/sahline/59156.html
Monastir,Terrain habitation collective en vente,terrain,903 900 DT,393 m²,,https://www.tecnocasa.tn/vendre/terrain/monastir/monastir/58157.html
Monastir,Terrain habitation ind. en vente,terrain,715 200 DT,596 m²,,https://www.tecnocasa.tn/vendre/terrain/monastir/monastir/55742.html
Monastir,S+1 en vente,appartement,257 000 DT,58 m²,2 pièces,https://www.tecnocasa.tn/vendre/appartement/monastir/monastir/57057.html
Monastir,Terrain habitation collective en vente,terrain,929 200 DT,404 m²,,https://www.tecnocasa.tn/vendre/terrain/monastir/monastir/58158.html
Monastir,S+3 en vente,appartement,470 000 DT,137 m²,4 pièces,https://www.tecnocasa.tn/vendre/appartement/monastir/monastir/51426.html
Monastir,S+1 en vente,appartement,169 000 DT,87 m²,2 pièces,https://www.tecnocasa.tn/vendre/appartement/monastir/monastir/57077.html
Monastir,S+2 en vente,appartement,198 000 DT,109 m²,3 pièces,https://www.tecnocasa.tn/vendre/appartement/monastir/sahline/56984.html
Monastir,Villa inachevée en vente,villa,410 000 DT,368 m²,,https://www.tecnocasa.tn/vendre/villa/monastir/sahline/56990.html
Monastir,Maison jumelée en vente,villa,60 000 DT,70 m²,,https://www.tecnocasa.tn/vendre/villa/monastir/sahline/51031.html
Monastir,Terrain habitation ind. en vente,terrain,"<span class=""trattativaRiservata"">Informations en agence</span>",11419 m²,,https://www.tecnocasa.tn/vendre/terrain/monastir/bekalta/56200.html
Monastir,Terrain habitation collective en vente,terrain,162 000 DT,249 m²,,https://www.tecnocasa.tn/vendre/terrain/monastir/sahline/56616.html
Monastir,Villa jumelée en vente,villa,295 000 DT,196 m²,,https://www.tecnocasa.tn/vendre/villa/monastir/sahline/55805.html
Monastir,Terrain habitation ind. en vente,terrain,217 800 DT,396 m²,,https://www.tecnocasa.tn/vendre/terrain/monastir/sahline/55985.html
Monastir,S+3 en vente,appartement,560 000 DT,191 m²,4 pièces,https://www.tecnocasa.tn/vendre/appartement/monastir/monastir/53392.html
Monastir,S+2 en vente,appartement,540 000 DT,103 m²,3 pièces,https://www.tecnocasa.tn/vendre/appartement/monastir/monastir/46456.html
Monastir,S+2 en vente,appartement,480 000 DT,123 m²,3 pièces,https://www.tecnocasa.tn/vendre/appartement/monastir/monastir/55702.html
Monastir,S+2 en vente,appartement,248 000 DT,125 m²,3 pièces,https://www.tecnocasa.tn/vendre/appartement/monastir/sahline/54201.html
Monastir,S+2 en vente,appartement,490 000 DT,90 m²,2 pièces,https://www.tecnocasa.tn/vendre/appartement/monastir/monastir/53413.html
Monastir,S+2 en vente,appartement,490 000 DT,130 m²,3 pièces,https://www.tecnocasa.tn/vendre/appartement/monastir/monastir/53383.html
Sfax,Terrain habitation ind. en vente,terrain,210 000 DT,561 m²,,https://www.tecnocasa.tn/vendre/terrain/sfax/sfax/59143.html
Sfax,Terrain habitation ind. en vente,terrain,170 000 DT,534 m²,,https://www.tecnocasa.tn/vendre/terrain/sfax/sfax/63418.html
Sfax,S+3 en vente,appartement,230 000 DT,147 m²,3 pièces,https://www.tecnocasa.tn/vendre/appartement/sfax/sfax/62859.html
Sfax,Terrain habitation collective en vente,terrain,645 000 DT,920 m²,,https://www.tecnocasa.tn/vendre/terrain/sfax/sfax/56970.html
Sfax,Villa individuelle en vente,villa,830 000 DT,900 m²,,https://www.tecnocasa.tn/vendre/villa/sfax/sfax/60925.html
Sfax,S+1 en vente,appartement,157 000 DT,53 m²,2 pièces,https://www.tecnocasa.tn/vendre/appartement/sfax/sfax/63066.html
Sfax,Etage de villa en vente,villa,85 000 DT,150 m²,,https://www.tecnocasa.tn/vendre/villa/sfax/sfax/62480.html
Sfax,S+4 en vente,appartement,315 000 DT,203 m²,5 pièces,https://www.tecnocasa.tn/vendre/appartement/sfax/sfax/62888.html
Sfax,S+3 en vente,appartement,470 000 DT,187 m²,4 pièces,https://www.tecnocasa.tn/vendre/appartement/sfax/sfax/63017.html
Sfax,Villa inachevée en vente,villa,450 000 DT,500 m²,,https://www.tecnocasa.tn/vendre/villa/sfax/sfax/62491.html
Sfax,Duplex en vente,appartement,190 000 DT,193 m²,5 pièces,https://www.tecnocasa.tn/vendre/appartement/sfax/sfax/62232.html
Sfax,Villa individuelle en vente,villa,625 000 DT,770 m²,,https://www.tecnocasa.tn/vendre/villa/sfax/sfax/62212.html
Sfax,Etage de villa en vente,villa,205 000 DT,100 m²,,https://www.tecnocasa.tn/vendre/villa/sfax/sfax/62221.html
Sfax,S+3 en vente,appartement,555 000 DT,239 m²,4 pièces,https://www.tecnocasa.tn/vendre/appartement/sfax/sfax/60669.html
Sfax,S+3 en vente,appartement,230 000 DT,139 m²,3 pièces,https://www.tecnocasa.tn/vendre/appartement/sfax/sfax/59473.html
Sfax,Villa individuelle en vente,villa,530 000 DT,220 m²,3 pièces,https://www.tecnocasa.tn/vendre/villa/sfax/sfax/60796.html
Sfax,S+3 en vente,appartement,272 000 DT,144 m²,3 pièces,https://www.tecnocasa.tn/vendre/appartement/sfax/sfax/59702.html
Sfax,Terrain habitation ind. en vente,terrain,450 000 DT,1032 m²,,https://www.tecnocasa.tn/vendre/terrain/sfax/sfax/62115.html
Sfax,S+2 en vente,appartement,300 000 DT,98 m²,3 pièces,https://www.tecnocasa.tn/vendre/appartement/sfax/sfax/61887.html
Sfax,S+2 en vente,appartement,155 000 DT,70 m²,2 pièces,https://www.tecnocasa.tn/vendre/appartement/sfax/sfax/60245.html
Sfax,S+2 en vente,appartement,205 000 DT,110 m²,2 pièces,https://www.tecnocasa.tn/vendre/appartement/sfax/sfax/61103.html
Sfax,Villa individuelle en vente,villa,580 000 DT,661 m²,,https://www.tecnocasa.tn/vendre/villa/sfax/sfax/61572.html
Sfax,Terrain habitation ind. en vente,terrain,270 000 DT,520 m²,,https://www.tecnocasa.tn/vendre/terrain/sfax/sfax/61304.html
Sfax,S+2 en vente,appartement,320 000 DT,123 m²,3 pièces,https://www.tecnocasa.tn/vendre/appartement/sfax/sfax/61406.html
Sfax,S+4 en vente,appartement,345 000 DT,220 m²,5 pièces,https://www.tecnocasa.tn/vendre/appartement/sfax/sfax/61123.html
Sfax,Terrain habitation ind. en vente,terrain,170 000 DT,405 m²,,https://www.tecnocasa.tn/vendre/terrain/sfax/sfax/58550.html
Sfax,Villa individuelle en vente,villa,370 000 DT,748 m²,,https://www.tecnocasa.tn/vendre/villa/sfax/sfax/60625.html
Sfax,S+2 en vente,appartement,215 000 DT,120 m²,3 pièces,https://www.tecnocasa.tn/vendre/appartement/sfax/sfax/60616.html
Sfax,S+2 en vente,appartement,145 000 DT,60 m²,,https://www.tecnocasa.tn/vendre/appartement/sfax/sfax/60230.html
Sfax,Terrain habitation ind. en vente,terrain,689 000 DT,600 m²,,https://www.tecnocasa.tn/vendre/terrain/sfax/sfax/57734.html
Sfax,Terrain habitation ind. en vente,terrain,200 000 DT,487 m²,,https://www.tecnocasa.tn/vendre/terrain/sfax/sfax/59280.html
Sfax,Etage de villa en vente,villa,110 000 DT,76 m²,,https://www.tecnocasa.tn/vendre/villa/sfax/sfax/59472.html
Sfax,Terrain habitation ind. en vente,terrain,210 000 DT,710 m²,,https://www.tecnocasa.tn/vendre/terrain/sfax/sfax/59144.html
Sfax,Terrain habitation ind. en vente,terrain,180 000 DT,444 m²,,https://www.tecnocasa.tn/vendre/terrain/sfax/sfax/58877.html
Sfax,Terrain habitation ind. en vente,terrain,1 170 000 DT,1095 m²,,https://www.tecnocasa.tn/vendre/terrain/sfax/sfax/55658.html
Sousse,S+2 en vente,appartement,235 000 DT,90 m²,3 pièces,https://www.tecnocasa.tn/vendre/appartement/sousse/hammam-sousse/63619.html
Sousse,S+2 en vente,appartement,280 000 DT,100 m²,3 pièces,https://www.tecnocasa.tn/vendre/appartement/sousse/hammam-sousse/63892.html
Sousse,S+3 en vente,appartement,170 000 DT,120 m²,4 pièces,https://www.tecnocasa.tn/vendre/appartement/sousse/khezama/62736.html
Sousse,S+1 en vente,appartement,225 000 DT,80 m²,2 pièces,https://www.tecnocasa.tn/vendre/appartement/sousse/sousse-centre-ville/60813.html
Sousse,S+2 en vente,appartement,235 000 DT,130 m²,3 pièces,https://www.tecnocasa.tn/vendre/appartement/sousse/sousse-centre-ville/61255.html
Sousse,S+2 en vente,appartement,140 000 DT,80 m²,2 pièces,https://www.tecnocasa.tn/vendre/appartement/sousse/sousse-centre-ville/62729.html
Sousse,Terrain habitation ind. en vente,terrain,318 000 DT,398 m²,,https://www.tecnocasa.tn/vendre/terrain/sousse/sousse-centre-ville/62067.html
Sousse,S+1 en vente,appartement,185 000 DT,95 m²,2 pièces,https://www.tecnocasa.tn/vendre/appartement/sousse/sousse-centre-ville/63421.html
Sousse,S+3 en vente,appartement,185 000 DT,135 m²,4 pièces,https://www.tecnocasa.tn/vendre/appartement/sousse/sousse-centre-ville/63763.html
Sousse,S+4 en vente,appartement,350 000 DT,180 m²,3 pièces,https://www.tecnocasa.tn/vendre/appartement/sousse/sousse-centre-ville/57060.html
Sousse,Villa jumelée en vente,villa,200 000 DT,192 m²,,https://www.tecnocasa.tn/vendre/villa/sousse/sousse-centre-ville/57762.html
Sousse,S+2 en vente,appartement,408 000 DT,165 m²,3 pièces,https://www.tecnocasa.tn/vendre/appartement/sousse/sousse-centre-ville/57566.html
Sousse,S+1 en vente,appartement,200 000 DT,57 m²,2 pièces,https://www.tecnocasa.tn/vendre/appartement/sousse/sousse-centre-ville/59269.html
Sousse,Villa individuelle en vente,villa,590 000 DT,328 m²,,https://www.tecnocasa.tn/vendre/villa/sousse/sousse-centre-ville/58240.html
Sousse,S+3 en vente,appartement,450 000 DT,178 m²,4 pièces,https://www.tecnocasa.tn/vendre/appartement/sousse/sousse-centre-ville/63702.html
Sousse,Terrain habitation ind. en vente,terrain,625 000 DT,736 m²,,https://www.tecnocasa.tn/vendre/terrain/sousse/sousse-centre-ville/62457.html
Sousse,S+2 en vente,appartement,245 000 DT,130 m²,3 pièces,https://www.tecnocasa.tn/vendre/appartement/sousse/sousse-centre-ville/61256.html
Sousse,S+2 en vente,appartement,260 000 DT,110 m²,2 pièces,https://www.tecnocasa.tn/vendre/appartement/sousse/sousse-centre-ville/63700.html
Sousse,S+2 en vente,appartement,385 000 DT,190 m²,2 pièces,https://www.tecnocasa.tn/vendre/appartement/sousse/khezama/62229.html
Sousse,S+3 en vente,appartement,575 000 DT,161 m²,2 pièces,https://www.tecnocasa.tn/vendre/appartement/sousse/khezama/62696.html
Sousse,S+2 en vente,appartement,360 000 DT,110 m²,2 pièces,https://www.tecnocasa.tn/vendre/appartement/sousse/khezama/63582.html
Sousse,Villa individuelle en vente,villa,1 080 000 DT,540 m²,12 pièces,https://www.tecnocasa.tn/vendre/villa/sousse/khezama/62021.html
Sousse,S+2 en vente,appartement,308 000 DT,84 m²,3 pièces,https://www.tecnocasa.tn/vendre/appartement/sousse/khezama/63630.html
Sousse,S+2 en vente,appartement,400 000 DT,118 m²,2 pièces,https://www.tecnocasa.tn/vendre/appartement/sousse/sahloul/52119.html
Sousse,S+3 en vente,appartement,98 000 DT,115 m²,3 pièces,https://www.tecnocasa.tn/vendre/appartement/sousse/sousse-riadh/60974.html
Sousse,Villa individuelle en vente,villa,670 000 DT,720 m²,5 pièces,https://www.tecnocasa.tn/vendre/villa/sousse/sousse-riadh/59417.html
Sousse,S+3 en vente,appartement,100 000 DT,110 m²,2 pièces,https://www.tecnocasa.tn/vendre/appartement/sousse/sousse-riadh/58188.html
Sousse,Villa individuelle en vente,villa,250 000 DT,97 m²,,https://www.tecnocasa.tn/vendre/villa/sousse/sousse-riadh/60749.html
Sousse,Villa individuelle en vente,villa,610 000 DT,450 m²,5 pièces,https://www.tecnocasa.tn/vendre/villa/sousse/sousse-riadh/62076.html
Sousse,Villa individuelle en vente,villa,220 000 DT,130 m²,3 pièces,https://www.tecnocasa.tn/vendre/villa/sousse/sousse-riadh/62125.html
Sousse,Villa individuelle en vente,villa,200 000 DT,94 m²,4 pièces,https://www.tecnocasa.tn/vendre/villa/sousse/sousse-riadh/61745.html
Sousse,Villa individuelle en vente,villa,2 500 000 DT,950 m²,4 pièces,https://www.tecnocasa.tn/vendre/villa/sousse/el-kantaoui/63518.html
Sousse,S+3 en vente,appartement,400 000 DT,100 m²,4 pièces,https://www.tecnocasa.tn/vendre/appartement/sousse/el-kantaoui/63569.html
Sousse,S+2 en vente,appartement,74 000 DT,70 m²,3 pièces,https://www.tecnocasa.tn/vendre/appartement/sousse/sousse-riadh/57928.html
Sousse,Villa individuelle en vente,villa,"<span class=""trattativaRiservata"">Informations en agence</span>",2250 m²,5 pièces,https://www.tecnocasa.tn/vendre/villa/sousse/hammam-sousse/62898.html
Sousse,Villa individuelle en vente,villa,1 250 000 DT,590 m²,,https://www.tecnocasa.tn/vendre/villa/sousse/sahloul/63568.html
Sousse,S+3 en vente,appartement,275 000 DT,123 m²,3 pièces,https://www.tecnocasa.tn/vendre/appartement/sousse/sahloul/63752.html
Sousse,S+3 en vente,appartement,380 000 DT,187 m²,3 pièces,https://www.tecnocasa.tn/vendre/appartement/sousse/hammam-sousse/61948.html
Sousse,S+3 en vente,appartement,380 000 DT,134 m²,4 pièces,https://www.tecnocasa.tn/vendre/appartement/sousse/hammam-sousse/62630.html
Sousse,Terrain habitation collective en vente,terrain,199 500 DT,399 m²,,https://www.tecnocasa.tn/vendre/terrain/sousse/hergla/63551.html
Sousse,Villa individuelle en vente,villa,"<span class=""trattativaRiservata"">Informations en agence</span>",834 m²,7 pièces,https://www.tecnocasa.tn/vendre/villa/sousse/el-kantaoui/46621.html
Sousse,S+2 en vente,appartement,580 000 DT,139 m²,3 pièces,https://www.tecnocasa.tn/vendre/appartement/sousse/el-kantaoui/57067.html
Sousse,Studio en vente,appartement,230 000 DT,39 m²,,https://www.tecnocasa.tn/vendre/appartement/sousse/el-kantaoui/60893.html
Sousse,Villa individuelle en vente,villa,1 180 000 DT,378 m²,,https://www.tecnocasa.tn/vendre/villa/sousse/el-kantaoui/61599.html
Sousse,S+2 en vente,appartement,514 701 DT,115 m²,3 pièces,https://www.tecnocasa.tn/vendre/appartement/sousse/el-kantaoui/40855.html
Sousse,S+3 en vente,appartement,538 118 DT,133 m²,4 pièces,https://www.tecnocasa.tn/vendre/appartement/sousse/el-kantaoui/63057.html
Sousse,S+2 en vente,appartement,308 500 DT,96 m²,3 pièces,https://www.tecnocasa.tn/vendre/appartement/sousse/hammam-sousse/62924.html
Sousse,S+3 en vente,appartement,265 000 DT,117 m²,4 pièces,https://www.tecnocasa.tn/vendre/appartement/sousse/hammam-sousse/62005.html
Sousse,S+2 en vente,appartement,250 000 DT,100 m²,3 pièces,https://www.tecnocasa.tn/vendre/appartement/sousse/hammam-sousse/60282.html
Sousse,S+1 en vente,appartement,146 000 DT,64 m²,1 pièce,https://www.tecnocasa.tn/vendre/appartement/sousse/hergla/63366.html
Sousse,S+1 en vente,appartement,150 000 DT,60 m²,1 pièce,https://www.tecnocasa.tn/vendre/appartement/sousse/hergla/63036.html
Sousse,S+3 en vente,appartement,420 000 DT,160 m²,4 pièces,https://www.tecnocasa.tn/vendre/appartement/sousse/sahloul/61178.html
Sousse,S+2 en vente,appartement,240 000 DT,100 m²,3 pièces,https://www.tecnocasa.tn/vendre/appartement/sousse/hammam-sousse/63643.html
Sousse,S+2 en vente,appartement,190 000 DT,105 m²,3 pièces,https://www.tecnocasa.tn/vendre/appartement/sousse/hammam-sousse/63633.html
Sousse,Villa individuelle en vente,villa,520 000 DT,300 m²,3 pièces,https://www.tecnocasa.tn/vendre/villa/sousse/sousse-riadh/63211.html
Sousse,S+3 en vente,appartement,98 000 DT,108 m²,3 pièces,https://www.tecnocasa.tn/vendre/appartement/sousse/sousse-riadh/62328.html
Sousse,S+2 en vente,appartement,187 000 DT,70 m²,2 pièces,https://www.tecnocasa.tn/vendre/appartement/sousse/hergla/63365.html
Sousse,S+2 en vente,appartement,210 000 DT,100 m²,2 pièces,https://www.tecnocasa.tn/vendre/appartement/sousse/hergla/63438.html
Sousse,S+1 en vente,appartement,145 000 DT,70 m²,1 pièce,https://www.tecnocasa.tn/vendre/appartement/sousse/hergla/63441.html
Sousse,Terrain habitation ind. en vente,terrain,410 000 DT,432 m²,,https://www.tecnocasa.tn/vendre/terrain/sousse/sousse-centre-ville/62931.html
Sousse,Terrain habitation ind. en vente,terrain,388 000 DT,409 m²,,https://www.tecnocasa.tn/vendre/terrain/sousse/sousse-centre-ville/62670.html
Sousse,S+1 en vente,appartement,298 230 DT,67 m²,2 pièces,https://www.tecnocasa.tn/vendre/appartement/sousse/el-kantaoui/63458.html
Sousse,Villa individuelle en vente,villa,1 400 000 DT,500 m²,4 pièces,https://www.tecnocasa.tn/vendre/villa/sousse/khezama/38666.html
Sousse,S+3 en vente,appartement,210 000 DT,80 m²,4 pièces,https://www.tecnocasa.tn/vendre/appartement/sousse/khezama/53222.html
Sousse,S+3 en vente,appartement,340 000 DT,120 m²,4 pièces,https://www.tecnocasa.tn/vendre/appartement/sousse/hammam-sousse/53950.html
Sousse,S+1 en vente,appartement,120 000 DT,50 m²,2 pièces,https://www.tecnocasa.tn/vendre/appartement/sousse/hammam-sousse/61170.html
Sousse,Duplex en vente,appartement,415 000 DT,195 m²,3 pièces,https://www.tecnocasa.tn/vendre/appartement/sousse/khezama/61848.html
Sousse,Villa individuelle en vente,villa,2 100 000 DT,730 m²,,https://www.tecnocasa.tn/vendre/villa/sousse/khezama/57624.html
Sousse,S+3 en vente,appartement,480 000 DT,146 m²,3 pièces,https://www.tecnocasa.tn/vendre/appartement/sousse/sahloul/57341.html
Sousse,Villa individuelle en vente,villa,1 090 000 DT,896 m²,6 pièces,https://www.tecnocasa.tn/vendre/villa/sousse/sousse-centre-ville/60373.html
Sousse,Villa individuelle en vente,villa,1 080 000 DT,650 m²,5 pièces,https://www.tecnocasa.tn/vendre/villa/sousse/sousse-centre-ville/62649.html
Sousse,Villa individuelle en vente,villa,1 380 000 DT,1050 m²,3 pièces,https://www.tecnocasa.tn/vendre/villa/sousse/sousse-centre-ville/60611.html
Sousse,Villa individuelle en vente,villa,785 000 DT,439 m²,,https://www.tecnocasa.tn/vendre/villa/sousse/sousse-centre-ville/61226.html
Sousse,S+2 en vente,appartement,280 000 DT,105 m²,2 pièces,https://www.tecnocasa.tn/vendre/appartement/sousse/sousse-centre-ville/60855.html
Sousse,Etage de villa en vente,villa,259 000 DT,230 m²,3 pièces,https://www.tecnocasa.tn/vendre/villa/sousse/sousse-centre-ville/61264.html
Sousse,Terrain habitation ind. en vente,terrain,208 000 DT,262 m²,,https://www.tecnocasa.tn/vendre/terrain/sousse/sousse-centre-ville/62981.html
Sousse,S+2 en vente,appartement,155 000 DT,197 m²,3 pièces,https://www.tecnocasa.tn/vendre/appartement/sousse/sousse-centre-ville/58198.html
Sousse,Villa individuelle en vente,villa,495 000 DT,450 m²,3 pièces,https://www.tecnocasa.tn/vendre/villa/sousse/sousse-centre-ville/61861.html
Sousse,S+3 en vente,appartement,420 000 DT,150 m²,3 pièces,https://www.tecnocasa.tn/vendre/appartement/sousse/sousse-centre-ville/44957.html
Sousse,Villa individuelle en vente,villa,520 000 DT,312 m²,3 pièces,https://www.tecnocasa.tn/vendre/villa/sousse/chott-meriam/62913.html
Sousse,Villa inachevée en vente,villa,710 000 DT,510 m²,,https://www.tecnocasa.tn/vendre/villa/sousse/sousse-centre-ville/62128.html
Sousse,S+1 en vente,appartement,185 000 DT,57 m²,2 pièces,https://www.tecnocasa.tn/vendre/appartement/sousse/hammam-sousse/62912.html
Sousse,Terrain habitation ind. en vente,terrain,242 000 DT,529 m²,,https://www.tecnocasa.tn/vendre/terrain/sousse/hergla/63237.html
Sousse,Villa individuelle en vente,villa,600 000 DT,368 m²,,https://www.tecnocasa.tn/vendre/villa/sousse/kalaa-seghira/61277.html
Sousse,S+4 en vente,appartement,851 000 DT,476 m²,4 pièces,https://www.tecnocasa.tn/vendre/appartement/sousse/sousse-centre-ville/60208.html
Sousse,Villa individuelle en vente,villa,335 000 DT,203 m²,3 pièces,https://www.tecnocasa.tn/vendre/villa/sousse/sousse-centre-ville/62873.html
Sousse,S+2 en vente,appartement,270 000 DT,180 m²,2 pièces,https://www.tecnocasa.tn/vendre/appartement/sousse/sousse-centre-ville/62975.html
Sousse,Terrain habitation ind. en vente,terrain,561 000 DT,374 m²,,https://www.tecnocasa.tn/vendre/terrain/sousse/sousse-centre-ville/62790.html
Sousse,Terrain habitation ind. en vente,terrain,414 000 DT,553 m²,,https://www.tecnocasa.tn/vendre/terrain/sousse/sousse-centre-ville/56618.html
Sousse,Terrain habitation ind. en vente,terrain,223 200 DT,319 m²,,https://www.tecnocasa.tn/vendre/terrain/sousse/hergla/63157.html
Sousse,Villa jumelée en vente,villa,380 000 DT,110 m²,,https://www.tecnocasa.tn/vendre/villa/sousse/sousse-centre-ville/61576.html
Sousse,Villa jumelée en vente,villa,275 000 DT,145 m²,,https://www.tecnocasa.tn/vendre/villa/sousse/sousse-centre-ville/62728.html
Sousse,S+2 en vente,appartement,75 000 DT,70 m²,2 pièces,https://www.tecnocasa.tn/vendre/appartement/sousse/sousse-centre-ville/62319.html
Sousse,Terrain agricole en vente,terrain,63 000 DT,485 m²,3 pièces,https://www.tecnocasa.tn/vendre/terrain/sousse/chott-meriam/59605.html
Sousse,S+3 en vente,appartement,180 000 DT,100 m²,3 pièces,https://www.tecnocasa.tn/vendre/appartement/sousse/sahloul/63079.html
Sousse,Villa individuelle en vente,villa,1 050 000 DT,600 m²,5 pièces,https://www.tecnocasa.tn/vendre/villa/sousse/hammam-sousse/38649.html
Sousse,S+2 en vente,appartement,410 294 DT,103 m²,3 pièces,https://www.tecnocasa.tn/vendre/appartement/sousse/el-kantaoui/61232.html
Sousse,S+4 en vente,appartement,485 000 DT,211 m²,5 pièces,https://www.tecnocasa.tn/vendre/appartement/sousse/khezama/62904.html
Sousse,S+2 en vente,appartement,"<span class=""trattativaRiservata"">Informations en agence</span>",122 m²,3 pièces,https://www.tecnocasa.tn/vendre/appartement/sousse/el-kantaoui/62910.html
Sousse,S+3 en vente,appartement,"<span class=""trattativaRiservata"">Informations en agence</span>",161 m²,4 pièces,https://www.tecnocasa.tn/vendre/appartement/sousse/el-kantaoui/62911.html
Sousse,S+4 en vente,appartement,"<span class=""trattativaRiservata"">Informations en agence</span>",288 m²,5 pièces,https://www.tecnocasa.tn/vendre/appartement/sousse/el-kantaoui/62908.html
Sousse,Villa jumelée en vente,villa,600 000 DT,286 m²,4 pièces,https://www.tecnocasa.tn/vendre/villa/sousse/khezama/60520.html
Sousse,Villa individuelle en vente,villa,"<span class=""trattativaRiservata"">Informations en agence</span>",170 m²,,https://www.tecnocasa.tn/vendre/villa/sousse/sousse-centre-ville/62388.html
Sousse,S+4 en vente,appartement,"<span class=""trattativaRiservata"">Informations en agence</span>",296 m²,4 pièces,https://www.tecnocasa.tn/vendre/appartement/sousse/el-kantaoui/62980.html
Sousse,S+1 en vente,appartement,281 000 DT,64 m²,,https://www.tecnocasa.tn/vendre/appartement/sousse/hergla/37909.html
Sousse,Villa individuelle en vente,villa,1 125 000 DT,1167 m²,,https://www.tecnocasa.tn/vendre/villa/sousse/sousse-centre-ville/61947.html
Sousse,Terrain habitation ind. en vente,terrain,245 000 DT,391 m²,,https://www.tecnocasa.tn/vendre/terrain/sousse/sousse-centre-ville/55563.html
Sousse,Terrain habitation ind. en vente,terrain,404 000 DT,449 m²,,https://www.tecnocasa.tn/vendre/terrain/sousse/sousse-centre-ville/62002.html
Sousse,Terrain habitation collective en vente,terrain,540 000 DT,454 m²,,https://www.tecnocasa.tn/vendre/terrain/sousse/sousse-centre-ville/60158.html
Sousse,Terrain habitation ind. en vente,terrain,700 000 DT,1111 m²,,https://www.tecnocasa.tn/vendre/terrain/sousse/sousse-centre-ville/60178.html
Sousse,S+2 en vente,appartement,70 000 DT,70 m²,3 pièces,https://www.tecnocasa.tn/vendre/appartement/sousse/sousse-centre-ville/61669.html
Sousse,S+2 en vente,appartement,350 000 DT,110 m²,3 pièces,https://www.tecnocasa.tn/vendre/appartement/sousse/sousse-centre-ville/62922.html
Sousse,Terrain habitation collective en vente,terrain,505 000 DT,459 m²,,https://www.tecnocasa.tn/vendre/terrain/sousse/sousse-centre-ville/59422.html
Sousse,S+3 en vente,appartement,220 000 DT,134 m²,4 pièces,https://www.tecnocasa.tn/vendre/appartement/sousse/chott-meriam/62364.html
Sousse,Villa individuelle en vente,villa,480 000 DT,331 m²,,https://www.tecnocasa.tn/vendre/villa/sousse/sousse-centre-ville/61675.html
Sousse,Villa individuelle en vente,villa,480 000 DT,307 m²,3 pièces,https://www.tecnocasa.tn/vendre/villa/sousse/sousse-centre-ville/61631.html
Sousse,Villa individuelle en vente,villa,840 000 DT,539 m²,4 pièces,https://www.tecnocasa.tn/vendre/villa/sousse/sousse-centre-ville/61348.html
Sousse,Villa individuelle en vente,villa,336 000 DT,263 m²,,https://www.tecnocasa.tn/vendre/villa/sousse/sousse-centre-ville/60678.html
Sousse,Villa individuelle en vente,villa,795 000 DT,600 m²,,https://www.tecnocasa.tn/vendre/villa/sousse/sousse-centre-ville/60529.html
Sousse,Villa individuelle en vente,villa,680 000 DT,716 m²,4 pièces,https://www.tecnocasa.tn/vendre/villa/sousse/sousse-centre-ville/49123.html
Sousse,S+2 en vente,appartement,440 000 DT,121 m²,3 pièces,https://www.tecnocasa.tn/vendre/appartement/sousse/khezama/59805.html
Sousse,Terrain habitation ind. en vente,terrain,220 000 DT,452 m²,,https://www.tecnocasa.tn/vendre/terrain/sousse/sousse-centre-ville/61949.html
Sousse,Duplex en vente,appartement,250 000 DT,95 m²,,https://www.tecnocasa.tn/vendre/appartement/sousse/chott-meriam/62656.html
Sousse,S+2 en vente,appartement,350 000 DT,67 m²,3 pièces,https://www.tecnocasa.tn/vendre/appartement/sousse/chott-meriam/61580.html
Sousse,Villa jumelée en vente,villa,650 000 DT,480 m²,,https://www.tecnocasa.tn/vendre/villa/sousse/hammam-sousse/62697.html
Sousse,Terrain habitation ind. en vente,terrain,550 000 DT,495 m²,,https://www.tecnocasa.tn/vendre/terrain/sousse/khezama/60454.html
Sousse,S+2 en vente,appartement,180 000 DT,90 m²,3 pièces,https://www.tecnocasa.tn/vendre/appartement/sousse/hammam-sousse/61942.html
Sousse,S+1 en vente,appartement,135 000 DT,80 m²,2 pièces,https://www.tecnocasa.tn/vendre/appartement/sousse/hammam-sousse/59841.html
Sousse,S+2 en vente,appartement,240 000 DT,100 m²,,https://www.tecnocasa.tn/vendre/appartement/sousse/hergla/62616.html
Sousse,S+2 en vente,appartement,310 000 DT,75 m²,2 pièces,https://www.tecnocasa.tn/vendre/appartement/sousse/chott-meriam/59819.html
Sousse,Terrain habitation ind. en vente,terrain,560 000 DT,751 m²,,https://www.tecnocasa.tn/vendre/terrain/sousse/sousse-centre-ville/55842.html
Sousse,Villa jumelée en vente,villa,325 000 DT,250 m²,,https://www.tecnocasa.tn/vendre/villa/sousse/sousse-riadh/61005.html
Sousse,Villa en bande en vente,villa,1 450 000 DT,2230 m²,,https://www.tecnocasa.tn/vendre/villa/sousse/sousse-riadh/58050.html
Sousse,Villa jumelée en vente,villa,380 000 DT,160 m²,,https://www.tecnocasa.tn/vendre/villa/sousse/sahloul/61344.html
Sousse,S+1 en vente,appartement,"<span class=""trattativaRiservata"">Informations en agence</span>",65 m²,1 pièce,https://www.tecnocasa.tn/vendre/appartement/sousse/el-kantaoui/61611.html
Sousse,Terrain agricole en vente,terrain,412 425 DT,3055 m²,,https://www.tecnocasa.tn/vendre/terrain/sousse/hergla/62048.html
Sousse,Terrain agricole en vente,terrain,490 000 DT,4290 m²,,https://www.tecnocasa.tn/vendre/terrain/sousse/hergla/62362.html
Sousse,Maison jumelée en vente,villa,180 000 DT,300 m²,,https://www.tecnocasa.tn/vendre/villa/sousse/sousse-centre-ville/61465.html
Sousse,S+2 en vente,appartement,70 000 DT,77 m²,3 pièces,https://www.tecnocasa.tn/vendre/appartement/sousse/sousse-centre-ville/61333.html
Sousse,Villa inachevée en vente,villa,470 000 DT,300 m²,,https://www.tecnocasa.tn/vendre/villa/sousse/hergla/62365.html
Sousse,Terrain habitation ind. en vente,terrain,415 000 DT,553 m²,,https://www.tecnocasa.tn/vendre/terrain/sousse/sousse-centre-ville/55281.html
Sousse,S+3 en vente,appartement,320 000 DT,133 m²,4 pièces,https://www.tecnocasa.tn/vendre/appartement/sousse/sahloul/59784.html
Sousse,Terrain habitation ind. en vente,terrain,696 000 DT,557 m²,,https://www.tecnocasa.tn/vendre/terrain/sousse/khezama/60898.html
Sousse,Terrain habitation ind. en vente,terrain,568 000 DT,455 m²,,https://www.tecnocasa.tn/vendre/terrain/sousse/khezama/60899.html
Sousse,Terrain habitation ind. en vente,terrain,275 000 DT,195 m²,,https://www.tecnocasa.tn/vendre/terrain/sousse/sahloul/62238.html
Sousse,S+2 en vente,appartement,265 000 DT,110 m²,2 pièces,https://www.tecnocasa.tn/vendre/appartement/sousse/sahloul/62120.html
Sousse,S+2 en vente,appartement,315 000 DT,112 m²,2 pièces,https://www.tecnocasa.tn/vendre/appartement/sousse/sahloul/62012.html
Sousse,Villa individuelle en vente,villa,520 000 DT,170 m²,3 pièces,https://www.tecnocasa.tn/vendre/villa/sousse/chott-meriam/59758.html
Sousse,Villa individuelle en vente,villa,370 000 DT,155 m²,,https://www.tecnocasa.tn/vendre/villa/sousse/sousse-centre-ville/62056.html
Sousse,Villa individuelle en vente,villa,1 600 000 DT,1100 m²,,https://www.tecnocasa.tn/vendre/villa/sousse/sousse-riadh/50316.html
Sousse,Terrain habitation ind. en vente,terrain,"<span class=""trattativaRiservata"">Informations en agence</span>",1159 m²,,https://www.tecnocasa.tn/vendre/terrain/sousse/hergla/62088.html
Sousse,Terrain agricole en vente,terrain,150 000 DT,2764 m²,,https://www.tecnocasa.tn/vendre/terrain/sousse/hergla/62065.html
Sousse,S+2 en vente,appartement,"<span class=""trattativaRiservata"">Informations en agence</span>",75 m²,2 pièces,https://www.tecnocasa.tn/vendre/appartement/sousse/el-kantaoui/61757.html
Sousse,Villa individuelle en vente,villa,660 000 DT,430 m²,3 pièces,https://www.tecnocasa.tn/vendre/villa/sousse/hammam-sousse/46755.html
Sousse,S+3 en vente,appartement,406 000 DT,140 m²,3 pièces,https://www.tecnocasa.tn/vendre/appartement/sousse/sousse-centre-ville/57247.html
Sousse,Terrain habitation ind. en vente,terrain,"<span class=""trattativaRiservata"">Informations en agence</span>",1138 m²,,https://www.tecnocasa.tn/vendre/terrain/sousse/hergla/61847.html
Sousse,S+2 en vente,appartement,340 000 DT,120 m²,3 pièces,https://www.tecnocasa.tn/vendre/appartement/sousse/el-kantaoui/61225.html
Sousse,Maison jumelée en vente,villa,310 000 DT,210 m²,,https://www.tecnocasa.tn/vendre/villa/sousse/sousse-riadh/61481.html
Sousse,S+3 en vente,appartement,290 000 DT,125 m²,3 pièces,https://www.tecnocasa.tn/vendre/appartement/sousse/khezama/61571.html
Sousse,S+3 en vente,appartement,135 000 DT,120 m²,4 pièces,https://www.tecnocasa.tn/vendre/appartement/sousse/sousse-centre-ville/61292.html
Sousse,S+2 en vente,appartement,187 000 DT,85 m²,2 pièces,https://www.tecnocasa.tn/vendre/appartement/sousse/hergla/61197.html
Sousse,Villa individuelle en vente,villa,900 000 DT,360 m²,3 pièces,https://www.tecnocasa.tn/vendre/villa/sousse/chott-meriam/61395.html
Sousse,S+2 en vente,appartement,245 000 DT,67 m²,,https://www.tecnocasa.tn/vendre/appartement/sousse/chott-meriam/60547.html
Sousse,Terrain habitation ind. en vente,terrain,850 000 DT,496 m²,,https://www.tecnocasa.tn/vendre/terrain/sousse/khezama/32447.html
Sousse,Terrain habitation ind. en vente,terrain,271 000 DT,375 m²,,https://www.tecnocasa.tn/vendre/terrain/sousse/m-saken/59185.html
Sousse,S+1 en vente,appartement,420 000 DT,87 m²,1 pièce,https://www.tecnocasa.tn/vendre/appartement/sousse/hergla/60580.html
Sousse,S+2 en vente,appartement,343 000 DT,127 m²,2 pièces,https://www.tecnocasa.tn/vendre/appartement/sousse/sousse-centre-ville/57250.html
Sousse,S+2 en vente,appartement,347 000 DT,105 m²,2 pièces,https://www.tecnocasa.tn/vendre/appartement/sousse/sahloul/61575.html
Sousse,S+1 en vente,appartement,360 000 DT,65 m²,2 pièces,https://www.tecnocasa.tn/vendre/appartement/sousse/el-kantaoui/61612.html
Sousse,S+3 en vente,appartement,335 000 DT,145 m²,4 pièces,https://www.tecnocasa.tn/vendre/appartement/sousse/hammam-sousse/61461.html
Sousse,Terrain agricole en vente,terrain,756 000 DT,2778 m²,,https://www.tecnocasa.tn/vendre/terrain/sousse/m-saken/59133.html
Sousse,S+2 en vente,appartement,325 000 DT,89 m²,3 pièces,https://www.tecnocasa.tn/vendre/appartement/sousse/el-kantaoui/61418.html
Sousse,Terrain habitation ind. en vente,terrain,237 000 DT,417 m²,,https://www.tecnocasa.tn/vendre/terrain/sousse/m-saken/55601.html
Sousse,Maison jumelée en vente,villa,260 000 DT,112 m²,,https://www.tecnocasa.tn/vendre/villa/sousse/hergla/60793.html
Sousse,Terrain habitation ind. en vente,terrain,"<span class=""trattativaRiservata"">Informations en agence</span>",1194 m²,,https://www.tecnocasa.tn/vendre/terrain/sousse/hergla/48937.html
Sousse,Terrain agricole en vente,terrain,75 000 DT,1382 m²,,https://www.tecnocasa.tn/vendre/terrain/sousse/hergla/60942.html
Sousse,S+2 en vente,appartement,160 000 DT,100 m²,2 pièces,https://www.tecnocasa.tn/vendre/appartement/sousse/hammam-sousse/58927.html
Sousse,S+2 en vente,appartement,530 000 DT,86 m²,2 pièces,https://www.tecnocasa.tn/vendre/appartement/sousse/chott-meriam/60950.html
Sousse,Terrain habitation ind. en vente,terrain,290 000 DT,412 m²,,https://www.tecnocasa.tn/vendre/terrain/sousse/chott-meriam/60982.html
Sousse,S+3 en vente,appartement,300 000 DT,204 m²,4 pièces,https://www.tecnocasa.tn/vendre/appartement/sousse/sousse-centre-ville/60389.html
Sousse,S+2 en vente,appartement,194 000 DT,94 m²,3 pièces,https://www.tecnocasa.tn/vendre/appartement/sousse/sousse-centre-ville/60652.html
Sousse,S+3 en vente,appartement,558 000 DT,137 m²,3 pièces,https://www.tecnocasa.tn/vendre/appartement/sousse/sousse-centre-ville/60549.html
Sousse,S+2 en vente,appartement,148 000 DT,90 m²,2 pièces,https://www.tecnocasa.tn/vendre/appartement/sousse/sousse-centre-ville/61107.html
Sousse,S+2 en vente,appartement,160 000 DT,100 m²,3 pièces,https://www.tecnocasa.tn/vendre/appartement/sousse/sousse-centre-ville/61109.html
Sousse,Terrain habitation ind. en vente,terrain,255 000 DT,425 m²,,https://www.tecnocasa.tn/vendre/terrain/sousse/m-saken/60709.html
Sousse,Terrain habitation ind. en vente,terrain,197 220 DT,346 m²,,https://www.tecnocasa.tn/vendre/terrain/sousse/m-saken/60701.html
Sousse,S+2 en vente,appartement,"<span class=""trattativaRiservata"">Informations en agence</span>",113 m²,2 pièces,https://www.tecnocasa.tn/vendre/appartement/sousse/hergla/60581.html
Sousse,S+3 en vente,appartement,510 000 DT,150 m²,3 pièces,https://www.tecnocasa.tn/vendre/appartement/sousse/sahloul/52976.html
Sousse,Terrain agricole en vente,terrain,180 000 DT,2600 m²,,https://www.tecnocasa.tn/vendre/terrain/sousse/m-saken/60753.html
Sousse,S+2 en vente,appartement,147 000 DT,72 m²,3 pièces,https://www.tecnocasa.tn/vendre/appartement/sousse/m-saken/58634.html
Sousse,Villa jumelée en vente,villa,620 000 DT,465 m²,,https://www.tecnocasa.tn/vendre/villa/sousse/m-saken/60721.html
Sousse,S+2 en vente,appartement,250 000 DT,103 m²,3 pièces,https://www.tecnocasa.tn/vendre/appartement/sousse/sousse-centre-ville/60837.html
Sousse,S+2 en vente,appartement,240 000 DT,90 m²,3 pièces,https://www.tecnocasa.tn/vendre/appartement/sousse/chott-meriam/60976.html
Sousse,S+2 en vente,appartement,255 000 DT,80 m²,3 pièces,https://www.tecnocasa.tn/vendre/appartement/sousse/chott-meriam/60839.html
Sousse,S+2 en vente,appartement,420 000 DT,120 m²,2 pièces,https://www.tecnocasa.tn/vendre/appartement/sousse/khezama/54731.html
Sousse,S+2 en vente,appartement,345 000 DT,108 m²,3 pièces,https://www.tecnocasa.tn/vendre/appartement/sousse/sahloul/60238.html
Sousse,S+3 en vente,appartement,373 200 DT,140 m²,3 pièces,https://www.tecnocasa.tn/vendre/appartement/sousse/sahloul/60991.html
Sousse,S+2 en vente,appartement,186 000 DT,93 m²,2 pièces,https://www.tecnocasa.tn/vendre/appartement/sousse/hergla/60857.html
Sousse,Villa individuelle en vente,villa,750 000 DT,466 m²,,https://www.tecnocasa.tn/vendre/villa/sousse/chott-meriam/59537.html
Sousse,S+3 en vente,appartement,447 000 DT,160 m²,4 pièces,https://www.tecnocasa.tn/vendre/appartement/sousse/sahloul/60981.html
Sousse,S+3 en vente,appartement,415 000 DT,145 m²,3 pièces,https://www.tecnocasa.tn/vendre/appartement/sousse/hammam-sousse/60004.html
Sousse,Penthouse en vente,appartement,880 000 DT,400 m²,4 pièces,https://www.tecnocasa.tn/vendre/appartement/sousse/sousse-centre-ville/52585.html
Sousse,Maison jumelée en vente,villa,360 000 DT,480 m²,3 pièces,https://www.tecnocasa.tn/vendre/villa/sousse/sousse-centre-ville/59512.html
Sousse,S+3 en vente,appartement,290 000 DT,101 m²,4 pièces,https://www.tecnocasa.tn/vendre/appartement/sousse/sahloul/59927.html
Sousse,S+2 en vente,appartement,155 000 DT,80 m²,3 pièces,https://www.tecnocasa.tn/vendre/appartement/sousse/hergla/56315.html
Sousse,Terrain agricole en vente,terrain,230 000 DT,329 m²,,https://www.tecnocasa.tn/vendre/terrain/sousse/el-kantaoui/60926.html
Sousse,S+3 en vente,appartement,210 000 DT,117 m²,3 pièces,https://www.tecnocasa.tn/vendre/appartement/sousse/m-saken/50057.html
Sousse,S+2 en vente,appartement,210 000 DT,167 m²,2 pièces,https://www.tecnocasa.tn/vendre/appartement/sousse/m-saken/50055.html
Sousse,S+2 en vente,appartement,210 000 DT,136 m²,2 pièces,https://www.tecnocasa.tn/vendre/appartement/sousse/m-saken/50038.html
Sousse,S+1 en vente,appartement,285 000 DT,62 m²,1 pièce,https://www.tecnocasa.tn/vendre/appartement/sousse/khezama/59400.html
Sousse,Terrain habitation ind. en vente,terrain,888 000 DT,450 m²,,https://www.tecnocasa.tn/vendre/terrain/sousse/khezama/57484.html
Sousse,S+2 en vente,appartement,410 000 DT,105 m²,2 pièces,https://www.tecnocasa.tn/vendre/appartement/sousse/khezama/44729.html
Sousse,S+3 en vente,appartement,350 000 DT,143 m²,4 pièces,https://www.tecnocasa.tn/vendre/appartement/sousse/sousse-centre-ville/57845.html
Sousse,S+2 en vente,appartement,365 000 DT,123 m²,2 pièces,https://www.tecnocasa.tn/vendre/appartement/sousse/sahloul/35267.html
Sousse,S+2 en vente,appartement,340 000 DT,137 m²,3 pièces,https://www.tecnocasa.tn/vendre/appartement/sousse/sahloul/48690.html
Sousse,S+2 en vente,appartement,380 000 DT,167 m²,2 pièces,https://www.tecnocasa.tn/vendre/appartement/sousse/sahloul/60769.html
Sousse,Terrain agricole en vente,terrain,120 000 DT,467 m²,,https://www.tecnocasa.tn/vendre/terrain/sousse/hergla/60765.html
Sousse,Terrain agricole en vente,terrain,300 000 DT,1223 m²,,https://www.tecnocasa.tn/vendre/terrain/sousse/hergla/60764.html
Sousse,S+2 en vente,appartement,260 000 DT,135 m²,3 pièces,https://www.tecnocasa.tn/vendre/appartement/sousse/sousse-centre-ville/60650.html
Sousse,Villa individuelle en vente,villa,"<span class=""trattativaRiservata"">Informations en agence</span>",775 m²,6 pièces,https://www.tecnocasa.tn/vendre/villa/sousse/hammam-sousse/42003.html
Sousse,Villa en bande en vente,villa,900 000 DT,450 m²,5 pièces,https://www.tecnocasa.tn/vendre/villa/sousse/hammam-sousse/60570.html
Sousse,S+2 en vente,appartement,165 000 DT,105 m²,,https://www.tecnocasa.tn/vendre/appartement/sousse/sahloul/56856.html
Sousse,Villa individuelle en vente,villa,960 000 DT,420 m²,5 pièces,https://www.tecnocasa.tn/vendre/villa/sousse/sahloul/60434.html
Sousse,S+2 en vente,appartement,"<span class=""trattativaRiservata"">Informations en agence</span>",120 m²,3 pièces,https://www.tecnocasa.tn/vendre/appartement/sousse/hergla/37463.html
Sousse,S+3 en vente,appartement,295 000 DT,141 m²,3 pièces,https://www.tecnocasa.tn/vendre/appartement/sousse/sahloul/52680.html
Sousse,Terrain habitation collective en vente,terrain,540 000 DT,601 m²,,https://www.tecnocasa.tn/vendre/terrain/sousse/sahloul/40958.html
Sousse,S+2 en vente,appartement,135 000 DT,85 m²,2 pièces,https://www.tecnocasa.tn/vendre/appartement/sousse/sahloul/59252.html
Sousse,Terrain habitation ind. en vente,terrain,190 000 DT,368 m²,,https://www.tecnocasa.tn/vendre/terrain/sousse/kalaa-seghira/60055.html
Sousse,S+1 en vente,appartement,300 000 DT,65 m²,1 pièce,https://www.tecnocasa.tn/vendre/appartement/sousse/chott-meriam/57793.html
Sousse,Villa individuelle en vente,villa,895 000 DT,269 m²,4 pièces,https://www.tecnocasa.tn/vendre/villa/sousse/hergla/60505.html
Sousse,S+3 en vente,appartement,300 000 DT,150 m²,3 pièces,https://www.tecnocasa.tn/vendre/appartement/sousse/hammam-sousse/60392.html
Sousse,Terrain habitation ind. en vente,terrain,2 313 000 DT,2313 m²,,https://www.tecnocasa.tn/vendre/terrain/sousse/hammam-sousse/53634.html
Sousse,S+2 en vente,appartement,200 000 DT,85 m²,2 pièces,https://www.tecnocasa.tn/vendre/appartement/sousse/hergla/60313.html
Sousse,Terrain habitation collective en vente,terrain,288 800 DT,304 m²,,https://www.tecnocasa.tn/vendre/terrain/sousse/hergla/60254.html
Sousse,S+2 en vente,appartement,408 000 DT,90 m²,2 pièces,https://www.tecnocasa.tn/vendre/appartement/sousse/khezama/59402.html
Sousse,S+2 en vente,appartement,90 000 DT,85 m²,3 pièces,https://www.tecnocasa.tn/vendre/appartement/sousse/sousse-centre-ville/60060.html
Sousse,Terrain habitation ind. en vente,terrain,714 000 DT,397 m²,,https://www.tecnocasa.tn/vendre/terrain/sousse/khezama/48215.html
Sousse,Terrain habitation ind. en vente,terrain,677 300 DT,521 m²,,https://www.tecnocasa.tn/vendre/terrain/sousse/khezama/47921.html
Sousse,Terrain habitation ind. en vente,terrain,684 000 DT,570 m²,,https://www.tecnocasa.tn/vendre/terrain/sousse/khezama/40648.html
Sousse,Terrain habitation ind. en vente,terrain,550 000 DT,500 m²,,https://www.tecnocasa.tn/vendre/terrain/sousse/hammam-sousse/40382.html
Sousse,S+2 en vente,appartement,140 000 DT,70 m²,,https://www.tecnocasa.tn/vendre/appartement/sousse/sousse-centre-ville/57880.html
Sousse,S+2 en vente,appartement,290 000 DT,117 m²,2 pièces,https://www.tecnocasa.tn/vendre/appartement/sousse/hergla/59871.html
Sousse,Villa individuelle en vente,villa,"<span class=""trattativaRiservata"">Informations en agence</span>",881 m²,,https://www.tecnocasa.tn/vendre/villa/sousse/el-kantaoui/59500.html
Sousse,Villa jumelée en vente,villa,1 060 000 DT,480 m²,,https://www.tecnocasa.tn/vendre/villa/sousse/sahloul/59587.html
Sousse,Terrain habitation ind. en vente,terrain,400 000 DT,565 m²,,https://www.tecnocasa.tn/vendre/terrain/sousse/chott-meriam/58967.html
Sousse,S+2 en vente,appartement,391 000 DT,109 m²,3 pièces,https://www.tecnocasa.tn/vendre/appartement/sousse/hergla/46990.html
Sousse,S+2 en vente,appartement,439 296 DT,133 m²,3 pièces,https://www.tecnocasa.tn/vendre/appartement/sousse/sousse-centre-ville/59265.html
Sousse,Villa jumelée en vente,villa,800 000 DT,548 m²,6 pièces,https://www.tecnocasa.tn/vendre/villa/sousse/m-saken/52206.html
Sousse,Studio en vente,appartement,154 000 DT,41 m²,1 pièce,https://www.tecnocasa.tn/vendre/appartement/sousse/hergla/49774.html
Sousse,Villa individuelle en vente,villa,2 200 000 DT,1150 m²,,https://www.tecnocasa.tn/vendre/villa/sousse/khezama/57857.html
Sousse,Duplex en vente,appartement,372 000 DT,140 m²,,https://www.tecnocasa.tn/vendre/appartement/sousse/khezama/57909.html
Sousse,Terrain habitation ind. en vente,terrain,864 000 DT,432 m²,,https://www.tecnocasa.tn/vendre/terrain/sousse/khezama/56310.html
Sousse,Terrain habitation ind. en vente,terrain,660 000 DT,550 m²,,https://www.tecnocasa.tn/vendre/terrain/sousse/khezama/54957.html
Sousse,S+3 en vente,appartement,550 000 DT,175 m²,3 pièces,https://www.tecnocasa.tn/vendre/appartement/sousse/sahloul/58595.html
Sousse,Villa individuelle en vente,villa,330 000 DT,246 m²,,https://www.tecnocasa.tn/vendre/villa/sousse/chott-meriam/57488.html
Sousse,Villa en bande en vente,villa,300 000 DT,240 m²,,https://www.tecnocasa.tn/vendre/villa/sousse/sousse-centre-ville/58440.html
Sousse,S+1 en vente,appartement,177 536 DT,55 m²,1 pièce,https://www.tecnocasa.tn/vendre/appartement/sousse/hergla/58726.html
Sousse,Villa individuelle en vente,villa,750 000 DT,690 m²,,https://www.tecnocasa.tn/vendre/villa/sousse/m-saken/57798.html
Sousse,Villa inachevée en vente,villa,185 000 DT,254 m²,,https://www.tecnocasa.tn/vendre/villa/sousse/hergla/57875.html
Sousse,Terrain habitation ind. en vente,terrain,145 000 DT,247 m²,,https://www.tecnocasa.tn/vendre/terrain/sousse/sousse-centre-ville/58000.html
Sousse,S+3 en vente,appartement,540 000 DT,167 m²,3 pièces,https://www.tecnocasa.tn/vendre/appartement/sousse/sahloul/57444.html
Sousse,Studio en vente,appartement,126 000 DT,30 m²,,https://www.tecnocasa.tn/vendre/appartement/sousse/hergla/57830.html
Sousse,S+3 en vente,appartement,225 000 DT,124 m²,4 pièces,https://www.tecnocasa.tn/vendre/appartement/sousse/sousse-centre-ville/57222.html
Sousse,Terrain agricole en vente,terrain,780 000 DT,3873 m²,,https://www.tecnocasa.tn/vendre/terrain/sousse/chott-meriam/57521.html
Sousse,Terrain habitation ind. en vente,terrain,230 000 DT,479 m²,,https://www.tecnocasa.tn/vendre/terrain/sousse/sousse-centre-ville/56753.html
Sousse,Villa en bande en vente,villa,290 000 DT,158 m²,,https://www.tecnocasa.tn/vendre/villa/sousse/sousse-centre-ville/56131.html
Sousse,S+3 en vente,appartement,290 000 DT,190 m²,4 pièces,https://www.tecnocasa.tn/vendre/appartement/sousse/hammam-sousse/48112.html
Sousse,S+3 en vente,appartement,400 000 DT,143 m²,3 pièces,https://www.tecnocasa.tn/vendre/appartement/sousse/hergla/54628.html
Sousse,S+3 en vente,appartement,230 000 DT,79 m²,4 pièces,https://www.tecnocasa.tn/vendre/appartement/sousse/chott-meriam/54584.html
Sousse,S+2 en vente,appartement,320 000 DT,130 m²,2 pièces,https://www.tecnocasa.tn/vendre/appartement/sousse/sousse-centre-ville/55245.html
Sousse,S+3 en vente,appartement,380 500 DT,118 m²,3 pièces,https://www.tecnocasa.tn/vendre/appartement/sousse/sousse-centre-ville/54747.html
Sousse,Terrain agricole en vente,terrain,130 000 DT,500 m²,,https://www.tecnocasa.tn/vendre/terrain/sousse/chott-meriam/55932.html
Sousse,S+4 en vente,appartement,750 000 DT,230 m²,4 pièces,https://www.tecnocasa.tn/vendre/appartement/sousse/sousse-centre-ville/55626.html
Sousse,Terrain habitation collective en vente,terrain,544 000 DT,544 m²,,https://www.tecnocasa.tn/vendre/terrain/sousse/sousse-centre-ville/51531.html
Sousse,Terrain habitation ind. en vente,terrain,850 000 DT,446 m²,,https://www.tecnocasa.tn/vendre/terrain/sousse/sousse-centre-ville/54870.html
Sousse,Terrain agricole en vente,terrain,117 000 DT,1241 m²,,https://www.tecnocasa.tn/vendre/terrain/sousse/chott-meriam/54370.html
Sousse,Villa individuelle en vente,villa,1 100 000 DT,415 m²,,https://www.tecnocasa.tn/vendre/villa/sousse/chott-meriam/52807.html
Sousse,Terrain agricole en vente,terrain,204 000 DT,2147 m²,,https://www.tecnocasa.tn/vendre/terrain/sousse/chott-meriam/51977.html
Sousse,Terrain agricole en vente,terrain,83 000 DT,417 m²,,https://www.tecnocasa.tn/vendre/terrain/sousse/chott-meriam/51662.html
Sousse,Terrain agricole en vente,terrain,564 000 DT,2254 m²,,https://www.tecnocasa.tn/vendre/terrain/sousse/chott-meriam/50861.html
Sousse,Terrain habitation ind. en vente,terrain,337 330 DT,427 m²,,https://www.tecnocasa.tn/vendre/terrain/sousse/chott-meriam/41614.html
Sousse,Terrain habitation ind. en vente,terrain,750 000 DT,614 m²,,https://www.tecnocasa.tn/vendre/terrain/sousse/chott-meriam/49608.html
Sousse,Villa individuelle en vente,villa,220 000 DT,100 m²,,https://www.tecnocasa.tn/vendre/villa/sousse/chott-meriam/48957.html
Sousse,S+1 en vente,appartement,219 000 DT,69 m²,1 pièce,https://www.tecnocasa.tn/vendre/appartement/sousse/sahloul/45057.html
Sousse,Villa individuelle en vente,villa,"<span class=""trattativaRiservata"">Informations en agence</span>",1002 m²,,https://www.tecnocasa.tn/vendre/villa/sousse/el-kantaoui/40775.html
Sousse,Terrain habitation ind. en vente,terrain,700 000 DT,405 m²,,https://www.tecnocasa.tn/vendre/terrain/sousse/sousse-centre-ville/38848.html
Sousse,Terrain agricole en vente,terrain,165 000 DT,1200 m²,,https://www.tecnocasa.tn/vendre/terrain/sousse/chott-meriam/17442.html
Sousse,S+2 en vente,appartement,345 000 DT,93 m²,3 pièces,https://www.tecnocasa.tn/vendre/appartement/sousse/khezama/16004.html
Sousse,Villa individuelle en vente,villa,340 000 DT,180 m²,,https://www.tecnocasa.tn/vendre/villa/sousse/chott-meriam/12861.html
