page;source;type_bien;localisation;prix;surface;reference;description;lien;image;date_collecte;prix_num
1;century21_tn;Duplex;JARDINS D'EL MENZAH 1;630.000;225 m²;Réf: 707937;L’agence immobilière Century 21 vous propose à la vente un duplex situé à El menzah 9C. superficie 225 m² type S+3 avec chambre de service. Il se comp...;https://century21.tn/property/a-vendre-duplex-rdc-menzah-9c/;https://logis.fra1.digitaloceanspaces.com/11/Properties/144895/conversions/MTGlNfFWsti6hVBt-thumb.jpg?c=1;17/02/2026 1:17;630.0
1;century21_tn;Villa;RIADH LANDLOUS;;475 m²;Réf: 18260;L’agence immobilière Century 21 Alliance vous propose à la vente une villa située à Riadh landalous d’une superficie de 475 m2. * Composition de la vi...;https://century21.tn/property/a-vendre-une-villa-situe-a-riadh-landalous/;https://logis.fra1.digitaloceanspaces.com/16/Properties/143783/conversions/Jd0GJRd5kWwhgzX5-thumb.jpg?c=1;17/02/2026 1:17;
1;century21_tn;Appartement;RIADH LANDLOUS;415.000;137 m²;Réf: 364853;L’agence immobilière Century 21 Karaouli vous propose à la vente un appartement S+3, idéalement situé à Riadh El Andalous L’appartement se compose de ...;https://century21.tn/property/a-vendre-appartement-s3-riadh-landlous-3/;https://logis.fra1.digitaloceanspaces.com/15/Properties/146665/conversions/tbhRyVVTmmXXD8pT-thumb.jpg?c=1;17/02/2026 1:17;415.0
1;century21_tn;Terrain Promoteur;SIDI DAOUD;1.600;2000 m²;Réf: 26587;Excellente opportunité à saisir ! L’agence immobilière Century 21 Invest vous propose pour la vente un terrain destiné à la promotion immobilière, sit...;https://century21.tn/property/a-vendre-terrain-de-2000-m%c2%b2-a-sidi-daoud/;https://logis.fra1.digitaloceanspaces.com/4/Lands/147504/conversions/Gjmbm8j4Kqu3ZpbL-thumb.jpg?c=1;17/02/2026 1:17;1.6
1;century21_tn;Villa;NABEUL CENTRE;500.000;192 m²;Réf: 42368-2;L’agence Century 21 Challenge vous propose à la location une charmante maison meublée, de style arabesque, idéalement située en plein centre-ville de ...;https://century21.tn/property/a-vendre-une-maison-de-style-arabesque-au-centre-ville-de-nabeul/;https://logis.fra1.digitaloceanspaces.com/10/Properties/97979/conversions/2jhgSdiyW7LluxsY-thumb.jpg?c=1;17/02/2026 1:17;500.0
1;century21_tn;;EL MENZAH 5;60.000;50 m²;Réf: 376651;L’agence immobilière Century 21 Alliance vous propose un fonds de commerce de 50m² . Emplacement : Menzah 5 Type : fonds de commerce Pour plus d’infor...;https://century21.tn/property/a-vendre-fonds-de-commerce-menzah-5/;https://logis.fra1.digitaloceanspaces.com/16/Properties/147476/conversions/VJM8WpQaTxAsApHz-thumb.jpg?c=1;17/02/2026 1:17;60.0
1;century21_tn;Appartement;CITÉ EL WAFA AFH 2;535.000;144 m²;Réf: 151674;L’agence immobilière Century 21 Challenge vous propose pour la vente un appartement S+2 situé dans une très belle résidence à Cité El Wafa AFH2 Nabeul...;https://century21.tn/property/a-vendre-un-appartement-s3-cite-el-wafa-afh2-nabeul/;https://logis.fra1.digitaloceanspaces.com/10/Properties/147437/conversions/5RbYd6QbE6r9yiSL-thumb.jpg?c=1;17/02/2026 1:17;535.0
1;century21_tn;Appartement;JARDINS DE CARTHAGE;564.000;97 m²;Réf: 375752;L’agence immobilière Century 21 Invest vous propose pour la vente un appartement S+2 neuf promoteur situé aux jardins de Carthage Typologie : S+2 Supe...;https://century21.tn/property/a-vendre-appartement-s2-jardins-de-carthage-6/;https://logis.fra1.digitaloceanspaces.com/4/Properties/147420/conversions/jGYjIhtRUvSoJF5v-thumb.jpg?c=1;17/02/2026 1:17;564.0
1;century21_tn;;LES BERGES DU LAC 2;;80 m²;Réf: 400789;L’agence CENTURY 21 Infinity vous propose à la vente un fonds de commerce idéalement situé aux Lac 2, dans un emplacement premium. La superficie total...;https://century21.tn/property/a-vendre-fonds-de-commerce-h0-les-berges-du-lac-2-2/;https://logis.fra1.digitaloceanspaces.com/7/Properties/147392/conversions/zF0gFQze5Thm30mj-thumb.jpg?c=1;17/02/2026 1:17;
2;century21_tn;Appartement;CENTRE URBAIN NORD;330.000;100 m²;Réf: 126600;L’agence immobilière Century 21 Karaouli vous propose à la vente un appartement s+2 situé à Centre urbain nord Composition : – Un salon – Une cuisine ...;https://century21.tn/property/a-vendre-appartement-s2-centre-urbain-nord/;https://logis.fra1.digitaloceanspaces.com/15/Properties/141808/conversions/j9Se7t1U5vOD56JV-thumb.jpg?c=1;17/02/2026 1:17;330.0
2;century21_tn;Terrain Villa;CHOTRANA 3;1.500;419 m²;Réf: 490684;L’agence immobilière Century 21 Patrimoine vous propose à la vente un terrain situé à Chotrana 3, dans un quartier résidentiel. Caractéristiques : Sup...;https://century21.tn/property/a-vendre-un-terrain-de-419m%c2%b2-situe-a-chotrana-3/;https://logis.fra1.digitaloceanspaces.com/Logos%20%26%20Images/Login%20Images/KS4cbEdlbRhExx1fgzhX8P1SFCVbCNRw1Xmts9l5.jpg?c=1;17/02/2026 1:17;1.5
2;century21_tn;Terrain Villa;SIDI FREJ;665.600;832 m²;Réf: 324531;🏡 L’agence immobilière Century 21 Horizon vous propose à la vente : Terrain d’une superficie de 832 m² à proximité de la mosquée Sidi Fraj 🕌 et de Sou...;https://century21.tn/property/un-terrain-a-la-soukra-sidi-fraj/;https://logis.fra1.digitaloceanspaces.com/13/Lands/147290/conversions/z9uuiuL6smxr7cCJ-thumb.jpg?c=1;17/02/2026 1:17;665.6
2;century21_tn;Villa;EL MENZAH 6;;380 m²;Réf: 262804;L’agence immobilière Century 21 Alliance vous propose à la vente une villa d’environ 380m² sur un terrain de 680m², située à El Menzah6. Entourée d’un...;https://century21.tn/property/a-vendre-villa-s3-el-menzah-6/;https://logis.fra1.digitaloceanspaces.com/16/Properties/146784/conversions/yUVPb1vWyyzpf3qg-thumb.jpg?c=1;17/02/2026 1:17;
2;century21_tn;Villa;EL MENZAH 9;;1000 m²;Réf: 680960;L’agence immobilière Century 21 Alliance vous propose à la vente une propriété de prestige, inspirée de l’architecture néo-classique. Édifiée sur un t...;https://century21.tn/property/a-vendre-villa-de-maitre-situee-a-el-menzah-9/;https://logis.fra1.digitaloceanspaces.com/16/Properties/138438/conversions/t07itf3ELqZycgAf-thumb.jpg?c=1;17/02/2026 1:17;
2;century21_tn;Appartement;CHOTRANA 1;840.000;286 m²;Réf: 914426;L’agence immobilière Century 21 Infinity vous propose à la location un appartement S+3 à Chotrana 1 *Emplacement: Chotrana 1 *Typologie: S+3 *Superfic...;https://century21.tn/property/a-vendre-appartement-s3-chotrana-1-3/;https://logis.fra1.digitaloceanspaces.com/7/Properties/144116/conversions/cnviqZY3qib0QlYh-thumb.jpg?c=1;17/02/2026 1:17;840.0
2;century21_tn;Appartement;EL MANAR 1;265.000;119 m²;Réf: 452311;L’agence immobilière Century 21 Patrimoine vous propose à la vente un appartement en H+3 situé à El Manar 1. Type de bien : usage mixte (bureautique e...;https://century21.tn/property/a-vendre-un-appartement-en-h3-a-el-manar-1/;https://logis.fra1.digitaloceanspaces.com/11/Properties/147164/conversions/SAtceqa5bjiN6mve-thumb.jpg?c=1;17/02/2026 1:17;265.0
2;century21_tn;Appartement;JARDINS DE CARTHAGE;900.000;170 m²;Réf: 652826;L’agence Century 21 Invest vous propose pour la vente un appartement S+3 avec Jardin aux Jardins de Carthage. Superficie: 170m² Jartin : 60m² Terrasse...;https://century21.tn/property/a-vendre-appartement-s3-avec-jard-aux-jardins-de-carthage/;https://logis.fra1.digitaloceanspaces.com/4/Properties/147043/conversions/WXsn6Ywbn7GFC5aA-thumb.jpg?c=1;17/02/2026 1:17;900.0
2;century21_tn;Terrain Villa;LEBNA;446.500;1786 m²;Réf: 829133;L’agence Immobilière Century21 Challenge met à la vente un terrain d’une superficie de 1786m2 situé à Lebna du coté de la mer. ce terrain bénéficie d’...;https://century21.tn/property/a-vendre-terrain-a-batir-a-cite-la-plage-lebna/;https://logis.fra1.digitaloceanspaces.com/10/Lands/138376/conversions/IkmAH2PqPAHUyaAT-thumb.jpg?c=1;17/02/2026 1:17;446.5
3;century21_tn;Appartement;GAMMARTH VILLAGE;;400 m²;Réf: 973997;L’agence immobilière CENTURY 21 BARROS vous propose à la vente une magnifique villa en s5 à Gammarth *Rez-de-chaussée : -Salon avec accès à la piscine...;https://century21.tn/property/a-vendre-appartement-s5-gammarth-village/;https://logis.fra1.digitaloceanspaces.com/6/Properties/146153/conversions/Dcrj3xsRSxVjus0N-thumb.jpg?c=1;17/02/2026 1:17;
3;century21_tn;Triplex;JARDINS DE CARTHAGE;1.800.000;223 m²;Réf: 543807-2;L’agence immobilière Century 21 Invest vous propose pour la vente un triplex S+3 avec une piscine aux Jardins de Carthage Direct promoteur . Typologie...;https://century21.tn/property/a-vendre-triplex-s4-jardins-de-carthage/;https://logis.fra1.digitaloceanspaces.com/4/Properties/146943/conversions/KTBYqDFQbk1asHJw-thumb.jpg?c=1;17/02/2026 1:17;
3;century21_tn;Villa;DAR FADHAL;370.000;160 m²;Réf: 63747;L’agence immobilière Century 21 Prestige vous propose à la vente une Villa de 160 m² construite sur un terrain de 180 m² Située à Dar Fadhal ,La Soukr...;https://century21.tn/property/a-vendre-villa-a-dar-fadhal-la-soukra/;https://logis.fra1.digitaloceanspaces.com/8/Properties/146461/conversions/ItBVFBGPKMnTAlQj-thumb.jpg?c=1;17/02/2026 1:17;370.0
3;century21_tn;Villa;LA SOUKRA;950.000;293 m²;Réf: 582742-3;L’agence immobilière CENTURY 21 INFINITY vous propose à la vente un triplex avec jardin à la Soukra, situé dans quartier résidentiel calme et sécurisé...;https://century21.tn/property/a-vendre-villa-s5-la-soukra-4/;https://logis.fra1.digitaloceanspaces.com/7/Properties/22785/conversions/oUWQFVT4blk98Wp0-thumb.jpg?c=1;17/02/2026 1:17;950.0
3;century21_tn;Appartement;GAMMARTH SUP;520.000;120 m²;Réf: 978499;L’Agence Century 21 Invest vous propose pour la vente un appartement S+2 à Gammarth supérieur. Superficie: 120m² Jardin 20m Il se compose de : – Salon...;https://century21.tn/property/a-vendre-appartement-s2-gammarth-superieur/;https://logis.fra1.digitaloceanspaces.com/4/Properties/146613/conversions/FEtfBy5KpsdWHZyL-thumb.jpg?c=1;17/02/2026 1:17;520.0
3;century21_tn;Appartement;CITE ENNOUZHA;195.000;130 m²;Réf: 566665;L’agence immobilière Century 21 Horizon vous propose à la vente un appartement S+3 situé au troisième étage sans ascenseur, à Ariana Centre. Compositi...;https://century21.tn/property/a-vendre-appartement-s3-ariana-centre/;https://logis.fra1.digitaloceanspaces.com/13/Properties/146846/conversions/12BlTgHDBeM4yPfN-thumb.jpg?c=1;17/02/2026 1:17;195.0
3;century21_tn;Appartement;AIN ZAGHOUAN NORD;490.000;117 m²;Réf: 533652-2;L’agence immobilière Century 21 Infinity vous propose à la vente un appartement S+2 *Emplacement: Ain zaghouan nord *Typologie: S+2 *Superficie: 117 m...;https://century21.tn/property/a-vendre-appartement-s2-ain-zaghouan-nord-10/;https://logis.fra1.digitaloceanspaces.com/7/Properties/112056/conversions/Ke0qk4KTdO4d78UB-thumb.jpg?c=1;17/02/2026 1:17;490.0
3;century21_tn;Duplex;LES BERGES DU LAC 2;1.600.000;320 m²;Réf: 296342-3;L’agence immobilière Century 21 INFINITY vous propose à la vente un duplex S+3 avec chambre de service direct promoteur au lac2 . Emplacement : les be...;https://century21.tn/property/a-vendre-appartement-duplex-s4-direct-promoteur-les-berges-du-lac-2/;https://logis.fra1.digitaloceanspaces.com/7/Properties/61480/conversions/3FZJiN5K9tatVwvc-thumb.jpg?c=1;17/02/2026 1:17;
3;century21_tn;Appartement;GAMMARTH FORÊT;680.000;197 m²;Réf: 223828-2;L’agence immobilière Century 21 Infinity vous propose à la vente un appartement S+3 au rez-de-chaussée à Gammarth forêt *Emplacement: Gammarth forêt *...;https://century21.tn/property/a-vendre-appartement-s3-gammarth-foret-2/;https://logis.fra1.digitaloceanspaces.com/7/Properties/106532/conversions/huydSGeCWzUFQmgi-thumb.jpg?c=1;17/02/2026 1:17;680.0
4;century21_tn;Appartement;CHOTRANA 1;330.000;127 m²;Réf: 823256;L’agence immobilière Century 21 Infinity vous propose à la vente un appartement S+2 à La Soukra *Emplacement: Chotrana 1 *Typologie: S+2 *Superficie: ...;https://century21.tn/property/a-vendre-appartement-s2-chotrana-1-5/;https://logis.fra1.digitaloceanspaces.com/7/Properties/145767/conversions/4qJtlp3EK8ayM2Bu-thumb.jpg?c=1;17/02/2026 1:17;330.0
4;century21_tn;Appartement;AIN ZAGHOUAN;300.000;128 m²;Réf: 501937;CENTURY 21 ALLIANCE vous propose à la vente un appartement S+2 à Ain Zaghouan d’une superficie de 127m² dans une résidence sécurisée qui se compose co...;https://century21.tn/property/a-vendre-appartement-s2-ain-zaghouan-3/;https://logis.fra1.digitaloceanspaces.com/16/Properties/138341/conversions/QdCR4EyC6kwk43ZK-thumb.jpg?c=1;17/02/2026 1:17;300.0
4;century21_tn;Appartement;BAB BHAR;;280 m²;Réf: 934768;L’agence CENTURY 21 Alliance vous propose à la vente un appartement de 280m² à Tunis Centre ville. Situé au 2ème étage d’un immeuble colonial, ce bien...;https://century21.tn/property/a-vendre-appartement-s5-centre-ville-tunis/;https://logis.fra1.digitaloceanspaces.com/16/Properties/146638/conversions/d7GczBOwSnQUUud1-thumb.jpg?c=1;17/02/2026 1:17;
4;century21_tn;Villa;EL MENZAH 5;1.300.000;200 m²;Réf: 853756-2;L’agence immobilière Century 21 Alliance vous propose à la vente une villa d’environ 200m² sur un terrain de 529m², située à El Menzah5. Villa de plai...;https://century21.tn/property/a-vendre-villa-s3-el-menzah-5/;https://logis.fra1.digitaloceanspaces.com/16/Properties/142271/conversions/stsnFE32KIRcJc9C-thumb.jpg?c=1;17/02/2026 1:17;
4;century21_tn;Rdc de Villa;MUTUELLEVILLE;750.000;397 m²;Réf: 785551;L’agence immobilière Century 21 Patrimoine vous propose à la vente un RDC de villa à rénover, d’une superficie totale de 390 m² (197 m² bâtis + 201 m²...;https://century21.tn/property/a-vendre-rdc-de-villa-s4-mutuelleville/;https://logis.fra1.digitaloceanspaces.com/11/Properties/136990/conversions/HEYlVHEmybMH9AaN-thumb.jpg?c=1;17/02/2026 1:17;750.0
4;century21_tn;Villa;JARDINS D'EL MENZAH 2;;650 m²;Réf: 315325;L’agence Century 21 Patrimoine vous propose à la vente une villa de type S+4, idéalement située à El Cité El Faouz. Caractéristiques générales : *Vill...;https://century21.tn/property/a-vendre-une-villa-plain-pied-en-s4-a-cite-el-faouz/;https://logis.fra1.digitaloceanspaces.com/11/Properties/146366/conversions/RbQovWAJ7BPr9I6g-thumb.jpg?c=1;17/02/2026 1:17;
4;century21_tn;Appartement;CENTRE URBAIN NORD;515.000;151 m²;Réf: 867633;L’agence immobilière Century 21 Patrimoine vous propose à la vente un appartement S+3 situé au centre urbain nord , superficie 152 m² Le bien se compo...;https://century21.tn/property/a-vendre-appartement-s3-centre-urbain-nord/;https://logis.fra1.digitaloceanspaces.com/11/Properties/143780/conversions/iQKUo2avtAjZ2SLh-thumb.jpg?c=1;17/02/2026 1:17;515.0
4;century21_tn;Appartement;JARDINS D'EL MENZAH 1;350.000;128 m²;Réf: 658978;L’agence immobilière Century 21 Patrimoine vous propose à la vente un appartement S+3 situé aux Jardins d’el Menzah 1 Le bien se compose d’un : Salon ...;https://century21.tn/property/a-vendre-un-appartement-en-s3-jardins-del-menzah-1/;https://logis.fra1.digitaloceanspaces.com/11/Properties/142649/conversions/LAs58K0GZ5tu3TFh-thumb.jpg?c=1;17/02/2026 1:17;350.0
4;century21_tn;Penthouse;LES BERGES DU LAC 2;2.100.000;300 m²;Réf: 304055-3;L’agence immobilière Century 21 Invest vous propose pour l’achat un penthouse, seul sur le palier, avec vue imprenable sur le lac, situé aux Berges du...;https://century21.tn/property/a-vendre-penthouse-s4-les-berges-du-lac-2/;https://logis.fra1.digitaloceanspaces.com/4/Properties/72027/conversions/HSEarRfOzmNkMrrf-thumb.jpg?c=1;17/02/2026 1:17;
5;century21_tn;Villa;LA SOUKRA;1.300.000;500 m²;Réf: 683220;L’agence immobilière Century 21 Masters vous propose pour la vente une villa à la Soukra. – Superficie terrain : 400m² – Superficie bâtisse : 500m² – ...;https://century21.tn/property/a-vendre-villa-de-500m%c2%b2-a-la-soukra/;https://logis.fra1.digitaloceanspaces.com/1/Properties/140903/conversions/460722HrmGV1GDIV-thumb.jpg?c=1;17/02/2026 1:17;
5;century21_tn;Villa;CITÉ MAHRAJÈNE;1.200.000;340 m²;Réf: 866228;L’agence immobilière Century21 Alliance vous propose à la vente une villa située à Cité Mahrajène, offrant un fort potentiel après rénovation. Elle se...;https://century21.tn/property/a-vendre-villa-s4-cite-mahrajene/;https://logis.fra1.digitaloceanspaces.com/16/Properties/138463/conversions/bMdqVExVXMrh3GrM-thumb.jpg?c=1;17/02/2026 1:17;
5;century21_tn;Étage de Villa;AFH1;225.000;86 m²;Réf: 383086;L’agence immobilière Century 21 Challenge vous propose à la vente un appartement S+2, idéalement situé à AFH 1 – Nabeul. Ce bien lumineux et bien agen...;https://century21.tn/property/a-vendre-etage-de-villa-s2-afh1/;https://logis.fra1.digitaloceanspaces.com/10/Properties/145414/conversions/5eSc2swVa7bjWfIy-thumb.jpg?c=1;17/02/2026 1:17;225.0
5;century21_tn;Villa;GAMMARTH SUP;;704 m²;Réf: 717021;L’agence immobilière Century 21 Alliance vous propose à la vente une villa d’une superficie de 703m², située à Gammarth près du café journal, entourée...;https://century21.tn/property/a-vendre-une-villa-situee-a-gammarth-pres-du-cafe-journal/;https://logis.fra1.digitaloceanspaces.com/16/Properties/145828/conversions/OB7pfCQA84Y97UEV-thumb.jpg?c=1;17/02/2026 1:17;
5;century21_tn;Villa;GAMMARTH SUP;2.500.000;320 m²;Réf: 228375;L’Agence Century 21 Invest vous propose pour la vente une magnifique villa jumelée avec une vue imprenable sur mer à Gammarth Supérieur. Superficie Bâ...;https://century21.tn/property/a-vendre-villa-jumelee-s4-avec-vue-mer-a-gammarth-superieur/;https://logis.fra1.digitaloceanspaces.com/4/Properties/127872/conversions/jmnerF4YWrrNFVP6-thumb.jpg?c=1;17/02/2026 1:17;
5;century21_tn;Villa;EL MANAR 2;1.550.000;400 m²;Réf: 851702;L’agence Century 21 Patrimoine met en vente une villa à vocation commerciale, idéalement située sur une artère commerciale et stratégique à El Manar 2...;https://century21.tn/property/a-vendre-une-villa-commerciale-en-s6-el-manar-2-altere-principale/;https://logis.fra1.digitaloceanspaces.com/11/Properties/145968/conversions/ABwQjmxsiSCjgrmP-thumb.jpg?c=1;17/02/2026 1:17;
5;century21_tn;Rdc de Villa;EL MENZAH 5;620.000;160 m²;Réf: 983040;L’agence Century 21 Karaouli vous propose à la vente un rez-de-chaussée d’une villa de type S+3, situé à El Menzah 5. Données générales * Type : S+3 *...;https://century21.tn/property/a-vendre-rdc-de-villa-s3-el-menzah-5/;https://logis.fra1.digitaloceanspaces.com/15/Properties/145711/conversions/zNE4fi2yfuV5B1kx-thumb.jpg?c=1;17/02/2026 1:17;620.0
5;century21_tn;Appartement;JARDINS DE CARTHAGE;390.000;90 m²;Réf: 551615-4;L’agence immobilière Century 21 infinity vous propose à la vente un appartement S+1 meublé situé aux Jardins de Carthage. Superficie: 70 m2 Il dispose...;https://century21.tn/property/a-vendre-appartement-s1-jardins-de-carthage-rez-de-chaussez-avec-jardin/;https://logis.fra1.digitaloceanspaces.com/7/Properties/59597/conversions/rAmIcLB3JNz8Id1W-thumb.jpg?c=1;17/02/2026 1:17;390.0
5;century21_tn;Local Commercial;LA NOUVELLE SOUKRA;6.000;157 m²;Réf: 896775;L’agence immobilière Century 21 infinity vous propose, à la Vente, un Local commercial situé à La Nouvelle Soukra – Superficie : 157 m² – Toute activi...;https://century21.tn/property/a-vendre-local-commercial-h0-la-nouvelle-soukra/;https://logis.fra1.digitaloceanspaces.com/7/Properties/145620/conversions/rkg3Qp0jm8KeTSdk-thumb.jpg?c=1;17/02/2026 1:17;6.0
6;century21_tn;Appartement;LA NOUVELLE SOUKRA;220.000;54 m²;Réf: 747289;L’agence immobilière Century 21 Infinity vous propose à la vente un appartement S+0 à La Nouvelle Soukra *Typologie: S+0 *Superficie: 54 m² *État: vid...;https://century21.tn/property/a-vendre-appartement-s0-la-nouvelle-soukra/;https://logis.fra1.digitaloceanspaces.com/7/Properties/145520/conversions/NFBFVFHQCE1eytvu-thumb.jpg?c=1;17/02/2026 1:17;220.0
6;century21_tn;Appartement;CHOTRANA 1;460.000;128 m²;Réf: 665436;L’agence immobilière Century 21 Infinity vous propose à la vente un appartement S+2 à Chotrana 1 *Emplacement: Chotrana 1, La soukra *Typologie: S+2 *...;https://century21.tn/property/a-vendre-appartement-s2-chotrana-1-4/;https://logis.fra1.digitaloceanspaces.com/7/Properties/144924/conversions/VcoLwqDpH2WItF0k-thumb.jpg?c=1;17/02/2026 1:17;460.0
6;century21_tn;Appartement;AIN ZAGHOUAN NORD;620.000;140 m²;Réf: 756248-4;L’agence immobilière Century 21 Infinity vous propose à la vente un duplex en S+2 à Ain Zaghouan Nord *Emplacement: Ain Zaghouan Nord *Typologie: S+ 2...;https://century21.tn/property/a-vendre-appartement-s2-ain-zaghouan-nord-2/;https://logis.fra1.digitaloceanspaces.com/7/Properties/70332/conversions/bLai87WmK9noovTV-thumb.jpg?c=1;17/02/2026 1:17;620.0
6;century21_tn;Appartement;GAMMARTH VILLAGE;280.000;85 m²;Réf: 627834;L’agence CENTURY 21 Excellence La Marsa vous propose à la Vente un appartement S+2 de bon standing, situé à de Gammarth Village. Il se compose de : – ...;https://century21.tn/property/a-vendre-appartement-s2-a-gammarth-village/;https://logis.fra1.digitaloceanspaces.com/14/Properties/126774/conversions/EJGPqAPep9ww2lir-thumb.jpg?c=1;17/02/2026 1:17;280.0
6;century21_tn;Terrain Villa;CITE ENNASR 2;315.000;700 m²;Réf: 605708;L’agence immobilière Century 21 Karaouli vous propose à la vente un terrain de 700m² à Ennasr 3. Vocation : Habitation R2 Pour plus d’informations, ve...;https://century21.tn/property/a-vendre-terrain-a-ennasr-3/;https://logis.fra1.digitaloceanspaces.com/15/Lands/145574/conversions/lH2PznmACgGMIikf-thumb.jpg?c=1;17/02/2026 1:17;315.0
6;century21_tn;Appartement;CITÉ EL WAFA AFH 2;350.000;104 m²;Réf: 81223;L’agence Century 21 Challenge vous propose à la vente un appartement S+2 situé à la Cité El Wafa Mrezga, AFH 2. Ce bien se compose de : Un salon lumin...;https://century21.tn/property/a-vendre-appartement-s2-cite-el-wafa-afh-2-6/;https://logis.fra1.digitaloceanspaces.com/10/Properties/137488/conversions/7K2lOAHarR6q80JH-thumb.jpg?c=1;17/02/2026 1:17;350.0
6;century21_tn;Appartement;CHARGUIA 2;;134 m²;Réf: 936810;CENTURY 21 LAC 2 BARROS vous propose pour la vente en s+2 de 134 m² situé à ARIANA -Un salon -Une cuisine équipée -Une salle d’eau -Deux chambres à co...;https://century21.tn/property/a-vendre-appartement-s2-ariana/;https://logis.fra1.digitaloceanspaces.com/6/Properties/145449/conversions/cXoZzBav9YXnYzHh-thumb.jpg?c=1;17/02/2026 1:17;
6;century21_tn;Appartement;LES BERGES DU LAC 2;;54 m²;Réf: 564675;CENTURY 21 Barros LAC 2 vous propose pour la vente un appartement en s1 au lac 2 . – Un salon – Une cuisine équipée – Une chambre a coucher – Une......;https://century21.tn/property/a-vendre-appartement-s1-les-berges-du-lac-2-3/;https://logis.fra1.digitaloceanspaces.com/6/Properties/145342/conversions/g5fxmAtkQ98gEPua-thumb.jpg?c=1;17/02/2026 1:17;
6;century21_tn;Appartement;CITÉ LES PALMERAIES;300.000;114 m²;Réf: 613307;L’agence Immobilière Century 21 Invest vous propose pour la vente un appartement S+2 à L’aouina Cité les Palmeraies. Typologie : S+2 Superficie : 114m...;https://century21.tn/property/a-vendre-appartement-s2-cite-les-palmeraies/;https://logis.fra1.digitaloceanspaces.com/4/Properties/102662/conversions/xb5H3tY43trzwrRf-thumb.jpg?c=1;17/02/2026 1:17;300.0
7;century21_tn;Villa;EL MENZAH 7;;860 m²;Réf: 802477;L’agence immobilière Century 21 Karaouli vous propose à la vente une villa située à El Menzah 7, implantée sur un terrain de 860 m², offrant confort, ...;https://century21.tn/property/a-vendre-villa-s6-el-menzah-7/;https://logis.fra1.digitaloceanspaces.com/15/Properties/145126/conversions/SaKyn0aB80gzj6CN-thumb.jpg?c=1;17/02/2026 1:18;
7;century21_tn;Appartement;CHOTRANA 1;239.000;78 m²;Réf: 958486-2;L’agence immobilière Century 21 Invest vous propose pour la vente un appartement S+1 dans une petite résidence à Chotrana 1. Typologie : S+1 Superfici...;https://century21.tn/property/a-vendre-appartement-s1-a-chotrana-1/;https://logis.fra1.digitaloceanspaces.com/4/Properties/71681/conversions/tBy8l1m0O8uautbK-thumb.jpg?c=1;17/02/2026 1:18;239.0
7;century21_tn;Appartement;JARDINS D'EL MENZAH 2;390.000;166 m²;Réf: 647122;L’agence immobilière Century 21 Invest vous propose pour la vente un appartement S+3 situé aux jardins d’el Menzah 2 Typologie : S+3 Superficie : 166 ...;https://century21.tn/property/a-vendre-appartement-s3-jardins-del-menzah-2/;https://logis.fra1.digitaloceanspaces.com/4/Properties/123883/conversions/kr60MHgU1qn0vui0-thumb.jpg?c=1;17/02/2026 1:18;390.0
7;century21_tn;Appartement;JARDINS DE CARTHAGE;650.000;131 m²;Réf: 372330;L’agence immobilière Century 21 Invest vous propose pour la vente un appartement S+2 neuf promoteur situé aux jardins de Carthage Typologie : S+2 Supe...;https://century21.tn/property/a-vendre-appartement-s2-jardins-de-carthage-14/;https://logis.fra1.digitaloceanspaces.com/4/Properties/136068/conversions/LlgSA3tDN2VK3orL-thumb.jpg?c=1;17/02/2026 1:18;650.0
7;century21_tn;Appartement;JARDINS DE CARTHAGE;640.000;129 m²;Réf: 221337;L’agence immobilière Century 21 Invest vous propose pour la vente un appartement S+2 neuf promoteur situé aux jardins de Carthage Typologie : S+2 Supe...;https://century21.tn/property/a-vendre-appartement-s2-jardins-de-carthage-15/;https://logis.fra1.digitaloceanspaces.com/4/Properties/136055/conversions/AjNJDMPkgxZ5Utex-thumb.jpg?c=1;17/02/2026 1:18;640.0
7;century21_tn;Appartement;JARDINS DE CARTHAGE;775.000;155 m²;Réf: 394470;L’agence immobilière Century 21 Invest vous propose pour la vente un appartement S+3 neuf promoteur situé aux jardins de Carthage Typologie : S+3 Supe...;https://century21.tn/property/a-vendre-appartement-s3-jardins-de-carthage-5/;https://logis.fra1.digitaloceanspaces.com/4/Properties/136102/conversions/NKrlImUJhgTri6Ch-thumb.jpg?c=1;17/02/2026 1:18;775.0
7;century21_tn;Duplex;LA MANNOUBA;257.500;144 m²;Réf: 47855;L’agence Immobilière Century 21 Patrimoine vous propose à la vente un duplex située à Agba La Manouba elle se compose de;;;;
7;century21_tn;Villa;LA SOUKRA;3.000.000;800 m²;Réf: 47338-2;Century 21 Prestige vous propose en Exclusivité à la vente cette Villa de plain pied située à la Soukra d’une superficie de 800m², entièrement rénovée...;https://century21.tn/property/a-vendre-villa-s5-la-soukra/;https://logis.fra1.digitaloceanspaces.com/8/Properties/115256/conversions/kwYqOcoMyU38zyBR-thumb.jpg?c=1;17/02/2026 1:18;
7;century21_tn;Villa;EL MENZAH 1;2.000.000;300 m²;Réf: 36527;L’agence immobilière Century 21 Infinity vous propose à la vente une villa située à El Menzah 1 *Emplacement: Menzah 1 *Superficie: 575 m² Il est comp...;https://century21.tn/property/a-vendre-villa-s5-el-menzah-1/;https://logis.fra1.digitaloceanspaces.com/7/Properties/144764/conversions/mviQ4nzoXNnyEz0O-thumb.jpg?c=1;17/02/2026 1:18;
8;century21_tn;Terrain Villa;EL MENZAH 9;1.276.000;880 m²;Réf: 163894-2;L’agence CENTURY 21 PATRIMOINE vous propose pour la vente un terrain de 880 m², situé dans une zone résidentielle composée de villas à El Menzah 9C. V...;https://century21.tn/property/a-vendre-un-terrain-de-880m%c2%b2-situe-a-el-menzah-9c/;https://logis.fra1.digitaloceanspaces.com/11/Lands/73418/conversions/EbBqwEeBz91yASF3-thumb.jpg?c=1;17/02/2026 1:18;
8;century21_tn;Appartement;CITÉ JASMIN;650.000;160 m²;Réf: 58623;L’agence immobilière Century21 Challenge vous propose pour la vente un appartement en S+3 de 160m2 situé à cité les jasmins Nabeul. Ce bien se compose...;https://century21.tn/property/a-vendre-appartement-s3-cite-jasmin/;https://logis.fra1.digitaloceanspaces.com/10/Properties/116357/conversions/3Zu1PWho6TGSJj5n-thumb.jpg?c=1;17/02/2026 1:18;650.0
8;century21_tn;Local Commercial;JARDINS DE CARTHAGE;13.000;113 m²;Réf: 83348;L’Agence Century 21 Invest vous propose pour la vente un local commercial de 112m² aux Jardins de Carthage, situé sur une artère principale à forte co...;https://century21.tn/property/a-vendre-local-commercial-aux-jardins-de-carthage-4/;https://logis.fra1.digitaloceanspaces.com/4/Properties/144787/conversions/iUGA7HyJT3rzTWtg-thumb.jpg?c=1;17/02/2026 1:18;13.0
8;century21_tn;Local Commercial;JARDINS DE CARTHAGE;13.000;120 m²;Réf: 998231;L’Agence Century 21 Invest vous propose pour la vente un local commercial de 120m² aux Jardins de Carthage, situé sur une artère principale à forte co...;https://century21.tn/property/a-vendre-local-commercial-jardins-de-carthage-2/;https://logis.fra1.digitaloceanspaces.com/4/Properties/144784/conversions/fqePhLlhWMmacjKQ-thumb.jpg?c=1;17/02/2026 1:18;13.0
8;century21_tn;Penthouse;RIADH LANDLOUS;;104 m²;Réf: 440691;🏢 L’agence immobilière Century 21 Horizon vous propose à la vente un superbe penthouse S+2 situé au 6ᵉ étage, d’une superficie de 104 m², avec une mag...;https://century21.tn/property/a-vendre-penthouse-s2-riadh-landlous/;https://logis.fra1.digitaloceanspaces.com/13/Properties/139320/conversions/nshfqkrO4UGcfw4x-thumb.jpg?c=1;17/02/2026 1:18;
8;century21_tn;Appartement;EL MENZAH 4;260.000;99 m²;Réf: 411122;À Vendre – Appartement S+3 à El Menzah 1 | 100 m² Century 21 HORIZON vous propose à la vente cet appartement S+3 d’une superficie totale de 100 m², si...;https://century21.tn/property/a-vendre-appartement-s3-el-menzah-1/;https://logis.fra1.digitaloceanspaces.com/13/Properties/120831/conversions/CmcnqsL6RFuJZ2IR-thumb.jpg?c=1;17/02/2026 1:18;260.0
8;century21_tn;Local Commercial;JARDINS DE CARTHAGE;8.500;115 m²;Réf: 542715;L’Agence Century 21 Invest vous propose pour la vente local commercial de 115m² de superficie, situé sur une artère principale aux Jardins de Carthage...;https://century21.tn/property/a-vendre-local-commercial-jardins-de-carthage/;https://logis.fra1.digitaloceanspaces.com/4/Properties/137529/conversions/OK9yai5Cell4hEZw-thumb.jpg?c=1;17/02/2026 1:18;8.5
8;century21_tn;Appartement;JARDINS DE CARTHAGE;941.000;160 m²;Réf: 961639;L’agence Century 21 Invest vous propose pour la vente un appartement S+3 neuf promoteurs, situé dans une petite résidence en cours de construction aux...;https://century21.tn/property/a-vendre-appartement-s3-jardins-de-carthage-10/;https://logis.fra1.digitaloceanspaces.com/4/Properties/126662/conversions/gF6tvp3KrPeQhZuF-thumb.jpg?c=1;17/02/2026 1:18;941.0
8;century21_tn;Villa;CHOTRANA 2;;374 m²;Réf: 18404;Century 21 Horizon vous propose à la vente une villa inachevée de haut standing située dans un quartier résidentiel chic et recherché de Chotrana 2. É...;https://century21.tn/property/a-vendre-villa-inachevee-s4-chotrana-2/;https://logis.fra1.digitaloceanspaces.com/13/Properties/139138/conversions/2ksuVSo5Gn5YrETL-thumb.jpg?c=1;17/02/2026 1:18;
9;century21_tn;Appartement;LA MANNOUBA;280.000;112 m²;Réf: 615445-2;L’agence immobilière Century 21 Infinity vous propose pour la vente un appartement S+2 à Manouba. Il se compose de : – Salon avec une terrasse dotée d...;https://century21.tn/property/a-vendre-appartement-s2-la-mannouba-4/;https://logis.fra1.digitaloceanspaces.com/7/Properties/105643/conversions/YiMlzALjy2SFzMzI-thumb.jpg?c=1;17/02/2026 1:18;280.0
9;century21_tn;Appartement;LA MANNOUBA;280.000;112 m²;Réf: 615445;L’agence immobilière Century 21 Infinity vous propose pour la vente un appartement S+2 à Manouba. Il se compose de : – Salon avec une terrasse dotée d...;https://century21.tn/property/a-vendre-appartement-s2-la-mannouba/;https://logis.fra1.digitaloceanspaces.com/7/Properties/105643/conversions/YiMlzALjy2SFzMzI-thumb.jpg?c=1;17/02/2026 1:18;280.0
9;century21_tn;Villa;MEGRINE COTEAU;;360 m²;Réf: 531887;Century 21 Infinity vous propose En Exclusivité a vendre une villa inachevée a Megrine : – superficie terrain : 507 m² – superficie bâtie : 360 m² com...;https://century21.tn/property/a-vendre-villa-s6-megrine-coteau/;https://logis.fra1.digitaloceanspaces.com/7/Properties/143209/conversions/7Cw2xR5XlAiSq8KA-thumb.jpg?c=1;17/02/2026 1:18;
9;century21_tn;Bureau;LES BERGES DU LAC 2;850.000;216 m²;Réf: 114195;L’agence immobilière Century 21 Masters vous propose pour la vente un bureau situé au Lac 2 Emplacement : Lac 2 Type : Bureau Typologie : hall+4 Il se...;https://century21.tn/property/a-vendre-bureau-h4-les-berges-du-lac-2/;https://logis.fra1.digitaloceanspaces.com/1/Properties/126025/conversions/KptoYFeefiCqvVzl-thumb.jpg?c=1;17/02/2026 1:18;850.0
9;century21_tn;Villa;EL MENZAH 9;1.200.000;599 m²;Réf: 988018-4;L’agence immobilière Century 21 Infinity vous propose à la vente une villa jumelée avec un étage indépendant à Menzah9A. *Emplacement: El Manzah 9A *S...;https://century21.tn/property/a-vendre-villa-s8-el-menzah-9/;https://logis.fra1.digitaloceanspaces.com/7/Properties/53859/conversions/mzbXTk7e2lkxBGy0-thumb.jpg?c=1;17/02/2026 1:18;
9;century21_tn;Bureau;CITÉ LES PALMERAIES;290.000;80 m²;Réf: 701993-5;L’agence immobilière Century 21 Infinity vous propose à la location un bureau H+2 à l’Aouina Il se compose de: -Un hall -Deux pièces -Une kitchenette ...;https://century21.tn/property/a-vendre-bureau-h2-cite-les-palmeraies-4/;https://logis.fra1.digitaloceanspaces.com/7/Properties/29601/conversions/tgP4NoAmHQHOqOxB-thumb.jpg?c=1;17/02/2026 1:18;290.0
9;century21_tn;Local Commercial;NABEUL CENTRE;;133 m²;Réf: 739468;L’agence immobilière Century21 Challenge propose à la vente un Local commercial à Nabeul centre ville. Ce bien est en ce moment en plein exploitation ...;https://century21.tn/property/a-vendre-local-commercial-133m2-a-nabeul-centre/;https://logis.fra1.digitaloceanspaces.com/10/Properties/144191/o7jsWX3BeHMxPAuU.jpeg?c=1;17/02/2026 1:18;
9;century21_tn;Appartement;CITE ENNASR 1;;77 m²;Réf: 642417-3;L’agence immobilière Century 21 Karaouli vous propose à la vente un bureau de type Hall + 2, situé à Ennasr 1, dans un emplacement stratégique. Le bie...;https://century21.tn/property/a-vendre-appartement-s1-cite-ennasr-1/;https://logis.fra1.digitaloceanspaces.com/15/Properties/124505/conversions/PBuE5SBPHf5qyBqN-thumb.jpg?c=1;17/02/2026 1:18;
9;century21_tn;Appartement;MARSA STADE;345.000;50 m²;Réf: 172317;L’agence immobilière CENTURY 21 Excellence la Marsa vous propose à la vente un appartement S+1 situé à la Marsa stade. Il se compose de : – Un salon l...;https://century21.tn/property/a-vendre-appartement-s1-a-la-marsa/;https://logis.fra1.digitaloceanspaces.com/14/Properties/128938/conversions/PcXMf7TAdBq4di1Z-thumb.jpg?c=1;17/02/2026 1:18;345.0
10;century21_tn;Villa;CITÉ DES JUGES 2;850.000;130 m²;Réf: 265281;L’agence Century 21 Excellence La Marsa vous propose à la vente un duplex S+3 avec jardin, situé dans un quartier résidentiel de villas à Cité des Jug...;https://century21.tn/property/a-vendre-villa-s3-cite-des-juges-2/;https://logis.fra1.digitaloceanspaces.com/14/Properties/144028/KIvpoiXhTXEhKGN9.jpg?c=1;17/02/2026 1:18;850.0
10;century21_tn;Bureau;CENTRE URBAIN NORD;155.000;52 m²;Réf: 738630-3;l’agence immobilière century 21 Masters vous propose à la vente : un bureau de 45m2 au rez-de-chaussée d’une résidence au centre urbain nord. Pour plu...;https://century21.tn/property/a-vendre-bureau-centre-urbain-nord/;https://logis.fra1.digitaloceanspaces.com/1/Properties/85029/conversions/aty5CPGgWmmrlvih-thumb.jpg?c=1;17/02/2026 1:18;155.0
10;century21_tn;;LA NOUVELLE SOUKRA;124.000;78 m²;Réf: 390879;L’agence immobilière Century 21 infinity vous propose, à la Vente, un Fond de commerce situé à La Nouvelle Soukra – Superficie : 78 m² – Loyer 3000 Di...;https://century21.tn/property/a-vendre-fonds-de-commerce-a-la-nouvelle-soukra/;https://logis.fra1.digitaloceanspaces.com/7/Properties/143198/conversions/QWxEGscstTF4xdCo-thumb.jpg?c=1;17/02/2026 1:18;124.0
10;century21_tn;Terrain Promoteur;EL MENZAH 5;;1207 m²;Réf: 522052;L’agence immobilière Century 21 Alliance vous propose à la vente un Terrain (Idéal promoteur) situé à Menzah 5. – Superficie du terrain : 1207 m2 – Vo...;https://century21.tn/property/a-vendre-terrain-menzah-5/;https://logis.fra1.digitaloceanspaces.com/Logos%20%26%20Images/Login%20Images/KS4cbEdlbRhExx1fgzhX8P1SFCVbCNRw1Xmts9l5.jpg?c=1;17/02/2026 1:18;
10;century21_tn;Penthouse;JARDINS DE CARTHAGE;1.500.000;373 m²;Réf: 805956-2;L’agence immobilière Century 21 Invest vous propose pour la vente un penthouse S+5 aux Jardins de Carthage. Typologie : S+5 Superficie : 373 m² Superf...;https://century21.tn/property/a-vendre-penthouse-s5-jardins-de-carthage/;https://logis.fra1.digitaloceanspaces.com/4/Properties/124019/conversions/fHlt6HBffEcEwHXB-thumb.jpg?c=1;17/02/2026 1:18;
10;century21_tn;Appartement;EL MANAR 1;350.000;104 m²;Réf: 882748;Century 21 prestige vous propose à la vente un S+3 idéal pour un cabinet médical ou habitation, situé à Manar 2 dans une résidence sécurisée et calme....;https://century21.tn/property/a-vendre-appartement-s3-el-manar-2/;https://logis.fra1.digitaloceanspaces.com/8/Properties/129631/conversions/b2aTvHPcDj3sFYAZ-thumb.jpg?c=1;17/02/2026 1:18;350.0
10;century21_tn;Appartement;EL MENZAH 7;435.000;151 m²;Réf: 455843;L’agence immobilière Century 21 Karaouli vous propose à la vente un appartement S+3 situé à Ennasr 1. Il se compose de : – Un salon et salle à manger ...;https://century21.tn/property/a-vendre-appartement-s3-a-ennasr-1/;https://logis.fra1.digitaloceanspaces.com/15/Properties/141234/conversions/g0coo9wXAFYz2S3P-thumb.jpg?c=1;17/02/2026 1:18;435.0
10;century21_tn;Appartement;AIN ZAGHOUAN NORD;350.000;101 m²;Réf: 550165;L’agence Immobilière Century 21 Karaouli vous propose en exclusivité la vente d’un duplex S+2 . Ce duplex se compose de : — Un salon ouvert sur la ter...;https://century21.tn/property/a-vendre-duplex-s3-a-ain-zaghouan/;https://logis.fra1.digitaloceanspaces.com/15/Properties/122860/conversions/04EqyIzeN11X9ldw-thumb.jpg?c=1;17/02/2026 1:18;350.0
10;century21_tn;Appartement;JARDINS DE CARTHAGE;750.000;188 m²;Réf: 919727;L’agence immobilière Century 21 Invest vous propose pour la vente un appartement S+3 aux Jardins de Carthage. Typologie : S+3 Superficie : 188m² Terra...;https://century21.tn/property/a-vendre-appartement-s3-jardins-de-carthage-13/;https://logis.fra1.digitaloceanspaces.com/4/Properties/141788/conversions/IXYWWgInvVPVBmMD-thumb.jpg?c=1;17/02/2026 1:18;750.0
11;century21_tn;Appartement;JARDINS DE CARTHAGE;350.000;80 m²;Réf: 780458-2;L’agence immobilière Century 21 Infinity vous propose à la vente un appartement S+1 aux Jardins de Carthage *Emplacement: Jardins de Carthage *Typolog...;https://century21.tn/property/a-vendre-appartement-s1-jardins-de-carthage-10/;https://logis.fra1.digitaloceanspaces.com/7/Properties/91822/conversions/p248BNlX1NxHfCAX-thumb.jpg?c=1;17/02/2026 1:18;350.0
11;century21_tn;Villa;SIDI FREJ;1.100.000;450 m²;Réf: 946768;L’agence immobilière Century 21 Infinity vous propose à la vente une villa 2S+5. *Emplacement : La soukra *Typologie : 2S+5 *Superficie : 430 m² (surf...;https://century21.tn/property/a-vendre-villa-s4-sidi-frej/;https://logis.fra1.digitaloceanspaces.com/7/Properties/142932/conversions/K3s5koRq6I4pmJBI-thumb.jpg?c=1;17/02/2026 1:18;
11;century21_tn;Villa;CHOTRANA 3;2.400.000;500 m²;Réf: 610968;L’agence immobilière Century 21 Infinity vous propose à la vente une villa S+4. *Emplacement : Chotrana 3 *Typologie : S+4 *Superficie : 1600 m² (surf...;https://century21.tn/property/a-vendre-villa-s4-chotrana-3/;https://logis.fra1.digitaloceanspaces.com/7/Properties/142967/conversions/T8KvJcEP8vtqf1ej-thumb.jpg?c=1;17/02/2026 1:18;
11;century21_tn;Appartement;JARDINS DE CARTHAGE;870.000;153 m²;Réf: 387216;L’agence immobilière Century 21 Invest vous propose pour la vente un appartement S+3 neuf promoteur situé aux jardins de Carthage Typologie : S+3 Supe...;https://century21.tn/property/a-vendre-appartement-s3-jardins-de-carthage-12/;https://logis.fra1.digitaloceanspaces.com/4/Properties/141489/conversions/JVj14jqCAFjA20qO-thumb.jpg?c=1;17/02/2026 1:18;870.0
11;century21_tn;Appartement;AOUINA;225.000;64 m²;Réf: 825280-3;Century 21 Prestige met à la vente un appartement de 64m² haut standing en S+1 à la Nouvelle Soukra -Un salon -Une cuisine équipée à l’américaine -Une...;https://century21.tn/property/a-vendre-appartement-s1-aouina/;https://logis.fra1.digitaloceanspaces.com/8/Properties/100847/conversions/osbtcAV0RglASjYF-thumb.jpg?c=1;17/02/2026 1:18;225.0
11;century21_tn;Appartement;CITÉ EL WAFA AFH 2;680.000;178 m²;Réf: 449753;L’agence immobilière Century 21 Challenge vous propose à la vente un appartement S+3 idéalement situé dans une résidence calme à la Cité El Wafa – AFH...;https://century21.tn/property/a-vendre-s3-haut-standing-avec-vue-sur-mer-a-cite-el-wafa-afh2/;https://logis.fra1.digitaloceanspaces.com/10/Properties/143043/conversions/skDhpjY3Y7buZtND-thumb.jpg?c=1;17/02/2026 1:18;680.0
11;century21_tn;Appartement;LES BERGES DU LAC 2;1.300.000;185 m²;Réf: 316263;L’agence immobilière Century 21 Invest vous propose pour la vente un magnifique appartement S+3 offrant une vue panoramique sur le lac, situé aux Berg...;https://century21.tn/property/a-vendre-appartement-s3-avec-une-vue-panoramique-sur-le-lac-aux-berges-du-lac-2/;https://logis.fra1.digitaloceanspaces.com/4/Properties/128477/conversions/rxBrYIl5v8hgcOKB-thumb.jpg?c=1;17/02/2026 1:18;
11;century21_tn;Appartement;JARDINS DE CARTHAGE;1.400.000;292 m²;Réf: 506163;L’agence immobilière Century 21 Invest vous propose pour la Vente un triplex S+3 aux Jardins de Carthage . Typologie : S+4 Superficie: 292 m² Jardin: ...;https://century21.tn/property/a-vendre-appartement-s3-jardins-de-carthage-14/;https://logis.fra1.digitaloceanspaces.com/4/Properties/142769/conversions/PGcCISp6pMB695Sy-thumb.jpg?c=1;17/02/2026 1:18;
11;century21_tn;Appartement;NABEUL CENTRE;170.000;51 m²;Réf: 485645;L’agence immobilière Century 21 Challenge vous propose pour la vente un appartement en S+1 situé au 1er étage d’une résidence à proximité des écoles e...;https://century21.tn/property/a-vendre-appartement-s1-nabeul-centre/;https://logis.fra1.digitaloceanspaces.com/10/Properties/142884/vzukgZPmuOihvW3X.jpeg?c=1;17/02/2026 1:18;170.0
12;century21_tn;Appartement;EL MENZAH 9;310.000;113 m²;Réf: 71270;L’agence immobilière Century 21 Horizon vous propose à la vente un appartement S+3 Totalement rénové, à Menzah 9B au 4ème étage sans ascenseur et d’un...;https://century21.tn/property/a-vendre-appartement-s3-el-menzah-9/;https://logis.fra1.digitaloceanspaces.com/13/Properties/142798/conversions/v1SfL17jfeWMxqfx-thumb.jpg?c=1;17/02/2026 1:18;310.0
12;century21_tn;Villa;LA SOUKRA;1.500.000;350 m²;Réf: 63263;L’agence immobilière CENTURY 21 INFINITY vous propose à la vente une magnifique villa avec jardin et piscine à la SOUKRA. Superficie terrain : 615 m2 ...;https://century21.tn/property/a-vendre-villa-s4-a-la-soukra/;https://logis.fra1.digitaloceanspaces.com/7/Properties/91858/conversions/BQceu6qJVa7EyPlR-thumb.jpg?c=1;17/02/2026 1:18;
12;century21_tn;Duplex;CITÉ EL KHALIL;1.150.000;320 m²;Réf: 744405-3;*Century 21 Prestige met en Vente une villa jumelée S+3 jamais habité de 420m² à la Marsa route Gammarth Il se compose comme suit : *A L’étage: -Une s...;https://century21.tn/property/a-vendre-duplex-s3-cite-el-khalil/;https://logis.fra1.digitaloceanspaces.com/8/Properties/58515/conversions/p2LjG8yb6Sv2Nzno-thumb.jpg?c=1;17/02/2026 1:18;
12;century21_tn;Villa;DAR FADHAL;1.500.000;500 m²;Réf: 183997-2;Duplex avec Piscine et Deux Appartements Indépendants de 800m² et 500m²à rue du Park Soukra , possibilité de modifier une villa Le Duplex : • Un Duple...;https://century21.tn/property/a-vendre-villa-a-dar-fadhal/;https://logis.fra1.digitaloceanspaces.com/8/Properties/23945/conversions/rj37wF5awHHIbcsw-thumb.jpg?c=1;17/02/2026 1:18;
12;century21_tn;Villa;CEBALET BEN AMMAR;1.900.000;900 m²;Réf: 592038;Century 21 Prestige vous propose à la vente une villa haut standing de superficie 900m² bâtis et 1000m² terrain à Borj Touil , 3 minutes de géant comp...;https://century21.tn/property/a-vendre-villa-s7-cebalet-ben-ammar/;https://logis.fra1.digitaloceanspaces.com/8/Properties/137715/conversions/2gMqnZjaPPC9fbFK-thumb.jpg?c=1;17/02/2026 1:18;
12;century21_tn;Appartement;JARDINS DE CARTHAGE;790.000;183 m²;Réf: 454378-2;L’agence Immobilière Century 21 Invest vous propose pour la vente un appartement S+3 aux Jardins de Carthage. Superficie : 183 m² Il se compose de : –...;https://century21.tn/property/a-vendre-appartement-s3-aux-jardins-de-carthage-4/;https://logis.fra1.digitaloceanspaces.com/4/Properties/74086/conversions/ER9ZecHZQlP8qQ77-thumb.jpg?c=1;17/02/2026 1:18;790.0
12;century21_tn;Appartement;CITÉ EL MAHRSI 2;335.000;103 m²;Réf: 496568-2;L’agence immobilière Century21 Challenge vous propose pour la vente un appartement en S+2 de 103m² à Sidi Mahersi, Nabeul. Ce bien se compose comme su...;https://century21.tn/property/a-vendre-appartement-s2-cite-el-mahrsi-2/;https://logis.fra1.digitaloceanspaces.com/10/Properties/118685/conversions/7TMOq5UXwHkCNOgH-thumb.jpg?c=1;17/02/2026 1:18;335.0
12;century21_tn;Villa;NOTRE DAME;;915 m²;Réf: 87698;L’agence CENTURY 21 Alliance vous propose à la vente une villa de 320 m² à rafraîchir édifiée sur une superficie brute de 915 m², située dans le quart...;https://century21.tn/property/a-vendre-une-villa-notre-dame/;https://logis.fra1.digitaloceanspaces.com/16/Properties/142705/uK4Q0O6HrX67Viv5.jpg?c=1;17/02/2026 1:18;
12;century21_tn;Villa;EL MENZAH 7;1.150.000;1100 m²;Réf: 716430-3;L’agence immobilière Century 21 Patrimoine vous propose à la vente une villa située à El Menzah 7. Ce bien représente une opportunité rare pour invest...;https://century21.tn/property/a-vendre-villa-s9-el-menzah-7/;https://logis.fra1.digitaloceanspaces.com/11/Properties/107148/conversions/tVMjiAVxz61wg4Lx-thumb.jpg?c=1;17/02/2026 1:18;
13;century21_tn;Villa;EL MANAR 1;680.000;420 m²;Réf: 994438;Century 21 Patrimoine vous propose une villa exceptionnelle située dans un secteur prisé de Manar 1, avec une surface bâtie de 390 m² sur un terrain d...;https://century21.tn/property/a-vendre-villa-s8-el-manar-1/;https://logis.fra1.digitaloceanspaces.com/11/Properties/106593/conversions/MGychZ3Ku0MktsBF-thumb.jpg?c=1;17/02/2026 1:19;680.0
13;century21_tn;Villa;HAMMAMET NORD;980.000;170 m²;Réf: 147393;Agence Century 21 INVEST vous propose à vendre une petite villa à Hammamet Nord à 300 m de la plage située du coté de résidence Jannet . Superficie Te...;https://century21.tn/property/a-vendre-villa-s5-hammamet-nord/;https://logis.fra1.digitaloceanspaces.com/4/Properties/142621/conversions/C2kQDhqDV6Ohj2qO-thumb.jpg?c=1;17/02/2026 1:19;980.0
13;century21_tn;Immeuble;DAR FADHAL;1.100.000;750 m²;Réf: 299301;Century 21 Prestige Soukra vous propose à la vente une résidence R+2 à usage bureautique à la soukra , édifiée sur un terrain de 740 m², comprenant de...;https://century21.tn/property/a-vendre-immeuble-a-usage-bureautique-r2-la-soukra/;https://logis.fra1.digitaloceanspaces.com/Logos%20%26%20Images/Login%20Images/ziG8vnRHkVKxGfuz27yJin0IBoo2HYum7kgqvDlH.jpg?c=1;17/02/2026 1:19;
13;century21_tn;Appartement;LA SOUKRA;1.450.000;289 m²;Réf: 992320;L’agence immobilière Century 21 Invest vous propose pour la vente un triplex S+4 avec piscine et une terrasse à la Soukra Il se compose de : Typologie...;https://century21.tn/property/a-vendre-triplex-s4-avec-piscine-a-la-soukra/;https://logis.fra1.digitaloceanspaces.com/4/Properties/125109/conversions/PCHmStVmxWZmYJAq-thumb.jpg?c=1;17/02/2026 1:19;
13;century21_tn;Villa;MREZGA;;3600 m²;Réf: 80073;L’agence Century 21 Alliance vous propose à la vente une propriété édifiée sur un terrain de 3 600 m² située à Sidi Mahersi . Elle se compose d’une vi...;https://century21.tn/property/a-vendre-villa-s5-mrezga/;https://logis.fra1.digitaloceanspaces.com/16/Properties/134487/conversions/5x6Ehnf8DUa3LP7s-thumb.jpg?c=1;17/02/2026 1:19;
13;century21_tn;Appartement;JARDINS D'EL MENZAH 2;279.000;130 m²;Réf: 414081;Century21 Horizon vous propose la vente d’un – Appartement S+2 à Jardins de Menzah 2 L’agence immobilière CENTURY 21 Horizon vous propose à la vente u...;https://century21.tn/property/a-vendre-appartement-s2-jardins-del-menzah-2-2/;https://logis.fra1.digitaloceanspaces.com/13/Properties/142018/conversions/GEd99qJLOIDgRp16-thumb.jpg?c=1;17/02/2026 1:19;279.0
13;century21_tn;Bureau;CITÉ LES PALMERAIES;300.000;69 m²;Réf: 239203-3;L’agence immobilière Century 21 Infinity vous propose à la vente un bureau à l’Aouina Il est composé de: -Une salle de réunion -Deux bureaux -Une kitc...;https://century21.tn/property/a-vendre-bureau-h2-cite-les-palmeraies-2/;https://logis.fra1.digitaloceanspaces.com/7/Properties/106941/conversions/MQ5of2DxSujofQSB-thumb.jpg?c=1;17/02/2026 1:19;300.0
13;century21_tn;Villa;CHOTRANA 3;1.100.000;300 m²;Réf: 18429;L’agence immobilière Century 21 Infinity vous propose à la vente une villa S+4. *Emplacement : Chotrana 3 *Typologie : S+4 *Superficie : 930 m² (surfa...;https://century21.tn/property/a-vendre-villa-s3-chotrana-3/;https://logis.fra1.digitaloceanspaces.com/7/Properties/142253/conversions/GeCqLNmJcFMoXphH-thumb.jpg?c=1;17/02/2026 1:19;
13;century21_tn;Appartement;AIN ZAGHOUAN NORD;635.000;170 m²;Réf: 531984;L’agence immobilière Century 21 Infinity vous propose à la vente un appartement S+ 3 *Emplacement: Ain zaghouan nord *Typologie: S+3 *Superficie: 170 ...;https://century21.tn/property/a-vendre-appartement-s3-ain-zaghouan-nord-4/;https://logis.fra1.digitaloceanspaces.com/7/Properties/118070/conversions/WBTmiedCL8BMkUW8-thumb.jpg?c=1;17/02/2026 1:19;635.0
14;century21_tn;Appartement;LA SOUKRA;380.000;136 m²;Réf: 228059-4;L’agence immobilière Century 21 Infinity vous propose à la vente un appartement S+2 à la soukra *Emplacement: *Typologie: S+2 *Superficie: 136 m² Il e...;https://century21.tn/property/a-vendre-appartement-s2-la-soukra-6/;https://logis.fra1.digitaloceanspaces.com/7/Properties/104719/conversions/cgoqlyfbwyrOnjDU-thumb.jpg?c=1;17/02/2026 1:19;380.0
14;century21_tn;Appartement;AIN ZAGHOUAN NORD;385.000;85 m²;Réf: 231702-5;L’agence immobilière Century 21 Infinity vous propose à la vente s1 direct promoteur un appartement S+ 1 *Emplacement: Ain zaghouan Nord *Typologie: S...;https://century21.tn/property/a-vendre-appartement-s1-ain-zaghouan-nord-5/;https://logis.fra1.digitaloceanspaces.com/7/Properties/86998/conversions/IP8OAy9Zu0sABRtP-thumb.jpg?c=1;17/02/2026 1:19;385.0
14;century21_tn;Appartement;LA SOUKRA;315.000;77 m²;Réf: 449822-5;L’agence immobilière Century 21 Infinity vous propose à la vente un appartement S+1 *Emplacement: LA NOUVELLE SOUKRA *État: Neuf direct promoteur Supe...;https://century21.tn/property/a-vendre-appartement-s1-la-soukra/;https://logis.fra1.digitaloceanspaces.com/7/Properties/43488/conversions/8UbdiThMXlRt17ne-thumb.jpg?c=1;17/02/2026 1:19;315.0
14;century21_tn;Appartement;CITÉ EL WAFA AFH 2;370.000;91 m²;Réf: 498877-2;Notre agence immobilière Century 21 Challenge vous propose pour la vente un appartement en S+2 situé au 3éme étage d’une résidence bien réputée à Cité...;https://century21.tn/property/a-vendre-appartement-s2-cite-el-wafa-afh-2/;https://logis.fra1.digitaloceanspaces.com/10/Properties/106921/conversions/EXqc3hxUIyDTGUTJ-thumb.jpg?c=1;17/02/2026 1:19;370.0
14;century21_tn;;AIN KEMICHA;;18000 m²;Réf: 547267-3;L’agence Immobilière Century21 Challenge propose pour la vente un terrain à vocation industrielle de 18000 m2 avec titre de propriété individuel. Pour...;https://century21.tn/property/a-vendre-terrain-industriel-de-18000m2-a-nabeul/;https://logis.fra1.digitaloceanspaces.com/10/Lands/86520/conversions/WA9Z5P3nyNCQMtmc-thumb.jpg?c=1;17/02/2026 1:19;
14;century21_tn;Terrain Villa;CHOTRANA 3;335.000;394 m²;Réf: 832671;L’agence immobilière Century 21 Infinity vous propose pour la vente deux terrains de 394 m² et 525 m² situé dans une zone résidentielle composée de vi...;https://century21.tn/property/a-vendre-deux-terrain-de-394-m%c2%b2-et-525-m%c2%b2-situe-a-chotrana-1/;https://logis.fra1.digitaloceanspaces.com/7/Lands/142073/conversions/coNcFcp7yWN2SaFc-thumb.jpg?c=1;17/02/2026 1:19;335.0
14;century21_tn;Villa;KORBA HACHED;1.200.000;416 m²;Réf: 843146;L’agence immobilière Century21 Challenge propose à la vente une maison au centre ville de Korba avec une belle exposition sur la route principale. Cet...;https://century21.tn/property/a-vendre-une-maison-authentique-au-centre-ville-de-korba/;https://logis.fra1.digitaloceanspaces.com/10/Properties/142033/conversions/vIatHfJt6gz2j1Qb-thumb.jpg?c=1;17/02/2026 1:19;
14;century21_tn;Appartement;HAMMAMET SUD;444.000;200 m²;Réf: 391202;L’agence immobilière Century 21 Challenge vous propose à la vente un appartement S+2 direct promoteur , situé au 2ᵉ étage d’une résidence haut standin...;https://century21.tn/property/a-vendre-s2-a-hammamet-sud/;https://logis.fra1.digitaloceanspaces.com/10/Properties/125197/conversions/UdWr5ekgghiTo9gv-thumb.jpg?c=1;17/02/2026 1:19;444.0
14;century21_tn;Villa;MUTUELLEVILLE;1.600.000;320 m²;Réf: 153894;L’agence Immobilière CENTURY 21 Prestige vous propose à la vente une villa d’une superficie de 586m² à retaper à Mutuelleville, 10 minutes à pied de P...;https://century21.tn/property/a-vendre-villa-a-retaper-mutuelleville/;https://logis.fra1.digitaloceanspaces.com/8/Properties/141922/conversions/G2pmyu1FommFnWsy-thumb.jpg?c=1;17/02/2026 1:19;
15;century21_tn;Appartement;RIADH LANDLOUS;;162 m²;Réf: 858978;L’agence immobilière century 21 Karaouli vous propose à la vente un appartement en S+4 à Riadh andalous. Composition de l’appartement : – Double salon...;https://century21.tn/property/a-vendre-appartement-s4-riadh-landlous/;https://logis.fra1.digitaloceanspaces.com/15/Properties/134695/conversions/6MI2CRLzK6MLgS6r-thumb.jpg?c=1;17/02/2026 1:19;
15;century21_tn;Appartement;AIN ZAGHOUAN NORD;345.000;62 m²;Réf: 742305-4;L’agence immobilière Century 21 Infinity vous propose à la vente un loft S+1 à Ain Zaghouan Nord Direct Promoteur *Superficie: 69 m² *Disponibilité: à...;https://century21.tn/property/a-vendre-appartement-s1-direct-promoteur-ain-zaghouan-nord/;https://logis.fra1.digitaloceanspaces.com/7/Properties/36339/conversions/ETb0wxFspoIIK81f-thumb.jpg?c=1;17/02/2026 1:19;345.0
15;century21_tn;Appartement;JARDINS DE CARTHAGE;930.000;160 m²;Réf: 324513;L’Agence Century 21 Invest vous propose pour la vente un appartement neuf promoteur aux Jardins de Carthage. Superficie : 160m² Terrasse : 10m² Il se ...;https://century21.tn/property/a-vendre-appartement-s3-jardins-de-carthage-8/;https://logis.fra1.digitaloceanspaces.com/4/Properties/126675/conversions/KjFHpkX7VOesf73L-thumb.jpg?c=1;17/02/2026 1:19;930.0
15;century21_tn;Appartement;GAMMARTH TOURISTIQUE;670.000;91 m²;Réf: 79664;L’agence immobilière Century 21 Infinity vous propose à la vente un appartement S+2 à Gammarth Touristique *Emplacement: Gammarth Touristique *Typolog...;https://century21.tn/property/a-vendre-appartement-s2-gammarth-touristique/;https://logis.fra1.digitaloceanspaces.com/7/Properties/141418/conversions/C0RVO9lVDdIqteAs-thumb.jpg?c=1;17/02/2026 1:19;670.0
15;century21_tn;Appartement;JARDINS DE CARTHAGE;350.000;70 m²;Réf: 83878;L’agence Immobilière Century 21 Invest vous propose pour La Vente un appartement S+1 aux Jardins de Carthage. Typologie : S+1 Superficie :70m² Il se c...;https://century21.tn/property/a-vendre-appartement-s1-jardins-de-carthage-9/;https://logis.fra1.digitaloceanspaces.com/4/Properties/139743/conversions/5r5mZGfba08WKboR-thumb.jpg?c=1;17/02/2026 1:19;350.0
15;century21_tn;Appartement;JARDINS D'EL AOUINA;230.000;86 m²;Réf: 608305;L’agence immobilière century 21 Masters vous propose à la vente un appartement s+2 idéalement situé aux JARDINS D’EL AOUINA. Il se compose comme suit:...;https://century21.tn/property/a-vendre-appartement-s2-jardins-del-aouina/;https://logis.fra1.digitaloceanspaces.com/1/Properties/141749/pIROaEu44YIjMCU9.jpeg?c=1;17/02/2026 1:19;230.0
15;century21_tn;Villa;ROUTE DU RELAIS;1.400.000;230 m²;Réf: 244249;L’Agence Immobilière Century 21 Invest vous propose pour la vente une villa jumelée avec piscine à la Marsa , Route de Gammarth Typologie : S+4 Superf...;https://century21.tn/property/a-vendre-villa-jumelee-s4-route-de-gammarth/;https://logis.fra1.digitaloceanspaces.com/4/Properties/134032/conversions/J5Ad0nkZfPxpBsJH-thumb.jpg?c=1;17/02/2026 1:19;
15;century21_tn;Appartement;AIN ZAGHOUAN NORD;385.000;88 m²;Réf: 748350;Century 21 Prestige met à la vente en exclusivité un appartement en S+2 d’une superficie de 88m² à Ain Zaghouan nord, il se compose comme suit : -Un s...;https://century21.tn/property/a-vendre-appartement-s2-ain-zaghouan-nord-3/;https://logis.fra1.digitaloceanspaces.com/8/Properties/140685/conversions/7Wu8RytsfiZ2YC3r-thumb.jpg?c=1;17/02/2026 1:19;385.0
15;century21_tn;Villa;CHOTRANA 1;1.350.000;295 m²;Réf: 779310-3;Century 21 Prestige vous propose à la vente un duplex S+4 de 275 m² sur un terrain de 295m²situé à La Soukra, Chotrana1 Au rez-de-chaussée -Un salon e...;https://century21.tn/property/a-vendre-duplex-s4-chotrana-1-2/;https://logis.fra1.digitaloceanspaces.com/8/Properties/111519/conversions/ZjmBXvLygFAOwXAT-thumb.jpg?c=1;17/02/2026 1:19;
16;century21_tn;Appartement;JARDINS DE CARTHAGE;682.000;117 m²;Réf: 324968;L’agence immobilière Century 21 Invest vous propose pour la vente un appartement S+2 neuf promoteur situé aux jardins de Carthage Typologie : S+2 Supe...;https://century21.tn/property/a-vendre-appartement-s2-jardins-de-carthage-17/;https://logis.fra1.digitaloceanspaces.com/4/Properties/141505/conversions/fuoXAuBHIyCDwJor-thumb.jpg?c=1;17/02/2026 1:19;682.0
16;century21_tn;;CHOTRANA 1;420.000;175 m²;Réf: 388597;Century21 Horizon vous propose la vente d’un fonds de commerce de salon de thé haut standing, en activité depuis 2 ans, idéalement situé à Chotrana 1,...;https://century21.tn/property/a-vendre-fonds-de-commerce-salon-de-the-en-activite-chotrana-1/;https://logis.fra1.digitaloceanspaces.com/13/Properties/139112/conversions/Ms9aI335RjoyFd9R-thumb.jpg?c=1;17/02/2026 1:19;420.0
16;century21_tn;Villa;EL OMRANE;;150 m²;Réf: 212077;Century 21 Karaouli vous propose à la vente une villa R+1 située à El Omran . Édifiée sur un terrain de 263 m² dont 150 m² bâtis. La villa se compose ...;https://century21.tn/property/a-vendre-villa-s6-el-omrane/;https://logis.fra1.digitaloceanspaces.com/15/Properties/123145/conversions/YVFsDfbgzaTO59Sq-thumb.jpg?c=1;17/02/2026 1:19;
16;century21_tn;Villa;LA SOUKRA;970.000;230 m²;Réf: 609205;L’agence immobilière Century 21 Prestige vous propose à la vente une villa jumelée de 230 m² sur un terrain de 180 m², située à Yakout El Hamaoui, Sou...;https://century21.tn/property/a-vendre-villa-s3-a-la-soukra/;https://logis.fra1.digitaloceanspaces.com/8/Properties/141102/conversions/vJ7kvqsaUMuUsufy-thumb.jpg?c=1;17/02/2026 1:19;970.0
16;century21_tn;Terrain Villa;CHAFFAR;1.000;548 m²;Réf: 162651;L’agence immobilière Century 21 Alliance vous propose à la vente un Terrain à Chaffar Sfax. – Superficie du terrain : 548 m2 – Vocation : Terrain rési...;https://century21.tn/property/a-vendre-terrain-a-chaffar-sfax/;https://logis.fra1.digitaloceanspaces.com/Logos%20%26%20Images/Login%20Images/KS4cbEdlbRhExx1fgzhX8P1SFCVbCNRw1Xmts9l5.jpg?c=1;17/02/2026 1:19;1.0
16;century21_tn;Appartement;AIN ZAGHOUAN;395.000;140 m²;Réf: 440964-3;L’agence Immobilière Century 21 Invest vous propose pour la vente un appartement S+2 à Ain Zaghouan . Typologie : S+2 Superficie : 140m² Il se compose...;https://century21.tn/property/a-vendre-appartement-s2-ain-zaghouan/;https://logis.fra1.digitaloceanspaces.com/4/Properties/80470/conversions/94KoWyhwd8KgB7uu-thumb.jpg?c=1;17/02/2026 1:19;395.0
16;century21_tn;Appartement;CITÉ EL WAFA AFH 2;475.000;104 m²;Réf: 728401;L’agence Century 21 Challenge vous propose à la vente un superbe appartement S+2 de très haut standing, bien orienté, situé à la Cité El Wafa AFH2 Nab...;https://century21.tn/property/a-vendre-appartement-s2-cite-el-wafa-afh2-nabeul/;https://logis.fra1.digitaloceanspaces.com/10/Properties/141436/conversions/0BInSjkLvLKW8bc6-thumb.jpg?c=1;17/02/2026 1:19;475.0
16;century21_tn;Appartement;CITE ENNASR 1;370.000;168 m²;Réf: 159453;L’agence immobilière Century 21 Karaouli vous propose à la vente un appartement S+3 situé à Ennasr 2. Il se compose de : – Un salon spacieux ouvrant s...;https://century21.tn/property/a-vendre-appartement-s3-cite-ennasr-1-2/;https://logis.fra1.digitaloceanspaces.com/15/Properties/140516/conversions/eV3FsKnOUZbyTJFq-thumb.jpg?c=1;17/02/2026 1:19;370.0
16;century21_tn;Villa;MREZGA;;300 m²;Réf: 356733;L’agence Century 21 Challenge vous propose à la vente une villa S+4 de haut standing, construite en 2024 et idéalement située à Mrezga. D’une superfic...;https://century21.tn/property/a-vendre-villa-s4-mrezga/;https://logis.fra1.digitaloceanspaces.com/10/Properties/125080/conversions/nK0oaPSfk7JXcch6-thumb.jpg?c=1;17/02/2026 1:19;
17;century21_tn;Appartement;EL MENZAH 6;320.000;146 m²;Réf: 391852;L’agence immobilière Century 21 Karaouli vous propose à la vente un appartement S+3 situé à Menzah 6. Ce bien se compose de : – Un salon et une salle ...;https://century21.tn/property/a-vendre-appartement-s3-el-menzah-6/;https://logis.fra1.digitaloceanspaces.com/15/Properties/141048/conversions/GBE4Ygq9IWrixB2Z-thumb.jpg?c=1;17/02/2026 1:19;320.0
17;century21_tn;Appartement;JARDINS DE CARTHAGE;720.000;200 m²;Réf: 787721;L’agence immobilière Century 21 Invest vous propose pour la vente un appartement S+3 aux Jardins de Carthage. Typologie : S+3 Superficie : 200 m2 Il s...;https://century21.tn/property/a-vendre-appartement-s3-jardins-de-carthage-11/;https://logis.fra1.digitaloceanspaces.com/4/Properties/141062/conversions/8kRx9Aj9jJBkE9Il-thumb.jpg?c=1;17/02/2026 1:19;720.0
17;century21_tn;Villa;EL MENZAH 5;950.000;200 m²;Réf: 672117;L’agence immobilière Century 21 Horizon vous propose pour la vente une Villa à démolir sur un terrain de 598m² au centre d’El Menzah 5. – Dossier juri...;https://century21.tn/property/a-vendre-villa-sur-un-terrain-de-598m%c2%b2-a-demolir-el-menzah-5/;https://logis.fra1.digitaloceanspaces.com/13/Properties/114933/conversions/LHHR9tUEhz2ks537-thumb.jpg?c=1;17/02/2026 1:19;950.0
17;century21_tn;;LA NOUVELLE SOUKRA;190.000;140 m²;Réf: 458052-2;Century 21 Prestige vous propose à la vente un fonds de commerce situé à Ain Zaghouan. Local de 140m², actuellement exploité en Épicerie fine. Il se s...;https://century21.tn/property/a-vendre-fonds-de-commerce-h2-la-nouvelle-soukra/;https://logis.fra1.digitaloceanspaces.com/8/Properties/119232/conversions/JeI5ikjvSYzKjooO-thumb.jpg?c=1;17/02/2026 1:19;190.0
17;century21_tn;;LA SOUKRA;380.000;400 m²;Réf: 38786;L’Agence Century 21 Invest vous propose pour la vente un fonds de commerce de 400m² à la Soukra. Hauteur: 3.80m Façade : 20m Activité : tout commerce ...;https://century21.tn/property/a-vendre-fonds-de-commerce-a-la-soukra/;https://logis.fra1.digitaloceanspaces.com/4/Properties/139854/conversions/oCGvAOU48cuDa6EB-thumb.jpg?c=1;17/02/2026 1:19;380.0
17;century21_tn;Appartement;AIN ZAGHOUAN;838.000;138 m²;Réf: 957659-3;Century 21 Invest vous propose pour la vente un appartement S+2 neuf promoteur aux Jardins de Carthage. Superficie : 138 m² Il se compose de : – Salon...;https://century21.tn/property/a-vendre-appartement-s2-jardins-de-carthage-16/;https://logis.fra1.digitaloceanspaces.com/4/Properties/83407/conversions/GqE2Pj33L6EeH7VU-thumb.jpg?c=1;17/02/2026 1:19;838.0
17;century21_tn;Duplex;CHOTRANA 2;850.000;226 m²;Réf: 194676;L’agence immobilière Century 21 Infinity vous propose à la vente un duplex S+3 *Emplacement: Chotrana 2 *Typologie: S+3 *Superficie: 238 m² *État: vid...;https://century21.tn/property/a-vendre-duplex-s3-chotrana-2/;https://logis.fra1.digitaloceanspaces.com/7/Properties/135849/conversions/VTBrQXp36mB8K6tZ-thumb.jpg?c=1;17/02/2026 1:19;850.0
17;century21_tn;Appartement;CHOTRANA 1;249.000;81 m²;Réf: 12833-5;L’agence immobilière Century 21 Infinity vous propose à la vente des appartements S+ 1 dans une résidence R2 *Emplacement: chotrana 1 *Typologie: S+1 ...;https://century21.tn/property/a-vendre-appartement-s1-chotrana-1-3/;https://logis.fra1.digitaloceanspaces.com/7/Properties/71718/conversions/pEL5bs5n1C1yPIE1-thumb.jpg?c=1;17/02/2026 1:19;249.0
17;century21_tn;Appartement;JARDINS DE CARTHAGE;545.000;92 m²;Réf: 917505;L’Agence Century 21 Invest vous propose un appartement neuf promoteur, situé dans une petite résidence en cours de construction aux Jardins de Carthag...;https://century21.tn/property/a-vendre-appartement-s2-jardins-de-carthage-2/;https://logis.fra1.digitaloceanspaces.com/4/Properties/126652/conversions/XV4scabRunKPnWAf-thumb.jpg?c=1;17/02/2026 1:19;545.0
18;century21_tn;Appartement;GAMMARTH SUP;2.100.000;285 m²;Réf: 917518-6;L’agence immobilière CENTURY 21 INFINITY vous propose à la vente une villa jumelée dans une résidence à Gammarth Supérieur avec : -Un style architectu...;https://century21.tn/property/a-vendre-appartement-s4-gammarth-sup/;https://logis.fra1.digitaloceanspaces.com/7/Properties/132706/conversions/01FQqHmOW9TYaq3E-thumb.jpg?c=1;17/02/2026 1:19;
18;century21_tn;Villa;EL MENZAH 5;2.100.000;541 m²;Réf: 652022;En Exclusivité, Vente d’une parcelle d’angle stratégique de 541 m² avec potentiel de développement immobilier mixte (R+2). Localisation premium à prox...;https://century21.tn/property/a-vendre-villa-s5-el-menzah-5-2/;https://logis.fra1.digitaloceanspaces.com/1/Properties/140312/conversions/zScPsJRfYyCwvljG-thumb.jpg?c=1;17/02/2026 1:19;
18;century21_tn;Appartement;EL MENZAH 8;280.000;151 m²;Réf: 707254;L’agence immobilière Century 21 Patrimoine vous propose à la vente un appartement S+3 situé à El Menzah 8. Il se compose de : – Un salon ouvrant sur u...;https://century21.tn/property/a-vendre-appartement-s3-el-menzah-8-3/;https://logis.fra1.digitaloceanspaces.com/11/Properties/133126/conversions/bU3gmFnnvJtjJ2D0-thumb.jpg?c=1;17/02/2026 1:19;280.0
18;century21_tn;Appartement;ROUTE DU RELAIS;620.000;200 m²;Réf: 986803-3;L’agence immobilière Century 21 Infinity vous propose à la vente un appartement S+3 avec jardin à la Marsa *Emplacement: Route du relais *Typologie: S...;https://century21.tn/property/a-vendre-appartement-s3-route-du-relais/;https://logis.fra1.digitaloceanspaces.com/7/Properties/127790/conversions/TbRYZy1hBlVpuwK9-thumb.jpg?c=1;17/02/2026 1:19;620.0
18;century21_tn;Villa;KSAR SAID BARDO;590.000;300 m²;Réf: 891188;L’agence Century21 Challenge vous propose pour la vente une villa située à Ksar Said 2. construite sur un terrain de 363m², avec un titre individuel e...;https://century21.tn/property/a-vendre-villa-s3-ksar-said-bardo/;https://logis.fra1.digitaloceanspaces.com/10/Properties/110648/conversions/MIEoemv5yWWvdwEl-thumb.jpg?c=1;17/02/2026 1:19;590.0
18;century21_tn;Appartement;CITÉ EL KHADRA;230.000;134 m²;Réf: 129765;L’agence immobilière Century 21 Masters vous propose pour la vente un appartement en S+3 à Cité El Khadhra. – Superficie : 134 m² – Typologie : S+3 – ...;https://century21.tn/property/a-vendre-appartement-en-s3-a-cite-el-khadra/;https://logis.fra1.digitaloceanspaces.com/1/Properties/120370/conversions/io8wmVl4l3UjJnRr-thumb.jpg?c=1;17/02/2026 1:19;230.0
18;century21_tn;Villa;MUTUELLEVILLE;;300 m²;Réf: 492511;L’agence immobilière Century 21 Karaouli vous propose à la vente une villa à deux niveaux indépendants. Ce bien se compose comme suit : * Rez-de-chaus...;https://century21.tn/property/a-vendre-villa-s6-mutuelleville/;https://logis.fra1.digitaloceanspaces.com/15/Properties/139333/conversions/MBoKmhfYWEsQcKC0-thumb.jpg?c=1;17/02/2026 1:19;
18;century21_tn;Appartement;CHOTRANA 1;1.100.000;406 m²;Réf: 442973-3;L’agence Immobilière CENTURY 21 PRESTIGE vous propose un appartement à Vendre haut standing S+3 de 406m² à Chotrana 1, Il se compose comme suit : -Un ...;https://century21.tn/property/a-vendre-appartement-s4-chotrana-1/;https://logis.fra1.digitaloceanspaces.com/8/Properties/139930/conversions/PtPTTkPsEQVA50A2-thumb.jpg?c=1;17/02/2026 1:19;
18;century21_tn;Villa;EL MENZAH 9;1.050.000;550 m²;Réf: 61198-3;L’agence immobilière Century 21 Patrimoine vous propose à la vente une villa à Menzah9. *Emplacement: El Manzah 9B *Superficie: 550m² couvert / 498m² ...;https://century21.tn/property/a-vendre-une-villa-en-s10-situe-a-el-menzah-9/;https://logis.fra1.digitaloceanspaces.com/11/Properties/73971/conversions/NMlUubQVhrdm2qLD-thumb.jpg?c=1;17/02/2026 1:19;
19;century21_tn;Appartement;AIN ZAGHOUAN NORD;750.000;156 m²;Réf: 260195;L’agence immobilière Century 21 Infinity vous propose à la vente un appartement S+2 *Emplacement: Ain Zaghouan nord *Typologie: S+2 *Superficie: 156 m...;https://century21.tn/property/a-vendre-appartement-s2-ain-zaghouan-nord-9/;https://logis.fra1.digitaloceanspaces.com/7/Properties/139769/conversions/1mCTCkJq8LGBdL3D-thumb.jpg?c=1;17/02/2026 1:20;750.0
19;century21_tn;Appartement;CHOTRANA 2;720.000;178 m²;Réf: 227709;L’agence immobilière Century 21 Infinity vous propose à la vente un appartement S+3 à La Soukra *Emplacement: Chotrana 1 *Typologie: S+3 *Superficie: ...;https://century21.tn/property/a-vendre-appartement-s3-chotrana-2/;https://logis.fra1.digitaloceanspaces.com/7/Properties/139691/conversions/FdiucLNoaqC8wNGa-thumb.jpg?c=1;17/02/2026 1:20;720.0
19;century21_tn;Appartement;CITÉ EL WAFA AFH 2;230.000;55 m²;Réf: 38255;L’agence immobilière Century 21 Challenge vous propose à la vente un appartement S+1, situé au 3ᵉ étage d’une résidence haut standing, calme, gardée e...;https://century21.tn/property/a-vendre-appartement-s1-cite-el-wafa-afh-2-2/;https://logis.fra1.digitaloceanspaces.com/10/Properties/128352/conversions/PpXueUQEXLu3oNCZ-thumb.jpg?c=1;17/02/2026 1:20;230.0
19;century21_tn;Villa;EL MENZAH 5;1.800.000;480 m²;Réf: 782346;l’agence immobilier century 21 Horizon vous propose a la vente une villa de 480m² sur un terrain de 670m² La distribution est la suivante : Rez-de-jar...;https://century21.tn/property/a-vendre-villa-s5-el-menzah-5/;https://logis.fra1.digitaloceanspaces.com/13/Properties/134284/conversions/2W32V19wpAJg0x3L-thumb.jpg?c=1;17/02/2026 1:20;
19;century21_tn;;SIDI DAOUD;250.000;238 m²;Réf: 709134;L’agence Century 21 Excellence La Marsa vous propose à la vente un fonds de commerce situé sur une artère principale à forte concentration bureautique...;https://century21.tn/property/a-vendre-fonds-de-commerce-a-la-marsa/;https://logis.fra1.digitaloceanspaces.com/14/Properties/139290/hlZgqdbu2XGpHipL.jpg?c=1;17/02/2026 1:20;250.0
19;century21_tn;Villa;GAMMARTH TOURISTIQUE;4.000.000;100 m²;Réf: 856962;L’agence immobilière century 21 Masters vous propose à la vente une villa situé à Gammarth. Elle se compose comme suit: -Un salon salle à manger. -Une...;https://century21.tn/property/a-vendre-villa-s2-gammarth-touristique/;https://logis.fra1.digitaloceanspaces.com/1/Properties/138784/conversions/bysbSbI5maX0EwMA-thumb.jpg?c=1;17/02/2026 1:20;
19;century21_tn;Appartement;JARDINS DE CARTHAGE;795.000;228 m²;Réf: 418695-4;L’agence immobilière Century 21 Infinity vous propose pour la vente un appartement S3 situé aux Jardins de Carthage *Emplacement : Les Jardins de Cart...;https://century21.tn/property/a-vendre-appartement-s3-neuf-aux-jardins-de-carthage-4/;https://logis.fra1.digitaloceanspaces.com/7/Properties/107562/conversions/V8owcFQ6XXajnR7U-thumb.jpg?c=1;17/02/2026 1:20;795.0
19;century21_tn;;KORBA HACHED;1.000;987 m²;Réf: 817608;L’agence immobilière Century 21 Alliance vous propose à la vente un Terrain pieds dans l’eau situé à Korba. superficie du terrain 987 m2 Vocation : Te...;https://century21.tn/property/terrain-pieds-dans-leau-a-vendre-korba/;https://logis.fra1.digitaloceanspaces.com/16/Lands/137847/conversions/kajALw6f44esnuZP-thumb.jpg?c=1;17/02/2026 1:20;1.0
19;century21_tn;Villa;EL MENZAH 8;950.000;500 m²;Réf: 302534;L’agence immobilière Century 21 Alliance vous propose à la vente une villa à rénover ou à démolir située à El Menzah 8 édifiée sur un terrain de 404 m...;https://century21.tn/property/a-vendre-villa-s9-el-menzah-8/;https://logis.fra1.digitaloceanspaces.com/Logos%20%26%20Images/Login%20Images/ziG8vnRHkVKxGfuz27yJin0IBoo2HYum7kgqvDlH.jpg?c=1;17/02/2026 1:20;950.0
20;century21_tn;Villa;GOLDEN TULIPE;1.580.000;155 m²;Réf: 701499-2;L’agence immobilière Century 21 Excellence La Marsa vous propose à la vente une Villa S+3 avec piscine et jardin, située à Golden Tulip Gammarth. Ce b...;https://century21.tn/property/a-vendre-villa-s3-golden-tulipe/;https://logis.fra1.digitaloceanspaces.com/14/Properties/127402/conversions/t61XMbTLGDMTh47L-thumb.jpg?c=1;17/02/2026 1:20;
20;century21_tn;Villa;LA SOUKRA;1.950.000;800 m²;Réf: 990626;Century 21 Prestige vous propose à la vente une villa située à La Soukra, Rue Fattouma Bourguiba, au sein d’une résidence privée, calme et hautement s...;https://century21.tn/property/a-vendre-villa-s5-la-soukra-3/;https://logis.fra1.digitaloceanspaces.com/8/Properties/138716/conversions/TaRRvsNdiHo2dEyE-thumb.jpg?c=1;17/02/2026 1:20;
20;century21_tn;Triplex;LES BERGES DU LAC 2;1.380.000;243 m²;Réf: 709164;L’agence immobilière Century 21 Infinity vous propose à la vente un Triplex S+ 3 *Emplacement: Lac 2 *Typologie: S+3 *Superficie: 243 m² *État: vide I...;https://century21.tn/property/a-vendre-triplex-s3-les-berges-du-lac-2-2/;https://logis.fra1.digitaloceanspaces.com/7/Properties/137581/conversions/mfxw9ufrPxEgYZMP-thumb.jpg?c=1;17/02/2026 1:20;
20;century21_tn;Appartement;DAR FADHAL;500.000;144 m²;Réf: 756054;L’agence immobilière century 21 vous propose à la vente un appartement s+3 situé à la Soukra. Il se compose comme suit: -Un salon avec une grande terr...;https://century21.tn/property/a-vendre-appartement-s3-dar-fadhal/;https://logis.fra1.digitaloceanspaces.com/1/Properties/138821/conversions/1uKFSGplBZ5Wvn57-thumb.jpg?c=1;17/02/2026 1:20;500.0
20;century21_tn;Villa;BÉNI KHIAR PLAGE;520.000;330 m²;Réf: 929838;L’agence immobilière Century21 Challenge présente à la vente une maison orientation sud située dans un quartier résidentiel à la plage de Béni Khiar. ...;https://century21.tn/property/a-vendre-villa-s5-beni-khiar-plage/;https://logis.fra1.digitaloceanspaces.com/10/Properties/131777/conversions/pSVkkTUEDuFmWotT-thumb.jpg?c=1;17/02/2026 1:20;520.0
20;century21_tn;Triplex;CITE ENNASR 2;;330 m²;Réf: 570194;Century 21 Karaouli vous propose à la vente triplex S+4, avec ascenseur privatif à Ennasr 2. Composition du bien * Rez-de-chaussée: – Double salon et ...;https://century21.tn/property/a-vendre-triplex-s4-cite-ennasr-2/;https://logis.fra1.digitaloceanspaces.com/15/Properties/134433/conversions/Etua51xmjmtenRMm-thumb.jpg?c=1;17/02/2026 1:20;
20;century21_tn;Local Commercial;EL MENZAH 8;35.000;35 m²;Réf: 313851-2;Century 21 Karaouli vous propose à la vente un fonds de commerce situé sur l’artère principale de Menzah 8. Caractéristiques du local : – Superficie :...;https://century21.tn/property/a-vendre-local-commercial-h0-el-menzah-8/;https://logis.fra1.digitaloceanspaces.com/15/Properties/119521/conversions/pBBuqPJHsSmcENHl-thumb.jpg?c=1;17/02/2026 1:20;35.0
20;century21_tn;Duplex;CITE DES JUGES;830.000;284 m²;Réf: 131507;L’agence immobilière Century 21 Karaouli vous propose à la vente un duplex S+3 à cité des juges, La Marsa. Caractéristiques : – Typologie : S+3 – Supe...;https://century21.tn/property/a-vendre-duplex-s3-cite-des-juges/;https://logis.fra1.digitaloceanspaces.com/15/Properties/134157/conversions/jLlPqAwPPvz83yk3-thumb.jpg?c=1;17/02/2026 1:20;830.0
20;century21_tn;Villa;CITE ENNASR 1;;220 m²;Réf: 2710;L’agence immobilière Century 21 Karaouli vous propose à la vente une villa située à Ennasr 1. *Rez-de-chaussée : – Double salon lumineux – Salle à man...;https://century21.tn/property/a-vendre-villa-a-cite-ennasr/;https://logis.fra1.digitaloceanspaces.com/15/Properties/131476/conversions/pMqxVMsmcpeVRsgw-thumb.jpg?c=1;17/02/2026 1:20;
21;century21_tn;Immeuble;ROUTE DE LA MARSA;5.500.000;1200 m²;Réf: 600567-2;L’Agence Century 21 Invest vous propose pour la vente un immeuble inachevé R+3 de 1200m² de superficie, situé sur la route de la Marsa. Pour plus d’in...;https://century21.tn/property/a-vendre-immeuble-h0-route-de-la-marsa/;https://logis.fra1.digitaloceanspaces.com/4/Properties/69970/conversions/UdmyTh7NqQmxG5cZ-thumb.jpg?c=1;17/02/2026 1:20;
21;century21_tn;Villa;EL MENZAH 6;1.400.000;400 m²;Réf: 153425;L’agence immobilière Century 21 Alliance Mutuelleville vous propose à la vente en exclusivité une Villa à rénover située à El Menzah 6, dans un quarti...;https://century21.tn/property/a-vendre-villa-s6-el-menzah-6/;https://logis.fra1.digitaloceanspaces.com/16/Properties/136387/conversions/JQmFsSKBNitGWb8N-thumb.jpg?c=1;17/02/2026 1:20;
21;century21_tn;Appartement;DAR FADHAL;550.000;142 m²;Réf: 962463;L’agence immobilière century 21 Masters vous propose à la vente un appartement s+3 situé à la Soukra. Il se compose comme suit: -Un salon avec terrass...;https://century21.tn/property/a-vendre-appartement-s2-dar-fadhal/;https://logis.fra1.digitaloceanspaces.com/1/Properties/138839/conversions/IZr1vhm23nbsIA3c-thumb.jpg?c=1;17/02/2026 1:20;550.0
21;century21_tn;Appartement;DAR FADHAL;1.200.000;352 m²;Réf: 696192;L’agence immobilière century 21 Masters vous propose à la vente un triplex situé à la Soukra Il se compose comme suit: Au rez- de- chausée: -Un salon....;https://century21.tn/property/a-vendre-appartement-s5-dar-fadhal/;https://logis.fra1.digitaloceanspaces.com/1/Properties/138773/conversions/8WR5GFHNTgJMb0y1-thumb.jpg?c=1;17/02/2026 1:20;
21;century21_tn;Terrain Villa;CITÉ BOU MHEL;271.000;301 m²;Réf: 220868-2;L’agence CENTURY 21 PATRIMOINE vous propose à la vente un terrain de 301 m², situé dans un emplacement stratégique à Boumhal. Pour de plus amples info...;https://century21.tn/property/110268-2/;https://logis.fra1.digitaloceanspaces.com/11/Lands/87371/conversions/zsIeeXzJVMxutrob-thumb.jpg?c=1;17/02/2026 1:20;271.0
21;century21_tn;Terrain Villa;CHOTRANA 3;675.000;500 m²;Réf: 591993;L’agence Century 21 vous propose un terrain de 500m² à chotrana 3. Vocation : R+2 Pour plus d’informations, veuillez nous contacter au 58 309 922 / 50...;https://century21.tn/property/a-vendre-terrain-villa-de-500m%c2%b2-a-chotrana-3/;https://logis.fra1.digitaloceanspaces.com/4/Lands/138026/conversions/zEi7IvGzIyOfZOP7-thumb.jpg?c=1;17/02/2026 1:20;675.0
21;century21_tn;Terrain Villa;LEBNA;53.000;307 m²;Réf: 849714;L’agence Immobilière Century21 Challenge met à la vente un terrain d’une superficie de 307m2 situé à Lebna tout prés de la mer. ce terrain bénéficie d...;https://century21.tn/property/a-vendre-terrain-307m2-a-la-plage-de-lebna/;https://logis.fra1.digitaloceanspaces.com/Logos%20%26%20Images/Login%20Images/KS4cbEdlbRhExx1fgzhX8P1SFCVbCNRw1Xmts9l5.jpg?c=1;17/02/2026 1:20;53.0
21;century21_tn;Terrain Villa;LEBNA;69.000;404 m²;Réf: 340722;L’agence Immobilière Century21 Challenge met à la vente un terrain d’une superficie de 404m2 situé à Lebna tout prés de la mer. ce terrain bénéficie d...;https://century21.tn/property/a-vendre-terrain-404m2-a-la-plage-de-lebna/;https://logis.fra1.digitaloceanspaces.com/Logos%20%26%20Images/Login%20Images/KS4cbEdlbRhExx1fgzhX8P1SFCVbCNRw1Xmts9l5.jpg?c=1;17/02/2026 1:20;69.0
21;century21_tn;Terrain Villa;LEBNA;60.000;352 m²;Réf: 219499;L’agence Immobilière Century21 Challenge met à la vente un terrain d’une superficie de 352m2 situé à Lebna tout prés de la mer. ce terrain bénéficie d...;https://century21.tn/property/a-vendre-terrain-a-batir-a-la-plage-de-lebna/;https://logis.fra1.digitaloceanspaces.com/Logos%20%26%20Images/Login%20Images/KS4cbEdlbRhExx1fgzhX8P1SFCVbCNRw1Xmts9l5.jpg?c=1;17/02/2026 1:20;60.0
22;century21_tn;Duplex;EL MENZAH 9;800.000;241 m²;Réf: 991138-2;L’agence immobilière Century 21 Infinity vous propose à la vente un duplex S+4 avec piscine à Menzah9C avec entrée indépendante *Emplacement: Menzah9C...;https://century21.tn/property/a-vendre-duplex-s4-avec-piscine-a-menzah-9c/;https://logis.fra1.digitaloceanspaces.com/7/Properties/123787/conversions/wWrqBGAO3zAgC0Lr-thumb.jpg?c=1;17/02/2026 1:20;800.0
22;century21_tn;Duplex;JARDINS DE CARTHAGE;830.000;150 m²;Réf: 653701;L’agence immobilière Century 21 Infinity vous propose à la vente un Duplex S+2 aux Jardins de Carthage . *Emplacement: Jardins de Carthage *Typologie:...;https://century21.tn/property/a-vendre-duplex-s2-jardins-de-carthage/;https://logis.fra1.digitaloceanspaces.com/7/Properties/106411/conversions/6t7AhWeAHEnBwM97-thumb.jpg?c=1;17/02/2026 1:20;830.0
22;century21_tn;;NABEUL CENTRE;120.000;100 m²;Réf: 118747;L’agence Immobilière Century21 Challenge propose à la vente un fonds de commerce café à Nabeul dans un emplacement stratégique et bien connu, une clie...;https://century21.tn/property/a-vendre-fonds-de-commerce-a-nabeul-centre/;https://logis.fra1.digitaloceanspaces.com/10/Properties/137884/conversions/iwXkDmKx0cD7HjQ2-thumb.jpg?c=1;17/02/2026 1:20;120.0
22;century21_tn;Appartement;LA SOUKRA;370.000;118 m²;Réf: 257519;L’agence immobilière Century 21 Infinity vous propose à la vente un appartement S+2 *Emplacement: Soukra *Typologie: S+2 *Superficie: 118 m² Il est co...;https://century21.tn/property/a-vendre-appartement-s2-la-soukra-2/;https://logis.fra1.digitaloceanspaces.com/7/Properties/137787/conversions/NZ4sr0hKo1YrTdRH-thumb.jpg?c=1;17/02/2026 1:20;370.0
22;century21_tn;Appartement;CHOTRANA 1;390.000;103 m²;Réf: 62524-2;L’agence Century 21 Infinity vous propose à la vente des appartements S+2 direct promoteur à Chotrana 1. 🔹 Caractéristiques générales -Typologie : S+2...;https://century21.tn/property/a-vendre-appartement-s2-chotrana-1-3/;https://logis.fra1.digitaloceanspaces.com/7/Properties/136159/conversions/uDTurkGgHWNivh64-thumb.jpg?c=1;17/02/2026 1:20;390.0
22;century21_tn;Appartement;CHOTRANA 1;600.000;175 m²;Réf: 708737;L’agence Immobilière CENTURY 21 PRESTIGE vous propose un appartement S+3 de 175 m² au deuxième étage dans une résidence calme et sécurisée en R+2 à Ch...;https://century21.tn/property/a-vendre-appartement-s3-chotrana-1/;https://logis.fra1.digitaloceanspaces.com/8/Properties/137193/conversions/h1TA8JpJkI9nLvHe-thumb.jpg?c=1;17/02/2026 1:20;600.0
22;century21_tn;Appartement;LES BERGES DU LAC 2;320.000;39 m²;Réf: 423287-4;CENTURY 21 BARROS – Barros Lac 2 vous propose à la vente un appartement de type S+0, au Lac 2. – Un salon – Une cuisine équipée – Une chambre à couche...;https://century21.tn/property/a-vendre-appartement-s1-les-berges-du-lac-2-2/;https://logis.fra1.digitaloceanspaces.com/6/Properties/137612/conversions/GlDYiF5OPIKzBoic-thumb.jpg?c=1;17/02/2026 1:20;320.0
22;century21_tn;Appartement;LES BERGES DU LAC 2;;212 m²;Réf: 297022-2;CENTURY 21 BARROS – Barros Lac 2 vous propose à la vente un appartement de type S+2, situé au rez-de-chaussée, avec piscine, au Lac 2. – Un salon – Un...;https://century21.tn/property/a-vendre-appartement-s2-avec-piscine-les-berges-du-lac-2/;https://logis.fra1.digitaloceanspaces.com/6/Properties/137602/conversions/xU9kqxuxAXjP2Flu-thumb.jpg?c=1;17/02/2026 1:20;
22;century21_tn;Local Commercial;JARDINS DE CARTHAGE;8.500;103 m²;Réf: 517790;L’Agence Century 21 Invest vous propose pour la vente local commercial de 103m² de superficie, situé sur une artère principale aux Jardins de Carthage...;https://century21.tn/property/a-vendre-local-commercial-aux-jardins-de-carthage-3/;https://logis.fra1.digitaloceanspaces.com/4/Properties/137525/conversions/MePav37mTEaBF7zb-thumb.jpg?c=1;17/02/2026 1:20;8.5
23;century21_tn;Appartement;JARDINS DE CARTHAGE;375.000;65 m²;Réf: 61701;L’agence Century 21 Invest vous propose pour la vente un appartement neuf promoteur aux Jardins de Carthage. Superficie: 65m² Il se compose de: -Salon...;https://century21.tn/property/a-vendre-appartement-s1-jardins-de-carthage-5/;https://logis.fra1.digitaloceanspaces.com/4/Properties/126648/conversions/eUoFSrFv6dQOcGad-thumb.jpg?c=1;17/02/2026 1:20;375.0
23;century21_tn;Appartement;CITÉ EL WAFA AFH 2;385.000;107 m²;Réf: 755646;Century 21 Challenge vous propose à la vente un appartement S+2 situé au 4ᵉ étage d’une résidence calme, gardée et sécurisée à AFH2. Composition : Un ...;https://century21.tn/property/a-vendre-appartement-s2-cite-el-wafa-afh-2-5/;https://logis.fra1.digitaloceanspaces.com/10/Properties/128630/conversions/9bh0ZI5fDaQcUJBq-thumb.jpg?c=1;17/02/2026 1:20;385.0
23;century21_tn;Appartement;CITÉ EL WAFA AFH 2;450.000;130 m²;Réf: 150189;L’agence Immobilière Century21 Challenge propose à la vente un appartement S+2 au 4ème étage d’une résidence située à cité El Wafa AFH2 Nabeul. L’appa...;https://century21.tn/property/a-vendre-s2-a-3300dt-m2-situe-a-cite-el-wafa-afh2-nabeul/;https://logis.fra1.digitaloceanspaces.com/10/Properties/129925/conversions/yWuhQXcOS3raGSBS-thumb.jpg?c=1;17/02/2026 1:20;450.0
23;century21_tn;Appartement;CHOTRANA 1;420.000;128 m²;Réf: 39;L’agence immobilière Century 21 Invest vous propose pour la vente un appartement s+2 NEUF à Chotrana 1 Typologie : S+2 Il se compose de : – Un salon a...;https://century21.tn/property/a-vendre-appartement-s2-a-chotrana-1/;https://logis.fra1.digitaloceanspaces.com/4/Properties/72752/conversions/NyHglUnaQ9VmS7v3-thumb.jpg?c=1;17/02/2026 1:20;420.0
23;century21_tn;Appartement;CITÉ EL WAFA AFH 2;410.000;120 m²;Réf: 774108;L’agence immobilière Century21 Challenge propose à la vente un appartement S+2 d’une superficie de 120m² situé à AFH2 cité El Wafa Nabeul. Ce bien se ...;https://century21.tn/property/a-vendre-appartement-s2-cite-el-wafa-afh-2-3/;https://logis.fra1.digitaloceanspaces.com/10/Properties/131719/conversions/T7MECcmLDuYVCdKq-thumb.jpg?c=1;17/02/2026 1:20;410.0
23;century21_tn;Appartement;GOLDEN TULIPE;850.000;100 m²;Réf: 743721-4;L’agence immobilière CENTURY 21 Infinity vous propose à la vente un duplex S+2 offrant une vue mer imprenable à Gammarth. *Emplacement :Gammarth *État...;https://century21.tn/property/a-vendre-appartement-s2-golden-tulipe/;https://logis.fra1.digitaloceanspaces.com/7/Properties/80418/conversions/88yC8IHjJC0g1nCH-thumb.jpg?c=1;17/02/2026 1:20;850.0
23;century21_tn;Appartement;JARDINS DE CARTHAGE;750.000;160 m²;Réf: 36870;L’agence immobilière Century 21 Infinity vous propose à la vente un appartement S+2 avec jardin aux Jardins de Carthage. *Emplacement: Jardins de Cart...;https://century21.tn/property/a-vendre-appartement-s2-avec-jardin-aux-jardins-de-carthage/;https://logis.fra1.digitaloceanspaces.com/7/Properties/106393/conversions/JFFUTLCnoHKZcfas-thumb.jpg?c=1;17/02/2026 1:20;750.0
23;century21_tn;Immeuble;ROUTE DE LA MARSA;;1500 m²;Réf: 852343;L’agence Century 21 Invest vous propose pour la vente un immeuble de 1500m², situé sur la route de la Marsa. Superficie Sous sol : 318m² Superficie Rd...;https://century21.tn/property/a-vendre-immeuble-1500-m%c2%b2-sur-la-route-de-la-marsa/;https://logis.fra1.digitaloceanspaces.com/4/Properties/69977/conversions/HhqVoKhKDWDdkJz9-thumb.jpg?c=1;17/02/2026 1:20;
23;century21_tn;Villa;CEBALET BEN AMMAR;1.000.000;200 m²;Réf: 146961;Villa écologique en bois – Haut standing – Cebalet Ben Ammar Située dans un quartier calme et recherché de Cebalet Ben Ammar, cette villa écologique e...;https://century21.tn/property/a-vendre-villa-s3-cebalet-ben-ammar/;https://logis.fra1.digitaloceanspaces.com/13/Properties/136701/conversions/vEk94dkTmT4xvkSQ-thumb.jpg?c=1;17/02/2026 1:20;
24;century21_tn;Villa;CITÉ MORA;430.000;186 m²;Réf: 997529;L’Agence Century 21 Challenge vous propose à la vente un duplex situé à Cité Mora, Nabeul. Le duplex se compose de : Un salon Une cuisine équipée Troi...;https://century21.tn/property/a-vendre-villa-s3-cite-mora-2/;https://logis.fra1.digitaloceanspaces.com/10/Properties/136577/conversions/snMwR55Uj94QYcsc-thumb.jpg?c=1;17/02/2026 1:20;430.0
24;century21_tn;Local Commercial;JARDINS DE CARTHAGE;13.000;290 m²;Réf: 533782;L’Agence Century 21 Invest vous propose pour la vente local commercial de 290m² de superficie, situé sur une artère principale à forte concentration c...;https://century21.tn/property/a-vendre-local-commercial-aux-jardins-de-carthage-2/;https://logis.fra1.digitaloceanspaces.com/4/Properties/136189/20qMx4fs11BSeKvT.jpg?c=1;17/02/2026 1:20;13.0
24;century21_tn;Appartement;CITÉ JASMIN;592.500;279 m²;Réf: 29189-2;L’agence immobilière Century21 Challenge vous propose pour la vente un appartement en S+3 de 179 m2 lié à une terrasse privée d’une superficie de 100m...;https://century21.tn/property/a-vendre-appartement-s3-a-cite-jasmins-nabeul/;https://logis.fra1.digitaloceanspaces.com/10/Properties/95564/conversions/DKgiJVlhZmYtVV0X-thumb.jpg?c=1;17/02/2026 1:20;592.5
24;century21_tn;Terrain Villa;BAB BHAR;660.000;285 m²;Réf: 798262;L’agence immobilière Century 21 Patrimoine vous propose à la vente un Terrain de 285m² situé à Avenue Chedhly Kalela -Superficie 285m² -Emplacement Av...;https://century21.tn/property/a-vendre-un-terrain-situe-a-chedhly-kalela/;https://logis.fra1.digitaloceanspaces.com/11/Lands/134115/conversions/xtGDhYjtaVKUJft9-thumb.jpg?c=1;17/02/2026 1:20;660.0
24;century21_tn;Appartement;CITÉ EL WAFA AFH 2;400.000;97 m²;Réf: 325660-4;L’agence immobilière Century 21 Challenge vous propose pour la vente un appartement en S+2 richement meublé situé à Cité El Wafa AFH2 Nabeul d’une sup...;https://century21.tn/property/a-vendre-appartement-s2-cite-el-wafa-afh-2-2/;https://logis.fra1.digitaloceanspaces.com/10/Properties/78912/conversions/pptewqE5CHoyQZpo-thumb.jpg?c=1;17/02/2026 1:20;400.0
24;century21_tn;Villa;HAMMAMET NORD;720.000;210 m²;Réf: 832797-3;Découvrez cette magnifique villa neuve de 3 chambres à Hammamet Nord, Nabeul. Avec des finitions haut de gamme, cette propriété de 210m² offre un espa...;https://century21.tn/property/a-vendre-villa-s3-hammamet-nord/;https://logis.fra1.digitaloceanspaces.com/10/Properties/116692/conversions/gO5xHxKse2hHJTw8-thumb.jpg?c=1;17/02/2026 1:20;720.0
24;century21_tn;Appartement;LA NOUVELLE SOUKRA;860.000;289 m²;Réf: 29515;L’agence immobilière Century 21 Infinity vous propose à la vente un appartement S+3 avec jardin et terrasse à la Nouvelle Soukra *Emplacement: La Nouv...;https://century21.tn/property/a-vendre-appartement-s3-la-nouvelle-soukra/;https://logis.fra1.digitaloceanspaces.com/7/Properties/134876/conversions/cdLgfhYgsuREgstb-thumb.jpg?c=1;17/02/2026 1:20;860.0
24;century21_tn;Local Commercial;NÉAPOLIS;;113 m²;Réf: 181018;L’agence immobilière CENTURY21 Challenge vous propose pour la vente un local commercial situé au rez-de-chaussé d’un immeuble récent sur une route pri...;https://century21.tn/property/a-vendre-local-commercial-a-nabeul/;https://logis.fra1.digitaloceanspaces.com/10/Properties/135927/p9M0XWN2tSmKIm78.jpg?c=1;17/02/2026 1:20;
24;century21_tn;Appartement;CITÉ LES PALMERAIES;179.000;59 m²;Réf: 176098-2;Century 21 Prestige vous propose à la vente cet appartement S+1 d’une superficie totale de 59m2 situé dans une résidence et sécurisée à la Soukra. Il ...;https://century21.tn/property/a-vendre-appartement-s1-residence-ahlem/;https://logis.fra1.digitaloceanspaces.com/8/Properties/84518/conversions/1If0gkh6uzTd7dDk-thumb.jpg?c=1;17/02/2026 1:20;179.0
25;century21_tn;Appartement;HAMMAMET NORD;;146 m²;Réf: 152827-3;L’agence Immobilière Century21 Challenge vous propose à la vente un appartement spacieux de type S+2 de 146m², situé au 1ᵉ étage d’une nouvelle réside...;https://century21.tn/property/a-vendre-appartement-s2-hammamet-nord/;https://logis.fra1.digitaloceanspaces.com/10/Properties/101774/conversions/8qLC8I4U95FZ2lNl-thumb.jpg?c=1;17/02/2026 1:21;
25;century21_tn;Appartement;CITÉ EL WAFA AFH 2;290.000;240 m²;Réf: 526493;L’agence Century 21 Challenge vous propose à la vente un appartement S+2 haut standing situé à Cité El Wafa – AFH2 Nabeul. Il se compose comme suit : ...;https://century21.tn/property/a-vendre-appartement-s2-cite-el-wafa-afh-2-4/;https://logis.fra1.digitaloceanspaces.com/10/Properties/124703/conversions/dEbnN3ayAEumz3KJ-thumb.jpg?c=1;17/02/2026 1:21;290.0
25;century21_tn;Appartement;RIADH LANDLOUS;;195 m²;Réf: 972235;L’agence immobilière Century 21 Karaouili vous propose à la vente un S+4 à Riadh Andalous. ce bien se compose: – Salon et salle à manger – Quatre cham...;https://century21.tn/property/a-vendre-appartement-s4-riadh-landlous-2/;https://logis.fra1.digitaloceanspaces.com/15/Properties/135145/conversions/bs5sE7g8N1OmRs6y-thumb.jpg?c=1;17/02/2026 1:21;
25;century21_tn;Villa;FRANCE VILLE;;450 m²;Réf: 783431-3;L’agence immobilière Century 21 Excellence La Marsa vous propose à la vente une villa de huit pièces, située à El Omrane, à proximité de l’école Rober...;https://century21.tn/property/a-vendre-villa-s6-france-ville/;https://logis.fra1.digitaloceanspaces.com/14/Properties/104049/conversions/uH8Jsjmkb7O2Ki3e-thumb.jpg?c=1;17/02/2026 1:21;
25;century21_tn;Appartement;LA SOUKRA;260.000;67 m²;Réf: 478792;L’agence immobilière CENTURY 21 BARROS vous propose a la vente un projet résidentiel qui propose une large gamme de surfaces pour répondre à chaque st...;https://century21.tn/property/a-vendre-appartement-s1-la-soukra-4/;https://logis.fra1.digitaloceanspaces.com/6/Properties/135061/conversions/duNjpWZXhWcQEAoP-thumb.jpg?c=1;17/02/2026 1:21;260.0
25;century21_tn;Appartement;BARDO CENTRE;;152 m²;Réf: 891254;L’agence immobilière Century 21 Masters vous propose pour la vente un appartement en S+4 au Bardo centre. – Superficie : 152m² – Typologie : S+4 * Com...;https://century21.tn/property/a-vendre-appartement-en-s4-au-bardo-centre/;https://logis.fra1.digitaloceanspaces.com/1/Properties/122342/conversions/uuXoYcyPjVtS80yV-thumb.jpg?c=1;17/02/2026 1:21;
25;century21_tn;Appartement;LA NOUVELLE SOUKRA;450.000;136 m²;Réf: 937975;L’agence immobilière Century 21 Infinity vous propose à la vente un appartement S+ 3 *Emplacement: La nouvelle soukra *Typologie: S+3 *Superficie:136 ...;https://century21.tn/property/a-vendre-appartement-s3-la-nouvelle-soukra-2/;https://logis.fra1.digitaloceanspaces.com/7/Properties/131267/conversions/1luhciuil9i7e4WH-thumb.jpg?c=1;17/02/2026 1:21;450.0
25;century21_tn;Local Commercial;NABEUL CENTRE;;127 m²;Réf: 57184;L’agence immobilière CENTURY21 Challenge vous propose pour la vente un local commercial situé au rez-de-chaussé d’un immeuble sur un boulevard à fort ...;https://century21.tn/property/a-vendre-local-commercial-120m2-a-nabeul-centre/;https://logis.fra1.digitaloceanspaces.com/10/Properties/134917/g9vfHlU7akSPS4y1.jpg?c=1;17/02/2026 1:21;
25;century21_tn;Appartement;LES BERGES DU LAC 2;315.000;41 m²;Réf: 558707;Century 21 Barros lac 2 vous propose pour la vente un appartement en s+0 au RDC au lac 2 – Un salon – kitchenette – Une salle de douche -Une place par...;https://century21.tn/property/a-vendre-appartement-s1-les-berges-du-lac-2/;https://logis.fra1.digitaloceanspaces.com/6/Properties/121642/conversions/aB8lkMGhN0KaBo9G-thumb.jpg?c=1;17/02/2026 1:21;315.0
26;century21_tn;Appartement;HAMMAMET NORD;295.000;86 m²;Réf: 831102-3;L’agence Century 21 Challenge vous propose à la vente un appartement S+1 jamais habité, situé au 2ᵉ étage d’une nouvelle résidence à Mrezga, Hammamet ...;https://century21.tn/property/a-vendre-s1-a-hammamet-nord/;https://logis.fra1.digitaloceanspaces.com/10/Properties/134735/conversions/QEAWo5wDqOAeYOIP-thumb.jpg?c=1;17/02/2026 1:21;295.0
26;century21_tn;Appartement;AIN ZAGHOUAN;325.000;113 m²;Réf: 396386-3;Century 21 Prestige met à la vente un appartement de 113m² haut standing en S+2 à Ain Zaghouan -Un salon avec balcon -Deux chambres avec dressing -Une...;https://century21.tn/property/a-vendre-appartement-s2-ain-zaghouan-2/;https://logis.fra1.digitaloceanspaces.com/8/Properties/100810/conversions/PMGwOfQMBTO25izp-thumb.jpg?c=1;17/02/2026 1:21;325.0
26;century21_tn;Villa;EL MENZAH 5;1.500.000;380 m²;Réf: 694773;L’agence immobilière Century 21 Horizon vous propose pour la vente une ville de 380 m² sur un terrain de 467 m²su deux étages indépendants en S+6 situ...;https://century21.tn/property/a-vendre-villa-s6-el-menzah-5-2/;https://logis.fra1.digitaloceanspaces.com/13/Properties/115141/conversions/0XmzasHydDt6RAyP-thumb.jpg?c=1;17/02/2026 1:21;
26;century21_tn;Appartement;CITE ENNASR 2;;126 m²;Réf: 19691;L’agence immobilière Century 21 Karaouli vous propose à la vente un appartement S+3 situé à Ennasr 2. Cet appartement se compose de : – Un salon avec ...;https://century21.tn/property/a-vendre-appartement-s3-cite-ennasr-2-4/;https://logis.fra1.digitaloceanspaces.com/15/Properties/134420/conversions/B9lu05HpshyMBlYx-thumb.jpg?c=1;17/02/2026 1:21;
26;century21_tn;Appartement;LA SOUKRA;248.000;79 m²;Réf: 793481;Century 21 Prestige vous propose à la vente ce S+1 avec Jardin située dans une résidence sécurisée à la Soukra. D’une superficie totale de 79m², inclu...;https://century21.tn/property/a-vendre-appartement-s1-la-soukra-2/;https://logis.fra1.digitaloceanspaces.com/8/Properties/121903/conversions/2X8LLejvE8cE1yBd-thumb.jpg?c=1;17/02/2026 1:21;248.0
26;century21_tn;Appartement;HAMMAMET NORD;640.000;199 m²;Réf: 500492-2;L’agence Century 21 Challenge vous propose à la vente un appartement S+3 en rez-de-chaussée, d’une superficie de 199m², situé à Hammamet Nord Mrezga. ...;https://century21.tn/property/a-vendre-appartement-s3-hammamet-nord/;https://logis.fra1.digitaloceanspaces.com/10/Properties/103394/conversions/breGW2Mlxaxhhi3c-thumb.jpg?c=1;17/02/2026 1:21;640.0
26;century21_tn;Villa;HAMMAMET SUD;450.000;350 m²;Réf: 453395;L’agence immobilier century 21 Horizon vous propose a la vente une villa inachevé sur deux niveaux sur un terrain de 481m² Composition: -Salon qui don...;https://century21.tn/property/a-vendre-villa-s3-hammamet-sud-2/;https://logis.fra1.digitaloceanspaces.com/13/Properties/134254/conversions/k5k20V70EADTc6Mh-thumb.jpg?c=1;17/02/2026 1:21;450.0
26;century21_tn;Villa;HAMMAMET SUD;790.000;240 m²;Réf: 326726;L’agence immobilière Century21 Challenge vous propose à la vente une élégante villa plain-pied située à Monchar, Hammamet Sud. Cette demeure de 240 m²...;https://century21.tn/property/a-vendre-villa-s3-hammamet-sud/;https://logis.fra1.digitaloceanspaces.com/10/Properties/123624/conversions/UbaXrhIYPoC8KMbI-thumb.jpg?c=1;17/02/2026 1:21;790.0
26;century21_tn;Local Commercial;JARDINS DE CARTHAGE;530.000;53 m²;Réf: 408591;L’agence Century 21 Invest vous propose pour la vente local commercial de 53m² aux Jardins de Carthage. Hauteur : 5.5 m Façade : 8m Il est situé dans ...;https://century21.tn/property/a-vendre-local-commercial-de-50m%c2%b2-aux-jardins-de-carthage/;https://logis.fra1.digitaloceanspaces.com/4/Properties/129663/conversions/wyanYU8XNkmU5utP-thumb.jpg?c=1;17/02/2026 1:21;530.0
27;century21_tn;;LES BERGES DU LAC 2;160.000;80 m²;Réf: 513260;L’agence Century 21 Barros Lac 2 vous propose à la vente un fonds de commerce idéalement situé au Lac 2. • Surface au sol : 80 m² Contactez nous dès a...;https://century21.tn/property/a-vendre-fonds-de-commerce-h0-les-berges-du-lac-2/;https://logis.fra1.digitaloceanspaces.com/6/Properties/134167/YCKXCfPLNTaVZbh7.png?c=1;17/02/2026 1:21;160.0
27;century21_tn;Appartement;AIN ZAGHOUAN NORD;450.000;126 m²;Réf: 227591;L’agence immobilière Century 21 Infinity vous propose à la vente un appartement S+ 2 *Emplacement: Ain Zaghouan Nord *Typologie: S+2 *Superficie: 126 ...;https://century21.tn/property/a-vendre-appartement-s2-ain-zaghouan-nord-6/;https://logis.fra1.digitaloceanspaces.com/7/Properties/134137/conversions/u4jYIHXfvNpJ34D4-thumb.jpg?c=1;17/02/2026 1:21;450.0
27;century21_tn;Appartement;EL MENZAH 9;570.000;211 m²;Réf: 751920;L’agence immobilière Century 21 Patrimoine vous propose à la vente un appartement en S+4 situé à EL Menzah 9. Il se compose de : – Un salon qui donne ...;https://century21.tn/property/a-vendre-un-appartement-en-s4-a-el-menzah-9/;https://logis.fra1.digitaloceanspaces.com/11/Properties/116897/conversions/JKSNC7ejMkZ26a3E-thumb.jpg?c=1;17/02/2026 1:21;570.0
27;century21_tn;Terrain Villa;SIDI JEDIDI;110.000;500 m²;Réf: 537735;L’agence immobilière Century 21 Invest vous propose pour la vente un lot de terrains Villas d’une superficie de 500 m² à Hammamet. Vocation : R+1 Prix...;https://century21.tn/property/a-vendre-terrain-villa-de-500-m%c2%b2-a-hammamet/;https://logis.fra1.digitaloceanspaces.com/4/Lands/129090/conversions/y6Gy3iFBS2QHExH2-thumb.jpg?c=1;17/02/2026 1:21;110.0
27;century21_tn;Villa;EL MENZAH 7;1.350.000;300 m²;Réf: 961493;L’agence immobilière Century 21 Karaouli vous propose à la vente une villa de 300 m² sur un terrain de 605 m², en S+4, située à El Menzah 6. Elle se c...;https://century21.tn/property/a-vendre-villa-s4-el-menzah-6/;https://logis.fra1.digitaloceanspaces.com/15/Properties/121576/conversions/8z9PyzEUfYGuyT8J-thumb.jpg?c=1;17/02/2026 1:21;
27;century21_tn;Appartement;CITE ENNASR 2;225.000;54 m²;Réf: 488408;L’agence immobilière Century 21 Karaouli vous propose pour la vente un appartement en S+1 à Ennasr 2 : – Superficie : 54m² Composition : – Salon avec ...;https://century21.tn/property/a-vendre-appartement-s1-cite-ennasr-2-4/;https://logis.fra1.digitaloceanspaces.com/15/Properties/118141/conversions/auUMEVgsEjyTaTk3-thumb.jpg?c=1;17/02/2026 1:21;225.0
27;century21_tn;;BORJ LOUZIR;17.000;16 m²;Réf: 94315;L’agence immobilière Century 21 Karaouli vous propose à la vente un fonds de commerce à Borj Louzir – Ariana. *Emplacement: Borj Louzir – Ariana *Supe...;https://century21.tn/property/a-vendre-fond-de-commerce-borj-louzir/;https://logis.fra1.digitaloceanspaces.com/15/Properties/119852/conversions/wdJdbbNOaIzLTfoy-thumb.jpg?c=1;17/02/2026 1:21;17.0
27;century21_tn;Bureau;EL MENZAH 6;225.000;69 m²;Réf: 969234;L’agence immobilière century 21 Masters vous propose à la vente un bureau H+3 situé à Menzah 6. Il se compose comme suit: -QUATRE PIECES. -Un hall. -U...;https://century21.tn/property/a-vendre-bureau-h3-el-menzah-6/;https://logis.fra1.digitaloceanspaces.com/1/Properties/122503/conversions/99cd1kdXvkgI6r8D-thumb.jpg?c=1;17/02/2026 1:21;225.0
27;century21_tn;Appartement;CITE ENNASR 2;340.000;141 m²;Réf: 254130;L’agence immobilière Century 21 Horizon vous propose à la vente un appartement S+3 moyen standing, à Ennasr 2 au 5éme étage avec ascenseur et d’une su...;https://century21.tn/property/a-vendre-appartement-s3-cite-ennasr-2/;https://logis.fra1.digitaloceanspaces.com/13/Properties/133189/conversions/0eg2aGbQPigpYdGJ-thumb.jpg?c=1;17/02/2026 1:21;340.0
28;century21_tn;Villa;GAMMARTH TOURISTIQUE;2.800.000;400 m²;Réf: 484639-2;L’agence immobilière Century 21 Invest vous propose pour la vente une magnifique villa indépendante à Gammarth . Superficie Terrain : 606m² Superficie...;https://century21.tn/property/a-vendre-villa-s5-gammarth-touristique-2/;https://logis.fra1.digitaloceanspaces.com/4/Properties/79061/conversions/OptJgYqsGbxR07wD-thumb.jpg?c=1;17/02/2026 1:21;
28;century21_tn;;JARDINS D'EL AOUINA;250.000;140 m²;Réf: 351564;Century 21 Prestige vous propose à la vente un fond de commerce, toute activité, situé aux Jardins de l’Aouina. d’une superficie de 140m². Ce bien bén...;https://century21.tn/property/a-vendre-fonds-de-commerce-jardins-del-aouina/;https://logis.fra1.digitaloceanspaces.com/8/Properties/131683/conversions/VijPQxKeDSet9QBH-thumb.jpg?c=1;17/02/2026 1:21;250.0
28;century21_tn;;LES BERGES DU LAC 1;;300 m²;Réf: 119176;Century 21 Prestige vous propose à la vente un fonds de commerce situé au Lac 1. Le local dispose d’une superficie de 300 m² et est actuellement explo...;https://century21.tn/property/a-vendre-fonds-de-commerce-les-berges-du-lac-1/;https://logis.fra1.digitaloceanspaces.com/8/Properties/130995/conversions/1PEq3Nh3eCTkc4MU-thumb.jpg?c=1;17/02/2026 1:21;
28;century21_tn;Immeuble;ROUTE DE LA MARSA;;1600 m²;Réf: 56023-3;L’agence immobilière Century 21 INVEST vous propose pour la vente un Immeuble R+2 de 1600M², sur la route de la Marsa. Superficie RDC (800m²) : Compre...;https://century21.tn/property/a-vendre-immeuble-1600-m%c2%b2-route-de-la-marsa/;https://logis.fra1.digitaloceanspaces.com/4/Properties/128501/conversions/IhxNRzf2h00VWXTW-thumb.jpg?c=1;17/02/2026 1:21;
28;century21_tn;Villa;MREZGA;;594 m²;Réf: 366753;L’agence Immobilière Century21 Challenge vous propose à la vente une villa édifiée sur un terrain de 1717m2 de superficie. Située dans une zone viabil...;https://century21.tn/property/a-vendre-villa-s4-hammamet-nord-2/;https://logis.fra1.digitaloceanspaces.com/10/Properties/129598/conversions/PGxSrvvMqpfYlTO0-thumb.jpg?c=1;17/02/2026 1:21;
28;century21_tn;Appartement;CASINO LA GOULETTE;370.000;57 m²;Réf: 463738-2;L’agence immobilière Century 21 Infinity vous propose à la vente un appartement S+1 meublé vue sur mer à la Goulette *Emplacement: La goulette *Typolo...;https://century21.tn/property/a-vendre-appartement-s1-casino-la-goulette/;https://logis.fra1.digitaloceanspaces.com/7/Properties/127075/conversions/2dbtUbs1JYPOhQ7o-thumb.jpg?c=1;17/02/2026 1:21;370.0
28;century21_tn;Villa;CHOTRANA 3;;1750 m²;Réf: 871791;L’agence Immobilière Century 21 Patrimoine vous propose à la vente une villa située à Chotrana , La Soukra elle se compose comme suit ;;;;
28;century21_tn;Appartement;CITE ENNASR 1;285.000;100 m²;Réf: 405338;L’agence immobilière Century 21 Karaouli vous propose à la vente un appartement S+2 situé à Ennasr 1. Ce bien se compose de : – Un salon avec balcon –...;https://century21.tn/property/a-vendre-appartement-s2-cite-ennasr-1/;https://logis.fra1.digitaloceanspaces.com/15/Properties/132195/conversions/amL8pW1WVaPuVGsk-thumb.jpg?c=1;17/02/2026 1:21;285.0
28;century21_tn;;EL MANAR 2;;68 m²;Réf: 757120;L’agence immobilière Century 21 PATRIMOINE vous propose, à la Vente, un Fond de commerce situé a El Menzah 9. Type: Fond de Commerce – Superficie : 68...;https://century21.tn/property/a-vendre-fonds-de-commerce-h-1-el-menzah-9/;https://logis.fra1.digitaloceanspaces.com/11/Properties/131759/conversions/efqUyRbF9vOM82MA-thumb.jpg?c=1;17/02/2026 1:21;
29;century21_tn;Terrain Villa;MEGRINE COTEAU;2.000;2000 m²;Réf: 850621-2;L’agence immobilière Century 21 Invest vous propose pour la vente un lotissement de 2000 m² viabilisé à Megrine Coteaux . Superficie : 2000 m² Prix : ...;https://century21.tn/property/a-vendre-terrain-de-2000-m%c2%b2-a-megrine-coteaux/;https://logis.fra1.digitaloceanspaces.com/4/Lands/70834/conversions/2M6OlAHIR6wwOZq1-thumb.jpg?c=1;17/02/2026 1:21;2.0
29;century21_tn;Appartement;LES BERGES DU LAC 2;;224 m²;Réf: 65814-3;CENTURY 21 BARROS LAC 2 vous propose pour la vente un appartement en s+4 de 224m² situé au lac 2 Il se compose: – Un salon – Une suite parentale – Deu...;https://century21.tn/property/a-vendre-appartement-s4-les-berges-du-lac-2-2/;https://logis.fra1.digitaloceanspaces.com/6/Properties/131730/conversions/v4sCNrPhJfzGIJph-thumb.jpg?c=1;17/02/2026 1:21;
29;century21_tn;Appartement;LA SOUKRA;350.000;125 m²;Réf: 268431-4;Century 21 Prestige vous propose à la vente ce S+3 convertit en S+2 de 125m2, situé dans une résidence calme et sécurisée à la Soukra. Il se compose c...;https://century21.tn/property/a-louer-appartement-s2-la-soukra-3/;https://logis.fra1.digitaloceanspaces.com/8/Properties/78464/conversions/XHP70rNMeIhvRNFB-thumb.jpg?c=1;17/02/2026 1:21;350.0
29;century21_tn;Appartement;CHOTRANA 1;580.000;175 m²;Réf: 260566-2;L’agence immobilière Century 21 Infinity vous propose à la vente un appartement S+3 avec chambre de service neuf à la Soukra *Emplacement: Chotrana 1 ...;https://century21.tn/property/a-vendre-un-appartement-s3-direct-promoteur-a-chotrana-1/;https://logis.fra1.digitaloceanspaces.com/7/Properties/30755/conversions/WFgksgmhyeEZFR4G-thumb.jpg?c=1;17/02/2026 1:21;580.0
29;century21_tn;Appartement;CHOTRANA 1;580.000;175 m²;Réf: 260566-3;L’agence immobilière Century 21 Infinity vous propose à la vente un appartement S+3 avec chambre de service neuf à la Soukra *Emplacement: Chotrana 1 ...;https://century21.tn/property/a-vendre-appartement-s3-chotrana-1-2/;https://logis.fra1.digitaloceanspaces.com/7/Properties/30755/conversions/WFgksgmhyeEZFR4G-thumb.jpg?c=1;17/02/2026 1:21;580.0
29;century21_tn;Villa;LA SOUKRA;;400 m²;Réf: 195653;L’agence Century 21 Karaouli vous propose à la vente en exclusivité une villa située à La Soukra. Caractéristiques : – Superficie terrain : 2000 m² – ...;https://century21.tn/property/a-vendre-villa-s5-la-soukra-2/;https://logis.fra1.digitaloceanspaces.com/15/Properties/129882/conversions/ZyLM4WKYXYF46JH0-thumb.jpg?c=1;17/02/2026 1:21;
29;century21_tn;Villa;KHEIREDDINE;850.000;300 m²;Réf: 303958-5;L’agence immobilière century 21 Infinity vous propose à la vente une villa à rénover Emplacement : kheireddine la goulette Superficie : 400m² -Sur deu...;https://century21.tn/property/a-vendre-villa-s6-kheireddine-2/;https://logis.fra1.digitaloceanspaces.com/7/Properties/53041/conversions/Zz4nXpzqGFbO8yLA-thumb.jpg?c=1;17/02/2026 1:21;850.0
29;century21_tn;;MARSA VILLE;65.000;19 m²;Réf: 171023-5;L’agence immobilière Century 21 Infinity vous propose pour la vente fonds de commerce à la Marsa *Emplacement: Marsa ville *Superficie: 19 m² Pour plu...;https://century21.tn/property/a-vendre-fonds-de-commerce-h0-marsa-ville/;https://logis.fra1.digitaloceanspaces.com/7/Properties/61693/conversions/PgpVKY5WsItQc7Mz-thumb.jpg?c=1;17/02/2026 1:21;65.0
29;century21_tn;Villa;CITÉ MORA;760.000;180 m²;Réf: 793026;Century 21 Challenge vous propose à la vente un magnifique duplex situé dans l’un des quartiers les plus réputés et recherchés de Nabeul. Espace extér...;https://century21.tn/property/a-vendre-villa-s3-a-cite-mora/;https://logis.fra1.digitaloceanspaces.com/10/Properties/113679/conversions/qyLaom8E1GE8f1AE-thumb.jpg?c=1;17/02/2026 1:21;760.0
30;century21_tn;;JARDINS DE CARTHAGE;250.000;73 m²;Réf: 95594;L’agence immobilière Century 21 Invest vous propose pour la vente un Fonds de Commerce Cafeteria aux Jardins de Carthage. Superficie totale : 73m² Ter...;https://century21.tn/property/a-vendre-fonds-de-commerce-aux-jardins-de-carthage-2/;https://logis.fra1.digitaloceanspaces.com/4/Properties/131491/conversions/itGAszX19bSZiMa8-thumb.jpg?c=1;17/02/2026 1:21;250.0
30;century21_tn;Appartement;CHOTRANA 1;462.000;115 m²;Réf: 895590;L’Agence Century 21 INVEST vous propose pour la vente un appartement S+2 à Chotrana 1 la Soukra Superficie : 115m² Terrasse : 6m² Il se compose de : -...;https://century21.tn/property/a-vendre-appartement-s2-a-chotrana-1-la-soukra/;https://logis.fra1.digitaloceanspaces.com/4/Properties/85963/conversions/m8MYuUkvJTP1dzbd-thumb.jpg?c=1;17/02/2026 1:21;462.0
30;century21_tn;;EL MANAR 2;100.000;46 m²;Réf: 484078;L’agence immobilière Century 21 Horizon vous propose, à la Vente, un Fond de commerce situé a El Manar City. Type: Fond de Commerce – Superficie : 40M...;https://century21.tn/property/a-vendre-fonds-de-commerce-h1-el-manar-2/;https://logis.fra1.digitaloceanspaces.com/13/Properties/131368/conversions/bu1DUoqmWBn86fwY-thumb.jpg?c=1;17/02/2026 1:21;100.0
30;century21_tn;Villa;CITE EL BOKRI;;350 m²;Réf: 946065;L’agence immobilière Century 21 Karaouli vous propose à la vente une ferme avec villa de prestige, située à seulement 5 minutes de Géant, à Sabellet B...;https://century21.tn/property/a-vendre-ferme-a-sablet-ben-ammar-tunis/;https://logis.fra1.digitaloceanspaces.com/15/Properties/122882/conversions/o9S2vKYRIO3HfOfN-thumb.jpg?c=1;17/02/2026 1:21;
30;century21_tn;Appartement;LA NOUVELLE SOUKRA;290.000;67 m²;Réf: 581359;L’agence immobilière Century 21 Infinity vous propose à la vente un appartement S+ 1 *Emplacement:La nouvelle soukra *Typologie: S+1 *Superficie: 67 m...;https://century21.tn/property/a-vendre-appartement-s1-la-nouvelle-soukra/;https://logis.fra1.digitaloceanspaces.com/7/Properties/125724/conversions/Eub5HzvqOBgC5XnU-thumb.jpg?c=1;17/02/2026 1:21;290.0
30;century21_tn;;BORJ EL BACCOUCHE;125.000;150 m²;Réf: 622202;L’agence immobilière Century 21 Karaouli vous propose à la vente un local commercial situé à Ariana borj baccouche . – Superficie : 150 m² – Loyer act...;https://century21.tn/property/a-vendre-fonds-de-commerce-a-borj-el-baccouche/;https://logis.fra1.digitaloceanspaces.com/15/Properties/130928/conversions/WZ5Uu8vj0Ry50TCS-thumb.jpg?c=1;17/02/2026 1:21;125.0
30;century21_tn;;EL MENZAH 5;;110 m²;Réf: 416807-4;L’agence immobilière CENTURY 21 Prestige la Soukra vous propose à la vente un Fond de commerce sur deux niveaux d’une superficie de 110 m², situé au M...;https://century21.tn/property/a-vendre-fonds-de-commerce-el-menzah-5/;https://logis.fra1.digitaloceanspaces.com/8/Properties/32156/conversions/ltb4BLlEHDsd0Q2f-thumb.jpg?c=1;17/02/2026 1:21;
30;century21_tn;Bureau;MONTPLAISIR;390.000;156 m²;Réf: 273883-2;L’agence Century 21 Excellence La Marsa vous propose à la vente un bureau H+6, situé à Montplaisir dans un immeuble à usage exclusivement bureautique....;https://century21.tn/property/a-vendre-bureau-h6-a-montplaisir/;https://logis.fra1.digitaloceanspaces.com/14/Properties/104930/conversions/bopG1HwVDqdDQVqG-thumb.jpg?c=1;17/02/2026 1:21;390.0
30;century21_tn;Appartement;JARDINS D'EL MENZAH 2;295.000;109 m²;Réf: 603935;L’agence immobilière Century 21 Karaouli vous propose à la vente un appartement S+2 situé à Jardin d’El Menzah 2. Ce bien se compose de : – Un salon –...;https://century21.tn/property/a-vendre-appartement-s2-jardins-del-menzah-2/;https://logis.fra1.digitaloceanspaces.com/15/Properties/130690/conversions/EL4JgwNlchqe7ogI-thumb.jpg?c=1;17/02/2026 1:21;295.0
31;century21_tn;Appartement;CITÉ EL WAFA AFH 2;280.000;62 m²;Réf: 432546-3;L’agence Century 21 Challenge vous propose à la vente un appartement S+1 richement meublé, situé dans une résidence sécurisée avec place de parking au...;https://century21.tn/property/a-vendre-s1-meuble-a-cite-el-wafa-afh-2/;https://logis.fra1.digitaloceanspaces.com/10/Properties/102029/conversions/Gfzmefy3lG1bkzhP-thumb.jpg?c=1;17/02/2026 1:22;280.0
31;century21_tn;Villa;RAFRAF;;1100 m²;Réf: 547377;L’agence Century 21 Excellence La Marsa vous propose à la vente une villa spacieuse en R+3 offrant une vue sur mer, idéale pour une maison d’hôtes ou ...;https://century21.tn/property/a-vendre-villa-a-rafraf-bizerte/;https://logis.fra1.digitaloceanspaces.com/14/Properties/130301/conversions/9fB2QTSIRztWvcLI-thumb.jpg?c=1;17/02/2026 1:22;
31;century21_tn;Villa;CHOTRANA 1;1.750.000;400 m²;Réf: 358226;Century 21 Prestige vous propose en exclusivité à la vente une villa de style colonial située à Chotrana 1. Elle se compose comme suit : Au rez-de-cha...;https://century21.tn/property/a-vendre-villa-s4-chotrana-1-2/;https://logis.fra1.digitaloceanspaces.com/8/Properties/128658/conversions/KlfEF1U9rjW7e861-thumb.jpg?c=1;17/02/2026 1:22;
31;century21_tn;Local Commercial;LES BERGES DU LAC 2;653.310.000;88 m²;Réf: 130603;Century 21 LAC 2 vous propose a la location un open space de 88m² au Lac 2 – Open space – Salle d’eau H/ F Pour plus d’informations ou programmer une ...;https://century21.tn/property/a-vendre-local-commercial-h0-les-berges-du-lac-2/;https://logis.fra1.digitaloceanspaces.com/6/Properties/130021/conversions/FAnzsMZ8vYqSftz0-thumb.jpg?c=1;17/02/2026 1:22;
31;century21_tn;Appartement;CITÉ EL WAFA AFH 2;;64 m²;Réf: 575538;L’agence Century21 Challenge vous propose à la vente un appartement S+1 dans une résidence avec piscine, situé à AFH2, Nabeul Cette propriété se compo...;https://century21.tn/property/a-vendre-s1-a-cite-el-wafa-afh-2/;https://logis.fra1.digitaloceanspaces.com/10/Properties/130054/conversions/q3D4YVNr6CEKlevf-thumb.jpg?c=1;17/02/2026 1:22;
31;century21_tn;Villa;LA SOUKRA;1.400.000;300 m²;Réf: 737367;L’agence immobilière Century 21 Invest vous propose pour la vente une Villa S+4 avec piscine et jardin à la Soukra. Superficie Terrain : 200 m² Superf...;https://century21.tn/property/a-vendre-villa-s4-avec-piscine-et-jardin-a-la-soukra/;https://logis.fra1.digitaloceanspaces.com/4/Properties/97126/conversions/n6HTMex0NWWKsWg5-thumb.jpg?c=1;17/02/2026 1:22;
31;century21_tn;Duplex;GAMMARTH TOURISTIQUE;950.000;242 m²;Réf: 37085-5;L’agence immobilière Century 21 Infinity vous propose à la vente un duplex S+3 à Gammarth *Emplacement : Gammarth touristique *Type : Duplex *Typologi...;https://century21.tn/property/a-vendre-duplex-s3-gammarth-touristique-2/;https://logis.fra1.digitaloceanspaces.com/7/Properties/30607/conversions/QyQAqWLccTlB7kLg-thumb.jpg?c=1;17/02/2026 1:22;950.0
31;century21_tn;Appartement;BORJ LOUZIR;200.000;100 m²;Réf: 764213;Century 21 Prestige vous propose à la vente un appartement S+3 de 100m² situé à Borj Louzir, au rez-de-chaussée d’une résidence calme et sécurisée. Il...;https://century21.tn/property/a-vendre-appartement-s3-borj-louzir/;https://logis.fra1.digitaloceanspaces.com/8/Properties/129806/XQwnK508Exvlf6xE.png?c=1;17/02/2026 1:22;200.0
31;century21_tn;;NABEUL;;5921 m²;Réf: 698194;L’agence Immobilière Century 21 Patrimoine vous propose à la vente un terrain agricole situé à Dar Chaabene El Fehri Superficie 5921m² prix 400DT /m² ...;https://century21.tn/property/terrain-agricole-situe-a-dar-chaabene-el-fehri/;https://logis.fra1.digitaloceanspaces.com/11/Lands/129777/conversions/1itYwig7CuQuWr2j-thumb.jpg?c=1;17/02/2026 1:22;
32;century21_tn;Triplex;LES BERGES DU LAC 2;1.250.000;243 m²;Réf: 226444;L’agence CENTURY 21 Patrimoine El menzah 9 vous propose à la vente un triplex en S+3 avec jardin, situé aux Berges du Lac 2. se compose comme suit : *...;https://century21.tn/property/a-vendre-triplex-s3-les-berges-du-lac-2/;https://logis.fra1.digitaloceanspaces.com/11/Properties/112653/conversions/lNOtoYNPpIFI4191-thumb.jpg?c=1;17/02/2026 1:22;
32;century21_tn;;HAMMAMET NORD;90.000;70 m²;Réf: 333590;L’agence Immobilière Century21 Challenge vous propose à la vente un fond de commerce situé à Hammamet sur un boulevard à fort trafic. Récemment rénové...;https://century21.tn/property/a-vendre-fonds-de-commerce-a-hammamet-nord/;https://logis.fra1.digitaloceanspaces.com/10/Properties/129585/conversions/2ViNtWJuBvfeVR9w-thumb.jpg?c=1;17/02/2026 1:22;90.0
32;century21_tn;Appartement;SIDI SOUFIENE;215.000;100 m²;Réf: 281217;Century 21 Prestige vous propose à la vente un Appartement en S+3 situé au RDC d’une résidence en R+2 située à Sidi Sofiene, La Soukra. Il se compose ...;https://century21.tn/property/a-vendre-appartement-s3-sidi-soufiene/;https://logis.fra1.digitaloceanspaces.com/8/Properties/129475/conversions/g66oCu9v1D6D8i8a-thumb.jpg?c=1;17/02/2026 1:22;215.0
32;century21_tn;Local Commercial;JARDINS DE CARTHAGE;546.000;78 m²;Réf: 435062-2;L’agence Century 21 Invest vous propose pour la vente un local commercial de 78m² de superficie, situé sur une rue à fort trafic aux Jardins de Cartha...;https://century21.tn/property/a-vendre-local-commercial-de-78m%c2%b2-aux-jardins-de-carthage/;https://logis.fra1.digitaloceanspaces.com/4/Properties/117011/conversions/M76nEN70EMNKTF5T-thumb.jpg?c=1;17/02/2026 1:22;546.0
32;century21_tn;;NABEUL;;728 m²;Réf: 369726;L’agence Immobilière Century21 Challenge met à la vente un terrain d’une superficie de 728m2 situé à Nabeul sur l’artère principale qui mène au rond p...;https://century21.tn/property/a-vendre-terrain-728m2-a-nabeul/;https://logis.fra1.digitaloceanspaces.com/10/Lands/129222/conversions/4JRgJU5o5jjY5YQr-thumb.jpg?c=1;17/02/2026 1:22;
32;century21_tn;;NABEUL;;605 m²;Réf: 479161;L’agence Immobilière Century21 Challenge met à la vente un terrain d’une superficie de 605m2 situé à Nabeul sur l’artère principale qui mène au rond p...;https://century21.tn/property/a-vendre-terrain-605m2-a-nabeul/;https://logis.fra1.digitaloceanspaces.com/10/Lands/129220/conversions/z8LDUgpis9ZF0Vhb-thumb.jpg?c=1;17/02/2026 1:22;
32;century21_tn;Terrain Villa;JARDINS DE CARTHAGE;2.800;586 m²;Réf: LGS1681726775-2;Agence Century 21 Invest vous propose pour la vente un terrain situé dans la zone résidentielle aux Jardins de Carthage. Superficie: 586 m² Pour plus ...;https://century21.tn/property/a-vendre-terrain-villa-586-m%c2%b2-aux-jardins-de-carthage/;https://logis.fra1.digitaloceanspaces.com/4/Lands/17756/conversions/iRk4IxDzfE2Yjr4E-thumb.jpg?c=1;17/02/2026 1:22;2.8
32;century21_tn;Villa;LA SOUKRA;1.350.000;260 m²;Réf: 89558-6;l’agence immobilière century 21 infinity vous propose à la vente une villa jumelé de très haut standing . Emplacement: La Soukra Superficie: 350m² Ell...;https://century21.tn/property/a-vendre-villa-s4-la-soukra/;https://logis.fra1.digitaloceanspaces.com/7/Properties/39789/conversions/0SIJlQrlIZXltYSw-thumb.jpg?c=1;17/02/2026 1:22;
32;century21_tn;;CITÉ EL GHAZELA;288.000;160 m²;Réf: 11116;L’agence immobilière Century 21 horizon vous propose pour la vente un local commercial Nous vous proposons à la vente un local commercial clé en main,...;https://century21.tn/property/a-vendre-fonds-de-commerce-h2-cite-el-ghazela/;https://logis.fra1.digitaloceanspaces.com/13/Properties/129052/conversions/gqWA0Uo8DPWusqY6-thumb.jpg?c=1;17/02/2026 1:22;288.0
33;century21_tn;Bureau;MUTUELLEVILLE;;45 m²;Réf: 536637;L’agence immobilière Century 21 Karaouli vous propose à la vente un local commercial situé à Mutuelle Ville. – Superficie : 45 m² – Loyer actuel : 810...;https://century21.tn/property/a-vendre-local-commercial-a-mutuelleville/;https://logis.fra1.digitaloceanspaces.com/15/Properties/129226/conversions/9DcuxIOcdsIJ81s1-thumb.jpg?c=1;17/02/2026 1:22;
33;century21_tn;Villa;HAMMAMET CENTRE;320.000;236 m²;Réf: 235437;L’agence Immobilière Century 21 Invest vous propose pour la vente une Villa inachevée S+4 à Hammamet . Typologie : S+4 Superficie : 236 m² Vocation : ...;https://century21.tn/property/a-vendre-villa-inachevee-s4-a-hammamet/;https://logis.fra1.digitaloceanspaces.com/4/Properties/129071/conversions/BrNWOr1jvFzxqmH7-thumb.jpg?c=1;17/02/2026 1:22;320.0
33;century21_tn;Penthouse;LES BERGES DU LAC 2;2.100.000;280 m²;Réf: 33191;L’agence immobilière Century 21 Invest vous propose pour la l’achat un penthouse S+3 avec piscine aux Berges du lac 2. Typologie : S+3 Superficie :280...;https://century21.tn/property/a-vendre-penthouse-s3-avec-piscine-aux-berges-du-lac-2/;https://logis.fra1.digitaloceanspaces.com/4/Properties/129034/conversions/jweMAXWBx4YqkJXe-thumb.jpg?c=1;17/02/2026 1:22;
33;century21_tn;Appartement;JARDINS D'EL AOUINA;360.000;130 m²;Réf: 898726-3;L’agence immobilière Century 21 Infinity vous propose à la Vente un appartement S+3 à Les Jardins de L’aouina *Emplacement : Les Jardins de L’aouina *...;https://century21.tn/property/a-vendre-appartement-s3-jardins-del-aouina/;https://logis.fra1.digitaloceanspaces.com/7/Properties/90302/conversions/DJCWui3HSYvyOnnH-thumb.jpg?c=1;17/02/2026 1:22;360.0
33;century21_tn;Appartement;AIN ZAGHOUAN NORD;370.000;74 m²;Réf: 784666;L’agence immobilière Century 21 Invest vous propose pour la vente un appartement S+1 neuf promoteurs, situé à Ain Zaghouan Nord . Typologie : S+1 Supe...;https://century21.tn/property/a-vendre-appartement-s1-ain-zaghouan-nord-3/;https://logis.fra1.digitaloceanspaces.com/4/Properties/125806/conversions/pxRjjELQNp2iMY2X-thumb.jpg?c=1;17/02/2026 1:22;370.0
33;century21_tn;Appartement;LA NOUVELLE SOUKRA;375.000;108 m²;Réf: 548738;L’agence immobilière Century 21 Infinity vous propose à la location un appartement S+ 2 *Emplacement:Khaled ibn walid *Typologie: S+2 *Superficie: 108...;https://century21.tn/property/a-vendre-appartement-s2-la-nouvelle-soukra-2/;https://logis.fra1.digitaloceanspaces.com/7/Properties/128526/conversions/joVapp60LIzjcbYq-thumb.jpg?c=1;17/02/2026 1:22;375.0
33;century21_tn;;LES BERGES DU LAC 1;125.000;102 m²;Réf: 360370;L’agence immobilière Century 21 Masters vous propose à la vente un fonds de commerce idéalement situé au berges du lac 1 , un quartier stratégique. Ca...;https://century21.tn/property/a-vendre-fonds-de-commerce-h0-les-berges-du-lac-1/;https://logis.fra1.digitaloceanspaces.com/1/Properties/128088/conversions/YpR3P8R0bfMagpki-thumb.jpg?c=1;17/02/2026 1:22;125.0
33;century21_tn;Appartement;KHAZNADAR BARDO;430.000;170 m²;Réf: 750761;L’agence immobilière Century 21 Horizon vous propose à la vente appartement S+4 idéalement situé aux Bardo 🔹 Typologie : S+4 🔹 Superficie : 170 m² L’a...;https://century21.tn/property/a-vendre-appartement-s4-khaznadar-bardo/;https://logis.fra1.digitaloceanspaces.com/13/Properties/127137/conversions/PTvmH8lHKSOdqJJE-thumb.jpg?c=1;17/02/2026 1:22;430.0
33;century21_tn;Appartement;AIN ZAGHOUAN SUD;380.000;112 m²;Réf: 523518;L’agence immobilière Century 21 Infinity vous propose à la vente un appartement S+ 2 *Emplacement: ain zaghouan sud *Typologie: S+2 *Superficie: 107 m...;https://century21.tn/property/a-vendre-appartement-s2-ain-zaghouan-sud/;https://logis.fra1.digitaloceanspaces.com/7/Properties/128867/a9BNZwJgwT0zcwax.jpg?c=1;17/02/2026 1:22;380.0
34;century21_tn;Local Commercial;AIN ZAGHOUAN NORD;900.000;220 m²;Réf: 865122;Century 21 Prestige vous propose à la vente un local commercial situé à Ain Zaghouan Nord, bénéficiant d’un emplacement stratégique sur la route princ...;https://century21.tn/property/a-vendre-local-commercial-ain-zaghouan-nord/;https://logis.fra1.digitaloceanspaces.com/8/Properties/128713/conversions/tcnNeJzGU71xCieW-thumb.jpg?c=1;17/02/2026 1:22;900.0
34;century21_tn;Villa;CITE ENNASR 2;;416 m²;Réf: 93248;L’agence immobilière Century 21 Karaouli vous propose pour la vente une ville de 438 m² sur un terrain de 416 m² en S+6 située à Ennasr 2. Elle se com...;https://century21.tn/property/a-vendre-villa-s6-cite-ennasr-2/;https://logis.fra1.digitaloceanspaces.com/15/Properties/127862/conversions/apWyBlTNJfJEbfBN-thumb.jpg?c=1;17/02/2026 1:22;
34;century21_tn;Villa;KHEIREDDINE;950.000;386 m²;Réf: 150208;L’agence immobilière Century 21 Infinity vous propose à la vente une villa avec deux étages indépendants à la Kheireddine *Emplacement: Kheireddine *S...;https://century21.tn/property/a-vendre-villa-avec-deux-etages-independants-a-kheireddine/;https://logis.fra1.digitaloceanspaces.com/7/Properties/128576/conversions/8RwpKpP4SiIp5R3C-thumb.jpg?c=1;17/02/2026 1:22;950.0
34;century21_tn;;HENCHIR GORT;350.000;9460 m²;Réf: 231002;L’agence Immobilière Century21 Challenge vous propose à la vente un terrain d’une superficie de 9460m2 à vocation agricole situé sur la route principa...;https://century21.tn/property/a-vendre-terrain-9460m2-a-henchir-kort-nabeul/;https://logis.fra1.digitaloceanspaces.com/Logos%20%26%20Images/Login%20Images/KS4cbEdlbRhExx1fgzhX8P1SFCVbCNRw1Xmts9l5.jpg?c=1;17/02/2026 1:22;350.0
34;century21_tn;Villa;DENDEN;720.000;400 m²;Réf: 608725;À Vendre – Villa S+4 avec grand jardin & garage à Cité El Amal ✨ L’agence immobilière Century 21 Horizon vous propose à la vente une villa de 400 m² c...;https://century21.tn/property/a-vendre-villa-s0-denden/;https://logis.fra1.digitaloceanspaces.com/13/Properties/122763/conversions/OEFtbNteMApluMtr-thumb.jpg?c=1;17/02/2026 1:22;720.0
34;century21_tn;Appartement;LA NOUVELLE SOUKRA;220.000;50 m²;Réf: 977730-3;CENTURY 21 PRESTIGE vous propose à la vente un appartement s+1 Meublé – Direct promoteur de 55m² au RDC dans une résidence sécurisée qui se compose co...;https://century21.tn/property/a-vendre-appartement-s1-meuble-la-nouvelle-soukra/;https://logis.fra1.digitaloceanspaces.com/8/Properties/86664/conversions/Eb3Ht7gQNVKNR8or-thumb.jpg?c=1;17/02/2026 1:22;220.0
34;century21_tn;Appartement;CITÉ LES PALMERAIES;395.000;138 m²;Réf: 444306;L’agence immobilière CENTURY 21 INFINITY vous propose à la vente un appartement S+3 retapé à neuf * Emplacement : AOUINA Il se compose de: -Un salon q...;https://century21.tn/property/a-vendre-appartement-s3-cite-les-palmeraies-3/;https://logis.fra1.digitaloceanspaces.com/7/Properties/128163/conversions/NsAkWAeZr9dJvdQq-thumb.jpg?c=1;17/02/2026 1:22;395.0
34;century21_tn;Appartement;EL MENZAH 7;1.700.000;640 m²;Réf: 943295;L’agence immobilière Century 21 Infinity vous propose à la vente une villa S+4 suite avec un studio S+1 à la Menzah 7 *Emplacement: Menzah 7 *Typologi...;https://century21.tn/property/a-vendre-appartement-s5-el-menzah-7/;https://logis.fra1.digitaloceanspaces.com/7/Properties/125765/conversions/mAbfDmsuZSOwIN6w-thumb.jpg?c=1;17/02/2026 1:22;
34;century21_tn;;JARDINS DE CARTHAGE;;125 m²;Réf: 299425;L’agence Immobilière Century 21 Invest vous propose pour la vente un Fonds de Commerce d’un salon de thé d’une superficie de 125 m² situé sur une rue ...;https://century21.tn/property/a-vendre-fonds-de-commerce-aux-jardins-de-carthage/;https://logis.fra1.digitaloceanspaces.com/4/Properties/128140/conversions/oVvi5O2q8VyYs3sU-thumb.jpg?c=1;17/02/2026 1:22;
35;century21_tn;Terrain Villa;MNIHLA;156.000;200 m²;Réf: 190216;L’agence immobilière Century 21 Patrimoine El menzah 9 vous propose un Terrain à la vente situé à Mnihla -superficie 200m² -Prix du m² 780DT pour plus...;https://century21.tn/property/a-vendre-un-terrain-a-el-mnihla/;https://logis.fra1.digitaloceanspaces.com/11/Lands/127929/conversions/2Xz4xswHsqKMnsfd-thumb.jpg?c=1;17/02/2026 1:22;156.0
35;century21_tn;Appartement;JARDINS DE CARTHAGE;606.000;101 m²;Réf: 960697;L’agence immobilière Century 21 Invest vous propose pour la vente un appartement S+2 neuf promoteur situé aux jardins de Carthage . Typologie : S+2 Su...;https://century21.tn/property/a-vendre-appartement-s2-jardins-de-carthage-10/;https://logis.fra1.digitaloceanspaces.com/4/Properties/105187/conversions/eAGZxmO05mHM16uF-thumb.jpg?c=1;17/02/2026 1:22;606.0
35;century21_tn;Appartement;JARDINS DE CARTHAGE;930.000;206 m²;Réf: 192561;L’agence immobilière Century 21 Invest vous propose pour la vente un appartement S+4 dans une petite résidence aux Jardins de Carthage. Typologie : S+...;https://century21.tn/property/a-vendre-appartement-s4-jardins-de-carthage/;https://logis.fra1.digitaloceanspaces.com/4/Properties/121736/conversions/SuWfRcTjthuuSCjO-thumb.jpg?c=1;17/02/2026 1:22;930.0
35;century21_tn;Duplex;AIN ZAGHOUAN NORD;345.000;69 m²;Réf: 514945;L’agence immobilière Century 21 prestige vous propose pour la vente un duplexe s+1 . Emplacement :Ain Zaghouan nord Type : appartement Typologie : S1 ...;https://century21.tn/property/s1-a-vendre/;https://logis.fra1.digitaloceanspaces.com/8/Properties/27274/conversions/aOQrgXI44ik2degU-thumb.jpg?c=1;17/02/2026 1:22;345.0
35;century21_tn;Bureau;LA SOUKRA;340.000;95 m²;Réf: 598080;Century 21 Prestige vous propose à la vente ce bureau de 95m² situé à la Soukra, sur une artère principal, dans une résidence calme et sécurisé. Il se...;https://century21.tn/property/a-vendre-bureau-h2-la-soukra/;https://logis.fra1.digitaloceanspaces.com/8/Properties/127603/conversions/b6gv7gsS8CGwIJNy-thumb.jpg?c=1;17/02/2026 1:22;340.0
35;century21_tn;Appartement;LA SOUKRA;690.000;146 m²;Réf: 810251-2;L’agence immobilière CENTURY 21 INFINITY vous propose à la vente un appartement S+3 avec jardin direct promoteur. * Emplacement : La Nouvelle Soukra I...;https://century21.tn/property/a-vendre-appartement-s3-avec-jardin-direct-promoteur/;https://logis.fra1.digitaloceanspaces.com/7/Properties/42916/conversions/fruxasXw17zCFXZR-thumb.jpg?c=1;17/02/2026 1:22;690.0
35;century21_tn;Immeuble;LES BERGES DU LAC 3;6.800.000;1500 m²;Réf: 215747-2;L’Agence immobilière Century 21 Invest vous propose EN EXCLUSIVITE pour la vente un immeuble R+3 à usage bureautique ou commercial situé au Lac 3 offr...;https://century21.tn/property/a-vendre-en-exclusivite-immeuble-r3-a-usage-bureautique-ou-commercial-au-lac-3/;https://logis.fra1.digitaloceanspaces.com/4/Properties/75787/conversions/doRVv1mwwaKcOuQa-thumb.jpg?c=1;17/02/2026 1:22;
35;century21_tn;Villa;CITE ENNASR 2;;560 m²;Réf: 136024-3;Century 21 Prestige vous propose à la Vente cette villa indépendante de 700m² Bâtie sur un terrain de 980 m² situé dans un quartier calme et sécurisé ...;https://century21.tn/property/a-vendre-villa-s6-cite-ennasr-2-2/;https://logis.fra1.digitaloceanspaces.com/8/Properties/113974/conversions/OXkQluM3XSzkdCh8-thumb.jpg?c=1;17/02/2026 1:22;
35;century21_tn;Villa;CITÉ MORA;760.000;180 m²;Réf: 620048;Century 21 Challenge vous propose à la vente un magnifique duplex de 180m² situé dans l’un des quartiers les plus réputés et recherchés de Nabeul. Esp...;https://century21.tn/property/a-vendre-villa-s3-cite-mora/;https://logis.fra1.digitaloceanspaces.com/10/Properties/113894/conversions/DQiWhYnEHxvBUmx5-thumb.jpg?c=1;17/02/2026 1:22;760.0
36;century21_tn;Appartement;LA SOUKRA;360.000;110 m²;Réf: 346278;Century 21 Karaouli vous propose en exclusivité la vente d’un appartement S+2 situé dans une résidence sécurisée en R+2, équipée d’un ascenseur. L’app...;https://century21.tn/property/a-vendre-appartement-s2-borj-louzir/;https://logis.fra1.digitaloceanspaces.com/15/Properties/112534/conversions/Pjw9onUnDAZSD9Il-thumb.jpg?c=1;17/02/2026 1:23;360.0
36;century21_tn;Villa;YASMINE HAMMAMET;;400 m²;Réf: 88236-3;L’agence immobilière Century21 Challenge vous propose pour la vente une villa plein pied en S+3 située à Yasmine Hammamet. Ce bien d’exception est édi...;https://century21.tn/property/a-vendre-villa-s4-yasmine-hammamet/;https://logis.fra1.digitaloceanspaces.com/10/Properties/79976/conversions/94qS8dpnLcVATdpp-thumb.jpg?c=1;17/02/2026 1:23;
36;century21_tn;Terrain Villa;NABEUL;90.000;310 m²;Réf: 574931;L’agence Century 21 Challenge vous propose à la vente un terrain de 310 m², situé sur la rue principale Ceinture, à AFH3. Forme : Rectangulaire Titre ...;https://century21.tn/property/afh3-terrain-strategique-de-310-m%c2%b2/;https://logis.fra1.digitaloceanspaces.com/10/Lands/126970/conversions/bJKbnMiAYT15evHw-thumb.jpg?c=1;17/02/2026 1:23;90.0
36;century21_tn;Appartement;GAMMARTH VILLAGE;620.000;165 m²;Réf: 22490;L’agence immobilière CENTURY 21 KARAOULI vous propose à la vente un appartement S+2, direct promoteur, situé à Gammarth, Chott Ennassim. Typologie : S...;https://century21.tn/property/a-vendre-appartement-s2-gammarth-village/;https://logis.fra1.digitaloceanspaces.com/15/Properties/126916/conversions/n6I7XWhMQ39mOLjx-thumb.jpg?c=1;17/02/2026 1:23;620.0
36;century21_tn;Villa;GAMMARTH SUP;2.200.000;288 m²;Réf: 869902;L’agence immobilière Century 21 Excellence La Marsa vous propose à la vente une villa S+4 avec piscine et jardin, située à Gammarth Supérieur. Elle es...;https://century21.tn/property/a-vendre-villa-s4-avec-piscine-et-jardin-a-gammarth-sup/;https://logis.fra1.digitaloceanspaces.com/14/Properties/106699/conversions/S9isdYexy28iPPWo-thumb.jpg?c=1;17/02/2026 1:23;
36;century21_tn;Villa;SALAMBO;610.000;192 m²;Réf: 905884;L’agence immobilière Century 21 Infinity vous propose à la vente une maison à rénover sur deux niveaux à Carthage Salammbô *Emplacement: Carthage Sala...;https://century21.tn/property/a-vendre-villa-s4-salambo/;https://logis.fra1.digitaloceanspaces.com/7/Properties/126902/conversions/tagr18FrDc6V9BfK-thumb.jpg?c=1;17/02/2026 1:23;610.0
36;century21_tn;Villa;JARDINS D'EL MENZAH 2;1.520.000;540 m²;Réf: 25345-3;En Exclusivité: une villa inachevée aux Jardins menzah2 À Vendre : une villa inachevée R2 aux Jardins d’El Menzah2 Vous recherchez un investissement r...;https://century21.tn/property/a-vendre-villa-s1-jardins-del-menzah-2/;https://logis.fra1.digitaloceanspaces.com/7/Properties/124107/conversions/DocOihHuGjjndnsk-thumb.jpg?c=1;17/02/2026 1:23;
36;century21_tn;Local Commercial;JARDINS D'EL MENZAH 1;120.000;25 m²;Réf: 946555-3;L’agence immobilière Century 21 prestige vous propose à la vente un local commercial de 25m² à Jardins Del Menzah 1 -Une terrasse de 20m² Pour plus d’...;https://century21.tn/property/a-vendre-local-commercial-h1-jardins-del-menzah-1/;https://logis.fra1.digitaloceanspaces.com/8/Properties/60436/conversions/TOy0QhBPDHBSQD2W-thumb.jpg?c=1;17/02/2026 1:23;120.0
36;century21_tn;Appartement;JARDINS D'EL MENZAH 2;;185 m²;Réf: 578836;L’agence immobilière Century 21 Patrimoine – El Menzah 9 vous propose à la vente un S+4 situé aux Jardins d’El Menzah 2. Composition : -Un salon avec ...;https://century21.tn/property/a-vendre-appartement-en-s4-situe-a-jardins-del-menzah-2/;https://logis.fra1.digitaloceanspaces.com/11/Properties/124968/conversions/MBdUVyCTKGDE6B7e-thumb.jpg?c=1;17/02/2026 1:23;
37;century21_tn;Appartement;JARDINS DE CARTHAGE;685.000;125 m²;Réf: 176112-2;L’agence immobilière Century 21 Infinity vous propose à la vente des appartements S+2 et S+3 direct promoteur aux Jardins de Carthage * S+2 superficie...;https://century21.tn/property/a-vendre-appartement-s2-s3-direct-promoteur-jardins-de-carthage/;https://logis.fra1.digitaloceanspaces.com/7/Properties/96517/conversions/zF5UZPWTItvy9SBb-thumb.jpg?c=1;17/02/2026 1:23;685.0
37;century21_tn;Villa;EL MENZAH 4;1.300.000;459 m²;Réf: 677079-4;Century 21 Prestige vous propose a la vente une villa à démolir de surface terrain 459m² idéalement située dans le quartier de Menzah 4 sur une artère...;https://century21.tn/property/a-vendre-villa-s3-el-menzah-4/;https://logis.fra1.digitaloceanspaces.com/8/Properties/90576/conversions/9dNiEG5x6euEYlSJ-thumb.jpg?c=1;17/02/2026 1:23;
37;century21_tn;Terrain Villa;MREZGA;237.600;297 m²;Réf: 785764;L’agence Century 21 Challenge vous propose à la vente un terrain de 297 m² situé à Mrezga – Nabeul. Caractéristiques : Façade: 12.5 Profondeur : 28 m ...;https://century21.tn/property/a-vendre-terrain-a-mrezga/;https://logis.fra1.digitaloceanspaces.com/10/Lands/126354/conversions/Sl2MMOVZ0wITp0ws-thumb.jpg?c=1;17/02/2026 1:23;237.6
37;century21_tn;Villa;CITÉ MAHRAJÈNE;;200 m²;Réf: 873950;L’Agence Century 21 Invest vous propose pour la vente une villa S+6 avec jardin à Mutuelle ville. Superficie Terrain : 907 m² Superficie Bâti : 200 m²...;https://century21.tn/property/a-vendre-villa-s4-a-mutuelle-ville/;https://logis.fra1.digitaloceanspaces.com/4/Properties/126187/conversions/r2ungobKak2xiiEK-thumb.jpg?c=1;17/02/2026 1:23;
37;century21_tn;Bureau;CENTRE URBAIN NORD;1.650.000;401 m²;Réf: 630239;L’agence immobilière CENTURY 21 INVEST vous propose pour la vente un plateau bien équipé à centre urbain nord, Tunis Superficie :401m² Il se compose d...;https://century21.tn/property/a-vendre-plateau-de-400-m%c2%b2-a-centre-urbain-nord/;https://logis.fra1.digitaloceanspaces.com/4/Properties/126403/conversions/VwCDK8dwmBWtKJ4p-thumb.jpg?c=1;17/02/2026 1:23;
37;century21_tn;Villa;SIDI DAOUD;2.200.000;750 m²;Réf: 847086;L’Agence Century 21 Invest vous propose pour la vente une villa S+5 avec piscine à sidi daoud. Superficie Terrain : 580m² Superficie Bâti : 750m² Elle...;https://century21.tn/property/a-vendre-villa-s5-a-sidi-daoud/;https://logis.fra1.digitaloceanspaces.com/4/Properties/125396/conversions/5yBbJN9WO8Ryb5aX-thumb.jpg?c=1;17/02/2026 1:23;
37;century21_tn;;ARIANA;150.000;71 m²;Réf: 348388;🏢 L’agence immobilière Century 21 Horizon vous propose à la vente un fond de commerce situé à Ariana. 📍 Détails du bien : Type : 🏪 Fond de commerce Su...;https://century21.tn/property/a-vendre-fonds-de-commerce-h1-ariana/;https://logis.fra1.digitaloceanspaces.com/13/Properties/125580/conversions/tdvaDQzT1HplQKOD-thumb.jpg?c=1;17/02/2026 1:23;150.0
37;century21_tn;Villa;EL MENZAH 8;1.090.000;228 m²;Réf: 290366-2;L’agence immobilière Century21 challenge vous propose à la vente une Villa de 228m²bâti sur un terrain de 474m2 à El Menzah 8 Ariana. Idéale pour une ...;https://century21.tn/property/a-vendre-villa-s4-el-menzah-8/;https://logis.fra1.digitaloceanspaces.com/10/Properties/97953/conversions/tcy19J7eDMgDSozg-thumb.jpg?c=1;17/02/2026 1:23;
37;century21_tn;Triplex;GAMMARTH SUP;;170 m²;Réf: 831423;L’agence CENTURY 21 Excellence La Marsa vous propose à la vente un triplex S+4 avec piscine privée, situé à Gammarth supérieur. Ce bien est érigé sur ...;https://century21.tn/property/a-vendre-triplex-s4-a-gammarth-superieur/;https://logis.fra1.digitaloceanspaces.com/14/Properties/107876/conversions/6mAckAe4aVVgJ6gX-thumb.jpg?c=1;17/02/2026 1:23;
38;century21_tn;Appartement;CITE ENNASR 1;600.000;173 m²;Réf: 569406-3;L’agence immobilière Century 21 Infinity vous propose à la vente un appartement S+ 4 *Emplacement: cité ennaser *Typologie: S+4 *Superficie: 173 m² Il...;https://century21.tn/property/a-vendre-appartement-s3-cite-ennasr-1/;https://logis.fra1.digitaloceanspaces.com/7/Properties/76705/conversions/GBb8y0SMOWBpkcpD-thumb.jpg?c=1;17/02/2026 1:23;600.0
38;century21_tn;;NABEUL CENTRE;;488 m²;Réf: 259290;L’agence immobilière Century21 Challenge vous propose à la vente un terrain à usage mixte ( bureautique et commercial) situé sur une artère à forte de...;https://century21.tn/property/a-vendre-terrain-special-promoteurs-a-nabeul-centre/;https://logis.fra1.digitaloceanspaces.com/Logos%20%26%20Images/Login%20Images/KS4cbEdlbRhExx1fgzhX8P1SFCVbCNRw1Xmts9l5.jpg?c=1;17/02/2026 1:23;
38;century21_tn;Duplex;CITÉ EL MOUSTAKBEL (SIDI DAOUD);;150 m²;Réf: 576776;L’agence immobilière Century 21 KARAOULI vous propose à la vente un duplex en S+2 à sidi daoud la Marsa Il se compose comme suit : * Un salon, salle à...;https://century21.tn/property/a-vendre-duplex-s2-la-marsa-sidi-daoud/;https://logis.fra1.digitaloceanspaces.com/15/Properties/126004/conversions/My3vuCp66Qv9l5Jv-thumb.jpg?c=1;17/02/2026 1:23;
38;century21_tn;Appartement;CHOTRANA 3;650.000;155 m²;Réf: 199573-3;Century 21 Prestige met à la vente un appartement de 155m² haut standing en S+3 à Chotrana 3 -Un salon avec balcon -Une cuisine équipée avec séchoir -...;https://century21.tn/property/a-vendre-appartement-s3-chotrana-3/;https://logis.fra1.digitaloceanspaces.com/8/Properties/63999/conversions/ENL4Bx2aeIk6g5YP-thumb.jpg?c=1;17/02/2026 1:23;650.0
38;century21_tn;Appartement;RAOUED;800.000;200 m²;Réf: 928953;L’agence immobilière Century 21 Infinity vous propose à la vente un appartement S+3 à Raoued plage . *Emplacement : Raoued plage. *Typologie : S+3 de ...;https://century21.tn/property/a-vendre-appartement-s3-raoued-plage/;https://logis.fra1.digitaloceanspaces.com/7/Properties/124554/conversions/N4wigC8MQGiMirDY-thumb.jpg?c=1;17/02/2026 1:23;800.0
38;century21_tn;;AIN ZAGHOUAN;;900 m²;Réf: 371054;Century 21 Prestige vous propose à la vente un Fond de Commerce, toujours en activité, situé dans un quartier commercial prisé et doté d’une excellent...;https://century21.tn/property/a-vendre-fonds-de-commerce-h5-ain-zaghouan/;https://logis.fra1.digitaloceanspaces.com/8/Properties/125777/conversions/vDaKQTXXZbMUXckl-thumb.jpg?c=1;17/02/2026 1:23;
38;century21_tn;Local Commercial;LA SOUKRA;95.000;184 m²;Réf: 942445;L’agence immobilière CENTURY 21 Prestige la Soukra vous propose à la vente d’un Fond de commerce d’une superficie de 160 m², situé Rue Fattouma Bourgu...;https://century21.tn/property/a-louer-local-commercial-la-soukra/;https://logis.fra1.digitaloceanspaces.com/Logos%20%26%20Images/Login%20Images/ziG8vnRHkVKxGfuz27yJin0IBoo2HYum7kgqvDlH.jpg?c=1;17/02/2026 1:23;95.0
38;century21_tn;Appartement;CITÉ EL WAFA AFH 2;595.000;140 m²;Réf: 304902-3;L’agence Century21 Challenge vous propose pour la vente un appartement en S+3 très haut standing, une bonne orientation à cité el Wafa AFH2 Nabeul Il ...;https://century21.tn/property/a-vendre-appartement-s3-cite-el-wafa-afh-2-2/;https://logis.fra1.digitaloceanspaces.com/10/Properties/79510/conversions/EmiMgcdyuDtePggg-thumb.jpg?c=1;17/02/2026 1:23;595.0
38;century21_tn;Appartement;ROUTE DU RELAIS;450.000;122 m²;Réf: 440715-2;Century 21 Prestige vous propose à la vente cet appartement en S+2 d’une superficie de 123m2 situé dans une résidence calme et sécurisée à la Marsa. I...;https://century21.tn/property/a-vendre-appartement-s2-route-du-relais/;https://logis.fra1.digitaloceanspaces.com/8/Properties/101657/conversions/DRiTDaP2ptJMb4mb-thumb.jpg?c=1;17/02/2026 1:23;450.0
39;century21_tn;Appartement;JARDINS DE CARTHAGE;465.000;120 m²;Réf: 871025;L’agence immobilière Century 21 Invest vous propose pour la vente un appartement S+2 aux Jardins de Carthage. Il se compose de : – Salon spacieux avec...;https://century21.tn/property/a-vendre-appartement-s2-aux-jardins-de-carthage/;https://logis.fra1.digitaloceanspaces.com/4/Properties/106622/conversions/u8N8RSPZati0k8k3-thumb.jpg?c=1;17/02/2026 1:23;465.0
39;century21_tn;Appartement;CITÉ EL WAFA AFH 2;440.000;141 m²;Réf: 27356;Century21 Challenge vous propose à la vente un appartement S+3 d’une superficie de 141m², situé dans une résidence à AFH 2, cité Wafa, Nabeul. L’appar...;https://century21.tn/property/a-vendre-appartement-s3-cite-el-wafa-afh-2/;https://logis.fra1.digitaloceanspaces.com/10/Properties/125497/conversions/x6KxR9VCiSsaHHh3-thumb.jpg?c=1;17/02/2026 1:23;440.0
39;century21_tn;Appartement;CITÉ UNIVERSITAIRE;;70 m²;Réf: 439349;L’agence Century 21 Challenge vous propose à la vente un appartement S+2 d’une superficie de 70 m², offrant un cadre de vie agréable. Idéalement situé...;https://century21.tn/property/a-vendre-appartement-s1-cite-universitaire/;https://logis.fra1.digitaloceanspaces.com/10/Properties/96385/conversions/HeGzaxB9XnDe2day-thumb.jpg?c=1;17/02/2026 1:23;
39;century21_tn;Duplex;HAMMAMET SUD;;274 m²;Réf: 198228;L’agence immobilière Century 21 Challenge vous propose un duplex direct promoteur, situé au 1er étage d’une résidence haut standing, calme, gardée et ...;https://century21.tn/property/a-vendre-duplex-s2-hammamet-sud-2/;https://logis.fra1.digitaloceanspaces.com/10/Properties/125358/conversions/2s4Z1D10MuWRzaB2-thumb.jpg?c=1;17/02/2026 1:23;
39;century21_tn;Appartement;HAMMAMET SUD;;130 m²;Réf: 665330;L’agence immobilière Century 21 Challenge vous propose à la vente un appartement S+2 direct promoteur situé au 1er étage d’une résidence haut standing...;https://century21.tn/property/a-vendre-appartement-s2-hammamet-sud/;https://logis.fra1.digitaloceanspaces.com/10/Properties/125175/conversions/IPAZHfDJPcqlL4b0-thumb.jpg?c=1;17/02/2026 1:23;
39;century21_tn;Duplex;HAMMAMET SUD;;280 m²;Réf: 558995;L’agence immobilière Century 21 Challenge vous propose à la vente un duplex avec piscine direct promoteur situé dans une résidence calme et sécurisée ...;https://century21.tn/property/a-vendre-duplex-s2-hammamet-sud/;https://logis.fra1.digitaloceanspaces.com/10/Properties/125148/conversions/UBycEiFAIc69dFsp-thumb.jpg?c=1;17/02/2026 1:23;
39;century21_tn;Appartement;CITÉ EL WAFA AFH 2;280.000;69 m²;Réf: 40548;L’agence Century21 Challenge vous propose à la vente un appartement S+1 direct promoteur d’une superficie de 69 m², situé dans une résidence récemment...;https://century21.tn/property/a-vendre-appartement-s1-cite-el-wafa-afh-2/;https://logis.fra1.digitaloceanspaces.com/10/Properties/125213/conversions/LvBKQREZIcnWlWWR-thumb.jpg?c=1;17/02/2026 1:23;280.0
39;century21_tn;Villa;NABEUL;750.000;150 m²;Réf: 865549-2;L’agence immobilière Century 21 Challenge vous propose pour la vente une villa à rénover sur une route à fort achalandage à Nabeul centre. – Superfici...;https://century21.tn/property/a-vendre-villa-456m2-a-nabeul/;https://logis.fra1.digitaloceanspaces.com/10/Properties/100510/conversions/MPv4qroj355gNpbv-thumb.jpg?c=1;17/02/2026 1:23;750.0
39;century21_tn;Villa;NABEUL CENTRE;;1702 m²;Réf: 187394-2;L’agence Immobilière Century21 Challenge vous propose à la vente une propriété de 1702 m2 au centre ville de Nabeul cette propriété comprend un terrai...;https://century21.tn/property/a-vendre-villa-1702m2-a-nabeul-centre/;https://logis.fra1.digitaloceanspaces.com/10/Properties/100112/conversions/y2YIjYdM42dPIkJT-thumb.jpg?c=1;17/02/2026 1:23;
40;century21_tn;Villa;CITE EL GHAZALA 1;780.000;420 m²;Réf: 216179;L’agence immobilière Century 21 Patrimoine vous propose à la vente une villa indépendante, située dans un quartier résidentiel a La Ghazella, proche d...;https://century21.tn/property/a-vendre-villa-s7-cite-el-ghazala-1/;https://logis.fra1.digitaloceanspaces.com/11/Properties/120482/conversions/mQhFyVYuLgvsHmGd-thumb.jpg?c=1;17/02/2026 1:23;780.0
40;century21_tn;;NABEUL;640.000;2645 m²;Réf: 333435;L’agence immobilière Century21 Challenge vous propose à la vente un terrain à usage industriel situé au centre de la zone industrielle de Nabeul en de...;https://century21.tn/property/a-vendre-terrain-industriel-de-2645m2-a-nabeul/;https://logis.fra1.digitaloceanspaces.com/Logos%20%26%20Images/Login%20Images/KS4cbEdlbRhExx1fgzhX8P1SFCVbCNRw1Xmts9l5.jpg?c=1;17/02/2026 1:23;640.0
40;century21_tn;Villa;EL MENZAH 9;1.290.000;600 m²;Réf: 474286;L’agence Century 21 PATRIMOINE vous propose une villa située dans un secteur prisé de Menzah 9, avec une surface bâtie de 600 m² sur un terrain de 533...;https://century21.tn/property/a-vendre-une-villa-a-el-menzah-9/;https://logis.fra1.digitaloceanspaces.com/11/Properties/118390/conversions/pXLc3FkzcJf54Ytm-thumb.jpg?c=1;17/02/2026 1:23;
40;century21_tn;Appartement;ROUTE DE LA MARSA;1.111.000;208 m²;Réf: 575347-5;Century 21 Prestige met à la vente un appartement de 208m² haut standing en S+3 Ain Zaghouan sur la route de la Marsa -Un salon avec balcon -Deux suit...;https://century21.tn/property/a-vendre-appartement-s3-route-de-la-marsa/;https://logis.fra1.digitaloceanspaces.com/8/Properties/70784/conversions/w5SDHtY2KrjdneGM-thumb.jpg?c=1;17/02/2026 1:23;
40;century21_tn;;BOU CHARRAY;850.000;7227 m²;Réf: 162309;L’agence Immobilière Century21 Challenge vous propose à la vente une ferme de 7227m2 à Boucharray Soliman. La ferme est clôturée des 4 cotés avec une ...;https://century21.tn/property/a-vendre-une-ferme-a-boucharray-soliman/;https://logis.fra1.digitaloceanspaces.com/10/Properties/116068/conversions/aGpaPNpKSsm4bRdI-thumb.jpg?c=1;17/02/2026 1:23;850.0
40;century21_tn;Villa;CITÉ HOTEL DES ANDALOUS;400.000;142 m²;Réf: 573546;L’agence immobilière Century21 challenge vous propose à la vente une Villa de 142m²bâti sur un terrain de 442m2 à Soliman plage. Idéale pour une famil...;https://century21.tn/property/a-vendre-villa-442m2-a-soliman/;https://logis.fra1.digitaloceanspaces.com/10/Properties/122093/conversions/MGHfPJhxDajhea1B-thumb.jpg?c=1;17/02/2026 1:23;400.0
40;century21_tn;Appartement;JARDINS DE CARTHAGE;1.040.000;175 m²;Réf: 494547;Century 21 Invest vous propose pour la Vente un appartement S+3 neuf aux Jardins de Carthage. Typologie : S+3 Superficie : 175 m² Il se compose de : –...;https://century21.tn/property/vente-appartement-s3-neuf-aux-jardins-de-carthage/;https://logis.fra1.digitaloceanspaces.com/4/Properties/72717/conversions/E2egeJMWiZ988ZMC-thumb.jpg?c=1;17/02/2026 1:23;
40;century21_tn;Local Commercial;JARDINS DE CARTHAGE;110.000;40 m²;Réf: 64434;L’Agence Century 21 Invest vous propose pour la vente fonds de commerce de 40m² avec terrasse de 25m² aux Jardins de carthage. Hauteur : 5.5m Facade: ...;https://century21.tn/property/a-vendre-fond-de-commerce-aux-jardins-de-carthage-3/;https://logis.fra1.digitaloceanspaces.com/4/Properties/124223/conversions/BMolldvEhCfni5HW-thumb.jpg?c=1;17/02/2026 1:23;110.0
40;century21_tn;Appartement;CITÉ EL WAFA AFH 2;400.000;240 m²;Réf: 803786;L’agence Century21 Challenge vous propose à la vente un appartement S+2 situé au RDC d’une Immeuble à Cité El Wafa AFH2 Nabeul. L’appartement se compo...;https://century21.tn/property/a-vendre-s2-rdc-a-afh-2/;https://logis.fra1.digitaloceanspaces.com/10/Properties/124524/conversions/GUAFDwYOM0Ns9pSZ-thumb.jpg?c=1;17/02/2026 1:23;400.0
41;century21_tn;Terrain Villa;CITÉ EL WAFA AFH 2;310.000;207 m²;Réf: 735802;L’agence Century 21 Challenge vous propose à la vente un terrain de 207 m² situé à Cité El Wafa, AFH2 – Nabeul. Caractéristiques : Façade: 13 m Profon...;https://century21.tn/property/a-vendre-terrain-207-m%c2%b2-a-afh2-nabeul/;https://logis.fra1.digitaloceanspaces.com/10/Lands/124462/conversions/zDAt85liNIeKnx3B-thumb.jpg?c=1;17/02/2026 1:23;310.0
41;century21_tn;;NABEUL;;2672 m²;Réf: 479673;L’agence Immobilière Century21 Challenge vous propose à la vente des lots de terrain à vocation agricole de superficie à partir de 150m² situés à la s...;https://century21.tn/property/terrains-agricoles-en-lots-a-nabeul/;https://logis.fra1.digitaloceanspaces.com/Logos%20%26%20Images/Login%20Images/KS4cbEdlbRhExx1fgzhX8P1SFCVbCNRw1Xmts9l5.jpg?c=1;17/02/2026 1:23;
41;century21_tn;Terrain Villa;CHOTRANA 2;900;900 m²;Réf: 360970-2;L’agence immobilière Century 21 Infinity vous propose à la vente un terrain situé dans une zone résidentielle à la Soukra *Superficie: 900 m² Pour plu...;https://century21.tn/property/a-vendre-une-parcelle-de-terrain-a-la-soukra/;https://logis.fra1.digitaloceanspaces.com/7/Lands/26411/conversions/q5vyuo9mA4UozSqo-thumb.jpg?c=1;17/02/2026 1:23;900.0
41;century21_tn;Terrain Villa;EL AIN;700;1450 m²;Réf: 999327;L’agence immobilière Century 21 INVEST vous propose pour la vente un terrain villa de 1450 m² situé dans un nouveau lotissement viabilisé à El Ain Sfa...;https://century21.tn/property/a-vendre-terrain-de-1450-m%c2%b2-a-el-ain-sfax/;https://logis.fra1.digitaloceanspaces.com/4/Lands/124378/conversions/X4juR2Et9nmPojdB-thumb.jpg?c=1;17/02/2026 1:23;700.0
41;century21_tn;Villa;BOUHSINA;1.200.000;300 m²;Réf: 559528-2;L’agence immobilière century 21 Masters vous propose à la vente une villa à rénover d’un terrain de 1100m2 à BOUHSINA. Pour plus d’informations veuill...;https://century21.tn/property/a-vendre-villa-a-renover-en-s4-a-bouhsina/;https://logis.fra1.digitaloceanspaces.com/1/Properties/92818/conversions/CUE8wjRuEDdbUkAE-thumb.jpg?c=1;17/02/2026 1:23;
41;century21_tn;Appartement;MREZGA;235.000;68 m²;Réf: 316637;L’agence immobilière Century21 Challenge vous propose pour la vente un appartement en S+1 de 68m². Ce bien se compose comme suit: -Un grand salon ouvr...;https://century21.tn/property/a-vendre-appartement-s1-mrezga/;https://logis.fra1.digitaloceanspaces.com/10/Properties/124269/conversions/pJSVXwPfKJEpfcX6-thumb.jpg?c=1;17/02/2026 1:23;235.0
41;century21_tn;Duplex;NOUVELLE ARIANA;575.000;174 m²;Réf: 646167;🏡 À Vendre – Triplex S+4 à El Menzah 5 (Cité El Milaha) L’agence immobilière Century 21 Horizon vous propose à la vente un magnifique triplex S+4 situ...;https://century21.tn/property/a-vendre-triplex-s4-cite-el-mileha/;https://logis.fra1.digitaloceanspaces.com/13/Properties/124036/conversions/ZGfs4lMjIuHDtQhS-thumb.jpg?c=1;17/02/2026 1:23;575.0
41;century21_tn;;NABEUL;260.000;3518 m²;Réf: 292720;L’agence Immobilière Century21 Challenge vous propose à la vente un terrain à vocation agricole de 3518m² situé à la sortie de Nabeul vers Tunis. Pour...;https://century21.tn/property/a-vendre-terrain-agricole-a-lentree-de-la-ville-de-nabeul/;https://logis.fra1.digitaloceanspaces.com/10/Lands/124065/conversions/zRaPnBXR0XmvPncG-thumb.jpg?c=1;17/02/2026 1:23;260.0
41;century21_tn;Appartement;MONTPLAISIR;120.000;65 m²;Réf: 653970-2;L’agence immobilière Century 21 Infinity vous propose à la location un appartement S+ 3 *Emplacement:La Fayette *Typologie: S+3 *Superficie: 65 m² *Ét...;https://century21.tn/property/a-vendre-appartement-s2-montplaisir-2/;https://logis.fra1.digitaloceanspaces.com/7/Properties/95817/conversions/cp4rCMKhWOcgJZWX-thumb.jpg?c=1;17/02/2026 1:23;120.0
42;century21_tn;Local Commercial;NABEUL CENTRE;;208 m²;Réf: 560346;L’agence Immobilière Century21 Challenge vous propose à la vente un local commercial de 208 m2. *Emplacement: avenue Habib Bourguiba Nabeul . *Superfi...;https://century21.tn/property/a-vendre-local-commercial-nabeul-centre-ville/;https://logis.fra1.digitaloceanspaces.com/10/Properties/123948/vjFp7pm3mb1uvp0N.png?c=1;17/02/2026 1:24;
42;century21_tn;Villa;GOLF DE GAMMARTH;;610 m²;Réf: 337544;L’agence immobilière Century 21 Excellence La Marsa vous propose à la vente une villa prestigieuse avec piscine et vaste jardin, idéalement située au ...;https://century21.tn/property/a-vendre-villa-prestigieuse-au-golf-de-gammarth/;https://logis.fra1.digitaloceanspaces.com/14/Properties/123900/conversions/JpqG2relHxknq8vs-thumb.jpg?c=1;17/02/2026 1:24;
42;century21_tn;Terrain Villa;RAOUED;650.000;447 m²;Réf: 55750-2;A vendre un terrain viabilisé d’une superficie de 447m2, situé à Raoued plage dans une résidence privée, clôturée et gardé « les flamants roses villag...;https://century21.tn/property/99967-2/;https://logis.fra1.digitaloceanspaces.com/7/Lands/97609/vF7ZaOXXvtIcIpW2?c=1;17/02/2026 1:24;650.0
42;century21_tn;Fond de commerce;EL MENZAH 8;70.000;40 m²;Réf: 247094;L’agence immobilière Century 21 Horizon vous propose, à la Vente, un Fond de commerce situé a El Menzah 8. Type: Fond de Commerce – Superficie : 30M² ...;https://century21.tn/property/a-vendre-fond-de-commerce-el-menzah-8/;https://logis.fra1.digitaloceanspaces.com/13/Properties/119441/conversions/y9MyrViUAeXRK0Xv-thumb.jpg?c=1;17/02/2026 1:24;70.0
42;century21_tn;Appartement;JARDINS DE CARTHAGE;;80 m²;Réf: 832054-5;L’agence immobilière Century 21 Infinity vous propose à la vente S1/ S2/ S3/ duplex aux Jardins de carthage *Emplacement: Jardins de carthage *Typolog...;https://century21.tn/property/a-vendre-appartement-s1-jardins-de-carthage-8/;https://logis.fra1.digitaloceanspaces.com/7/Properties/50398/conversions/8FTzvwSH1DxDiqqS-thumb.jpg?c=1;17/02/2026 1:24;
42;century21_tn;Appartement;JARDINS DE CARTHAGE;;82 m²;Réf: 619496-5;L’agence immobilière Century 21 Infinity vous propose à la vente S1/ S2/ S3 aux Jardin de Carthage *Emplacement: Jardins de Carthage *Typologie: S1 *S...;https://century21.tn/property/a-vendre-appartement-s1-ain-zaghouan-2/;https://logis.fra1.digitaloceanspaces.com/7/Properties/57485/conversions/nDSvZEwt2RIbhlPD-thumb.jpg?c=1;17/02/2026 1:24;
42;century21_tn;Appartement;JARDINS DE CARTHAGE;680.000;150 m²;Réf: 896133;L’agence Century 21 INVEST vous propose pour la vente un appartement S+2 très haut standing situé à Jardin De Carthage. Il se compose de : – Salon spa...;https://century21.tn/property/a-vendre-appartement-s2-jardins-de-carthage-9/;https://logis.fra1.digitaloceanspaces.com/4/Properties/110912/conversions/2tr5VyJ197LJ1Ke4-thumb.jpg?c=1;17/02/2026 1:24;680.0
42;century21_tn;Villa;BORJ TOUIL;510.000;298 m²;Réf: 426243;🏡 À vendre – Villa indépendante S+5 à Borj Touil L’agence immobilière Century 21 Horizon vous propose à la vente villa indépendante S+5, implantée sur...;https://century21.tn/property/a-vendre-villa-s5-borj-touil/;https://logis.fra1.digitaloceanspaces.com/13/Properties/123421/conversions/zpSFi9QrhwQvp5fs-thumb.jpg?c=1;17/02/2026 1:24;510.0
42;century21_tn;Duplex;LA SOUKRA;990.000;253 m²;Réf: 61686;Century 21 Prestige vous propose à la vente une villa jumelée d’une superficie de 245m² située dans une impasse à Rue Yaakout el Hamaoui, La Soukra, b...;https://century21.tn/property/a-vendre-duplex-s4-la-soukra/;https://logis.fra1.digitaloceanspaces.com/8/Properties/121675/conversions/OXzbqZNmqVvKyr14-thumb.jpg?c=1;17/02/2026 1:24;990.0
43;century21_tn;Villa;HAMMAMET NORD;;400 m²;Réf: 606393;L’agence Immobilière Century21 Challenge propose pour la vente une villa plain-pied au coeur de la station touristique Hammamet Nord . Cette Villa de ...;https://century21.tn/property/a-vendre-villa-s4-hammamet-nord/;https://logis.fra1.digitaloceanspaces.com/10/Properties/123264/a69PRuEPt5SQPIGs.png?c=1;17/02/2026 1:24;
43;century21_tn;Appartement;BAB BHAR;50.000;20 m²;Réf: 982480;L’agence immobilière Century 21 Masters vous propose à la vente un studio S+0 situé à Tunis, à seulement 2 pas de l’avenue Habib Bourguiba. Compositio...;https://century21.tn/property/a-vendre-appartement-s1-bab-bhar/;https://logis.fra1.digitaloceanspaces.com/1/Properties/123234/conversions/8NKQ9jUxLm6cwWsW-thumb.jpg?c=1;17/02/2026 1:24;50.0
43;century21_tn;Appartement;SIDI DAOUD;450.000;110 m²;Réf: 144527-3;L’agence Century 21 Invest vous propose pour la vente un appartement S+2 à sidi Daoud La Marsa . Typologie : S+2 Superficie : 110m² Il se compose de :...;https://century21.tn/property/a-vendre-appartement-s2-a-sidi-daoud/;https://logis.fra1.digitaloceanspaces.com/4/Properties/65619/conversions/SWT4VFgzejQouICW-thumb.jpg?c=1;17/02/2026 1:24;450.0
43;century21_tn;Duplex;JARDINS DE CARTHAGE;1.889.000;337 m²;Réf: 451836-2;À vendre duplex S+4 Jardins de Carthage L’agence immobilière Century 21 Infinity vous propose à la vente un duplex neuf aux Jardins de Carthage. *Empl...;https://century21.tn/property/a-vendre-duplex-s4-jardins-de-carthage-2/;https://logis.fra1.digitaloceanspaces.com/7/Properties/101330/conversions/S1zvNOAO285Fj8iw-thumb.jpg?c=1;17/02/2026 1:24;
43;century21_tn;Duplex;JARDINS DE CARTHAGE;1.155.000;260 m²;Réf: 39686-2;À vendre duplex S+2 Suites avec piscine aux Jardins de Carthage L’agence immobilière Century 21 Infinity vous propose à la vente un duplex S+2 aux Jar...;https://century21.tn/property/a-vendre-duplex-s2-suite-avec-piscine-jardins-de-carthage/;https://logis.fra1.digitaloceanspaces.com/7/Properties/104387/conversions/P1U7j7GH4mMjGoNf-thumb.jpg?c=1;17/02/2026 1:24;
43;century21_tn;Terrain Villa;CITÉ BHAR LAZREG;;2100 m²;Réf: 398423-2;L’agence immobilière CENTURY 21 PRESTIGE vous propose une opportunité à ne pas manquer un terrain spacieux de 2100m², idéalement situé à Bhar Lazrak, ...;https://century21.tn/property/terran-a-vendre-bhar-lazrak-la-soukra/;https://logis.fra1.digitaloceanspaces.com/8/Lands/123205/conversions/Q7urf2sPHzabhct7-thumb.jpg?c=1;17/02/2026 1:24;
43;century21_tn;Terrain Villa;CARTHAGE BYRSA;;1200 m²;Réf: 621751;L’agence immobilière CENTURY 21 Prestige vous propose une opportunité rare à Carthage Byrsa ,un terrain spacieux de 1 260 m², idéalement situé dans l’...;https://century21.tn/property/tarrain-a-vendre-carthage-byrsa/;https://logis.fra1.digitaloceanspaces.com/8/Lands/123207/conversions/hsW7Wg7EmjfIGd4U-thumb.jpg?c=1;17/02/2026 1:24;
43;century21_tn;Terrain Villa;LA SOUKRA;450.000;500 m²;Réf: 272535-2;L’agence immobilière CENTURY 21 PRESTIGE vous présente une opportunité à ne pas manquer ! Nous vous proposons un terrain spacieux de 500m², idéalement...;https://century21.tn/property/terrain-la-soukra-500-m%c2%b2/;https://logis.fra1.digitaloceanspaces.com/8/Lands/68918/conversions/6hy9EaHY5YHUIC8Y-thumb.jpg?c=1;17/02/2026 1:24;450.0
43;century21_tn;Terrain Villa;MNIHLA;346.400;433 m²;Réf: 371753;L’agence immobilière Century 21 Patrimoine vous propose à la vente un terrain viabilisé de 433 m² situé à Mnihla, à proximité de l’axe principal, prêt...;https://century21.tn/property/terrain-viabilise-512-m%c2%b2-a-mnihla-axe-principal-2/;https://logis.fra1.digitaloceanspaces.com/Logos%20%26%20Images/Login%20Images/KS4cbEdlbRhExx1fgzhX8P1SFCVbCNRw1Xmts9l5.jpg?c=1;17/02/2026 1:24;346.4
44;century21_tn;Terrain Villa;MNIHLA;409.000;512 m²;Réf: 333184;L’agence immobilière Century 21 Patrimoine vous propose à la vente un magnifique terrain viabilisé de 512 m² situé à Mnihla, à proximité de l’axe prin...;https://century21.tn/property/terrain-viabilise-512-m%c2%b2-a-mnihla-axe-principal/;https://logis.fra1.digitaloceanspaces.com/Logos%20%26%20Images/Login%20Images/KS4cbEdlbRhExx1fgzhX8P1SFCVbCNRw1Xmts9l5.jpg?c=1;17/02/2026 1:24;409.0
44;century21_tn;Terrain Villa;MNIHLA;378.000;473 m²;Réf: 368791;L’agence immobilière Century 21 Patrimoine vous propose à la vente un magnifique terrain viabilisé de 473 m² situé à Mnihla, à proximité de l’axe prin...;https://century21.tn/property/terrain-viabilise-505-m%c2%b2-a-mnihla-axe-principal-473-m%c2%b2/;https://logis.fra1.digitaloceanspaces.com/Logos%20%26%20Images/Login%20Images/KS4cbEdlbRhExx1fgzhX8P1SFCVbCNRw1Xmts9l5.jpg?c=1;17/02/2026 1:24;378.0
44;century21_tn;Terrain Villa;MNIHLA;425.000;532 m²;Réf: 722575;L’agence immobilière Century 21 Patrimoine vous propose à la vente un magnifique terrain viabilisé de 532 m² situé à Mnihla, à proximité de l’axe prin...;https://century21.tn/property/terrain-viabilise-532-m%c2%b2-a-mnihla-axe-principal-505-m%c2%b2/;https://logis.fra1.digitaloceanspaces.com/Logos%20%26%20Images/Login%20Images/KS4cbEdlbRhExx1fgzhX8P1SFCVbCNRw1Xmts9l5.jpg?c=1;17/02/2026 1:24;425.0
44;century21_tn;Terrain Villa;MNIHLA;404.000;505 m²;Réf: 314892;L’agence immobilière Century 21 Patrimoine vous propose à la vente un magnifique terrain viabilisé de 505 m² situé à Mnihla, à proximité de l’axe prin...;https://century21.tn/property/terrain-viabilise-505-m%c2%b2-a-mnihla-axe-principal/;https://logis.fra1.digitaloceanspaces.com/Logos%20%26%20Images/Login%20Images/KS4cbEdlbRhExx1fgzhX8P1SFCVbCNRw1Xmts9l5.jpg?c=1;17/02/2026 1:24;404.0
44;century21_tn;Fond de commerce;AOUINA;35.000;45 m²;Réf: 657551;L’agence immobilière CENTURY 21 Prestige la Soukra vous propose à la location un local commercial d’une superficie de 45 m², situé Rue Mongi Slim Aoui...;https://century21.tn/property/a-vendre-fond-de-commerce-h-1-aouina/;https://logis.fra1.digitaloceanspaces.com/8/Properties/107672/conversions/ywlpzKmxmpIwJ6ss-thumb.jpg?c=1;17/02/2026 1:24;35.0
44;century21_tn;Villa;CITÉ MAHRAJÈNE;3.500.000;1000 m²;Réf: 293484-3;Century 21 Prestige vous propose a la vente une villa à démolir qui fait l’angle et avec deux façade érigée sur deux niveaux 1000 m² de surface terrai...;https://century21.tn/property/a-vendre-villa-s7-mutuelle-ville/;https://logis.fra1.digitaloceanspaces.com/8/Properties/86435/conversions/9hdQHfuN19K9pTRA-thumb.jpg?c=1;17/02/2026 1:24;
44;century21_tn;Local Commercial;LES BERGES DU LAC 2;210.000;150 m²;Réf: 636165;L’agence Century 21 Invest, vous propose pour la vente de fonds de commerce de 150m² en double hauteur aux berges du lac 2. Situé sur une artère princ...;https://century21.tn/property/a-vendre-fond-de-commercial-de-150m%c2%b2-aux-berges-du-lac-2/;https://logis.fra1.digitaloceanspaces.com/4/Properties/123082/YaF9tsnK4te5zbHc.jpg?c=1;17/02/2026 1:24;210.0
44;century21_tn;Villa;RTIBA;;220 m²;Réf: 681285-3;L’agence immobilière Century 21 Challenge vous présente une villa bien entretenue à vendre à Rtiba, Nabeul. Cette propriété de 220m² bâti et de 6000m²...;https://century21.tn/property/a-vendre-une-ferme-avec-villa-s4-a-rtiba/;https://logis.fra1.digitaloceanspaces.com/10/Properties/72635/conversions/Xr9MkMHEVffpSZcJ-thumb.jpg?c=1;17/02/2026 1:24;
44;century21_tn;Villa;DAR CHAABANE PLAGE;;1026 m²;Réf: 543886-2;L’agence immobilière Century21 Challenge vous propose à la vente une villa sur un terrain multifonctionnel de 1026 m2 avec une façade de 30m linéaires...;https://century21.tn/property/a-vendre-villa-de-1026-m2-a-dar-chaabane-el-fehri/;https://logis.fra1.digitaloceanspaces.com/10/Properties/95575/conversions/2kXJiue4EijyLDpf-thumb.jpg?c=1;17/02/2026 1:24;
45;century21_tn;;DAR CHAABANE ELFEHRI;;3767 m²;Réf: 807410;L’agence Immobilière Century21 Challenge vous propose à la vente un terrain à vocation agricole de 3767m² situé entre Dar Chaabane et Beni Khiar, ce t...;https://century21.tn/property/terrain-agricole-a-vendre-entre-dar-chaabane-et-beni-khiar/;https://logis.fra1.digitaloceanspaces.com/10/Lands/122196/conversions/eM3FK9f3zUFGGaCA-thumb.jpg?c=1;17/02/2026 1:24;
45;century21_tn;Appartement;MARSA STADE;475.000;98 m²;Réf: 903186;L’agence immobilière CENTURY 21 Excellence La Marsa vous propose à la vente un appartement S+2 situé à La Marsa. Il se compose de : – Un salon lumineu...;https://century21.tn/property/a-vendre-appartement-s2-a-la-marsa/;https://logis.fra1.digitaloceanspaces.com/14/Properties/120612/conversions/pAh17SD5DxTb01EE-thumb.jpg?c=1;17/02/2026 1:24;475.0
45;century21_tn;Villa;CHOTRANA 2;2.600.000;614 m²;Réf: 780086-2;L’agence immobilière CENTURY 21 PRESTIGE vous propose à la Vente une villa de 614 m² sur un terrain de 815 m². *Au rez-de-chaussée : – Un double salon...;https://century21.tn/property/a-vendre-villa-s5-chotrana-2/;https://logis.fra1.digitaloceanspaces.com/8/Properties/85682/conversions/thEc7TTXwF4OvO7L-thumb.jpg?c=1;17/02/2026 1:24;
45;century21_tn;Villa;EL MENZAH 4;;200 m²;Réf: 593243-2;L’agence immobilière Century 21 Masters vous propose la vente une villa à démolir érigée sur un seul niveau sur un terrain de 629 m² située à El Menza...;https://century21.tn/property/a-vendre-une-villa-de-629m%c2%b2-a-el-menzah-4/;https://logis.fra1.digitaloceanspaces.com/1/Properties/47942/conversions/YNxF6z94SwJiwTk4-thumb.jpg?c=1;17/02/2026 1:24;
45;century21_tn;Villa;BOUHSINA;900.000;400 m²;Réf: 574038;L’agence immobilière century21 Masters vous propose à la vente une villa à BOUHSINA. Elle se compose comme suit: Un rez- de jardin: -Un salon -Deux ch...;https://century21.tn/property/a-vendre-villa-s5-cite-boukhzar/;https://logis.fra1.digitaloceanspaces.com/1/Properties/92065/conversions/8yS3dVoK0FSi5EIg-thumb.jpg?c=1;17/02/2026 1:24;900.0
45;century21_tn;Appartement;CITE ENNASR 1;620.000;230 m²;Réf: 969008;L’agence immobilière century 21 Masters vous propose à la vente un appartement s+4 à Ennasr1. Il se compose comme suit : -Un grand salon. -Trois chamb...;https://century21.tn/property/a-vendre-appartement-s4-cite-ennasr-1/;https://logis.fra1.digitaloceanspaces.com/1/Properties/95856/conversions/DKdDm6E7usUdxPCO-thumb.jpg?c=1;17/02/2026 1:24;620.0
45;century21_tn;Villa;EL MENZAH 1;3.000.000;300 m²;Réf: 778029;L’agence immobilière century 21 masters vous propose à la vente une villa d’un terrain de 630m²,couvert 300m²situé à Menzah 1. Elle se compose comme s...;https://century21.tn/property/a-vendre-villa-s4-el-menzah-1/;https://logis.fra1.digitaloceanspaces.com/1/Properties/116871/conversions/jFosBBr8G33wCmVI-thumb.jpg?c=1;17/02/2026 1:24;
45;century21_tn;Bureau;SOUSSE CORNICHE;550.000;107 m²;Réf: 53894;L’agence immobilière century 21 Masters vous propose à la vente un bureau H+3 situé à SOUSSE. Il se compose comme suit: -Un hall spacieux -Deux pièces...;https://century21.tn/property/a-vendre-bureau-h2-sousse-corniche/;https://logis.fra1.digitaloceanspaces.com/1/Properties/119453/conversions/Zsr4yOpBtKG1LnHt-thumb.jpg?c=1;17/02/2026 1:24;550.0
45;century21_tn;Appartement;EL MENZAH 4;380.000;100 m²;Réf: 933908;L’agence immobilière Century 21 Infinity vous propose à la vente un appartement S3 à El Menzah 4 Superficie habitable : 100 m² Typologie : S+3 Titre I...;https://century21.tn/property/a-vendre-appartement-s3-el-menzah-4-2/;https://logis.fra1.digitaloceanspaces.com/7/Properties/113555/conversions/SZy7sAo9CX9iosGx-thumb.jpg?c=1;17/02/2026 1:24;380.0
46;century21_tn;Appartement;GAMMARTH VILLAGE;680.000;158 m²;Réf: 631297;L’agence immobilière Century 21 Invest vous propose pour la vente un appartement S+3 neuf situé à Gammarth. Typologie : S+3 Superficie : 158 m² Il se ...;https://century21.tn/property/a-vendre-appartement-s3-a-gammarth-village/;https://logis.fra1.digitaloceanspaces.com/4/Properties/121599/conversions/GmV9F7hRR9C2hshz-thumb.jpg?c=1;17/02/2026 1:24;680.0
46;century21_tn;Appartement;HAMMAMET NORD;;172 m²;Réf: 675825-2;L’agence Century 21 Challenge vous propose à la vente un appartement S+2 en rez-de-chaussée, d’une superficie de 172 m², situé dans une résidence calm...;https://century21.tn/property/a-vendre-appartement-s2-a-mrezga-hammamet-nord/;https://logis.fra1.digitaloceanspaces.com/10/Properties/103377/conversions/iciJtZVywwkG0PRN-thumb.jpg?c=1;17/02/2026 1:24;
46;century21_tn;Appartement;LA SOUKRA;410.000;131 m²;Réf: 355417-3;Century 21 Prestige vous propose à la vente un appartement S+2 de 131m² Couvert sans vis à vis à La Soukra dans une résidence R+2 Il se compose comme ...;https://century21.tn/property/a-vendre-appartement-s2-la-soukra-9/;https://logis.fra1.digitaloceanspaces.com/8/Properties/80503/conversions/HebSaHFNQBmznln5-thumb.jpg?c=1;17/02/2026 1:24;410.0
46;century21_tn;Fond de commerce;JARDINS DE CARTHAGE;400.000;95 m²;Réf: 572826;L’Agence immobilière Century 21 Infity vous propose pour la vente un Fond de Commerce de 45m² de superficie 30m² en mezzanine et 20 m² du terrasse exp...;https://century21.tn/property/a-vendre-fond-de-commerce-h-1-jardins-de-carthage/;https://logis.fra1.digitaloceanspaces.com/7/Properties/103695/conversions/U7TSXZRHxuZPyErk-thumb.jpg?c=1;17/02/2026 1:24;400.0
46;century21_tn;Villa;EL MENZAH 9;1.500.000;350 m²;Réf: 847879;L’agence immobilière Century 21 Patrimoine vous propose à la vente une villa avec jardin se compose comme suit : rez-de-chaussée double salon cuisine ...;https://century21.tn/property/a-vendre-une-villa-en-s5-situe-a-el-menzah-9/;https://logis.fra1.digitaloceanspaces.com/11/Properties/112809/conversions/d2dIFRe1M0NNFtD1-thumb.jpg?c=1;17/02/2026 1:24;
46;century21_tn;Appartement;CHOTRANA 1;425.000;153 m²;Réf: 677848-2;L’agence Immobilière CENTURY 21 PRESTIGE vous propose un appartement S+2 pour la vente dans une résidence calme et sécurisée à à chotrana 1, La Soukra...;https://century21.tn/property/a-vendre-appartement-s2-chotrana-1-2/;https://logis.fra1.digitaloceanspaces.com/8/Properties/40823/conversions/3Y0a8Ae7KUpk1lWS-thumb.jpg?c=1;17/02/2026 1:24;425.0
46;century21_tn;Immeuble;ZI. KHAIEREDDINE;13.900.000;4400 m²;Réf: 788746-2;Century 21 Prestige vous propose à la vente cet immeuble à usage de bureau en R+3 d’une superficie couverte totale de 4400 m2 situé à la Zone Industri...;https://century21.tn/property/a-vendre-immeuble-h15-zi-khaiereddine/;https://logis.fra1.digitaloceanspaces.com/8/Properties/79249/conversions/gEsod5WpDNRWGvmv-thumb.jpg?c=1;17/02/2026 1:24;
46;century21_tn;Villa;EL MENZAH 9;1.100.000;400 m²;Réf: 311629-4;Century 21 Prestige vous propose à la vente cette Villa S+7 située à Menzah 9B, bâtie sur 3 étages. Elle se compose comme suit : Au Rez-de-chaussée – ...;https://century21.tn/property/a-vendre-villa-s7-el-menzah-9-2/;https://logis.fra1.digitaloceanspaces.com/8/Properties/71627/conversions/pyJmjioNiXT1m8JX-thumb.jpg?c=1;17/02/2026 1:24;
46;century21_tn;Villa;GAMMARTH TOURISTIQUE;2.900.000;500 m²;Réf: 107820-4;Century 21 Prestige vous propose à la vente cette Villa en S+5 située dans un quartier résidentiel calme et sécurisé de Gammarth Zone Touristique, à 5...;https://century21.tn/property/a-vendre-villa-s5-gammarth-touristique-3/;https://logis.fra1.digitaloceanspaces.com/8/Properties/75064/conversions/FhHfE4KAvl150ii0-thumb.jpg?c=1;17/02/2026 1:24;
47;century21_tn;Immeuble;JARDINS DE CARTHAGE;3.900.000;1280 m²;Réf: 111621;L’Agence Century 21 Invest met en vente un immeuble R+3, idéal pour un investissement locatif ou pour un usage bureautique. Situé dans une artère prin...;https://century21.tn/property/a-vendre-immeuble-r3-aux-jardins-de-carthage/;https://logis.fra1.digitaloceanspaces.com/4/Properties/114844/conversions/PwzHemSKcswfR4Ed-thumb.jpg?c=1;17/02/2026 1:24;
47;century21_tn;Appartement;CHOTRANA 1;375.000;113 m²;Réf: 608906-4;Century 21 Prestige vous propose à la vente cet appartement en S+2 d’une superficie totale de 113m2, situé dans une résidence calme et sécurisée à Cho...;https://century21.tn/property/a-vendre-appartement-s2-chotrana-1/;https://logis.fra1.digitaloceanspaces.com/8/Properties/78890/conversions/Plr7uCdDIf0jN2Gl-thumb.jpg?c=1;17/02/2026 1:24;375.0
47;century21_tn;Bureau;TUNIS BELVEDERE;360.000;113 m²;Réf: 25619;L’agence immobilière CENTURY 21 INVEST vous propose un bureau H+1 à vendre à belvédère , Tunis – Superficie :113 m² – Il se compose de : – Un accueil ...;https://century21.tn/property/a-vendre-bureau-h1-tunis-belvedere/;https://logis.fra1.digitaloceanspaces.com/4/Properties/113950/conversions/GtEDdjzQgZ2tPIzS-thumb.jpg?c=1;17/02/2026 1:24;360.0
47;century21_tn;Local Commercial;LES BERGES DU LAC 1;950.000;250 m²;Réf: 361273-3;L’agence Immobilière CENTURY 21 PRESTIGE vous propose en Exclusivité Local Commercial à Vendre – *Caractéristiques Principales : -Superficie : 250 m² ...;https://century21.tn/property/a-vendre-local-commercial-h2-les-berges-du-lac-1-2/;https://logis.fra1.digitaloceanspaces.com/8/Properties/29994/conversions/DSrPxFUoiEJ0TPXP-thumb.jpg?c=1;17/02/2026 1:24;950.0
47;century21_tn;Appartement;JARDINS DE CARTHAGE;;310 m²;Réf: 863283;Century 21 Prestige vous propose à la vente un appartement S+3 d’une superficie de 200 m² d’espace commun et de 107 m² de jardin privatif Dans un quar...;https://century21.tn/property/a-vendre-appartement-s3-jardins-de-carthage-6/;https://logis.fra1.digitaloceanspaces.com/8/Properties/114858/conversions/hPeNNMS5YShuA4IZ-thumb.jpg?c=1;17/02/2026 1:24;
47;century21_tn;Fond de commerce;EL MENZAH 6;450.000;150 m²;Réf: 570011;L’agence immobilière Century 21 Masters vous propose à la vente un fonds de commerce idéalement situé a el manzah 6, un quartier stratégique, moderne ...;https://century21.tn/property/a-vendre-fond-de-commerce-h0-el-menzah-6/;https://logis.fra1.digitaloceanspaces.com/1/Properties/119859/conversions/wBOaexIeZoOnihiM-thumb.jpg?c=1;17/02/2026 1:24;450.0
47;century21_tn;;TAZARKA;600.000;5161 m²;Réf: 68594;L’agence Immobilière Century21 Challenge vous propose à la vente un terrain à vocation agricole de 5161m² situé sur la route principale Nabeul-Korba C...;https://century21.tn/property/a-vendre-terrain-agricole-route-nabeul-korba/;https://logis.fra1.digitaloceanspaces.com/10/Lands/119495/conversions/Svh6Q3RqTl9XLUAh-thumb.jpg?c=1;17/02/2026 1:24;600.0
47;century21_tn;Appartement;NABEUL CENTRE;180.000;89 m²;Réf: 248816;L’agence Century21 Challenge vous propose pour la vente un appartement S+2 à Nabeul Centre. L’appartement se compose -Un salon avec balcon -Deux chamb...;https://century21.tn/property/a-vendre-appartement-s2-a-nabeul-centre/;https://logis.fra1.digitaloceanspaces.com/10/Properties/116380/conversions/YVGkpBI1AA92Tcdx-thumb.jpg?c=1;17/02/2026 1:24;180.0
47;century21_tn;Villa;EL MENZAH 5;1.400.000;630 m²;Réf: 804870-4;Century 21 Prestige vous propose à la vente une villa sur quatre niveaux de 630m² situé à Menzah 5 elle se compose comme suit : *Au sous-sol : -Un sal...;https://century21.tn/property/a-vendre-villa-s6-el-menzah-5-3/;https://logis.fra1.digitaloceanspaces.com/8/Properties/64427/conversions/47vkKfZtq09clQmH-thumb.jpg?c=1;17/02/2026 1:24;
48;century21_tn;Appartement;CITE ENNASR 2;580.000;176 m²;Réf: 726063-2;L’agence immobilière Century 21 Patrimoine vous propose à la vente un appartement en S+3 situé à Cité Ennaser 2. Il se compose de : – Un salon qui don...;https://century21.tn/property/a-vendre-appartement-s3-cite-ennasr-2-3/;https://logis.fra1.digitaloceanspaces.com/11/Properties/98261/conversions/S0XwceRDYWiq1uun-thumb.jpg?c=1;17/02/2026 1:25;580.0
48;century21_tn;Villa;ROUTE DU RELAIS;2.050.000;450 m²;Réf: 535578-2;L’agence immobilière Century 21 Infinity vous propose à la vente une villa S+6 à la Marsa. *Emplacement: Route du relais *Typologie: S+6 *Superficie t...;https://century21.tn/property/a-vendre-villa-s7-route-du-relais/;https://logis.fra1.digitaloceanspaces.com/7/Properties/102371/conversions/ScDzTSLC55CTkAxU-thumb.jpg?c=1;17/02/2026 1:25;
48;century21_tn;Villa;LA SOUKRA;1.650.000;700 m²;Réf: 914204;À Vendre – Terrain 1 400 m² à Yakout El Hamaoui – La Soukra Emplacement premium | Quartier résidentiel calme et recherché Century 21 Patrimoine vous p...;https://century21.tn/property/a-vendre-villa-s3-la-soukra-2/;https://logis.fra1.digitaloceanspaces.com/Logos%20%26%20Images/Login%20Images/ziG8vnRHkVKxGfuz27yJin0IBoo2HYum7kgqvDlH.jpg?c=1;17/02/2026 1:25;
48;century21_tn;Villa;ROUTE DU RELAIS;;450 m²;Réf: 855418;À VENDRE Villa S+4 La Marsa Emplacement privilégié à La Marsa, dans un quartier calme et recherché Century 21 Infinity vous propose cette magnifique v...;https://century21.tn/property/a-vendre-villa-s4-route-du-relais/;https://logis.fra1.digitaloceanspaces.com/7/Properties/117717/conversions/dcmml5gkZXhp9iCs-thumb.jpg?c=1;17/02/2026 1:25;
48;century21_tn;Terrain Villa;JARDINS D'EL MENZAH 2;1.060.000;531 m²;Réf: 706274;L’agence immobilière Century 21 Patrimoine , El Menzah 9 vous propose à la vente un Terrain viabilisé de 531 m² situé aux Jardins D’el Menzah 2 Pour p...;https://century21.tn/property/95616-2/;https://logis.fra1.digitaloceanspaces.com/Logos%20%26%20Images/Login%20Images/KS4cbEdlbRhExx1fgzhX8P1SFCVbCNRw1Xmts9l5.jpg?c=1;17/02/2026 1:25;
48;century21_tn;Appartement;LES BERGES DU LAC 1;310.000;44 m²;Réf: 894181;Century 21 Prestige vous propose à la vente cet appartement en S+1 d’une superficie totale de 44m² dans une résidence calme et gardée à Les Berges Du ...;https://century21.tn/property/a-vendre-appartement-s1-les-berges-du-lac-1/;https://logis.fra1.digitaloceanspaces.com/8/Properties/117630/conversions/a4ajf2MowktRzDQA-thumb.jpg?c=1;17/02/2026 1:25;310.0
48;century21_tn;Villa;CITE ENNASR 1;;385 m²;Réf: 482827;L’agence immobilière Century 21 Karaouli vous propose à la vente une villa R+2, d’une superficie 385m²,à Ennasr 1. Composition : – Un salon – Une cuis...;https://century21.tn/property/a-vendre-villa-s8-cite-ennasr-1/;https://logis.fra1.digitaloceanspaces.com/15/Properties/117946/conversions/RQxPo5WrQlTZ1tn6-thumb.jpg?c=1;17/02/2026 1:25;
48;century21_tn;Villa;HAMMAMET NORD;600.000;450 m²;Réf: 331715;Century 21 Challenge vous propose à la vente une villa de style moderne, sise à Hammamet Nord, sur un terrain de 400 m² avec une superficie bâtie de 4...;https://century21.tn/property/a-vendre-villa-s6-hammamet-nord/;https://logis.fra1.digitaloceanspaces.com/10/Properties/98155/conversions/6AtJnoneI7pKenIa-thumb.jpg?c=1;17/02/2026 1:25;600.0
48;century21_tn;Villa;JARDINS DE CARTHAGE;;575 m²;Réf: 441126;Agence Century 21 Invest vous propose pour la vente une villa R+2 avec jardin et piscine dans le quartier prisé des Jardins de Carthage . Terrain : 57...;https://century21.tn/property/a-vendre-villa-s7-avec-jardin-et-piscine-aux-jardins-de-carthage/;https://logis.fra1.digitaloceanspaces.com/4/Properties/69515/conversions/7b8kL1S6ZH57dR3U-thumb.jpg?c=1;17/02/2026 1:25;
49;century21_tn;Duplex;BORJ LOUZIR;780.000;290 m²;Réf: 776977-4;Century 21 Prestige met en vente un Duplex S+4 à Hedi Nouira Ariana *Au Rez-de -chaussée – Un Salon qui donne sur le jardin – Une salle à manger avec ...;https://century21.tn/property/a-vendre-duplex-s4-hedi-nouira-ariana/;https://logis.fra1.digitaloceanspaces.com/8/Properties/60779/conversions/fcTdvmq9v7YuaauL-thumb.jpg?c=1;17/02/2026 1:25;780.0
49;century21_tn;Villa;CITE ENNASR 2;1.100.000;250 m²;Réf: 481774-2;Century 21 Prestige vous propose à la vente un duplex situé dans un quartier résidentiel de villas à Ennasr 2, sur un terrain de 604 m². Ce bien se co...;https://century21.tn/property/a-vendre-villa-s8-cite-ennasr-2/;https://logis.fra1.digitaloceanspaces.com/8/Properties/100947/conversions/TEKSdrWvrtTi7r2U-thumb.jpg?c=1;17/02/2026 1:25;
49;century21_tn;Cabinet médical;NOUVELLE ARIANA;280.000;86 m²;Réf: 112222;L’agence immobilière CENTURY 21 Excellence La Marsa vous propose à la vente un cabinet H+2 situé au sein d’un immeuble médical, en plein cœur d’Ariana...;https://century21.tn/property/a-vendre-cabinet-h2-a-ariana-centre/;https://logis.fra1.digitaloceanspaces.com/14/Properties/115757/conversions/pmW7PLWAzKI2GRVs-thumb.jpg?c=1;17/02/2026 1:25;280.0
49;century21_tn;Villa;GAMMARTH VILLAGE;850.000;160 m²;Réf: 617524;L’agence Century 21 Excellence La Marsa vous propose à la vente une Villa avec jardin, composée de deux niveaux indépendants, située dans un quartier ...;https://century21.tn/property/a-vendre-villa-avec-jardin-a-gammarth-village/;https://logis.fra1.digitaloceanspaces.com/14/Properties/116756/conversions/4V57uUVLglgLkbbF-thumb.jpg?c=1;17/02/2026 1:25;850.0
49;century21_tn;Villa;NABEUL CENTRE;;530 m²;Réf: 218262-3;L’agence immobilière Century21 Challenge vous propose à la vente une maison traditionnelle et authentique située au plein coeur de Nabeul d’une superf...;https://century21.tn/property/a-vendre-maison-arabesque-au-centre-de-nabeul/;https://logis.fra1.digitaloceanspaces.com/10/Properties/85358/conversions/69oRkJG80AsNYYAL-thumb.jpg?c=1;17/02/2026 1:25;
49;century21_tn;Appartement;LA MANNOUBA;240.000;104 m²;Réf: 483899;À vendre appartement S+2 a Manouba Century 21 Prestige vous propose la vente cet appartement en S+2 situé a Manouba D’une superficie totale de 104m², ...;https://century21.tn/property/a-vendre-appartement-s2-la-mannouba-3/;https://logis.fra1.digitaloceanspaces.com/8/Properties/116402/conversions/n24lBZd4Szl1x7Fi-thumb.jpg?c=1;17/02/2026 1:25;240.0
49;century21_tn;Fond de commerce;EL MANAR 2;250.000;30 m²;Réf: 297567;L’Agence Century 21 Invest vous propose pour la vente une opportunité unique d’acquérir fonds de commerce d’un local commercial dédié à une activité c...;https://century21.tn/property/a-vendre-fond-de-commerce-franchise-international-a-el-manar-2/;https://logis.fra1.digitaloceanspaces.com/4/Properties/116193/rJuCHNzYdiGw4Pyl.jpg?c=1;17/02/2026 1:25;250.0
49;century21_tn;Villa;EL MENZAH 4;2.500.000;630 m²;Réf: 685415;🏡 À Vendre – Spacieuse Villa R+2 à El Menzah 4 L’agence immobilière Century 21 Horizon vous propose à la vente une villa R+2 édifiée sur un terrain de...;https://century21.tn/property/a-vendre-villa-s5-el-menzah-4/;https://logis.fra1.digitaloceanspaces.com/13/Properties/115208/conversions/wvFW5vM5qRDpcr4y-thumb.jpg?c=1;17/02/2026 1:25;
49;century21_tn;Appartement;JARDINS DE CARTHAGE;365.000;60 m²;Réf: 556202;L’agence immobilière Century 21 Infinity vous propose à la vente un appartement S+1 au Jardins de Carthage *Emplacement : Jardins de Carthage *Typolog...;https://century21.tn/property/a-vendre-appartement-s1-jardins-de-carthage-6/;https://logis.fra1.digitaloceanspaces.com/7/Properties/110882/conversions/GxDJLcb9uxKuweJx-thumb.jpg?c=1;17/02/2026 1:25;365.0
50;century21_tn;Appartement;CITE ENNASR 2;430.000;117 m²;Réf: 230035-2;L’agence immobilière Century 21 Karaouli vous propose pour la vente un appartement en S+2 à Ennasr2, Tunis : – Superficie : 117m² Composition : – Salo...;https://century21.tn/property/a-vendre-appartement-s2-cite-ennasr-2-4/;https://logis.fra1.digitaloceanspaces.com/15/Properties/115701/conversions/ytg7k6mJZSYQqp4x-thumb.jpg?c=1;17/02/2026 1:25;430.0
50;century21_tn;Villa;SIDI ABDELAZIZ;;260 m²;Réf: 434621;L’agence immobilière CENTURY 21 Excellence La Marsa vous propose à la vente une villa jumelée de style arabesque en S+3, avec piscine et jardin, situé...;https://century21.tn/property/a-vendre-villa-jumelee-s3-avec-piscine-et-jardin-a-gammarth-superieur/;https://logis.fra1.digitaloceanspaces.com/14/Properties/115282/conversions/8hYfq2nhP09SNmAl-thumb.jpg?c=1;17/02/2026 1:25;
50;century21_tn;Appartement;EL MENZAH 7;;115 m²;Réf: 791467;🏡 Century 21 Horizon vous propose à la vente des appartements direct promoteur de typologies S+2, S+3 avec jardin, S+4 et S+5, situés dans un quartier...;https://century21.tn/property/a-vendre-des-appartements-direct-promoteur-el-menzah-7-bis/;https://logis.fra1.digitaloceanspaces.com/13/Properties/109753/conversions/woQ64b33Uvue6P0Z-thumb.jpg?c=1;17/02/2026 1:25;
50;century21_tn;Appartement;HAMMAM EL GHEZAZ;220.000;93 m²;Réf: 993282;L’agence Immobilière CENTURY21 challenge vous propose à la vente un appartement de 93m² situé à la plage de Hammam El Ghezaz Kélibia. Ce bien immobili...;https://century21.tn/property/a-vendre-s2-bord-de-mer-a-hammam-el-ghezaz/;https://logis.fra1.digitaloceanspaces.com/10/Properties/112647/conversions/vxGAfT1Yo7IPn1D9-thumb.jpg?c=1;17/02/2026 1:25;220.0
50;century21_tn;Villa;EL MENZAH 5;1.500.000;363 m²;Réf: 903667;Century 21 Prestige vous propose à la vente une villa située à Menzah 5 dans un emplacement stratégique. La villa est composée de deux étages indépend...;https://century21.tn/property/a-vendre-villa-s7-el-menzah-5/;https://logis.fra1.digitaloceanspaces.com/8/Properties/113842/conversions/lhbGQrUusnjNmwNm-thumb.jpg?c=1;17/02/2026 1:25;
50;century21_tn;Appartement;CITE ENNASR 2;380.000;168 m²;Réf: 637184-2;L’agence immobilière Century 21 Patrimoine vous propose à la vente un appartement en S+3 suite situé aux Cité Ennasr 2 *superficie 168m² Il se compose...;https://century21.tn/property/a-vendre-appartement-s3-cite-ennasr-2-2/;https://logis.fra1.digitaloceanspaces.com/11/Properties/87518/conversions/HcQxJ54QoOptdeTj-thumb.jpg?c=1;17/02/2026 1:25;380.0
50;century21_tn;Terrain Villa;CHOTRANA 1;880.320;917 m²;Réf: 106876;L’agence immobilière Century 21 HORIZON vous propose un terrain de 917 m², idéalement situé dans une zone résidentielle calme et recherchée (zone de v...;https://century21.tn/property/a-vendre-terrain-de-917m%c2%b2-a-chotrana-1/;https://logis.fra1.digitaloceanspaces.com/13/Lands/113961/conversions/DL1MXGcwvAR8npsU-thumb.jpg?c=1;17/02/2026 1:25;880.32
50;century21_tn;Bureau;LES BERGES DU LAC 2;425.000;63 m²;Réf: 115566-2;L’agence immobilière CENTURY 21 INVEST vous propose un bureau H+2 à vendre aux berges du lac 2: – Superficie :65 m² – Il se compose de : – Un accueil ...;https://century21.tn/property/a-vendre-bureau-h1-les-berges-du-lac-2/;https://logis.fra1.digitaloceanspaces.com/4/Properties/71693/conversions/T22huE5dFjQg96wk-thumb.jpg?c=1;17/02/2026 1:25;425.0
50;century21_tn;Appartement;CITÉ UNIVERSITAIRE;385.000;132 m²;Réf: 43969;Century 21 Challenge vous propose à la vente un spacieux appartement S+2 de 132m², situé au 2ᵉ étage d’une résidence bien entretenue et très prisée, à...;https://century21.tn/property/a-vendre-appartement-s2-cite-universitaire/;https://logis.fra1.digitaloceanspaces.com/10/Properties/106359/conversions/DFIDRfJStqbCdsV9-thumb.jpg?c=1;17/02/2026 1:25;385.0
51;century21_tn;Terrain Villa;GAMMARTH SUP;2.226.000;742 m²;Réf: 538400;L’agence immobilière Century 21 Infinity vous propose à la vente un terrain situé dans une zone résidentielle a Gammarth supérieur zone de villa . -Su...;https://century21.tn/property/terrain-constructible-a-vendre-a-gammarth-superieur/;https://logis.fra1.digitaloceanspaces.com/7/Lands/108621/cPvFFpju1DvWppQl?c=1;17/02/2026 1:25;
51;century21_tn;Appartement;JARDINS DE CARTHAGE;680.000;136 m²;Réf: 174006;L’agence Century 21 INVEST vous propose pour la vente un appartement S+2 Neuf aux Jardins de Carthage. Typologie : S+2 Superficie : 136 m² Il se compo...;https://century21.tn/property/a-vendre-appartement-s2-neuf-aux-jardins-de-carthage-2/;https://logis.fra1.digitaloceanspaces.com/4/Properties/112275/conversions/PbWEBmqEjPXYUJEe-thumb.jpg?c=1;17/02/2026 1:25;680.0
51;century21_tn;;SIDI REZIG;;2461 m²;Réf: 912848;Century 21 Prestige a le plaisir de vous présenter cette exceptionnelle opportunité d’investissement : une usine située dans la zone industrielle de S...;https://century21.tn/property/une-usine-a-vendre-ou-a-louer/;https://logis.fra1.digitaloceanspaces.com/8/Properties/48394/conversions/yF7CxGy8ecd8Hxna-thumb.jpg?c=1;17/02/2026 1:25;
51;century21_tn;Appartement;CITE ENNASR 2;380.000;112 m²;Réf: 13537;🏡 À vendre – Appartement S+2 à Jinen El Ennasr 📍 Haut standing – 112 m² + terrasse de 42 m² Century 21 Horizon vous propose un superbe appartement lum...;https://century21.tn/property/a-vendre-appartement-s2-cite-ennasr-2/;https://logis.fra1.digitaloceanspaces.com/13/Properties/104361/conversions/leL0tfkQyeRaaoCy-thumb.jpg?c=1;17/02/2026 1:25;380.0
51;century21_tn;Terrain Villa;CHOTRANA 1;1.250;473 m²;Réf: 801910;Century 21 Prestige met à la vente un terrain de 473 m² situé à Chotrana 1, à proximité immédiate de l’université Ibn Khaldoun , dans un quartier calm...;https://century21.tn/property/un-terrain-de-473m%c2%b2-a-chotrana-1-a-vendre/;https://logis.fra1.digitaloceanspaces.com/8/Lands/111736/conversions/PeQpSGDd26sGRltx-thumb.jpg?c=1;17/02/2026 1:25;1.25
51;century21_tn;Terrain Villa;CHOTRANA 1;1.250;338 m²;Réf: 195995;Century 21 Prestige vous propose à la vente un terrain de 473 m² situé à Chotrana 1, à proximité immédiate de l’université Ibn Khaldoun , dans un quar...;https://century21.tn/property/un-338m%c2%b2-a-vendre/;https://logis.fra1.digitaloceanspaces.com/8/Lands/111739/conversions/Hfkv7LQYzbHGvGXK-thumb.jpg?c=1;17/02/2026 1:25;1.25
51;century21_tn;Villa;SIDI MAHRSI;650.000;555 m²;Réf: 443118-4;L’agence Immobilière Century21 Challenge vous propose à la vente une villa inachevée située à Nabeul . Type : Villa inachevée Typologie : S+4 Elle se ...;https://century21.tn/property/a-vendre-villa-s4-inachevee-a-sidi-mahrsi/;https://logis.fra1.digitaloceanspaces.com/10/Properties/80064/conversions/CmuWZ4PZ28NlKeGT-thumb.jpg?c=1;17/02/2026 1:25;650.0
51;century21_tn;Fond de commerce;TAIEB EL M'HIRI;80.000;100 m²;Réf: 652550-2;l’agence immoblière Century 21 Patrimoine vous proposeà la vente un Fond de commerce situé à Bab Bhar il se compose de un open space en 100m² avec mat...;https://century21.tn/property/a-vendre-fond-de-commerce-h0-taieb-el-mhiri/;https://logis.fra1.digitaloceanspaces.com/11/Properties/97738/conversions/AT1EawvFEVrmPvRQ-thumb.jpg?c=1;17/02/2026 1:25;80.0
51;century21_tn;Appartement;GAMMARTH TOURISTIQUE;650.000;130 m²;Réf: 454486-2;Century 21 Prestige vous propose à la Vente un appartement S+1 jamais habitée à Gammarth Touristique , dans une résidence calme et sécurisée. Il se co...;https://century21.tn/property/a-vendre-appartement-s1-gammarth-touristique-2/;https://logis.fra1.digitaloceanspaces.com/8/Properties/109773/conversions/LQHUQuDNGZj2LQYx-thumb.jpg?c=1;17/02/2026 1:25;650.0
52;century21_tn;Terrain Villa;CITÉ EL MAHRSI 2;;336 m²;Réf: 298118;L’agence immobilière Century21 Challenge vous propose à la vente un terrain à usage d’habitation situé dans un quartier à forte demande à Sidi Mahersi...;https://century21.tn/property/terrain-de-superficie-336m%c2%b2-a-sidi-mahersi-nabeul/;https://logis.fra1.digitaloceanspaces.com/Logos%20%26%20Images/Login%20Images/KS4cbEdlbRhExx1fgzhX8P1SFCVbCNRw1Xmts9l5.jpg?c=1;17/02/2026 1:25;
52;century21_tn;;NABEUL;;881 m²;Réf: 377712;L’agence immobilière Century21 Challenge vous propose à la vente un terrain à usage industriel situé à Nabeul en troisième position sur la route de Tu...;https://century21.tn/property/a-vendre-terrain-route-de-tunis-a-nabeul-2/;https://logis.fra1.digitaloceanspaces.com/Logos%20%26%20Images/Login%20Images/KS4cbEdlbRhExx1fgzhX8P1SFCVbCNRw1Xmts9l5.jpg?c=1;17/02/2026 1:25;
52;century21_tn;;NABEUL;;749 m²;Réf: 500061;L’agence immobilière Century21 Challenge vous propose à la vente un terrain à usage industriel situé en deuxième position sur la route de Tunis à Nabe...;https://century21.tn/property/a-vendre-terrain-route-de-tunis-a-nabeul/;https://logis.fra1.digitaloceanspaces.com/Logos%20%26%20Images/Login%20Images/KS4cbEdlbRhExx1fgzhX8P1SFCVbCNRw1Xmts9l5.jpg?c=1;17/02/2026 1:25;
52;century21_tn;Terrain Villa;CHOTRANA 2;900;1015 m²;Réf: 212966;Century 21 Prestige met à la vente un terrain de 1015 m² situé à Chotrana 2, dans un quartier calme, résidentiel . Le terrain est prêt à bâtir, idéal ...;https://century21.tn/property/terrain-a-vendre-de-1015m%c2%b2-chotrana-2/;https://logis.fra1.digitaloceanspaces.com/8/Lands/110443/conversions/MotiW6MAJUJ340JR-thumb.jpg?c=1;17/02/2026 1:25;900.0
52;century21_tn;Terrain Villa;CHOTRANA 3;1.200;1368 m²;Réf: 551143;Century 21 Prestige vous propose à la vente un terrain d’une superficie de 1368m² situé dans un nouveau lotissement à Chotrana 3. Le quartier est sécu...;https://century21.tn/property/un-terrain-a-vendre-9/;https://logis.fra1.digitaloceanspaces.com/8/Lands/110448/conversions/rom7ksS9YEud1SHw-thumb.jpg?c=1;17/02/2026 1:25;1.2
52;century21_tn;Appartement;LA PERLE DU LAC;1.233.000;177 m²;Réf: 187327;L’Agence immobilière Century 21 Invest vous propose pour la vente dans le cadre d’un complexe résidentiel de luxe en bord de lac, situé dans la nouvel...;https://century21.tn/property/a-vendre-appartement-s2-neuf-aux-berges-du-lac-0/;https://logis.fra1.digitaloceanspaces.com/4/Properties/63732/conversions/Jc7a573RSbBy4GRB-thumb.jpg?c=1;17/02/2026 1:25;
52;century21_tn;;SOUSSE CORNICHE;;3904 m²;Réf: 6144;Century 21 Prestige vous propose à la vente ce terrain d’une superficie de 3904 m² situé en plein cœur de la ville de Sousse, à proximité immédiate de...;https://century21.tn/property/un-terrain-a-sousse-a-vendre/;https://logis.fra1.digitaloceanspaces.com/8/Lands/109188/smiuqT3xwX1VbuGb?c=1;17/02/2026 1:25;
52;century21_tn;Terrain Villa;DAR FADHAL;1.300;350 m²;Réf: 233549;Century 21 Prestige met en vente un terrain constructible de 350 m², situé dans un quartier résidentiel calme (Rue Yakout EL Hamaoui) , à proximité de...;https://century21.tn/property/un-terrain-a-vendre-8/;https://logis.fra1.digitaloceanspaces.com/8/Lands/109609/nEzRa1S1duVdfIAu?c=1;17/02/2026 1:25;1.3
52;century21_tn;Terrain Villa;ROUTE DU RELAIS;1.450;424 m²;Réf: 899985-2;Agence CENTURY 21 INVEST vous propose pour la vente un terrain 424 m² situé dans un lotissement dans une zone résidentielle composée de villas récemme...;https://century21.tn/property/a-vendre-terrain-424-m%c2%b2-a-la-marsa-route-du-relais/;https://logis.fra1.digitaloceanspaces.com/4/Lands/19373/conversions/VJkVxoF5t1XBgcSu-thumb.jpg?c=1;17/02/2026 1:25;1.45
53;century21_tn;Terrain Villa;HAMMAMET SUD;465.750;621 m²;Réf: 889214-2;L’agence immobilière Century21 Challenge vous propose à la vente un terrain à usage d’habitation situé dans un quartier à forte demande à Hammamet zon...;https://century21.tn/property/a-vendre-terrain-a-batir-a-hammamet/;https://logis.fra1.digitaloceanspaces.com/Logos%20%26%20Images/Login%20Images/KS4cbEdlbRhExx1fgzhX8P1SFCVbCNRw1Xmts9l5.jpg?c=1;17/02/2026 1:25;465.75
53;century21_tn;Immeuble;BÉNI KHIAR PLAGE;1.330.000;758 m²;Réf: 879321;L’agence Century21 Challenge vous propose à la vente un immeuble R+2 situé à Beni Khiar Plage, sur un terrain de 313 m² avec une surface bâtie totale ...;https://century21.tn/property/a-vendre-immeuble-r2-a-beni-khiar-plage/;https://logis.fra1.digitaloceanspaces.com/10/Properties/109149/conversions/LBBayoAOgeDKQ1EV-thumb.jpg?c=1;17/02/2026 1:25;
53;century21_tn;Terrain Villa;KORBA HACHED;;450 m²;Réf: 60030;L’agence Immobilière Century21 Challenge met en vente un terrain à vocation résidentielle au plein coeur de la résidence Africa Jade à Korba. Sa super...;https://century21.tn/property/a-vendre-terrain-a-batir-a-africa-jade-korba/;https://logis.fra1.digitaloceanspaces.com/10/Lands/109217/AUvhG2H3W8ZNdqdw?c=1;17/02/2026 1:25;
53;century21_tn;Villa;CITÉ EL GHAZELA;;400 m²;Réf: 777783;L’agence immobilière Century 21 Excellence La Marsa vous propose à la vente une villa S+6 avec piscine et jardin, située à Cité Ghazela, Ariana. Cette...;https://century21.tn/property/a-vendre-villa-s6-avec-piscine-et-jardin-a-cite-el-ghazela/;https://logis.fra1.digitaloceanspaces.com/14/Properties/106216/conversions/KRvw1XReZotBXnrq-thumb.jpg?c=1;17/02/2026 1:25;
53;century21_tn;Appartement;JINEN BÉNI KHIAR;270.000;93 m²;Réf: 784352;L’agence immobilière Century 21 Challenge vous propose à la vente un appartement S+2 d’une superficie de 93 m², situé dans un environnement paisible e...;https://century21.tn/property/a-vendre-appartement-s2-jinen-beni-khiar/;https://logis.fra1.digitaloceanspaces.com/10/Properties/108963/conversions/8RnBmOA01vt2qyNU-thumb.jpg?c=1;17/02/2026 1:25;270.0
53;century21_tn;Appartement;JARDINS DE CARTHAGE;750.000;180 m²;Réf: 743747-2;L’agence Immobilière Century 21 Invest vous propose pour la location un appartement s+3 situé aux Jardins de Carthage . Typologie : S+3 Superficie : 1...;https://century21.tn/property/a-vendre-appartement-s3-aux-jardins-de-carthage-2/;https://logis.fra1.digitaloceanspaces.com/4/Properties/66603/conversions/nBPDGO6cWPpFeqgc-thumb.jpg?c=1;17/02/2026 1:25;750.0
53;century21_tn;Appartement;CITÉ EL MAHRSI 2;440.000;120 m²;Réf: 820787;L’agence Century21 Challenge vous propose en exclusivité un appartement de 120m², situé au 2ème étage d’un immeuble de haut standing à Nabeul, dans le...;https://century21.tn/property/a-vendre-en-exclusivite-un-appartement-s2-a-cite-el-mahrsi-2-nabeul/;https://logis.fra1.digitaloceanspaces.com/10/Properties/108907/conversions/2uZXuw6Y0zzREw87-thumb.jpg?c=1;17/02/2026 1:25;440.0
53;century21_tn;Appartement;CITÉ LES PALMERAIES;410.000;176 m²;Réf: 384890-2;Century 21 Prestige vous propose à la vente cet appartement en S+4 récemment rénové d’une superficie totale de 176m² situé dans une résidence calme et...;https://century21.tn/property/a-vendre-appartement-s4-cite-les-palmeraies-2/;https://logis.fra1.digitaloceanspaces.com/8/Properties/89604/conversions/EhZvFaOaYVEvYAR1-thumb.jpg?c=1;17/02/2026 1:25;410.0
53;century21_tn;Appartement;LA NOUVELLE SOUKRA;564.000;166 m²;Réf: 969190;L’agence Immobilière Century 21 Invest vous propose pour la vente un appartement S+3 neuf promoteurs à la nouvelle Soukra . Typologie : S+3 Superficie...;https://century21.tn/property/a-vendre-appartement-s3-la-nouvelle-soukra-3/;https://logis.fra1.digitaloceanspaces.com/4/Properties/108465/conversions/HteDW9b7i5bmO7PR-thumb.jpg?c=1;17/02/2026 1:25;564.0
54;century21_tn;Appartement;JARDINS DE CARTHAGE;470.000;90 m²;Réf: 181747-3;L’agence Immobilière Century 21 Invest vous propose pour la vente un appartement S+1 neuf promoteur aux Jardins de Carthage. Typologie : S+1 Superfici...;https://century21.tn/property/a-vendre-appartement-s1-neuf-promoteur-aux-jardins-de-carthage/;https://logis.fra1.digitaloceanspaces.com/4/Properties/62371/conversions/2RmQzDCjbV7w99RB-thumb.jpg?c=1;17/02/2026 1:26;470.0
54;century21_tn;Terrain Villa;CITÉ EL MAHRSI 1;1.069.200;891 m²;Réf: 268669-2;L’agence Century21 Challenge vous propose la vente un terrain à usage d’habitation d’une surface de 891 m2, dans un quartier résidentiel à Nabeul . Po...;https://century21.tn/property/a-vendre-terrain-891m2-a-cite-el-mahrsi/;https://logis.fra1.digitaloceanspaces.com/10/Lands/103540/nptONPqipne2qR8R?c=1;17/02/2026 1:26;
54;century21_tn;Terrain Villa;DAR CHAABANE PLAGE;315.900;351 m²;Réf: 16073-2;L’agence immobilière Century21 challenge vous propose pour la vente un terrain de 351 m2 situé dans une zone résidentielle composée de villa à Dar Cha...;https://century21.tn/property/terrain-route-lido/;https://logis.fra1.digitaloceanspaces.com/10/Lands/79918/conversions/BosAW0iYu12zhmeT-thumb.jpg?c=1;17/02/2026 1:26;315.9
54;century21_tn;Terrain Villa;DAR CHAABANE PLAGE;321.300;357 m²;Réf: 348218-2;L’agence immobilière Century21 challenge vous propose pour la vente un terrain de 357 m2 situé dans une zone résidentielle composée de villa à Dar Cha...;https://century21.tn/property/a-vendre-terrain-route-lido1/;https://logis.fra1.digitaloceanspaces.com/10/Lands/83003/conversions/iLYiQlVTLlAHD0ym-thumb.jpg?c=1;17/02/2026 1:26;321.3
54;century21_tn;;DAR CHAABANE ELFEHRI;;3955 m²;Réf: 335828-2;L’agence Immobilière Century21 Challenge propose pour la vente un terrain à vocation industrielle d’une superficie de 3955 m² situé sur la route périp...;https://century21.tn/property/a-vendre-terrain-a-dar-chaabene-el-fehri/;https://logis.fra1.digitaloceanspaces.com/Logos%20%26%20Images/Login%20Images/KS4cbEdlbRhExx1fgzhX8P1SFCVbCNRw1Xmts9l5.jpg?c=1;17/02/2026 1:26;
54;century21_tn;;DAR CHAABANE ELFEHRI;200.000;1416 m²;Réf: 416552-2;L’agence Century21 Challenge propose à vendre un terrain à vocation industrielle d’une superficie de 1416m2 situé sur la route périphérique de Béni Kh...;https://century21.tn/property/a-vendre-terrain-a-usage-industriel-a-beni-khiar/;https://logis.fra1.digitaloceanspaces.com/Logos%20%26%20Images/Login%20Images/KS4cbEdlbRhExx1fgzhX8P1SFCVbCNRw1Xmts9l5.jpg?c=1;17/02/2026 1:26;200.0
54;century21_tn;Terrain Villa;BENI KHIAR;280.000;315 m²;Réf: 825521-2;L’agence CENTURY 21 Challenge vous propose la vente d’un terrain à usage d’habitation d’une superficie de 315 m², situé dans une zone résidentielle co...;https://century21.tn/property/a-vendre-terrain-constructible-a-beni-khiar/;https://logis.fra1.digitaloceanspaces.com/10/Lands/79032/conversions/rYVbvukNhdBzvZDS-thumb.jpg?c=1;17/02/2026 1:26;280.0
54;century21_tn;Terrain Villa;EL ARIBAT;300.000;799 m²;Réf: 95764-2;L’agence immobilière Century21 challenge vous propose pour la vente un terrain de 799 m2 situé dans une zone résidentielle composée de villa à Hergla ...;https://century21.tn/property/a-vendre-terrain-a-vocation-residentielle-a-hergla-sousse/;https://logis.fra1.digitaloceanspaces.com/10/Lands/82504/conversions/AiaE2WghYvMVf6Wm-thumb.jpg?c=1;17/02/2026 1:26;300.0
54;century21_tn;Terrain Villa;MREZGA;;1340 m²;Réf: 820057-2;L’agence immobilière Century21 challenge vous propose pour la vente un terrain de 1340 m2 situé dans une zone résidentielle composée de villa à Kharou...;https://century21.tn/property/a-vendre-terrain-constructible-a-mrezga-hammamet/;https://logis.fra1.digitaloceanspaces.com/10/Lands/82516/conversions/lzHxajVqDdYyoucf-thumb.jpg?c=1;17/02/2026 1:26;
55;century21_tn;Terrain Villa;DAR CHAABANE ELFEHRI;430.000;1281 m²;Réf: 897362-2;L’agence Century21 Challenge propose à vendre un terrain agricole au bord de la route reliant Dar Chaabane à El Maamoura d’une surface de 1281 m² Pour...;https://century21.tn/property/a-vendre-terrain-sur-la-route-peripherique-de-dar-chaabane-el-fehri/;https://logis.fra1.digitaloceanspaces.com/10/Lands/83329/conversions/n31VxBcIUf0rKHJV-thumb.jpg?c=1;17/02/2026 1:26;430.0
55;century21_tn;Terrain Villa;CITÉ HARBOUN 1;225.000;1500 m²;Réf: 368616-2;L’agence immobilière Century21 Challenge propose pour la vente un terrain d’une superficie de 1500 m2 situé à cité Harboun1 à mi chemin entre centre v...;https://century21.tn/property/a-vendre-terrain-a-hammamet/;https://logis.fra1.digitaloceanspaces.com/10/Lands/89461/MZUg5plfgEVNTcR5?c=1;17/02/2026 1:26;225.0
55;century21_tn;Terrain Villa;SIDI DAOUD;;7199 m²;Réf: 473544-2;L’agence Immobilière Century21 Challenge vous propose à la vente un terrain pour promotion immobilière d’une superficie de 7199m2 situé à Bhar Lazreg ...;https://century21.tn/property/a-vendre-terrain-prometteur-a-sidi-daoud-la-marsa/;https://logis.fra1.digitaloceanspaces.com/Logos%20%26%20Images/Login%20Images/KS4cbEdlbRhExx1fgzhX8P1SFCVbCNRw1Xmts9l5.jpg?c=1;17/02/2026 1:26;
55;century21_tn;Terrain Villa;HAMMAMET SUD;465.750;621 m²;Réf: 111220-2;L’agence immobilière Century21 Challenge vous propose à la vente un terrain à usage d’habitation situé dans un quartier à forte demande à Hammamet zon...;https://century21.tn/property/a-vendre-terrain-a-usage-dhabitation-a-hammamet/;https://logis.fra1.digitaloceanspaces.com/Logos%20%26%20Images/Login%20Images/KS4cbEdlbRhExx1fgzhX8P1SFCVbCNRw1Xmts9l5.jpg?c=1;17/02/2026 1:26;465.75
55;century21_tn;;BÉNI KHIAR CENTRE;380.000;1701 m²;Réf: 872202-2;L’agence immobilière Century21 Challenge propose pour la vente un terrain d’une superficie de 1701 m2 situé à béni khiar à mi chemin entre le centre v...;https://century21.tn/property/a-vendre-terrain-a-beni-khiar/;https://logis.fra1.digitaloceanspaces.com/10/Lands/87334/conversions/rNhBV8Rg2CGzbMBp-thumb.jpg?c=1;17/02/2026 1:26;380.0
55;century21_tn;Appartement;JARDINS DE CARTHAGE;875.000;139 m²;Réf: 995443;CENTURY 21 LAC 2 BARROS vous propose pour la vente un appartement en s3 de 139 m² aux jardins de carthage -Un salon -Une cuisine équipée -Une salle d’...;https://century21.tn/property/a-vendre-appartement-s3-jardins-de-carthage-9/;https://logis.fra1.digitaloceanspaces.com/6/Properties/107902/conversions/QraEj2666ukLXuZF-thumb.jpg?c=1;17/02/2026 1:26;875.0
55;century21_tn;Villa;NABEUL CENTRE;;300 m²;Réf: 37552;L’agence Century21 Challenge Nabeul vous propose pour la vente une villa située au plein centre de Nabeul, parfaite pour une famille exigeante ou inve...;https://century21.tn/property/a-vendre-villa-s4-nabeul-centre-2/;https://logis.fra1.digitaloceanspaces.com/10/Properties/106759/conversions/Ukl1JvKeXKO5GsYF-thumb.jpg?c=1;17/02/2026 1:26;
55;century21_tn;Villa;CITÉ HOTEL DES ANDALOUS;;650 m²;Réf: 208473;L’agence Immobilière CENTURY21 Challenge propose pour la vente une villa au bord de la mer de Soliman chott. Cette Villa de 650m² habitable bâti sur u...;https://century21.tn/property/a-vendre-villa-pieds-dans-leau-a-soliman-chott/;https://logis.fra1.digitaloceanspaces.com/10/Properties/107719/conversions/XQRILJY82X1dQF6K-thumb.jpg?c=1;17/02/2026 1:26;
55;century21_tn;Appartement;CHOTRANA 3;410.000;86 m²;Réf: 982014;L’agence immobilière Century 21 Invest vous propose pour la vente un appartement S+2 Neuf à Chotrana 3 . Typologie : S+2 Superficie : 86 m² Il se comp...;https://century21.tn/property/a-vendre-appartement-s2-chotrana-3-2/;https://logis.fra1.digitaloceanspaces.com/4/Properties/107694/conversions/X6abM6WLIJQo3hgA-thumb.jpg?c=1;17/02/2026 1:26;410.0
56;century21_tn;Local Commercial;BAB BHAR;670.000;195 m²;Réf: 646520;L’agence immobilière Century 21 Horizon vous propose, à la Vente, un local commercial situé au cœur el quartier du Centre ville. Type: Murs – Superfic...;https://century21.tn/property/a-vendre-local-commercial-a-bab-bhar/;https://logis.fra1.digitaloceanspaces.com/13/Properties/107385/conversions/Gvo9Ptwy9I46mDHi-thumb.jpg?c=1;17/02/2026 1:26;670.0
56;century21_tn;Appartement;LES BERGES DU LAC 2;1.390.000;315 m²;Réf: 368767;CENTURY 21 LAC 2 BARROS vous propose pour la vente en s3 de 315m² situé au lac 2 -Un salon -Une cuisine équipée -Une deuxième cuisine -Une salle d’eau...;https://century21.tn/property/a-vendre-appartement-s3-les-berges-du-lac-2-5/;https://logis.fra1.digitaloceanspaces.com/6/Properties/105795/conversions/LRA5QaxNinSslpmc-thumb.jpg?c=1;17/02/2026 1:26;
56;century21_tn;Terrain Villa;CITÉ EL MAHRSI 2;;375 m²;Réf: 327489;Century 21 Challenge Nabeul vous propose ce terrain exceptionnel de 375 m² en angle, avec un titre individuel, bénéficiant de deux façades et déjà ent...;https://century21.tn/property/87658-2/;https://logis.fra1.digitaloceanspaces.com/Logos%20%26%20Images/Login%20Images/KS4cbEdlbRhExx1fgzhX8P1SFCVbCNRw1Xmts9l5.jpg?c=1;17/02/2026 1:26;
56;century21_tn;Villa;BENI KHIAR;320.000;120 m²;Réf: 128431;L’agence Immobilière Century21 Challenge vous propose à la vente une maison située à cité la plage Béni Khiar, d’une surface habitable de 120 m² sur u...;https://century21.tn/property/a-vendre-une-maison-s3-a-beni-khiar-la-plage/;https://logis.fra1.digitaloceanspaces.com/10/Properties/105686/conversions/NwFx2I4sSp6tsGj9-thumb.jpg?c=1;17/02/2026 1:26;320.0
56;century21_tn;Appartement;CHOTRANA 2;780.000;184 m²;Réf: 576784;L’agence immobilière Century 21 Excellence La Marsa vous propose à la vente un appartement S+3 situé à Chotrana 2. Il se compose de : – Un salon lumin...;https://century21.tn/property/a-vendre-appartement-s3-a-chotrana-2/;https://logis.fra1.digitaloceanspaces.com/14/Properties/105424/conversions/Lh5uBpsIAujeTIfq-thumb.jpg?c=1;17/02/2026 1:26;780.0
56;century21_tn;Appartement;EL MENZAH 7;470.000;218 m²;Réf: 561225;L’agence Century 21 Horizon vous propose à la vente un spacieux appartement S+3 de 218 m², situé au 6ᵉ étage d’une résidence calme et sécurisée à El M...;https://century21.tn/property/a-vendre-appartement-s3-el-menzah-7/;https://logis.fra1.digitaloceanspaces.com/13/Properties/99645/conversions/et88C4wQBcgdpcWx-thumb.jpg?c=1;17/02/2026 1:26;470.0
56;century21_tn;Appartement;JARDINS DE CARTHAGE;690.000;147 m²;Réf: 734977;L’agence immobilière Century 21 Invest vous propose pour la vente un appartement S+3 avec vue dégagée sur le lac aux Jardins de Carthage . Typologie :...;https://century21.tn/property/a-vendre-appartement-s3-jardins-de-carthage-7/;https://logis.fra1.digitaloceanspaces.com/4/Properties/105281/conversions/XmzO1Me77Yh3LFvq-thumb.jpg?c=1;17/02/2026 1:26;690.0
56;century21_tn;Appartement;LA SOUKRA;320.000;65 m²;Réf: 90974;L’agence immobilière Century 21 Infinity vous propose à la vente un appartement S+ 1 *Emplacement: *Typologie: S+1 *Superficie: 65 m² *État: vide Il e...;https://century21.tn/property/a-la-vente-appartement-s1-la-soukra/;https://logis.fra1.digitaloceanspaces.com/7/Properties/103228/conversions/KinOvEYJ5Venr7ga-thumb.jpg?c=1;17/02/2026 1:26;320.0
56;century21_tn;;HAMMAMET NORD;500.000;481 m²;Réf: 705806;L’agence Immobilière Century21 Challenge vous propose à la vente 120 parts dans l’indivision sur un terrain de 481 m2 à vocation résidentielle et comm...;https://century21.tn/property/a-vendre-terrain-sur-la-route-touristique-hammamet/;https://logis.fra1.digitaloceanspaces.com/Logos%20%26%20Images/Login%20Images/KS4cbEdlbRhExx1fgzhX8P1SFCVbCNRw1Xmts9l5.jpg?c=1;17/02/2026 1:26;500.0
57;century21_tn;;MREZGA;;354 m²;Réf: 149185;L’agence immobilière Century21 Challenge vous propose à la vente un terrain à vocation résidentiel et commercial d’une superficie de 354m2.Ce bien se ...;https://century21.tn/property/a-vendre-terrain-khayyam/;https://logis.fra1.digitaloceanspaces.com/10/Lands/90106/jWUegNgRhkW15Bjy?c=1;17/02/2026 1:26;
57;century21_tn;Appartement;LA SOUKRA;427.600;122 m²;Réf: 980087;L’agence immobilière Century 21 Infinity vous propose à la vente un appartement S+3 direct promoteur *Emplacement: La soukra *Typologie: S+3 *Superfic...;https://century21.tn/property/a-vendre-appartement-s3-direct-promoteur-la-soukra-2/;https://logis.fra1.digitaloceanspaces.com/7/Properties/103829/conversions/lBSruOkn26kBblkW-thumb.jpg?c=1;17/02/2026 1:26;427.6
57;century21_tn;Fond de commerce;JARDINS DE CARTHAGE;400.000;100 m²;Réf: 906616-2;L’Agence Century 21 INVEST vous propose pour la vente un fonds de commerce situé dans un emplacement stratégique à forte potentiel aux Jardins de Cart...;https://century21.tn/property/a-vendre-fond-de-commerce-aux-jardins-de-carthage-2/;https://logis.fra1.digitaloceanspaces.com/4/Properties/83261/conversions/plmFEKoa6KWcLjM4-thumb.jpg?c=1;17/02/2026 1:26;400.0
57;century21_tn;Villa;CHOTRANA 2;;500 m²;Réf: 619384;L’agence Century 21 Invest vous propose pour la vente en exclusivité une villa Plain-pied de 500m² bâtie sur un terrain de 1650m² à Chotrana 2 La Souk...;https://century21.tn/property/vente-villa-de-maitre-a-chotrana-2-la-soukra/;https://logis.fra1.digitaloceanspaces.com/4/Properties/38887/conversions/nxnnubryl5jPMd1c-thumb.jpg?c=1;17/02/2026 1:26;
57;century21_tn;Penthouse;MREZGA;;366 m²;Réf: 588394-2;L’agence Century21 Challenge vous propose pour la vente un spacieux penthouse d’une superficie de 366 m² situé à Mrezga. Dès l’entrée, vous êtes accue...;https://century21.tn/property/a-vendre-penthouse-s3-cite-el-mahrsi-3/;https://logis.fra1.digitaloceanspaces.com/10/Properties/81471/conversions/VwuJCutNNzB3Qrdf-thumb.jpg?c=1;17/02/2026 1:26;
57;century21_tn;Villa;DAR CHAABANE PLAGE;;232 m²;Réf: 770735;L’agence immobilière Century21 Challenge vous propose à la vente une villa duplex S+4 inachevée (accomplie à 70%), située dans un quartier résidentiel...;https://century21.tn/property/a-vendre-villa-s4-dar-chaabane-plage/;https://logis.fra1.digitaloceanspaces.com/10/Properties/100042/conversions/Df9Xumr90hptpX3Q-thumb.jpg?c=1;17/02/2026 1:26;
57;century21_tn;Triplex;LA SOUKRA;1.550.000;310 m²;Réf: 397817-2;L’agence Immobilière CENTURY 21 PRESTIGE vous propose un Triplex de très haut standing en S+4 de 310m² à La Soukra Au RDC : -Un salon salle à manger a...;https://century21.tn/property/a-vendre-triplex-s4-la-soukra/;https://logis.fra1.digitaloceanspaces.com/8/Properties/58458/conversions/zTDZJGs7dupQ8uRZ-thumb.jpg?c=1;17/02/2026 1:26;
57;century21_tn;Appartement;LA SOUKRA;400.000;103 m²;Réf: 936237-2;L’agence Immobilière CENTURY 21 PRESTIGE vous propose un appartement S+2 Direct Promoteur pour la vente au premier étage avec ascenseur dans une résid...;https://century21.tn/property/a-vendre-appartement-s2-la-soukra-4/;https://logis.fra1.digitaloceanspaces.com/8/Properties/38597/conversions/cSayTyFOQOjsd5EW-thumb.jpg?c=1;17/02/2026 1:26;400.0
57;century21_tn;Appartement;LA NOUVELLE SOUKRA;590.000;130 m²;Réf: 739756-2;L’agence immobilière Century 21 Infinity vous propose à la vente un appartement S+2 à la Nouvelle Soukra *Emplacement: La Nouvelle Soukra *Typologie: ...;https://century21.tn/property/a-vendre-appartement-s2-la-nouvelle-soukra/;https://logis.fra1.digitaloceanspaces.com/7/Properties/89863/conversions/fwcWMmAYJPDWNtaT-thumb.jpg?c=1;17/02/2026 1:26;590.0
58;century21_tn;Villa;BÉNI KHIAR PLAGE;420.000;210 m²;Réf: 292871;L’agence immobilière Century21 Challenge vous propose pour la vente une villa en duplex de type S+3, inachevée à 90 %, avec jardin et piscine. Édifiée...;https://century21.tn/property/a-vendre-villa-s3-beni-khiar-plage/;https://logis.fra1.digitaloceanspaces.com/10/Properties/103187/conversions/Mgn0xUdQjz3ZDFvM-thumb.jpg?c=1;17/02/2026 1:26;420.0
58;century21_tn;Appartement;GAMMARTH VILLAGE;;77 m²;Réf: 725060;CENTURY 21 Excellence La Marsa vous propose à la Vente en exclusivité un appartement S+2, jamais habité, situé à de Gammarth Village. Il se compose de...;https://century21.tn/property/a-vendre-en-exclusivite-appartement-s2-a-gammarth-village/;https://logis.fra1.digitaloceanspaces.com/14/Properties/103361/conversions/7G6DMRGndQ4AcPqY-thumb.jpg?c=1;17/02/2026 1:26;
58;century21_tn;;LEBNA;;2500 m²;Réf: 433056;L’agence immobiliére CENTURY 21 Excellence La Marsa vous propose à la Vente un Terrain Agricole de superficie 2 500 m², situé à Nabeul, Lebna sur la r...;https://century21.tn/property/terrain-agricole-a-vendre-nabeul-lebna/;https://logis.fra1.digitaloceanspaces.com/14/Lands/103237/Ctgg8PFCkWogFkYN?c=1;17/02/2026 1:26;
58;century21_tn;Appartement;LA SOUKRA;695.000;160 m²;Réf: 902381;L’agence immobilière Century 21 Infinity vous propose à la vente un appartement S+2 direct promoteur *Emplacement: la soukra *Typologie: S+2 *Superfic...;https://century21.tn/property/a-vendre-appartement-s2-direct-promoteur-la-soukra/;https://logis.fra1.digitaloceanspaces.com/7/Properties/99424/conversions/qgNNjWYDitpm81q5-thumb.jpg?c=1;17/02/2026 1:26;695.0
58;century21_tn;Appartement;JARDINS D'EL AOUINA;690.000;160 m²;Réf: 210120-2;Century 21 Prestige met à la vente un appartement de 160m² haut standing en S+3 à Cité Jardins d’El Aouina -Un salon -Une cuisine équipée avec séchoir...;https://century21.tn/property/a-vendre-appartement-s3-jardins-del-aouina-2/;https://logis.fra1.digitaloceanspaces.com/8/Properties/90446/conversions/uN0n1xpXLCmZaCO3-thumb.jpg?c=1;17/02/2026 1:26;690.0
58;century21_tn;Bureau;CITÉ LES PALMERAIES;300.000;69 m²;Réf: 990688;L’agence immobilière Century 21 Infinity vous propose à la vente un bureau H+ 2 *Emplacement:Cité les palmeraeis *Typologie: H2 *Superficie: 60 m² Il ...;https://century21.tn/property/a-vendre-bureau-h2-cite-les-palmeraies/;https://logis.fra1.digitaloceanspaces.com/7/Properties/102742/conversions/VjtmvYJE3MZaRz92-thumb.jpg?c=1;17/02/2026 1:26;300.0
58;century21_tn;Villa;EL MENZAH 5;1.400.000;535 m²;Réf: 229552-3;L’agence immobilière Century 21 Masters vous propose pour la vente une villa bâti sur un terrain de 535 m² avec un immense potentiel commercial située...;https://century21.tn/property/a-vendre-une-villa-en-s6-a-el-menzah-5/;https://logis.fra1.digitaloceanspaces.com/1/Properties/61502/HkPt8GF4aTVNhSO7.jpg?c=1;17/02/2026 1:26;
58;century21_tn;;EL ALIA;430.000;2000 m²;Réf: 137019;L’agence immobilière Century 21 Excellence La Marsa vous propose à la vente un terrain agricole de 2000 m², situé à El Alia, sur la route de Bizerte. ...;https://century21.tn/property/a-vendre-terrain-de-2000-m%c2%b2-avec-maison-ecologique/;https://logis.fra1.digitaloceanspaces.com/14/Lands/102395/B50kYHSrsJfIopks?c=1;17/02/2026 1:26;430.0
58;century21_tn;Terrain Villa;CEBALET BEN AMMAR;;500 m²;Réf: 977388;L’agence immobiliére Century 21 Excellence La Marsa vous propose à la vente un terrain de superficie 500 m² (extensible à 800 m²), situé à côté de Géa...;https://century21.tn/property/a-vendre-terrain-a-sidi-younes/;https://logis.fra1.digitaloceanspaces.com/14/Lands/101500/7qqc7G2lhC5PBWZk?c=1;17/02/2026 1:26;
59;century21_tn;Villa;KORBA HACHED;;1524 m²;Réf: 277702;L’agence Immobilière Century21 Challenge vous propose pour la vente une villa située au coeur de la résidence privée Africa jade à Korba. Bâti sur un ...;https://century21.tn/property/a-vendre-villa-de-1524m2-a-africa-jade-korba/;https://logis.fra1.digitaloceanspaces.com/Logos%20%26%20Images/Login%20Images/ziG8vnRHkVKxGfuz27yJin0IBoo2HYum7kgqvDlH.jpg?c=1;17/02/2026 1:27;
59;century21_tn;Appartement;LES BERGES DU LAC 2;1.030.000;200 m²;Réf: 78149;L’agence Immobilière Century 21 Invest vous propose pour la vente un appartement S+3neuf promoteurs aux les berges du lac 2 . Typologie : S+3 Superfic...;https://century21.tn/property/a-vendre-appartement-s3-les-berges-du-lac-2-3/;https://logis.fra1.digitaloceanspaces.com/4/Properties/98598/conversions/33bT4tscYenKvBMX-thumb.jpg?c=1;17/02/2026 1:27;
59;century21_tn;Appartement;JARDINS DE CARTHAGE;512.000;88 m²;Réf: 844661;L’agence immobilière Century 21 Invest vous propose pour la vente un appartement S+2 Neuf Promoteur aux Jardins de Carthage. Superficie : 88 m² Il se ...;https://century21.tn/property/a-vendre-appartement-s2-neuf-promoteur-aux-jardins-de-carthage-3/;https://logis.fra1.digitaloceanspaces.com/4/Properties/86963/conversions/Yn6WiLUMNr6M9K5K-thumb.jpg?c=1;17/02/2026 1:27;512.0
59;century21_tn;Appartement;JARDINS DE CARTHAGE;730.000;120 m²;Réf: 617685;CENTURY 21infinity Ain Zaghouan nord vous propose pour la vente un appartement Neuf aux jardins de Carthage *Emplacement: Jardins de Carthage *Typolog...;https://century21.tn/property/a-vendre-appartement-s2-neuf-jardins-de-carthage/;https://logis.fra1.digitaloceanspaces.com/7/Properties/101353/conversions/WpAiLLiuYtPNSXDk-thumb.jpg?c=1;17/02/2026 1:27;730.0
59;century21_tn;;BÉNI KHIAR CENTRE;;1781 m²;Réf: 671854;L’agence immobilière Century21 Challenge vous propose à la vente un terrain à vocation agricole de 1781m² à Beni Khiar à proximité de Jinene Beni Khia...;https://century21.tn/property/terrain-agricole-de-1781m%c2%b2/;https://logis.fra1.digitaloceanspaces.com/Logos%20%26%20Images/Login%20Images/KS4cbEdlbRhExx1fgzhX8P1SFCVbCNRw1Xmts9l5.jpg?c=1;17/02/2026 1:27;
59;century21_tn;Local Commercial;YASMINE HAMMAMET;225.000;70 m²;Réf: 340861-2;L’agence immobilière Century 21 Challenge vous propose à la vente un local commercial tout type d’activité à Yasmine Hammamet Emplacement : Marina Yas...;https://century21.tn/property/a-vendre-local-commercial-h1-yasmine-hammamet/;https://logis.fra1.digitaloceanspaces.com/10/Properties/88030/conversions/dPhrHghNAQsLquwV-thumb.jpg?c=1;17/02/2026 1:27;225.0
59;century21_tn;;HENCHIR GORT;550.000;9271 m²;Réf: 293171;L’agence immobilière Century21 Challenge propose pour la vente un terrain qui fait l’angle, d’une superficie de 9271 m2, arboré d’oliviers, et situé à...;https://century21.tn/property/a-vendre-terrain-a-henchir-kort-nabeul/;https://logis.fra1.digitaloceanspaces.com/Logos%20%26%20Images/Login%20Images/KS4cbEdlbRhExx1fgzhX8P1SFCVbCNRw1Xmts9l5.jpg?c=1;17/02/2026 1:27;550.0
59;century21_tn;Fond de commerce;CHOTRANA 1;;100 m²;Réf: 875214;L’Agence immobilière Century 21 Invest vous propose pour la vente un Fond de Commerce de 80m² de superficie et 20m² du terrasse exploitable, entièreme...;https://century21.tn/property/a-vendre-local-commercial-de-100m%c2%b2-a-chotrana-1-la-soukra/;https://logis.fra1.digitaloceanspaces.com/4/Properties/97253/conversions/tTw9Us8wQ4z2zEZt-thumb.jpg?c=1;17/02/2026 1:27;
59;century21_tn;Fond de commerce;CHOTRANA 1;350.000;1100 m²;Réf: 309100-2;L’Agence Century 21 INVEST vous propose pour la vente en exclusivité fonds de commerce de 1100m² de superficie à Chotrana 1 La Soukra. – Façade : 12m ...;https://century21.tn/property/a-vendre-fond-de-commerce-de-1100-m%c2%b2-a-chotrana-1/;https://logis.fra1.digitaloceanspaces.com/4/Properties/73034/conversions/kpQ3iA4WaRDpZ74J-thumb.jpg?c=1;17/02/2026 1:27;350.0
60;century21_tn;Duplex;JARDINS DE CARTHAGE;1.890.000;273 m²;Réf: 738915-2;L’Agence Immobilière Century 21 Invest a le plaisir de vous présenter ce magnifique duplex à vendre dans le quartier prisé des Jardins de Carthage à T...;https://century21.tn/property/a-vendre-duplex-s4-jardins-de-carthage/;https://logis.fra1.digitaloceanspaces.com/4/Properties/98521/conversions/wgKorSgE2bzeFRMg-thumb.jpg?c=1;17/02/2026 1:27;
60;century21_tn;Villa;CITÉ LES PALMERAIES;1.450.000;465 m²;Réf: 773363;L’agence immobilière Century 21 Invest vous propose pour la vente une villa S+5 jumelée à l’Aouina cité les palmeraies Typologie : S+5 Elle se compose...;https://century21.tn/property/a-vendre-villa-s4-cite-les-palmeraies/;https://logis.fra1.digitaloceanspaces.com/4/Properties/100012/conversions/DI6JMwCPxkB2IxIJ-thumb.jpg?c=1;17/02/2026 1:27;
60;century21_tn;Villa;AOUINA;950.000;400 m²;Réf: 555511-2;L’agence immobilière Century 21 Infinity vous propose à la vente, en exclusivité, une villa à l’Aouina composée de deux maisons séparées et un studio....;https://century21.tn/property/a-vendre-villa-s5-aouina/;https://logis.fra1.digitaloceanspaces.com/7/Properties/28910/conversions/oxT7xGUjsZsEfcD4-thumb.jpg?c=1;17/02/2026 1:27;950.0
60;century21_tn;Appartement;CITE ENNASR 2;;138 m²;Réf: 637184;L’agence immobilière Century 21 Patrimoine vous propose à la vente un appartement en S+3 suite situé aux Cité Ennasr 2 Il se compose de : – Un salon a...;https://century21.tn/property/a-vendre-appartement-en-s3-a-cite-ennasr-2-2/;https://logis.fra1.digitaloceanspaces.com/11/Properties/87518/conversions/HcQxJ54QoOptdeTj-thumb.jpg?c=1;17/02/2026 1:27;
60;century21_tn;Terrain Villa;CITÉ BHAR LAZREG;;1774 m²;Réf: 677981;L’agence immobilière Century 21 Excellence vous propose pour la vente un terrain de 1775 m², situé dans une zone résidentielle à Bhar Lazrek. Vocation...;https://century21.tn/property/80976-2/;https://logis.fra1.digitaloceanspaces.com/14/Lands/99792/yPZlAhPR6ur9Dnxv?c=1;17/02/2026 1:27;
60;century21_tn;Appartement;DAR FADHAL;1.050.000;190 m²;Réf: 40301;......;https://century21.tn/property/a-vendre-local-commercial-a-dar-fadhal-la-soukra/;https://logis.fra1.digitaloceanspaces.com/4/Properties/97451/conversions/Gi27wuF242lYsKtF-thumb.jpg?c=1;17/02/2026 1:27;
60;century21_tn;Appartement;LA SOUKRA;816.000;170 m²;Réf: 728318;L’agence immobilière Century 21 Infinity vous propose à la vente un appartement S+ 3 direct promoteur. *Emplacement: La soukra *Typologie: S3 *Superfi...;https://century21.tn/property/a-vendre-appartement-s3-direct-promoteur-la-soukra/;https://logis.fra1.digitaloceanspaces.com/7/Properties/99174/conversions/oBVpaJxjtEAMuuvU-thumb.jpg?c=1;17/02/2026 1:27;816.0
60;century21_tn;Fond de commerce;KALAA EL KEBIRA;;78 m²;Réf: 616267;L’agence immobilière Century 21 Infinity vous propose pour la vente un fonds de commerce idéalement situé au 📍Mall of Sousse 🔹 Superficie : 48 m² + me...;https://century21.tn/property/a-vendre-fond-de-commerce-a-sousse-mall-of-sousse/;https://logis.fra1.digitaloceanspaces.com/7/Properties/99260/conversions/NT951o2fAWCW8Axc-thumb.jpg?c=1;17/02/2026 1:27;
60;century21_tn;Appartement;AIN ZAGHOUAN NORD;550.000;130 m²;Réf: 600885-2;L’agence immobilière Century 21 Infinity vous propose à la Vente un appartement S+2 à Ain Zaghouan Nord *Emplacement : Ain Zaghouan Nord *Typologie : ...;https://century21.tn/property/a-vendre-appartement-s2-direct-promoteur-ain-zaghouan-nord/;https://logis.fra1.digitaloceanspaces.com/7/Properties/74960/conversions/a5YKMpxuvmPtzRwQ-thumb.jpg?c=1;17/02/2026 1:27;550.0
61;century21_tn;Villa;NABEUL CENTRE;;987 m²;Réf: 439198;L’agence Immobilière Century21 Challenge vous propose à la vente une propriété de 987m2 de superficie sur laquelle est édifiée une maison RDC+ 1er éta...;https://century21.tn/property/a-vendre-propriete-de-987m2-au-centre-ville-de-nabeul/;https://logis.fra1.digitaloceanspaces.com/10/Properties/98791/conversions/mGRQCfu6ELA4PsED-thumb.jpg?c=1;17/02/2026 1:27;
61;century21_tn;Appartement;AIN ZAGHOUAN;440.000;198 m²;Réf: 613410;Un S+3 à Vendre Century 21 Prestige vous propose à la vente cet appartement en S+3 d’une superficie totale de 198m² situé dans une résidence calme et ...;https://century21.tn/property/a-vendre-appartement-s3-cite-palmeraies/;https://logis.fra1.digitaloceanspaces.com/8/Properties/98779/conversions/2q1QDSfdYXPiBQWb-thumb.jpg?c=1;17/02/2026 1:27;440.0
61;century21_tn;Appartement;LES BERGES DU LAC 2;950.000;172 m²;Réf: 936378;L’agence Immobilière Century 21 Invest vous propose pour la vente un appartement S+2 neuf promoteurs aux berges du lac 2 . Typologie : S+2 Superficie ...;https://century21.tn/property/a-vendre-appartement-s2-jardins-de-carthage-4/;https://logis.fra1.digitaloceanspaces.com/4/Properties/98502/conversions/SSYZTnJiQJOTFY1g-thumb.jpg?c=1;17/02/2026 1:27;950.0
61;century21_tn;;ERRIADH;;4114 m²;Réf: 393882;L’agence Immobilière Century21 Challenge vous propose à la vente un terrain à usage touristique à Nabeul plage d’une superficie de 3144 m2 avec un tit...;https://century21.tn/property/a-vendre-terrain-a-usage-touristique-a-nabeul-plage/;https://logis.fra1.digitaloceanspaces.com/Logos%20%26%20Images/Login%20Images/KS4cbEdlbRhExx1fgzhX8P1SFCVbCNRw1Xmts9l5.jpg?c=1;17/02/2026 1:27;
61;century21_tn;Villa;MARINA DE GAMMARTH;2.600.000;330 m²;Réf: 298524-2;L’agence Immobilière CENTURY 21 PRESTIGE vous propose à La Marina , Gammarth à Vendre Elle offre une superficie bâtie de 280 m² Répartie sur Trois niv...;https://century21.tn/property/a-vendre-villa-s3-marina-de-gammarth/;https://logis.fra1.digitaloceanspaces.com/8/Properties/54656/conversions/p5rFNJw32Yeqo76M-thumb.jpg?c=1;17/02/2026 1:27;
61;century21_tn;Appartement;BAB EL KHADRA;550.000;295 m²;Réf: 495522;L’agence immobilière Century 21 Infinity vous propose à la vente un bureu S+5 *Emplacement: La fayette *Typologie: S+5 *Superficie: 295 m² Il est comp...;https://century21.tn/property/bureaux-vente-lafayette/;https://logis.fra1.digitaloceanspaces.com/7/Properties/95787/conversions/RqvWaWcvc8pdRwqz-thumb.jpg?c=1;17/02/2026 1:27;550.0
61;century21_tn;Terrain Villa;CHOTRANA 2;;900 m²;Réf: 360970;L’agence immobilière Century 21 Infinity vous propose à la vente un terrain situé dans une zone résidentielle à la Soukra *Superficie: 900 m² Pour plu...;https://century21.tn/property/a-vendre-un-terrain-de-900m2-a-la-soukraa/;https://logis.fra1.digitaloceanspaces.com/7/Lands/26411/conversions/q5vyuo9mA4UozSqo-thumb.jpg?c=1;17/02/2026 1:27;
61;century21_tn;Terrain Villa;SIDI FREJ;;2601 m²;Réf: 322496;L’agence CENTURY 21 INFINITY vous propose pour la vente un terrain constructible situé à la Soukra, convient à un promoteur *Superficie : 2601m² Pour ...;https://century21.tn/property/terrain-promoteur-a-vendre-a-la-soukra/;https://logis.fra1.digitaloceanspaces.com/7/Lands/25211/conversions/sXURVlTpAFgZZJG9-thumb.jpg?c=1;17/02/2026 1:27;
61;century21_tn;Terrain Villa;SANHEJA;150.000;600 m²;Réf: 445733;L’agence immobilière Century 21 Masters vous propose pour la vente un terrain de 600 m², situé dans une zone résidentielle à Sanhaja La Manouba. Vocat...;https://century21.tn/property/a-vendre-un-terrain-de-600-m%c2%b2/;https://logis.fra1.digitaloceanspaces.com/1/Lands/66915/ct2c9ICeflsAiHZy?c=1;17/02/2026 1:27;150.0
62;century21_tn;Appartement;JARDINS DE CARTHAGE;650.000;153 m²;Réf: 366652;L’ Agence CENTURY 21 INVEST vous propose pour la vente un appartement S+2 situé à Jardins de Carthage. Typologie : S+2 Superficie : 153 m² Il se compo...;https://century21.tn/property/a-vendre-appartement-s2-jardins-de-carthage-3/;https://logis.fra1.digitaloceanspaces.com/4/Properties/97537/conversions/aDPPmehCcyiT0ryo-thumb.jpg?c=1;17/02/2026 1:27;650.0
62;century21_tn;Appartement;CITÉ EL WAFA AFH2;420.000;97 m²;Réf: 325660-2;......;https://century21.tn/property/a-vendre-appartement-s2-cite-el-wafa-afh2/;https://logis.fra1.digitaloceanspaces.com/10/Properties/78912/conversions/pptewqE5CHoyQZpo-thumb.jpg?c=1;17/02/2026 1:27;420.0
62;century21_tn;Immeuble;LES BERGES DU LAC 3;;1620 m²;Réf: 165564-2;L’agence immobilière Century 21 Infinity vous propose à la vente un immeuble R+3 au Lac 3 *Emplacement: Z.I Khereddine, Lac 3 *Usage: Bureautique *Sup...;https://century21.tn/property/a-vendre-immeuble-au-lac-3/;https://logis.fra1.digitaloceanspaces.com/7/Properties/62646/conversions/Tt3JZlQ1uTGDMnCE-thumb.jpg?c=1;17/02/2026 1:27;
62;century21_tn;Appartement;MONTPLAISIR;120.000;65 m²;Réf: 653970;......;https://century21.tn/property/a-vendre-appartement-s2-montplaisir/;https://logis.fra1.digitaloceanspaces.com/7/Properties/95817/conversions/cp4rCMKhWOcgJZWX-thumb.jpg?c=1;17/02/2026 1:27;120.0
62;century21_tn;Villa;GAMMARTH SUP;2.100.000;331 m²;Réf: 585001-2;Century 21 Prestige vous propose à la vente une villa jumelée jamais habitée de 331 m², située à Gammarth Supérieur. Au rez-de-chaussée : Un salon ave...;https://century21.tn/property/a-vendre-villa-s3-gammarth-sup/;https://logis.fra1.digitaloceanspaces.com/8/Properties/62305/conversions/JPnfADb54C0QjXUW-thumb.jpg?c=1;17/02/2026 1:27;
62;century21_tn;Terrain Villa;CHOTRANA 3;1.200;806 m²;Réf: 206554;Century 21 Prestige met à la Vente un terrain viabilisé de 800 m² situé dans le quartier prisé de Chotrana 3. Caractéristiques du terrain: *Superficie...;https://century21.tn/property/un-terrain-a-vendre-7/;https://logis.fra1.digitaloceanspaces.com/8/Lands/92438/vXu001Ido1jDNhec?c=1;17/02/2026 1:27;1.2
62;century21_tn;Appartement;AIN ZAGHOUAN NORD;600.000;140 m²;Réf: 21706;L’agence Immobilière Century 21 Invest vous propose pour la vente un appartement S+2 à Ain Zaghouan Nord. Typologie : S+2 Superficie : 140 m² Il se co...;https://century21.tn/property/a-vendre-appartement-s2-a-ain-zaghouan-nord/;https://logis.fra1.digitaloceanspaces.com/4/Properties/75708/conversions/FR4NJQChU3S2emYn-thumb.jpg?c=1;17/02/2026 1:27;600.0
62;century21_tn;Villa;CITÉ EL WAFA AFH2;;340 m²;Réf: 437720;À vendre triplex à Cité el Wafa AFH2 L’agence immobilière Century21 Challenge vous propose à la vente un triplex très bien situé à cité El Wafa AFH2 N...;https://century21.tn/property/a-vendre-triplex-a-cite-el-wafa-afh2/;https://logis.fra1.digitaloceanspaces.com/10/Properties/94476/conversions/th0IaSUHOpQxX96a-thumb.jpg?c=1;17/02/2026 1:27;
62;century21_tn;Bureau;AIN ZAGHOUAN NORD;656.000;185 m²;Réf: 602278;L’agence immobilière Century 21 Invest vous propose pour la vente un BUREAU H+3 Neuf à Ain Zaghouan Nord. Le bureau se compose : – Un hall d’accueil a...;https://century21.tn/property/a-vendre-bureau-h3-ain-zaghouan-nord/;https://logis.fra1.digitaloceanspaces.com/4/Properties/94378/conversions/AK3nWovNL4obh7E3-thumb.jpg?c=1;17/02/2026 1:27;656.0
63;century21_tn;Bureau;AIN ZAGHOUAN NORD;412.000;115 m²;Réf: 118487;......;https://century21.tn/property/a-vendre-bureau-h1-a-ain-zaghouan-nord/;https://logis.fra1.digitaloceanspaces.com/4/Properties/88959/conversions/FmCV0ZItKSpGVTd2-thumb.jpg?c=1;17/02/2026 1:27;412.0
63;century21_tn;Fond de commerce;LES BERGES DU LAC 1;450.000;160 m²;Réf: 663192;L’agence immobilière Century 21 Horizon vous propose pour la vente un Fond de commerce Situé aux Berges Du Lac 1 Caractéristiques du local ✅Superficie...;https://century21.tn/property/a-vendre-fond-de-commerce-les-berges-du-lac-1-2/;https://logis.fra1.digitaloceanspaces.com/13/Properties/92919/conversions/e77cWzrhK2ossuv1-thumb.jpg?c=1;17/02/2026 1:27;450.0
63;century21_tn;Villa;CHOTRANA 2;;2200 m²;Réf: 958663;L’agence immobilière Century 21 Invest vous propose EN EXCLUSIVITE pour la vente une villa S+5 avec jardin et piscine, située à Chotrana 2. Typologie ...;https://century21.tn/property/a-vendre-en-exclusivite-villa-s5-avec-jardin-et-piscine-a-chotrana-2/;https://logis.fra1.digitaloceanspaces.com/4/Properties/92543/conversions/rx4UWYJAOGHimc6d-thumb.jpg?c=1;17/02/2026 1:27;
63;century21_tn;;DHAHRI;;3000 m²;Réf: 668696;L’agence Century21 Challenge vous propose la vente d’un terrain d’une surface de 3000m2, situé sur la route principale reliant soliman et Borj Cedria ...;https://century21.tn/property/a-vendre-terrain-a-soliman/;https://logis.fra1.digitaloceanspaces.com/10/Lands/85692/conversions/e4MUWFG6iQNTzyUH-thumb.jpg?c=1;17/02/2026 1:27;
63;century21_tn;Terrain Villa;DAR CHAABANE ELFEHRI;430.000;1281 m²;Réf: 897362;L’agence Century21 Challenge propose à vendre un terrain agricole au bord de la route reliant Dar Chaabane Maamoura d’une surface de 1281 m² Pour plus...;https://century21.tn/property/a-vendre-terrain-agricole/;https://logis.fra1.digitaloceanspaces.com/10/Lands/83329/conversions/n31VxBcIUf0rKHJV-thumb.jpg?c=1;17/02/2026 1:27;430.0
63;century21_tn;Villa;DAR CHAABANE PLAGE;420.000;150 m²;Réf: 551978-2;L’agence immobilière Century21 Challenge vous propose pour la vente une villa en cours de construction de 150 m² au Rdc sur un terrain de 303 m², avec...;https://century21.tn/property/a-vendre-villa-s3-dar-chaabane-plage/;https://logis.fra1.digitaloceanspaces.com/10/Properties/80280/conversions/PpbEi0PaUoPuaCuO-thumb.jpg?c=1;17/02/2026 1:27;420.0
63;century21_tn;Villa;HAMMAMET NORD;;1003 m²;Réf: 766810-3;L’agence Immobilière Century21 Challenge vous propose à la vente une villa inachevée située à Hammamet zone craxi Emplacement : Hammamet nord Type : V...;https://century21.tn/property/a-vendre-villa-s3-hammamet-nord-3/;https://logis.fra1.digitaloceanspaces.com/10/Properties/49495/9ZyxL3w6oGP0i7UW.jpeg?c=1;17/02/2026 1:27;
63;century21_tn;Villa;HAMMAMET NORD;850.000;1003 m²;Réf: 766810-2;L’agence Immobilière Century21 Challenge vous propose à la vente une villa inachevée située à Hammamet zone craxi Emplacement : Hammamet nord Type : V...;https://century21.tn/property/a-vendre-villa-s3-hammamet-nord-2/;https://logis.fra1.digitaloceanspaces.com/10/Properties/49495/9ZyxL3w6oGP0i7UW.jpeg?c=1;17/02/2026 1:27;850.0
63;century21_tn;Appartement;JARDINS DE CARTHAGE;408.000;70 m²;Réf: 930139;Century 21 Barros lac 2 vous propose pour la vente un appartement en s1 a jardin de Carthage . Direct Promoteur : – Un salon – Cuisine équipée – Une c...;https://century21.tn/property/a-vendre-appartement-s1-jardins-de-carthage-2/;https://logis.fra1.digitaloceanspaces.com/6/Properties/92233/conversions/7nLQoFZwMYiAAPQw-thumb.jpg?c=1;17/02/2026 1:27;408.0
64;century21_tn;Appartement;LA SOUKRA;338.000;80 m²;Réf: 543501-2;l’agence immobilière century 21 infinity vous propose a la vente un s+2 direct promoteur a la nouvelle Soukra il se compose d’un salon qui donne sur u...;https://century21.tn/property/a-vendre-appartement-s2-la-soukra-5/;https://logis.fra1.digitaloceanspaces.com/7/Properties/46952/conversions/UCtp9ilkGxU13NqP-thumb.jpg?c=1;17/02/2026 1:27;338.0
64;century21_tn;Appartement;LA SOUKRA;419.000;126 m²;Réf: 756986-2;L’agence immobilière Century 21 Infinity vous propose à la vente un appartement Neuf S+2 avec jardin à La Nouvelle Soukra *Emplacement: La Nouvelle So...;https://century21.tn/property/a-vendre-appartement-s2-la-soukra-3/;https://logis.fra1.digitaloceanspaces.com/7/Properties/65931/conversions/KpKff8AKPy1cRMZf-thumb.jpg?c=1;17/02/2026 1:27;419.0
64;century21_tn;Bureau;EL MENZAH 8;353.192;106 m²;Réf: 187840;L’agence immobilière CENTURY 21 Horizon vous propose pour la vente un bureau H+1 situé à El Menzah 8 : Superficie : 106 m² Il se compose de : – Un acc...;https://century21.tn/property/a-vendre-bureau-h1-el-menzah-8/;https://logis.fra1.digitaloceanspaces.com/13/Properties/91632/conversions/BXRcdQWWso7SPOuW-thumb.jpg?c=1;17/02/2026 1:27;353.192
64;century21_tn;Appartement;CITÉ EL WAFA AFH2;;184 m²;Réf: 592828-2;L’agence immobilière Century 21 Challenge vous propose pour la vente un appartement en S+2 jamais habité à avenue Dali Jazi Nabeul. Ce bien vous offre...;https://century21.tn/property/a-vendre-appartement-s2-cite-el-wafa-afh2-3/;https://logis.fra1.digitaloceanspaces.com/10/Properties/76306/conversions/zCgswlAepglNHDcz-thumb.jpg?c=1;17/02/2026 1:27;
64;century21_tn;Appartement;CITÉ EL WAFA AFH2;;228 m²;Réf: 871956-2;L’agence immobilière Century 21 Challenge vous propose pour la vente un appartement en S+3 jamais habité à avenue Dali Jazi Nabeul. Ce bien vous offre...;https://century21.tn/property/a-vendre-appartement-s3-cite-el-wafa-afh2-3/;https://logis.fra1.digitaloceanspaces.com/10/Properties/76324/conversions/uiRTqtXaX4YRIiCN-thumb.jpg?c=1;17/02/2026 1:27;
64;century21_tn;Triplex;CITÉ EL WAFA AFH2;750.000;227 m²;Réf: 843736-2;Century21 challenge vous propose pour la vente une villa avec deux Appartements totalement indépendants à cité el Wafa AFH2 Nabeul. Cette proprièté es...;https://century21.tn/property/a-vendre-triplex-s7-cite-el-wafa-afh2/;https://logis.fra1.digitaloceanspaces.com/10/Properties/79736/conversions/Oh0RRAgicXB60byw-thumb.jpg?c=1;17/02/2026 1:27;750.0
64;century21_tn;Appartement;AIN ZAGHOUAN NORD;500.000;104 m²;Réf: 143097-3;L’agence immobilière Century 21 Infinity vous propose à la vente un appartement S+2 Direct Promoteur à Ain Zaghouan Nord *Superficie: 104m² *Disponibi...;https://century21.tn/property/a-vendre-un-appartement-s2-neuf-a-ain-zaghouan-nord/;https://logis.fra1.digitaloceanspaces.com/7/Properties/29935/conversions/3tYd9XmFe2Jm0ZWX-thumb.jpg?c=1;17/02/2026 1:27;500.0
64;century21_tn;Duplex;JARDINS DE CARTHAGE;951.400;204 m²;Réf: 45110-2;Century 21 Prestige met en vente un Duplex S+3 de 204,20 m² dans une Résidence gardée au Jardins de Carthage. Il se compose comme suit : – Un salon -U...;https://century21.tn/property/a-vendre-duplex-s3-jardins-de-carthage/;https://logis.fra1.digitaloceanspaces.com/8/Properties/68356/conversions/fvL47rWNzi2R1btU-thumb.jpg?c=1;17/02/2026 1:27;951.4
64;century21_tn;Villa;GAMMARTH TOURISTIQUE;;500 m²;Réf: 107820-2;Century 21 Prestige vous propose à la vente cette Villa en S+5 située dans un quartier résidentiel calme et sécurisé de Gammarth Zone Touristique. Ell...;https://century21.tn/property/a-vendre-villa-s5-gammarth-touristique/;https://logis.fra1.digitaloceanspaces.com/8/Properties/75064/conversions/FhHfE4KAvl150ii0-thumb.jpg?c=1;17/02/2026 1:27;
65;century21_tn;Appartement;SIDI ABDELAZIZ;1.100.000;355 m²;Réf: 901119;L’agence immobilière Century 21 Invest vous propose pour la vente d’une villa a démolir a la Marsa. Terrain : 355m2 Cos : 0.3 Cuf : 0.8 Vocation : R+2...;https://century21.tn/property/a-vendre-terrain-a-demolir-a-sidi-abdelaziz/;https://logis.fra1.digitaloceanspaces.com/4/Properties/91090/conversions/62ExSas5fAcH6JKc-thumb.jpg?c=1;17/02/2026 1:28;
65;century21_tn;Appartement;GAMMARTH FORÊT;670.000;158 m²;Réf: 273901;L’Agence Century 21 Invest, vous propose pour la vente un appartement S+3 avec Jardin à Gammarth. Superficie : 158m² Jardin: 45m² Il se compose de : -...;https://century21.tn/property/a-vendre-appartement-s3-gammarth-foret/;https://logis.fra1.digitaloceanspaces.com/4/Properties/90916/conversions/XDDsDzhv8marPtyD-thumb.jpg?c=1;17/02/2026 1:28;670.0
65;century21_tn;Local Commercial;NABEUL CENTRE;;198 m²;Réf: 107350-2;L’ Agence CENTURY21 Challenge vous propose pour la vente un local commercial fonds et murs situé sur une artère principale à fort achalandage au centr...;https://century21.tn/property/a-vendre-local-commercial-h0-nabeul-centre/;https://logis.fra1.digitaloceanspaces.com/Logos%20%26%20Images/Login%20Images/ziG8vnRHkVKxGfuz27yJin0IBoo2HYum7kgqvDlH.jpg?c=1;17/02/2026 1:28;
65;century21_tn;Villa;NABEUL;300.000;220 m²;Réf: 130444-2;L’agence immobilière Century21 Challenge vous propose pour la vente une maison sise à Maamoura d’une superficie de 220 m². Elle se compose d’un rez de...;https://century21.tn/property/a-vendre-maison-s3-a-el-maamoura/;https://logis.fra1.digitaloceanspaces.com/Logos%20%26%20Images/Login%20Images/ziG8vnRHkVKxGfuz27yJin0IBoo2HYum7kgqvDlH.jpg?c=1;17/02/2026 1:28;300.0
65;century21_tn;Fond de commerce;CITÉ EL WAFA AFH2;750.000;228 m²;Réf: 586876-2;L’agence immobilière Century21 Challenge vous propose la vente d’un fond de commerce situé à Cité El Wafa Afh2 Nabeul. Activité: restaurant. Superfici...;https://century21.tn/property/a-vendre-fond-de-commerce-a-cite-el-wafa-afh2/;https://logis.fra1.digitaloceanspaces.com/10/Properties/78450/conversions/JXtBSIkGGXRyKR8P-thumb.jpg?c=1;17/02/2026 1:28;750.0
65;century21_tn;Appartement;JARDINS DE CARTHAGE;430.000;70 m²;Réf: 41909;L’Agence Century 21 Invest vous propose pour la vente un Appartement S+1, situé dans une petite résidence aux jardins de Carthage. Superficie : 70m² I...;https://century21.tn/property/a-vendre-appartement-s1-neuf-promoteur-aux-jardins-de-carthage-2/;https://logis.fra1.digitaloceanspaces.com/4/Properties/88298/conversions/Lvfy1wdAS7YDoEks-thumb.jpg?c=1;17/02/2026 1:28;430.0
65;century21_tn;;LA SOUKRA;10.500;650 m²;Réf: 319651;L’agence Immobilière CENTURY 21 PRESTIGE vous propose un terrain de loisirs de 650m², idéal pour activités en plein air Emplacement: Rue du Pak Surfac...;https://century21.tn/property/un-terrain-a-louer/;https://logis.fra1.digitaloceanspaces.com/8/Lands/90661/wDHdsUQyBmKDmzYg?c=1;17/02/2026 1:28;10.5
65;century21_tn;Villa;MARSA VILLE;2.200.000;420 m²;Réf: 439171;L’agence immobilière Century 21 Invest vous propose pour la vente une Villa S+6 à rénover avec jardin située à la Marsa Ville Typologie : S+6 Superfic...;https://century21.tn/property/a-vendre-villa-s6-a-renover-avec-jardin-a-la-marsa-ville/;https://logis.fra1.digitaloceanspaces.com/4/Properties/90079/conversions/FBpjVw2Tamrq0FRK-thumb.jpg?c=1;17/02/2026 1:28;
65;century21_tn;Villa;HAMMAMET NORD;;720 m²;Réf: 72929;L’agence Immobilière Century21 Challenge propose pour la vente une magnifique villa de haut standing située au coeur de la zone touristique de Hammame...;https://century21.tn/property/a-vendre-une-villa-a-hammamet/;https://logis.fra1.digitaloceanspaces.com/Logos%20%26%20Images/Login%20Images/ziG8vnRHkVKxGfuz27yJin0IBoo2HYum7kgqvDlH.jpg?c=1;17/02/2026 1:28;
66;century21_tn;Villa;NOTRE DAME;;1033 m²;Réf: 680732;L’agence immobilière Century 21 Patrimoine vous propose pour la vente une villa authentique en R+1 à Notre dame. Superficie terrain : 1033m² Superfici...;https://century21.tn/property/a-vendre-ou-a-louer-une-villa-authentique-en-r1-a-notre-dame/;https://logis.fra1.digitaloceanspaces.com/Logos%20%26%20Images/Login%20Images/ziG8vnRHkVKxGfuz27yJin0IBoo2HYum7kgqvDlH.jpg?c=1;17/02/2026 1:28;
66;century21_tn;Bureau;JARDINS DE CARTHAGE;335.000;110 m²;Réf: 539847;L’agence immobilière CENTURY 21 INVEST vous propose pour la vente un bureau H+2 aux jardins de Carthage : Superficie : 110 m² Il se compose de : – Un ...;https://century21.tn/property/a-vendre-bureau-h2-aux-jardins-de-carthage/;https://logis.fra1.digitaloceanspaces.com/4/Properties/79336/conversions/mqlYzQdZFmDHFRQV-thumb.jpg?c=1;17/02/2026 1:28;335.0
66;century21_tn;Villa;KHEIREDDINE;780.000;300 m²;Réf: 303958-3;L’agence immobilière century 21 Infinity vous propose à la vente une villa à rénover Emplacement : kheireddine la goulette Superficie : 400m² -Sur deu...;https://century21.tn/property/a-vendre-une-villa-a-renover-a-khaireddine/;https://logis.fra1.digitaloceanspaces.com/7/Properties/53041/conversions/Zz4nXpzqGFbO8yLA-thumb.jpg?c=1;17/02/2026 1:28;780.0
66;century21_tn;Fond de commerce;EL MENZAH 5;230.000;100 m²;Réf: 681813;L’agence immobilière Century 21 Horizon vous propose à la vente un fonds de commerce d’un café idéalement situé à El Menzah 5, un quartier dynamique e...;https://century21.tn/property/a-vendre-fond-de-commerce-el-menzah-5-100m%c2%b2/;https://logis.fra1.digitaloceanspaces.com/13/Properties/89559/conversions/7UWmdfPqYeC5qIHj-thumb.jpg?c=1;17/02/2026 1:28;230.0
66;century21_tn;Depot;CITÉ IBN KHALDOUN I;2.400.000;2400 m²;Réf: 995414;L’agence immobilière Century 21 Invest vous propose pour la vente une Usine à Ibn Khaldoun Grand Tunis. Surface terrain : 1200 m² Surface couverte : 2...;https://century21.tn/property/a-vendre-usine-de-1200-m%c2%b2-a-ibn-khaldoun/;https://logis.fra1.digitaloceanspaces.com/4/Properties/89505/conversions/nDkQ7UN19KXiuTtK-thumb.jpg?c=1;17/02/2026 1:28;
66;century21_tn;Terrain Villa;CITÉ HARBOUN 1;225.000;1500 m²;Réf: 368616;L’agence immobilière Century21 Challenge propose pour la vente un terrain d’une superficie de 1500 m2 situé à cité Harboun1 à mi chemin entre centre v...;https://century21.tn/property/a-vendre-terrain-1500m2-a-proximite-de-hammamet-ville/;https://logis.fra1.digitaloceanspaces.com/10/Lands/89461/MZUg5plfgEVNTcR5?c=1;17/02/2026 1:28;225.0
66;century21_tn;Villa;CITÉ TOURISTIQUE;680.000;315 m²;Réf: 145455;L’agence immobilière Century 21Challenge vous propose pour la vente une villa situé à El Haouaria. Cette propriété compte 348m2 de terrain et 315m2 de...;https://century21.tn/property/a-vendre-villa-a-el-haouaria/;https://logis.fra1.digitaloceanspaces.com/10/Properties/88394/conversions/cYXsQGGwUMBtElx3-thumb.jpg?c=1;17/02/2026 1:28;680.0
66;century21_tn;Appartement;AIN ZAGHOUAN NORD;364.000;65 m²;Réf: 259540;L’agence immobilière Century 21 Invest vous propose pour la vente un appartement S+1 Neuf Promoteur dans la zone la plus prisée du quartier Ain Zaghou...;https://century21.tn/property/a-vendre-appartement-s1-neuf-promoteur-a-ain-zaghouan-nord/;https://logis.fra1.digitaloceanspaces.com/4/Properties/88697/conversions/UGNuTDN7U5w5mMUS-thumb.jpg?c=1;17/02/2026 1:28;364.0
66;century21_tn;Appartement;AIN ZAGHOUAN NORD;714.000;145 m²;Réf: 800514;L’agence immobilière Century 21 Invest vous propose pour la vente un appartement S2 Neuf Promoteur dans la zone la plus prisée du quartier à Ain Zagho...;https://century21.tn/property/a-vendre-appartement-s2-neuf-promoteur-a-ain-zaghouan-nord/;https://logis.fra1.digitaloceanspaces.com/4/Properties/88218/conversions/3pLVAnohXahz8IHW-thumb.jpg?c=1;17/02/2026 1:28;714.0
67;century21_tn;Appartement;LA SOUKRA;855.000;289 m²;Réf: 79822-2;L’agence immobilière Century 21 Infinity vous propose à la vente un appartement NEUF S+3 avec jardin et terrasse à la Nouvelle Soukra *Emplacement: La...;https://century21.tn/property/a-vendre-un-s3-avec-jardin-au-rdc-a-la-nouvelle-soukra/;https://logis.fra1.digitaloceanspaces.com/7/Properties/65946/conversions/fNKU4rZbjrlTXQnZ-thumb.jpg?c=1;17/02/2026 1:28;855.0
67;century21_tn;Terrain Villa;CITE ENNASR 2;336.000;420 m²;Réf: 234450;L’agence CENTURY 21 PATRIMOINE vous propose à la vente un terrain de 420 m², situé à Cité Ennaser 2. Pour de plus amples informations, veuillez nous c...;https://century21.tn/property/terrain-ennacer-2/;https://logis.fra1.digitaloceanspaces.com/11/Lands/87398/conversions/Dws8Q1zBFntEXW86-thumb.jpg?c=1;17/02/2026 1:28;336.0
67;century21_tn;Appartement;JARDINS DE CARTHAGE;510.000;90 m²;Réf: 83324;L’Agence Century 21 Invest vous propose pour la vente un appartement S+2 neuf promoteurs, situé dans une petite résidence aux Jardins de Carthage. Sup...;https://century21.tn/property/a-vendre-appartement-s2-neuf-promoteur-aux-jardins-de-carthage-2/;https://logis.fra1.digitaloceanspaces.com/4/Properties/86951/conversions/jtSelhndHGTPcd0o-thumb.jpg?c=1;17/02/2026 1:28;510.0
67;century21_tn;;NABEUL;450.000;1162 m²;Réf: 126205;L’agence immobilière Century21 Challenge vous propose a la vente un terrain agricole d’une superficie 1162 m² à Bir Djmel plage de Maamoura dans une z...;https://century21.tn/property/a-vendre-terrain-a-maamoura-2/;https://logis.fra1.digitaloceanspaces.com/Logos%20%26%20Images/Login%20Images/KS4cbEdlbRhExx1fgzhX8P1SFCVbCNRw1Xmts9l5.jpg?c=1;17/02/2026 1:28;450.0
67;century21_tn;Appartement;CHOTRANA 1;870.000;158 m²;Réf: 939190;L’Agence Century 21 INVEST vous propose pour la vente un appartement S+3 avec Piscine à Chotrana 1 la Soukra Superficie : 158m² Jardin : 150m² Il se c...;https://century21.tn/property/a-vendre-appartement-s3-avec-piscine-a-chotrana-1-la-soukra/;https://logis.fra1.digitaloceanspaces.com/4/Properties/85971/conversions/DJsMHUhcybPvsd6A-thumb.jpg?c=1;17/02/2026 1:28;870.0
67;century21_tn;Appartement;CHOTRANA 1;341.000;68 m²;Réf: 785949;L’Agence Century 21 INVEST vous propose pour la vente un appartement S+1 avec Jardin à Chotrana 1 la Soukra Superficie : 68m² Jardin : 38m² Il se comp...;https://century21.tn/property/a-vendre-appartement-s1-avec-jardin-a-chotrana-1-la-soukra/;https://logis.fra1.digitaloceanspaces.com/4/Properties/85954/conversions/rlvTJgzMbV04ckW7-thumb.jpg?c=1;17/02/2026 1:28;341.0
67;century21_tn;Appartement;NABEUL CENTRE;440.000;130 m²;Réf: 38;L’agence immobilière Century21 Challenge vous propose pour la vente un appartement en S+2 Idéalement situé dans la ville de Nabeul. L’appartement couv...;https://century21.tn/property/a-vendre-un-appartement-s2-a-nabeul/;https://logis.fra1.digitaloceanspaces.com/10/Properties/85611/conversions/JL85PU6kRv5GH9Yl-thumb.jpg?c=1;17/02/2026 1:28;440.0
67;century21_tn;Villa;GAMMARTH FORÊT;1.500.000;420 m²;Réf: 32324;L’agence Century 21 INVEST vous propose pour la vente une Villa S+5 jumelée avec piscine à Gammarth. Typologie : S+5 Superficie Terrain : 350 m² Super...;https://century21.tn/property/a-vendre-villa-s5-avec-piscine-a-gammarth-2/;https://logis.fra1.digitaloceanspaces.com/4/Properties/85746/conversions/Ipg3DQeOiHVFAUy9-thumb.jpg?c=1;17/02/2026 1:28;
67;century21_tn;;NABEUL;;18000 m²;Réf: 845124;L’agence Century21 Challenge vous propose à la vente un terrain de 18000 m2 situé dans la zone industrielle de Nabeul plus précisément sur une route p...;https://century21.tn/property/a-vendre-terrain-18000m2-zone-industrielle-nabeul/;https://logis.fra1.digitaloceanspaces.com/Logos%20%26%20Images/Login%20Images/KS4cbEdlbRhExx1fgzhX8P1SFCVbCNRw1Xmts9l5.jpg?c=1;17/02/2026 1:28;
68;century21_tn;Duplex;CHOTRANA 2;780.000;220 m²;Réf: 22818;*Century 21 Prestige met en Vente un duplex S+3 a Chotrana 2 A L’étage : -Une suite parentale avec balcon -Deux suites juniors avec balcon *Au Rez-de ...;https://century21.tn/property/un-duplex-a-vendre-5/;https://logis.fra1.digitaloceanspaces.com/8/Properties/64044/conversions/MvKfOKLNsZL4Mh8s-thumb.jpg?c=1;17/02/2026 1:28;780.0
68;century21_tn;Local Commercial;NABEUL CENTRE;130.000;51 m²;Réf: 353811;L’agence immobilière Century21 Challenge vous propose pour la vente un local à usage bureautique au rez-de-chaussée d’un immeuble situé sur une artère...;https://century21.tn/property/a-vendre-local-a-usage-bureautique-au-centre-ville-de-nabeul/;https://logis.fra1.digitaloceanspaces.com/10/Properties/85573/conversions/Jqsna7DaIDpKf2Ue-thumb.jpg?c=1;17/02/2026 1:28;130.0
68;century21_tn;Terrain Villa;CITÉ LES PINS;3.200;744 m²;Réf: 199734;Agence CENTURY 21 INVEST vous présente une opportunité à ne pas manquer ! Nous vous proposons un terrain spacieux de 774 m², situé dans la zone réside...;https://century21.tn/property/a-vendre-terrain-villa-744-m%c2%b2-marsa-nassim/;https://logis.fra1.digitaloceanspaces.com/4/Lands/85390/conversions/ThAPXGTrtGSfo8SD-thumb.jpg?c=1;17/02/2026 1:28;3.2
68;century21_tn;Appartement;JARDINS DE CARTHAGE;1.270.000;225 m²;Réf: 61095;L’agence Immobilière Century 21 Invest vous propose pour la vente un appartement S+3 Neuf promoteurs aux Jardins de Carthage. Typologie : S+3 Superfic...;https://century21.tn/property/a-vendre-appartement-s3-neuf-promoteur-aux-jardins-de-carthage/;https://logis.fra1.digitaloceanspaces.com/4/Properties/84774/conversions/ysqpc0qsgeQG4NDL-thumb.jpg?c=1;17/02/2026 1:28;
68;century21_tn;Appartement;JARDINS DE CARTHAGE;790.000;140 m²;Réf: 861942;L’agence Immobilière Century 21 Invest vous propose pour la vente un appartement S+2 neuf promoteurs aux Jardins de Carthage. Typologie : S+2 Superfic...;https://century21.tn/property/a-vendre-appartement-s2-neuf-promoteurs-aux-jardins-de-carthage-2/;https://logis.fra1.digitaloceanspaces.com/4/Properties/84818/conversions/JpX1Zjl00CCUqoad-thumb.jpg?c=1;17/02/2026 1:28;790.0
68;century21_tn;Duplex;EL MANAR 2;;255 m²;Réf: 234142;L’agence immobilière Century 21 Patrimoine vous propose à la vente un Duplex en S+4 situé aux Manar 2 Il se compose de : – Un salon + Terrasse (46m2) ...;https://century21.tn/property/duplex-a-vendre-a-el-manar-2/;https://logis.fra1.digitaloceanspaces.com/11/Properties/77362/conversions/jjWvVatCGRuOXOJA-thumb.jpg?c=1;17/02/2026 1:28;
68;century21_tn;Terrain Villa;EL MAAMOURA;95.000;426 m²;Réf: 826021;L’agence Century21 Challenge vous propose à la vente un terrain à usage d’habitation d’une superficie de 426,5 m2 à la plage d’el Maamoura dans une zo...;https://century21.tn/property/terrain-a-batir-plage-el-maamoura/;https://logis.fra1.digitaloceanspaces.com/Logos%20%26%20Images/Login%20Images/KS4cbEdlbRhExx1fgzhX8P1SFCVbCNRw1Xmts9l5.jpg?c=1;17/02/2026 1:28;95.0
68;century21_tn;Fond de commerce;LA SOUKRA;120.000;180 m²;Réf: 590211;L’agence immobilière Century 21 prestige vous propose un fond de commerce à Vendre . Emplacement : La Soukra – Superficie : 180 m² – Loyer mensuel : 4...;https://century21.tn/property/un-fond-de-commerce-a-vendre-8/;https://logis.fra1.digitaloceanspaces.com/8/Properties/84073/conversions/ysazTJcMGrRBrWXb-thumb.jpg?c=1;17/02/2026 1:28;120.0
68;century21_tn;Appartement;LA SOUKRA;722.000;170 m²;Réf: 40442-3;L’agence immobilière CENTURY 21 INFINITY vous propose à la vente un s+3 direct promoteur . Emplacement: La Nouvelle Soukra Typologie: S+3 Etat: Neuf I...;https://century21.tn/property/a-vendre-un-appartement-s3-direct-promoteur/;https://logis.fra1.digitaloceanspaces.com/7/Properties/42987/conversions/qNeBmZsMB2QPRbDb-thumb.jpg?c=1;17/02/2026 1:28;722.0
69;century21_tn;Fond de commerce;CITÉ EL WAFA AFH2;;600 m²;Réf: 133866;L’agence century21 Challenge vous propose à la vente un fond de commerce d’une salle de sport avec une superficie 600 m² à cité el Wafa (AFH2) Nabeul....;https://century21.tn/property/a-vendre-fond-de-commerce-dune-salle-de-sport/;https://logis.fra1.digitaloceanspaces.com/10/Properties/84134/conversions/XNy1XzoX0GVP3VxY-thumb.jpg?c=1;17/02/2026 1:28;
69;century21_tn;Appartement;JARDINS DE CARTHAGE;180.000;50 m²;Réf: 59213;L’agence Century 21 Invest vous propose pour la vente un Fonds de commerce situé sur un boulevard principale à forte concentration commercial aux Jard...;https://century21.tn/property/a-vendre-fond-de-commerce-aux-jardins-de-carthage/;https://logis.fra1.digitaloceanspaces.com/4/Properties/84093/conversions/CY90tcFNNu7ZkFqT-thumb.jpg?c=1;17/02/2026 1:28;180.0
69;century21_tn;Fond de commerce;LA SOUKRA;285.000;150 m²;Réf: 574219;L’agence Century 21 Invest vous propose pour la vente un Fonds de commerce situé sur un boulevard principale à forte concentration bureautique et comm...;https://century21.tn/property/vente-fonds-de-commerce-a-la-soukra-4/;https://logis.fra1.digitaloceanspaces.com/4/Properties/83258/conversions/Iu9aVdRvvqKFQSwK-thumb.jpg?c=1;17/02/2026 1:28;285.0
69;century21_tn;Appartement;CHOTRANA 1;820.000;253 m²;Réf: 910961;*Century 21 Prestige met en vente un appartement S+3 haut standing de 253 m², à Chotrana 1 : Un salon avec balcon Une cuisine équipée avec terrasse Un...;https://century21.tn/property/un-s3-a-vendre-6/;https://logis.fra1.digitaloceanspaces.com/8/Properties/80091/conversions/LUxyy9X1v3uK84wZ-thumb.jpg?c=1;17/02/2026 1:28;820.0
69;century21_tn;Terrain Villa;EL ARIBAT;300.000;799 m²;Réf: 95764;L’agence immobilière Century21 challenge vous propose pour la vente un terrain de 799 m2 situé dans une zone résidentielle composée de villa à Hergla ...;https://century21.tn/property/a-vendre-terrain-a-hergla-sousse/;https://logis.fra1.digitaloceanspaces.com/10/Lands/82504/conversions/AiaE2WghYvMVf6Wm-thumb.jpg?c=1;17/02/2026 1:28;300.0
69;century21_tn;Terrain Villa;MREZGA;;1340 m²;Réf: 820057;L’agence immobilière Century21 challenge vous propose pour la vente un terrain de 1340 m2 situé dans une zone résidentielle composée de villa à Kharou...;https://century21.tn/property/a-vendre-terrain-a-kharouba-mrezga/;https://logis.fra1.digitaloceanspaces.com/10/Lands/82516/conversions/lzHxajVqDdYyoucf-thumb.jpg?c=1;17/02/2026 1:28;
69;century21_tn;Appartement;AIN ZAGHOUAN;400.000;71 m²;Réf: 92829;Century 21 Invest vous propose pour la vente un appartement S+1 neuf promoteurs à Ain Zaghouan mitoyenne aux Jardins de Carthage. Superficie : 71 m² I...;https://century21.tn/property/vente-appartement-s1-neuf-promoteur-a-ain-zaghouan/;https://logis.fra1.digitaloceanspaces.com/4/Properties/72448/conversions/0eInDBZO16vcrCgm-thumb.jpg?c=1;17/02/2026 1:28;400.0
69;century21_tn;Terrain Villa;EZZAHRA;;284 m²;Réf: 672550;L’agence CENTURY 21 PATRIMOINE vous propose à la vente un terrain de 284 m², situé dans un emplacement stratégique à EZZAHRA. – Vocation : R+2 Pour de...;https://century21.tn/property/a-vendre-un-terrain-a-ezzahra/;https://logis.fra1.digitaloceanspaces.com/11/Lands/82176/conversions/Dwfzutlk4Fpq9y92-thumb.jpg?c=1;17/02/2026 1:28;
69;century21_tn;Appartement;AOUINA;350.000;125 m²;Réf: 26230;L’agence immobilière Century 21 Infinity vous propose à la vente un appartement S+3 à L’aouina *Emplacement: RUE DU PARK *Typologie: S+3 *Superficie: ...;https://century21.tn/property/a-vendre-un-appartement-s3-a-la-soukra-2/;https://logis.fra1.digitaloceanspaces.com/7/Properties/75112/conversions/jcR1tvkvGHzHugz5-thumb.jpg?c=1;17/02/2026 1:28;350.0
70;century21_tn;Local Commercial;EL MEDINA;;80 m²;Réf: 49913;L’agence immobilière Century 21 vous propose pour la vente une Pharmacie sur le Grand Tunis . Superficie : 80 m² Pour plus d’informations, veuillez no...;https://century21.tn/property/a-vendre-pharmacie-sur-le-grand-tunis/;https://logis.fra1.digitaloceanspaces.com/4/Properties/66150/conversions/KF1yQNhUJ8GWmk6f-thumb.jpg?c=1;17/02/2026 1:29;
70;century21_tn;Bureau;LA PERLE DU LAC;1.123.000;167 m²;Réf: 376973-2;Agence Century 21 Invest vous propose pour la vente un bureau neuf promoteur situé dans la nouvelle zone bureautique aux Berges du Lac 0 . Superficie ...;https://century21.tn/property/63692-2/;https://logis.fra1.digitaloceanspaces.com/4/Properties/63703/conversions/az2vk7cDcHagFhA6-thumb.jpg?c=1;17/02/2026 1:29;
70;century21_tn;Villa;NABEUL;300.000;220 m²;Réf: 130444;L’agence immobilière Century21 Challenge vous propose pour la vente une maison sise à Maamoura d’une superficie de 220 m². Elle se compose d’un rez de...;https://century21.tn/property/a-vendre-maison-a-el-maamoura/;https://logis.fra1.digitaloceanspaces.com/Logos%20%26%20Images/Login%20Images/ziG8vnRHkVKxGfuz27yJin0IBoo2HYum7kgqvDlH.jpg?c=1;17/02/2026 1:29;300.0
70;century21_tn;Fond de commerce;CITÉ EL WAFA AFH2;750.000;228 m²;Réf: 586876;L’agence immobilière CENTURY 21 Challenge vous propose la vente d’un fond de commerce. Emplacement: Cité El Wafa Afh2 Nabeul. Activité: restaurant Sup...;https://century21.tn/property/a-vendre-fond-de-commerce/;https://logis.fra1.digitaloceanspaces.com/10/Properties/78450/conversions/JXtBSIkGGXRyKR8P-thumb.jpg?c=1;17/02/2026 1:29;750.0
70;century21_tn;Villa;AIN ZAGHOUAN NORD;1.300.000;400 m²;Réf: 500620;L’Agence Century 21 INVEST vous Propose pour la vente une belle villa inachevée S+4 avec Piscine à Ain Zaghouan Nord. Superficie : 400m² Bâtie : 380 m...;https://century21.tn/property/vente-villa-inachevee-avec-piscine-a-ain-zaghouan-nord/;https://logis.fra1.digitaloceanspaces.com/4/Properties/77922/conversions/NuctXkNXCTPbWGdU-thumb.jpg?c=1;17/02/2026 1:29;
70;century21_tn;Terrain Villa;CITÉ BOU AKROUCHA;;340 m²;Réf: 499308;L’agence CENTURY 21 PATRIMOINE vous propose pour la vente un terrain de 340 m², situé dans une zone résidentielle composée de villas à Mohammedia. Voc...;https://century21.tn/property/a-vendre-terrain-villa-340-m%c2%b2-a-mohammedia/;https://logis.fra1.digitaloceanspaces.com/11/Lands/73756/conversions/IYSlnS6aGypb6vWf-thumb.jpg?c=1;17/02/2026 1:29;
70;century21_tn;Terrain Villa;LA MANNOUBA;;2669 m²;Réf: 849483;L’agence CENTURY 21 PATRIMOINE vous propose pour la vente un terrain de 2669 m², situé dans une zone résidentielle composée de villas à La Mannouba. V...;https://century21.tn/property/a-vendre-lotissement-villa-semi-collectif-2669-m%c2%b2-a-mohammedia/;https://logis.fra1.digitaloceanspaces.com/11/Lands/75754/conversions/KlzkxBFnMbyQmX38-thumb.jpg?c=1;17/02/2026 1:29;
70;century21_tn;Appartement;AIN ZAGHOUAN NORD;;110 m²;Réf: 390538;EN EXCLUSIVITE ! L’agence immobilière Century 21 Barros vous présente notre projet immobilier avancé, situé au cœur de AIN ZAGHOUEN NORD . Ce développ...;https://century21.tn/property/a-vendre-direct-promoteur/;https://logis.fra1.digitaloceanspaces.com/6/Properties/77801/TnhKTxIu0GUyB4EY.png?c=1;17/02/2026 1:29;
70;century21_tn;Appartement;LES BERGES DU LAC 2;510.000;107 m²;Réf: 668017;L’agence immobilière Century 21 BARROS LAC 2 vous propose pour la vente un appartement en s2 de 123 m² . Caractéristique : – Un salon lumineux – Une c...;https://century21.tn/property/les-berges-du-lac-tunis-tunisie/;https://logis.fra1.digitaloceanspaces.com/6/Properties/57981/QGmpQ6FRRvfpRMdx.png?c=1;17/02/2026 1:29;510.0
71;century21_tn;Appartement;JARDINS DE CARTHAGE;850.000;175 m²;Réf: 154551;L’agence immobilière Century 21 INVEST vous propose pour la vente un appartement S+3 neuf promoteurs aux Jardins de Carthage . Typologie : S+3 Superfi...;https://century21.tn/property/a-vendre-un-appartement-s3-situe-aux-jardins-de-carthage-2/;https://logis.fra1.digitaloceanspaces.com/4/Properties/77741/conversions/2hdCxGo8h7eUBRH3-thumb.jpg?c=1;17/02/2026 1:29;850.0
71;century21_tn;Local Commercial;NABEUL CENTRE;;198 m²;Réf: 107350;L’ Agence CENTURY21 Challenge vous propose pour la vente un local commercial fonds et murs situé sur une artère principale à fort achalandage au centr...;https://century21.tn/property/a-vendre-local-commercial-fonds-et-murs/;https://logis.fra1.digitaloceanspaces.com/Logos%20%26%20Images/Login%20Images/ziG8vnRHkVKxGfuz27yJin0IBoo2HYum7kgqvDlH.jpg?c=1;17/02/2026 1:29;
71;century21_tn;Appartement;LA NOUVELLE SOUKRA;345.000;120 m²;Réf: 956121;Century 21 Patrimoine met à la vente un appartement S+2 à La Nouvelle Soukra Cet appartement à plusieurs atouts : -Un salon avec balcon -Deux chambres...;https://century21.tn/property/appartement-s2-a-la-nouvelle-soukra/;https://logis.fra1.digitaloceanspaces.com/11/Properties/76451/conversions/3YO41KbJjHcFtguI-thumb.jpg?c=1;17/02/2026 1:29;345.0
71;century21_tn;Appartement;JARDINS DE CARTHAGE;780.000;181 m²;Réf: 658296;L’agence Immobilière Century 21 Invest vous propose pour la vente un appartement S+3 neuf promoteurs aux Jardins de Carthage. Typologie : S+3 Superfic...;https://century21.tn/property/a-vendre-appartement-s3-neuf-aux-jardins-de-carthage/;https://logis.fra1.digitaloceanspaces.com/4/Properties/69400/conversions/0fZPyrNSZT5nmtOg-thumb.jpg?c=1;17/02/2026 1:29;780.0
71;century21_tn;Villa;CHOTRANA 3;1.020.000;240 m²;Réf: 10397-2;L’agence immobilière Century 21 Infinity vous propose à la vente une belle villa à CHOTRANA 3 *Emplacement: Chotrana 3 *Typologie: S+4 *Superficie: 40...;https://century21.tn/property/a-vendre-une-villa-a-chotrana3-2/;https://logis.fra1.digitaloceanspaces.com/7/Properties/47356/conversions/Cdrn7Pf8T21tsbuO-thumb.jpg?c=1;17/02/2026 1:29;
71;century21_tn;Bureau;AIN ZAGHOUAN;220.000;55 m²;Réf: 362917;L’agence Immobilière Century 21 Invest vous propose pour la vente Un Bureau A+1 Neuf dans une immeuble Bureautique à Ain Zaghouan. Superficie: 55m² Il...;https://century21.tn/property/a-vendre-bureau-a1-dans-une-immeuble-bureautique-a-ain-zaghouan/;https://logis.fra1.digitaloceanspaces.com/4/Properties/76483/conversions/bwgyS2tbbxmiTBIJ-thumb.jpg?c=1;17/02/2026 1:29;220.0
71;century21_tn;Appartement;CITÉ EL WAFA AFH2;;184 m²;Réf: 592828;L’agence immobilière Century 21 Challenge vous propose pour la vente un appartement en S+2 jamais habité à avenue Dali Jazi Nabeul. Ce bien vous offre...;https://century21.tn/property/appartement-a-vendre-s2/;https://logis.fra1.digitaloceanspaces.com/10/Properties/76306/conversions/zCgswlAepglNHDcz-thumb.jpg?c=1;17/02/2026 1:29;
71;century21_tn;Appartement;CITÉ EL WAFA AFH2;;228 m²;Réf: 871956;L’agence immobilière Century 21 Challenge vous propose pour la vente un appartement en S+3 jamais habité à avenue Dali Jazi Nabeul. Ce bien vous offre...;https://century21.tn/property/appartement-a-vendre-s3/;https://logis.fra1.digitaloceanspaces.com/10/Properties/76324/conversions/uiRTqtXaX4YRIiCN-thumb.jpg?c=1;17/02/2026 1:29;
71;century21_tn;Appartement;EL MENZAH 7, EL MENZAH;598.000;230 m²;Réf: 807782;L’agence immobilière Century 21 Invest vous propose un appartement S+4 Direct promoteurs à vendre à Menzah 7 Typologie : S+5 Superficie : 230m² Il se ...;https://century21.tn/property/a-vendre-un-appartement-s5-situe-a-menzah-7/;https://logis.fra1.digitaloceanspaces.com/4/Properties/74637/conversions/nn9uCIoxftynFGHH-thumb.jpg?c=1;17/02/2026 1:29;598.0
72;century21_tn;Villa;CITE ENNASR 2, ENNASR;1.100.000;380 m²;Réf: 348768;Century 21 Invest vous propose pour la location une belle Villa R+1 à jardins d’el Menzah 2. Typologie : S+4 Superficie : 380m² Elle se compose de : R...;https://century21.tn/property/a-vendre-villa-s4-a-jardins-del-menzah-2/;https://logis.fra1.digitaloceanspaces.com/4/Properties/74480/conversions/BOmHl8pzX4IftfmD-thumb.jpg?c=1;17/02/2026 1:29;
72;century21_tn;Appartement;EL MENZAH 7, EL MENZAH;520.000;200 m²;Réf: 604101;L’agence immobilière Century 21 Invest vous propose un appartement S+4 à vendre à Menzah 7 Typologie : S+4 Superficie : 200m² Il se compose de : – Un ...;https://century21.tn/property/a-vendre-un-appartement-s4-situe-a-menzah-7/;https://logis.fra1.digitaloceanspaces.com/4/Properties/74398/conversions/jXQwBDjVGxqskX9r-thumb.jpg?c=1;17/02/2026 1:29;520.0
72;century21_tn;Appartement;EL MENZAH 7, EL MENZAH;468.000;175 m²;Réf: 693992;L’agence immobilière Century 21 Invest vous propose pour la vente un appartement S+3 à Menzah 7 Typologie : S+3 Superficie : 175m² Il se compose de : ...;https://century21.tn/property/a-vendre-un-appartement-s3-situe-a-menzah-7/;https://logis.fra1.digitaloceanspaces.com/4/Properties/73799/conversions/3JrrDWQ8N2vQbRWT-thumb.jpg?c=1;17/02/2026 1:29;468.0
72;century21_tn;Appartement;JARDINS DE CARTHAGE, JARDINS DE CARTHAGE;542.000;100 m²;Réf: 598305;L’ Agence CENTURY 21 INVEST vous propose pour la vente un appartement S+2 neuf aux Jardins de Carthage. -Typologie : S+2 Il se compose de – Salon spac...;https://century21.tn/property/vente-appartement-s2-aux-jardins-de-carthage-4/;https://logis.fra1.digitaloceanspaces.com/4/Properties/74129/conversions/q52ewU8x0I54BehA-thumb.jpg?c=1;17/02/2026 1:29;542.0
72;century21_tn;Fond de commerce;EL MENZAH 5, EL MENZAH;200.000;110 m²;Réf: 704041;L’agence immobilière Century 21 prestige vous propose un fonds de commerce de 110 m² avec terrasse de 20 m². Emplacement : Manzah 5 Type : fonds de co...;https://century21.tn/property/un-fond-de-commerce-a-vendre-7/;https://logis.fra1.digitaloceanspaces.com/8/Properties/72727/conversions/grhYl2UulWpKizq0-thumb.jpg?c=1;17/02/2026 1:29;200.0
72;century21_tn;Villa;MERKEZ KAMOUN;;600 m²;Réf: 814232;CENTURY 21 INFINITY AIN ZAGHOUAN NORD vous propose pour la vente une villa sur un terrain de 1200 m² à Sfax -Superficie habitable : 600 m² Au rez de c...;https://century21.tn/property/a-vendre-une-villa-de-maitre-a-sfax/;https://logis.fra1.digitaloceanspaces.com/7/Properties/73632/conversions/whiZp26BMtnOPv9t-thumb.jpg?c=1;17/02/2026 1:29;
72;century21_tn;Villa;LES BERGES DU LAC 2;;624 m²;Réf: 379748;CENTURY 21 BARROS LAC 2 vous propose pour la vente une villa sur un terrain de 653 m². – Un salon principal – Une cuisine – Une salle d’eau – Une cham...;https://century21.tn/property/a-vendre-une-villa-au-lac-2/;https://logis.fra1.digitaloceanspaces.com/6/Properties/73630/zjDcyJJUcCB3RocV.jpeg?c=1;17/02/2026 1:29;
72;century21_tn;Appartement;LES BERGES DU LAC 2;;130 m²;Réf: 313074;L’agence immobilière Century21 LAC 2 vous propose a la vente un appartement S+2 au lac 2 . Il se compose de : – Un salon avec balcon – Une cuisine fon...;https://century21.tn/property/a-vendre-s2-au-lac-2/;https://logis.fra1.digitaloceanspaces.com/6/Properties/73602/da0CMx51IXPYypqe.png?c=1;17/02/2026 1:29;
72;century21_tn;Local Commercial;JARDINS DE CARTHAGE;6.500;300 m²;Réf: 746497;Century 21 Invest vous propose pour la vente un local commercial de 300m² de superficie, situé sur une rue à fort trafic aux Jardins de Carthage. Haut...;https://century21.tn/property/a-vendre-un-local-commercial-aux-jardins-de-carthage/;https://logis.fra1.digitaloceanspaces.com/4/Properties/73495/conversions/0g7VT3MnEGmecEuR-thumb.jpg?c=1;17/02/2026 1:29;6.5
73;century21_tn;Bureau;BORJ EL BACCOUCHE;390.000;110 m²;Réf: 852526-2;L’agence immobilière Century 21 Masters vous propose pour la vente un bureau en H+3 dans un immeuble exclusivement bureautique à Borj Baccouche Superf...;https://century21.tn/property/a-vendre-bureau-en-h3-a-borj-baccouch/;https://logis.fra1.digitaloceanspaces.com/1/Properties/40609/bbg4r1amswsTwiXA.jpg?c=1;17/02/2026 1:29;390.0
73;century21_tn;Appartement;JARDINS DE CARTHAGE;790.000;164 m²;Réf: 406021;L’agence Immobilière Century 21 Invest vous propose pour la vente un appartement S+2 neuf promoteurs aux Jardins de Carthage. Typologie : S+2 Superfic...;https://century21.tn/property/a-vendre-un-appartement-s2-situe-aux-jardins-de-carthage/;https://logis.fra1.digitaloceanspaces.com/4/Properties/71255/conversions/J8tHoGVuYBS1H75R-thumb.jpg?c=1;17/02/2026 1:29;790.0
73;century21_tn;Bureau;MUTUELLEVILLE;1.850.000;850 m²;Réf: 483738;......;https://century21.tn/property/a-vendre-une-villa-a-mutuelleville/;https://logis.fra1.digitaloceanspaces.com/7/Properties/63563/conversions/TUuU1U9gfFPXt4IK-thumb.jpg?c=1;17/02/2026 1:29;
73;century21_tn;Villa;RADES;550.000;180 m²;Réf: 572908;Century 21 Prestige met à la vente une villa S+3 de 130m² sur un terrain de 180m² à Rades Il se compose comme suit: -Un salon avec balcon -Trois chamb...;https://century21.tn/property/une-villa-a-vendre-23/;https://logis.fra1.digitaloceanspaces.com/8/Properties/72052/conversions/1BpdhaJzvlF9t0jU-thumb.jpg?c=1;17/02/2026 1:29;550.0
73;century21_tn;Appartement;JARDINS DE CARTHAGE;1.250.000;375 m²;Réf: 588044;L’agence immobilière Century 21 Invest vous propose pour la location un magnifique penthouse S+4 aux Jardins de Carthage. Typologie : S+4 Superficie :...;https://century21.tn/property/a-vendre-un-penthouse-s4-aux-jardins-de-carthage/;https://logis.fra1.digitaloceanspaces.com/4/Properties/58163/conversions/ssjFm5eZ85WDj0SS-thumb.jpg?c=1;17/02/2026 1:29;
73;century21_tn;Appartement;AIN ZAGHOUAN;570.000;136 m²;Réf: 704508;L’agence Century 21 Invest vous propose pour la vente un appartement S+2, neuf promoteurs à Ain Zaghouan Nord. Typologie : Loft S+2. Superficie : 136 ...;https://century21.tn/property/vente-s2-a-ain-zaghouan-nord-136-m%c2%b2/;https://logis.fra1.digitaloceanspaces.com/4/Properties/72467/conversions/8EJv3FAsaBqbhzyJ-thumb.jpg?c=1;17/02/2026 1:29;570.0
73;century21_tn;Appartement;JARDINS DE CARTHAGE;860.000;232 m²;Réf: 6661;......;https://century21.tn/property/a-vendre-un-duplex-neuf-s3-aux-jardins-de-carthage/;https://logis.fra1.digitaloceanspaces.com/7/Properties/61674/conversions/xZfPvoJQFwmo0jp3-thumb.jpg?c=1;17/02/2026 1:29;860.0
73;century21_tn;Appartement;LA NOUVELLE SOUKRA;460.000;117 m²;Réf: 855516;L’Agence CENTURY 21 INVEST vous propose pour la Vente un appartement S+2 avec Terrasse à la Soukra Park. Superficie : 117 m² Superficie Terrasse : 45m...;https://century21.tn/property/vente-appartement-s2-avec-terrasse-a-la-soukra-park/;https://logis.fra1.digitaloceanspaces.com/4/Properties/71199/conversions/1wLILJvYvA34LM8k-thumb.jpg?c=1;17/02/2026 1:29;460.0
73;century21_tn;Villa;CHOTRANA 2;;500 m²;Réf: 941339;Century 21 Prestige vous propose en exclusivité à vendre une villa plein pied de 500m² sur un terrain de 1651 m² Composition : Partie jour : • Grand h...;https://century21.tn/property/une-villa-plein-pied-a-vendre/;https://logis.fra1.digitaloceanspaces.com/8/Properties/72088/conversions/wUqLQlfyu89FlY7u-thumb.jpg?c=1;17/02/2026 1:29;
74;century21_tn;Villa;JARDINS DE CARTHAGE;;600 m²;Réf: 877690;‘agence immobilière Century 21 Invest vous propose pour la vente une Villa inachevée aux Jardins de Carthage . Superficie Terrain : 830 m² Superficie ...;https://century21.tn/property/a-vendre-villa-inachevee-aux-jardins-de-carthage/;https://logis.fra1.digitaloceanspaces.com/4/Properties/71792/conversions/APrNIIvJvR4lM375-thumb.jpg?c=1;17/02/2026 1:29;
74;century21_tn;Villa;EL MENZAH 4;2.500.000;547 m²;Réf: 423053;L’agence immobilière Century 21 Invest vous propose pour la vente une villa S+5 avec piscine à El Menzah 4 Superficie Terrain : 504 m² Superficie Bâti...;https://century21.tn/property/a-vendre-villa-s5-avec-jardin-et-piscine-a-el-menzah-4/;https://logis.fra1.digitaloceanspaces.com/4/Properties/71273/conversions/7IZrEQ8kCFvCMlDw-thumb.jpg?c=1;17/02/2026 1:29;
74;century21_tn;Villa;CHOTRANA 1;1.200.000;415 m²;Réf: 178639;L’agence immobilière Century 21 Invest vous propose pour la vente une villa S+5 semi-inachevée avec piscine à Chotrana 1. Superficie terrain : 649 m² ...;https://century21.tn/property/a-vendre-villa-s5-semi-inachevee-avec-piscine-a-chotrana-1/;https://logis.fra1.digitaloceanspaces.com/4/Properties/71289/conversions/9dkZzX3AZSjZW4v5-thumb.jpg?c=1;17/02/2026 1:29;
74;century21_tn;Appartement;CHOTRANA 1;425.000;153 m²;Réf: LGS1671809600-2;Century 21 Invest vous propose pour la vente un appartement neuf promoteur à chotrana1 La Soukra. Typologie : S+2 Superficie: 153 m² Il se compose de:...;https://century21.tn/property/vente-appartement-s2-a-chorana-1-la-soukra/;https://logis.fra1.digitaloceanspaces.com/4/Properties/17044/conversions/EvU0PjTq5vxij6LP-thumb.jpg?c=1;17/02/2026 1:29;425.0
74;century21_tn;Appartement;ROUTE DE LA MARSA;968.000;181 m²;Réf: 242552;Century 21 Prestige met à la vente un appartement de 180m² haut standing en S+2 à Ain Zaghouan sur la route de la Marsa -Un salon avec balcon -Une sui...;https://century21.tn/property/un-s2-a-vendre-13/;https://logis.fra1.digitaloceanspaces.com/8/Properties/70202/conversions/ofvzsobxfQz5se1m-thumb.jpg?c=1;17/02/2026 1:29;968.0
74;century21_tn;Villa;CARTHAGE;;340 m²;Réf: 735804;Spacious and modern 4-bedroom villa in Carthage now available for sale! This stunning property boasts 3 bathrooms, 2 WC, and 3 parking spaces. With a ...;https://century21.tn/property/a-vendre-villa-a-carthage-presque-achevee/;https://logis.fra1.digitaloceanspaces.com/4/Properties/68851/conversions/UlXkSEoDrPblkGHo-thumb.jpg?c=1;17/02/2026 1:29;
74;century21_tn;Local Commercial;SIDI DAOUD;35.000;85 m²;Réf: 226681;L’agence immobilière Century 21 Invest vous propose pour la vente un fond de commerce de 85m² , situé dans un complexe à forte concentration commercia...;https://century21.tn/property/a-vendre-un-fond-de-commerce-a-sidi-daoud/;https://logis.fra1.digitaloceanspaces.com/4/Properties/70156/conversions/EmdIaNUoRhe63prw-thumb.jpg?c=1;17/02/2026 1:29;35.0
74;century21_tn;Appartement;RAOUED;500.000;154 m²;Réf: 195695;Century 21 Prestige met à la vente un appartement meublé de 154 m² haut standing en S+3 à Gammarth West . -Un salon avec balcon vu sur mer -Une cuisin...;https://century21.tn/property/un-s2-a-louer-a-gammarth-west-2/;https://logis.fra1.digitaloceanspaces.com/8/Properties/69655/conversions/DNqIivU4o2QWSRVa-thumb.jpg?c=1;17/02/2026 1:29;500.0
74;century21_tn;Appartement;AIN ZAGHOUAN;310.000;130 m²;Réf: 496314;L’agence immobilière Century 21 Infinity vous propose à la vente un appartement S+3 à Ain Zaghouan. *Emplacement: Avenue Khaled Ibn El Walid *Typologi...;https://century21.tn/property/a-vendre-un-appartement-s3-a-ain-zaghouan/;https://logis.fra1.digitaloceanspaces.com/7/Properties/68578/conversions/taf7BSUbG6a82PE8-thumb.jpg?c=1;17/02/2026 1:29;310.0
75;century21_tn;Appartement;LA SOUKRA;500.000;126 m²;Réf: 756986;L’agence immobilière Century 21 Infinity vous propose à la vente un appartement Neuf S+2 avec jardin à La Nouvelle Soukra *Emplacement: La Nouvelle So...;https://century21.tn/property/a-louer-un-appartement-neuf-s2-avec-jardin-a-la-nouvelle-soukra/;https://logis.fra1.digitaloceanspaces.com/7/Properties/65931/conversions/KpKff8AKPy1cRMZf-thumb.jpg?c=1;17/02/2026 1:29;500.0
75;century21_tn;Terrain Villa;DAR FADHAL;1.200;470 m²;Réf: 746725;......;https://century21.tn/property/un-terrain-a-vendre-6/;https://logis.fra1.digitaloceanspaces.com/8/Lands/67411/conversions/NGNbZDoR4mcFvxz9-thumb.jpg?c=1;17/02/2026 1:30;1.2
75;century21_tn;Duplex;LA SOUKRA;;232 m²;Réf: 278598;CENTURY 21 BARROS vous propose À vendre, un magnifique duplex s’étendant sur deux niveaux de type S+4 de 232 m² a la SOUKRA . -Le premier niveau de ce...;https://century21.tn/property/a-vendre-un-remarquable-duplex-de-type-s4-a-la-soukra/;https://logis.fra1.digitaloceanspaces.com/6/Properties/32928/V1gpCre1N8yzNQx0.jpg?c=1;17/02/2026 1:30;
75;century21_tn;Appartement;LES BERGES DU LAC 2;;234 m²;Réf: 849388;Century 21 Barros vous propose À vendre, un magnifique appartement de type S4, spacieux et raffiné . Niché dans un emplacement privilégié du lac 2 cet...;https://century21.tn/property/a-vendre-un-magnifique-appartement-de-type-s4/;https://logis.fra1.digitaloceanspaces.com/6/Properties/33190/l7gQwVcXbdJmy40Z.jpg?c=1;17/02/2026 1:30;
75;century21_tn;Villa;GAMMARTH SUP;;750 m²;Réf: 346015;En Exclusivité: L’Agence Century 21 Invest vous propose pour la vente une magnifique villa de maitre située dans la zone la résidentielle la plus hupp...;https://century21.tn/property/a-vendre-villa-de-maitre-avec-jardin-et-piscine-a-gammarth-superieure/;https://logis.fra1.digitaloceanspaces.com/4/Properties/38371/conversions/y1juXPwVDFh1UJ2U-thumb.jpg?c=1;17/02/2026 1:30;
75;century21_tn;Villa;FRANCE VILLE;1.280.000;450 m²;Réf: 815018;Century 21 Prestige vous propose pour la Vente Une villa à Franceville de 450 m² s’étend sur un terrain spacieux de 630 m² La villa se compose de deux...;https://century21.tn/property/une-villa-a-vendre-25/;https://logis.fra1.digitaloceanspaces.com/8/Properties/66689/conversions/d3POPAwJntcusm0n-thumb.jpg?c=1;17/02/2026 1:30;
75;century21_tn;Appartement;LES BERGES DU LAC 2;413.000;69 m²;Réf: 386903;Century 21 Barros vous propose pour la vente un appartement Direct Promoteur : Emplacement : Lac 2 Type : Appartement Jamais habité Typologie : S1 Sup...;https://century21.tn/property/a-vendre-un-s1-direct-promoteur-au-lac-2/;https://logis.fra1.digitaloceanspaces.com/6/Properties/9840/Gppb17dzw8jiJ8T6.jpg?c=1;17/02/2026 1:30;413.0
75;century21_tn;Appartement;AOUINA;;160 m²;Réf: 222285;L’agence immobilière Century 21 prestige vous propose pour la vente un appartement S+3 avec jardin à la Nouvelle Soukra . Emplacement: la Nouvelle Sou...;https://century21.tn/property/un-s3-a-vendre-4/;https://logis.fra1.digitaloceanspaces.com/8/Properties/52862/conversions/r285guMubwZAckLq-thumb.jpg?c=1;17/02/2026 1:30;
75;century21_tn;Appartement;JARDINS DE CARTHAGE;950.000;190 m²;Réf: LGS1673522840;L’agence Century 21 Invest vous propose pour la vente un appartement S+3 de 190m² aux Jardins De Carthage. Il se compose de: – Un salon qui donne sur ...;https://century21.tn/property/a-vendre-appartement-s3-aux-jardins-de-carthage/;https://logis.fra1.digitaloceanspaces.com/4/Properties/21703/conversions/plc90CXyzZLbZFyz-thumb.jpg?c=1;17/02/2026 1:30;950.0
76;century21_tn;Appartement;JARDINS DE CARTHAGE;825.000;162 m²;Réf: 85293;Century 21 Invest vous propose pour la vente un appartement S+3 aux Jardins de Carthage . Il se compose de : Un salon spacieux avec une terrasse. Une ...;https://century21.tn/property/vente-appartement-s3-aux-jardins-de-carthage/;https://logis.fra1.digitaloceanspaces.com/4/Properties/18208/conversions/YtDVsETzMDnQUdE7-thumb.jpg?c=1;17/02/2026 1:30;825.0
76;century21_tn;Terrain Villa;LA SOUKRA;490.000;350 m²;Réf: 253199;Agence Century 21 Invest vous propose pour la vente un terrain de 350 m², situé dans une zone résidentielle composée de villas récemment construites à...;https://century21.tn/property/vente-terrain-350m%c2%b2-a-ain-zaghouan/;https://logis.fra1.digitaloceanspaces.com/4/Lands/41414/conversions/PL9W17DE1sUZpN4L-thumb.jpg?c=1;17/02/2026 1:30;490.0
76;century21_tn;Villa;HAMMAMET NORD;850.000;1003 m²;Réf: 766810;L’agence Immobilière Century21 Challenge vous propose à la vente une villa inachevée située à Hammamet zone craxi Emplacement : Hammamet nord Type : V...;https://century21.tn/property/villa-inachevee-zone-craxi/;https://logis.fra1.digitaloceanspaces.com/10/Properties/49495/9ZyxL3w6oGP0i7UW.jpeg?c=1;17/02/2026 1:30;850.0
76;century21_tn;Fond de commerce;LES BERGES DU LAC 1;90.000;57 m²;Réf: 265605;L’agence immobilière Century 21 Masters vous propose à la vente un fonds de commerce d’une parapharmacie de 57 m² prêt à l’emploi et idéalement situé ...;https://century21.tn/property/fonds-de-commerce-a-vendre-2/;https://logis.fra1.digitaloceanspaces.com/1/Properties/50060/tsbt5XOSGr8JPnA9.png?c=1;17/02/2026 1:30;90.0
76;century21_tn;Appartement;CHOTRANA 1;484.720;135 m²;Réf: 380028;*Century 21 Prestige met en vente un appartement S+2 de 135m² directe promoteur , à Chotrana 1 -Un salon avec terrasse -Une cuisine équipée avec sécho...;https://century21.tn/property/un-s2-a-vendre-11/;https://logis.fra1.digitaloceanspaces.com/8/Properties/64536/conversions/ZGVpqaKUHTOPuiKL-thumb.jpg?c=1;17/02/2026 1:30;484.72
76;century21_tn;Duplex;LA PERLE DU LAC;1.400.000;210 m²;Réf: 505223;L’Agence immobilière Century 21 Invest vous propose pour la vente un duplex S+2 avec Terrasse dans le cadre d’un complexe résidentiel de luxe en bord ...;https://century21.tn/property/a-vendre-un-duplex-neuf-situe-au-lac-0/;https://logis.fra1.digitaloceanspaces.com/4/Properties/63947/conversions/y1bVlpcGFo65sNTj-thumb.jpg?c=1;17/02/2026 1:30;
76;century21_tn;Local Commercial;LA PERLE DU LAC;1.441.000;119 m²;Réf: 813750;Agence Century 21 Invest vous propose pour la vente un local commercial situé dans la nouvelle zone du Lac Business en bordure du lac 0, faisant parti...;https://century21.tn/property/a-vendre-local-commercial-119-m%c2%b2-aux-berges-du-lac-0/;https://logis.fra1.digitaloceanspaces.com/4/Properties/63717/conversions/CZyL9Nxph2UL8Qbm-thumb.jpg?c=1;17/02/2026 1:30;
76;century21_tn;Duplex;AIN ZAGHOUAN NORD;982.000;265 m²;Réf: 924600;Century 21 Invest vous propose pour la vente un duplex neuf promoteur S+4 avec terrasse et jardin spacieux à Ain Zaghouan Nord. Typologie : S+3 et une...;https://century21.tn/property/vente-duplex-neuf-promoteur-avec-terrasse-et-jardin-a-ain-zaghouan-nord-2/;https://logis.fra1.digitaloceanspaces.com/4/Properties/63633/conversions/qrsfvjoJehBV2C9m-thumb.jpg?c=1;17/02/2026 1:30;982.0
76;century21_tn;Duplex;AIN ZAGHOUAN NORD;900.000;253 m²;Réf: 853225;Century 21 Invest vous propose pour la vente un duplex neuf promoteur S+4 avec terrasse et jardin spacieux à Ain Zaghouan Nord. Typologie : S+3 et une...;https://century21.tn/property/vente-duplex-de-250m%c2%b2-neuf-promoteurs-a-ain-zaghouan-nord/;https://logis.fra1.digitaloceanspaces.com/4/Properties/19758/conversions/qrsfvjoJehBV2C9m-thumb.jpg?c=1;17/02/2026 1:30;900.0
77;century21_tn;Terrain Villa;BOU MHEL;;813 m²;Réf: 762329;L’agence immobilière CENTURY 21 PRESTIGE vous présente une opportunité à ne pas manquer ! Nous vous proposons un terrain spacieux de 813m², idéalement...;https://century21.tn/property/un-terrain-a-vendre-5/;https://logis.fra1.digitaloceanspaces.com/8/Lands/63335/conversions/4hknc64q4RBrHYYc-thumb.jpg?c=1;17/02/2026 1:30;
77;century21_tn;Villa;LA SOUKRA;;550 m²;Réf: 423761;L’agence immobilière Century 21 prestige met en vente une Villa de 550m² sur un terrain de 1141m² à vendre à La Soukra Emplacement : La Soukra Type : ...;https://century21.tn/property/une-villa-a-vendre-24/;https://logis.fra1.digitaloceanspaces.com/8/Properties/63043/conversions/r9MxzmRSfl5MXXD2-thumb.jpg?c=1;17/02/2026 1:30;
77;century21_tn;Fond de commerce;CITÉ EL KHALIL;;245 m²;Réf: 961683;L’agence immobilière Century 21 prestige vous propose un fond de commerce à Vendre . Emplacement : Route de La Marsa Superficie :245 m² avec une façad...;https://century21.tn/property/vente-un-fond-de-commerce-route-de-l-marsa/;https://logis.fra1.digitaloceanspaces.com/8/Properties/39593/conversions/C5Sk6B8GtXY8HgFi-thumb.jpg?c=1;17/02/2026 1:30;
77;century21_tn;Appartement;JARDINS D'EL MENZAH 1;265.000;78 m²;Réf: 628376;L’agence immobilière Century 21 infinity vous propose à la vente un appartement S+2 au RDC d’une résidence -Emplacement : Jardins d’el Menzah -Superfi...;https://century21.tn/property/a-vendre-un-appartement-s2-6/;https://logis.fra1.digitaloceanspaces.com/7/Properties/60230/conversions/EsNM326YvTX1PQ5L-thumb.jpg?c=1;17/02/2026 1:30;265.0
77;century21_tn;Penthouse;LES BERGES DU LAC 2;1.100.000;200 m²;Réf: 448285;L’agence Century 21 Invest vous propose pour la vente un magnifique penthouse avec une suite parentale et vue imprenable sur le lac . Typologie: S+3 S...;https://century21.tn/property/penthouse-s3-a-vendre-aux-berges-du-lac-2/;https://logis.fra1.digitaloceanspaces.com/4/Properties/49927/conversions/65DtPosjsIrKEhWz-thumb.jpg?c=1;17/02/2026 1:30;
77;century21_tn;Bureau;LA PERLE DU LAC;2.394.130;373 m²;Réf: 889678;L’agence immobilière Century 21 Infinity vous propose à la vente un bureau aux Berges du Lac. Emplacement : Berges Du Lac Superficie : 373 m² État : D...;https://century21.tn/property/a-vendre-un-bureau-direct-promoteur-373m%c2%b2/;https://logis.fra1.digitaloceanspaces.com/7/Properties/29131/conversions/WDv4aftbHXwH7qAB-thumb.jpg?c=1;17/02/2026 1:30;
77;century21_tn;Appartement;JARDINS DE CARTHAGE;695.000;150 m²;Réf: 887161;L’agence Immobilière Century 21 Invest vous propose pour la vente un appartement S+3 neuf promoteurs aux Jardins de Carthage. Typologie : S+3 Superfic...;https://century21.tn/property/a-vendre-un-appartement-neuf-aux-jardins-de-carthage/;https://logis.fra1.digitaloceanspaces.com/4/Properties/62395/conversions/4f8HMzwkBIHaLLBe-thumb.jpg?c=1;17/02/2026 1:30;695.0
77;century21_tn;Appartement;LA SOUKRA;250.000;78 m²;Réf: 687960;L’agence Immobilière CENTURY 21 PRESTIGE vous propose un appartement S+2 pour la vente au troisième étage avec ascenseur dans une résidence calme et s...;https://century21.tn/property/s2-a-vendre-2/;https://logis.fra1.digitaloceanspaces.com/8/Properties/44406/conversions/OJD4ci15J6yG5Yzl-thumb.jpg?c=1;17/02/2026 1:30;250.0
77;century21_tn;Villa;LA SOUKRA;;550 m²;Réf: 320157;L’agence immobilière Century 21 prestige met en vente une Villa de 550m² sur un terrain de 1141m² à vendre à La Soukra Emplacement : La Soukra Type : ...;https://century21.tn/property/une-villa-a-vendre-3/;https://logis.fra1.digitaloceanspaces.com/8/Properties/39293/conversions/r9MxzmRSfl5MXXD2-thumb.jpg?c=1;17/02/2026 1:30;
78;century21_tn;Terrain Villa;LA SOUKRA;775.000;1270 m²;Réf: 315602;Agence century 21 Invest vous propose un terrain à vendre situé dans un nouveau lotissement pour villas à la Soukra , zone en face de Soukra Parc . Ti...;https://century21.tn/property/a-vendre-terrain-villa-1270-m%c2%b2-a-vendre-a-la-soukra/;https://logis.fra1.digitaloceanspaces.com/4/Lands/57582/conversions/uSHnB13UGSH05GYt-thumb.jpg?c=1;17/02/2026 1:30;775.0
78;century21_tn;Appartement;JARDINS DE CARTHAGE;520.000;140 m²;Réf: 420217;L’agence immobilière Century 21 Invest vous propose pour la vente un appartement S+2 aux Jardins de Carthage. Typologie : S+2 Etage : 2éme étage Il se...;https://century21.tn/property/a-louer-un-appartement-s2-aux-jardins-de-carthage-3/;https://logis.fra1.digitaloceanspaces.com/4/Properties/57415/conversions/qxGbfLCxGuZMOajQ-thumb.jpg?c=1;17/02/2026 1:30;520.0
78;century21_tn;Appartement;CITÉ LES PALMERAIES;380.000;95 m²;Réf: 114599;*Century 21 Prestige met en vente un appartement S+2 Direct Promoteur de 95M², à la Nouvelle Soukra -Un salon avec balcon -Deux coucher avec dressing ...;https://century21.tn/property/un-s2-a-vendre-8/;https://logis.fra1.digitaloceanspaces.com/8/Properties/52412/conversions/f0DnmilJW7ceqWLy-thumb.jpg?c=1;17/02/2026 1:30;380.0
78;century21_tn;Appartement;CITÉ EL KHALIL;;350 m²;Réf: 6384;*Century 21 Prestige met en Vente une villa jumelée S+3 jamais habité de 500m² à la Marsa route Gammarth Il se compose comme suit : A L’étage : -Une s...;https://century21.tn/property/une-villa-a-vendre-18/;https://logis.fra1.digitaloceanspaces.com/8/Properties/58523/conversions/u6k042Fa3CW3qJug-thumb.jpg?c=1;17/02/2026 1:30;
78;century21_tn;Fond de commerce;LES BERGES DU LAC 2;45.000;50 m²;Réf: 432847;Agence CENTURY 21 Barros LAC 2 vous propose pour la vente fonds de commerce au Lac 2 : Activité: Tous commerce Superficie: 50 m² au sol et 30 m² au Me...;https://century21.tn/property/a-vendre-un-fond-de-commerce-au-lac-2-5/;https://logis.fra1.digitaloceanspaces.com/6/Properties/61413/qV7FhmSUR2BctHJ0.png?c=1;17/02/2026 1:30;45.0
78;century21_tn;;JARDINS DE CARTHAGE;;912 m²;Réf: 925023;......;https://century21.tn/property/vente-terrain-de-912m%c2%b2-aux-jardins-de-carthage/;https://logis.fra1.digitaloceanspaces.com/4/Lands/61252/conversions/L5hQbMLqliU2rsi1-thumb.jpg?c=1;17/02/2026 1:30;
78;century21_tn;Appartement;JARDINS DE CARTHAGE;580.000;110 m²;Réf: 790375;L’agence Century 21 Invest vous propose pour la vente un appartement S+2 Neufs Promoteurs aux Jardins de Carthage. Typologie : S+2 Superficie : 109m² ...;https://century21.tn/property/vente-appartement-s2-aux-jardins-de-carthage-3/;https://logis.fra1.digitaloceanspaces.com/4/Properties/46644/conversions/I9GC7beIhExc61JS-thumb.jpg?c=1;17/02/2026 1:30;580.0
78;century21_tn;Local Commercial;JARDINS DE CARTHAGE;6.000;213 m²;Réf: 35049;Century 21 Invest vous propose pour la vente un local commercial de 213m² de superficie, situé sur une rue à fort trafic aux Jardins de Carthage. Haut...;https://century21.tn/property/a-louer-un-local-commercial-aux-jardins-de-carthage-2/;https://logis.fra1.digitaloceanspaces.com/4/Properties/59453/conversions/QrGeckI1q9agJI5w-thumb.jpg?c=1;17/02/2026 1:30;6.0
78;century21_tn;Terrain Villa;CHOTRANA 3;1.250;488 m²;Réf: 818721;L’agence immobilière Century 21 Prestige met en vente un Terrain de 488 m² à Chotrana 3 Pour plus d’informations ou pour organiser une visite, contact...;https://century21.tn/property/un-terrain-a-vendre-2/;https://logis.fra1.digitaloceanspaces.com/8/Lands/58613/conversions/X8dsmvQB7ArPT1j0-thumb.jpg?c=1;17/02/2026 1:30;1.25
79;century21_tn;Terrain Villa;JARDINS D'EL MENZAH 2;1.400;431 m²;Réf: 996851;......;https://century21.tn/property/un-terrain-a-vendre-4/;https://logis.fra1.digitaloceanspaces.com/8/Lands/58728/conversions/qu5OswIDh6VcayyA-thumb.jpg?c=1;17/02/2026 1:30;1.4
79;century21_tn;Villa;CITÉ BHAR LAZREG;475.000;175 m²;Réf: 944736;L’agence immobilière Century 21 prestige vous propose une villa pour la vente . Emplacement : Bhar Lazrek Type : Appartement Typologie : s+3 Il se com...;https://century21.tn/property/villa-a-vendre-3/;https://logis.fra1.digitaloceanspaces.com/8/Properties/27588/conversions/kwlNjdTQDPrvsai0-thumb.jpg?c=1;17/02/2026 1:30;475.0
79;century21_tn;Bureau;LES BERGES DU LAC 1;;124 m²;Réf: 571196;*Century 21 Prestige met en Vente un bureau H+3 de 124m² aux Berges du lac 1 -Une terrasse de 50m -Deux points d’eau -Place de parking * Pour plus d’i...;https://century21.tn/property/un-bureau-a-vendre/;https://logis.fra1.digitaloceanspaces.com/8/Properties/52135/conversions/HAIQtsRzPPOh2Ao6-thumb.jpg?c=1;17/02/2026 1:30;
79;century21_tn;Appartement;AIN ZAGHOUAN;490.000;126 m²;Réf: 920115;L’agence immobilière Century 21 prestige vous propose un appartement s+2 pour la vente a Ain Zaghouan. -Il a une superficie de 126m² et est accompagné...;https://century21.tn/property/s2-direct-promoteur/;https://logis.fra1.digitaloceanspaces.com/8/Properties/25501/conversions/hYxdNC1lAY2yyxmk-thumb.jpg?c=1;17/02/2026 1:30;490.0
79;century21_tn;Villa;CHOTRANA 3;1.040.000;560 m²;Réf: 146318;*Century 21 Prestige vous propose à la vente une villa sur un terrain de 760m² situé à Chotrana 3 * Titre foncier *Elle se compose comme suit: *A l’ét...;https://century21.tn/property/une-villa-a-vendre-13/;https://logis.fra1.digitaloceanspaces.com/8/Properties/54366/conversions/CPM2ncuAPZyHVjhc-thumb.jpg?c=1;17/02/2026 1:30;
79;century21_tn;Local Commercial;AIN ZAGHOUAN NORD;;62 m²;Réf: 569453;L’agence immobilière Century 21 LAC 2 vous propose pour la vente des locaux commerciaux . – Emplacement stratégique avec visibilité optimale et accès ...;https://century21.tn/property/locaux-commerciaux-a-vendre/;https://logis.fra1.digitaloceanspaces.com/6/Properties/56121/96RnNHZj8F9S4J4G.png?c=1;17/02/2026 1:30;
79;century21_tn;Appartement;LES BERGES DU LAC 2;;201 m²;Réf: 572481;L’agence immobilière Century 21 Barros LAC 2 vous propose a la vente un appartement de type S3 de 200 m² situé au Lac2. Il se compose de : – Un salon ...;https://century21.tn/property/a-vendre-magnifique-appartement-s3-au-lac-2/;https://logis.fra1.digitaloceanspaces.com/6/Properties/53841/XwWL3EpvWMikL8Ke.jpg?c=1;17/02/2026 1:30;
79;century21_tn;Appartement;JARDINS DE CARTHAGE;592.601;99 m²;Réf: 310684;*Century 21 Prestige met en vente un appartement S+2 jamais habité , à Jardins de Carthage -Un salon avec terrasse -Une cuisine équipée avec séchoir -...;https://century21.tn/property/s2-direct-promoteur-4/;https://logis.fra1.digitaloceanspaces.com/8/Properties/53512/conversions/H8b3WOGIoUcIA9OC-thumb.jpg?c=1;17/02/2026 1:30;592.601
79;century21_tn;Appartement;AIN ZAGHOUAN NORD;520.000;130 m²;Réf: 412231;L’agence immobilière century 21 Infinity vous propose à la vente un S+2 meublé à Ain Zaghouan Nord. Emplacement : Ain Zaghouan Nord Typologie : S+2 Su...;https://century21.tn/property/a-louer-un-appartement-meuble-en-s2/;https://logis.fra1.digitaloceanspaces.com/7/Properties/42271/conversions/v5JBiC9JhzRYK8iY-thumb.jpg?c=1;17/02/2026 1:30;520.0
80;century21_tn;Appartement;JARDINS DE CARTHAGE;;183 m²;Réf: 199747;*Century 21 Prestige met en vente un appartement S+3 , au Jardins de Carthage -Un salon avec balcon -Trois chambres à coucher avec dressing -Une cuisi...;https://century21.tn/property/un-s3-a-vendre-5/;https://logis.fra1.digitaloceanspaces.com/8/Properties/55004/conversions/A22WJMmgsaiMObME-thumb.jpg?c=1;17/02/2026 1:30;
80;century21_tn;Fond de commerce;LES BERGES DU LAC 2;;450 m²;Réf: 663626;Century 21 Barros lac 2 vous propose a la vente Ce fonds de commerce , offrant une occasion rare d’investissement dans l’un des quartiers les plus pri...;https://century21.tn/property/a-vendre-un-fond-de-commerce-au-lac-2-3/;https://logis.fra1.digitaloceanspaces.com/6/Properties/51686/Tnqq7kXk6NW77J1U.jpg?c=1;17/02/2026 1:30;
80;century21_tn;Bureau;LES BERGES DU LAC 2;;77 m²;Réf: 743682;L’agence immobilière Century21 Barros lac 2 vous propose à la vente un bureau situé au Lac 2. Il se compose de : –Un hall d’accueil –Un bureau –Une ki...;https://century21.tn/property/a-vendre-un-bureau-situe-au-lac-2/;https://logis.fra1.digitaloceanspaces.com/6/Properties/54617/r8qudkJdvsAEWjln.jpg?c=1;17/02/2026 1:30;
80;century21_tn;Appartement;AIN ZAGHOUAN NORD;435.000;115 m²;Réf: LGS-TURHQ;Agence Century 21 Invest vous propose la vente d’un appartement S+2 neuf promoteur en cours de construction haut standing à Ain Zaghouan Nord: Typolog...;https://century21.tn/property/vente-appartement-s2-neuf-promoteur-a-ain-zaghouan-nord/;https://logis.fra1.digitaloceanspaces.com/4/Properties/54492/conversions/eJ3RnPKW9nLTSlfw-thumb.jpg?c=1;17/02/2026 1:30;435.0
80;century21_tn;Fond de commerce;LES BERGES DU LAC 1;;120 m²;Réf: 384301;Century 21 Invest, vous propose une excellente opportunité de vente fonds de commerce d’un restaurant et cafétéria, situé aux berges du lac 1 sur un b...;https://century21.tn/property/vente-fonds-de-commerce-aux-berge-du-lac-1/;https://logis.fra1.digitaloceanspaces.com/4/Properties/45894/conversions/zUAtaxBs39Jmad2t-thumb.jpg?c=1;17/02/2026 1:30;
80;century21_tn;Villa;GAMMARTH SUP;2.500.000;500 m²;Réf: 953108;L’agence immobilière Century 21 Invest vous propose pour la vente une villa S+6 à Gammarth supérieure du coté de café journal. Emplacement : Gammarth ...;https://century21.tn/property/a-louer-villa-a-gammarth-superieure/;https://logis.fra1.digitaloceanspaces.com/4/Properties/37888/conversions/7vL9nBDMSZXd4DnS-thumb.jpg?c=1;17/02/2026 1:30;
80;century21_tn;Appartement;JARDINS DE CARTHAGE;;136 m²;Réf: 937342;*Century 21 Prestige met en vente un appartement S+2 , au Jardins de Carthage -Un salon avec balcon -Deux chambres à coucher avec dressing -Une cuisin...;https://century21.tn/property/un-s2-a-vendre-6/;https://logis.fra1.digitaloceanspaces.com/8/Properties/52590/conversions/YT8SgRAHp8iRo1s2-thumb.jpg?c=1;17/02/2026 1:30;
80;century21_tn;Duplex;CHOTRANA 1;755.000;182 m²;Réf: 665946;*Century 21 Prestige met en vente un Duplex S+4, au RDC dans une résidence gardée à Chotrana 1. Ce duplex à plusieurs atouts : -Un salon avec jardin 3...;https://century21.tn/property/un-duplex-s4/;https://logis.fra1.digitaloceanspaces.com/8/Properties/49145/conversions/z7vfuiky4RCaW2V1-thumb.jpg?c=1;17/02/2026 1:30;755.0
80;century21_tn;Appartement;CITÉ LES PALMERAIES;750.000;188 m²;Réf: 328431;*Century 21 Prestige met en vente un appartement S+3 à la Nouvelle Soukra -Un salon avec balcon -Deux chambres à coucher avec dressing -Suite Parental...;https://century21.tn/property/s3-a-la-nouvelle-soukra-a-vendre/;https://logis.fra1.digitaloceanspaces.com/8/Properties/52439/conversions/nJ5Vf6nqquTYgbfW-thumb.jpg?c=1;17/02/2026 1:30;750.0
81;century21_tn;Terrain Villa;MARSA PLAGE;;522 m²;Réf: 325854;......;https://century21.tn/property/vente-en-exclusivite-terrain-de-522m%c2%b2-a-sidi-bousaid/;https://logis.fra1.digitaloceanspaces.com/Logos%20%26%20Images/Login%20Images/KS4cbEdlbRhExx1fgzhX8P1SFCVbCNRw1Xmts9l5.jpg?c=1;17/02/2026 1:31;
81;century21_tn;Appartement;CITÉ LES PALMERAIES;567.000;135 m²;Réf: 353926;*Century 21 Prestige met en vente un appartement S+2 , à la Nouvelle Soukra -Un salon avec balcon -Une chambre à coucher avec dressing -Suite parental...;https://century21.tn/property/un-s2-a-vendre-7/;https://logis.fra1.digitaloceanspaces.com/8/Properties/52851/conversions/jUCRJhOFv3clAVjB-thumb.jpg?c=1;17/02/2026 1:31;567.0
81;century21_tn;Villa;LA SOUKRA;;750 m²;Réf: 658734;*Century 21 Prestige vous propose à la vente une villa sur un terrain de 2670m² situé à La Soukra * Titre foncier Elle se compose comme suit: A l’étag...;https://century21.tn/property/une-villa-a-vendre-11/;https://logis.fra1.digitaloceanspaces.com/8/Properties/52787/conversions/1aNbKqimxmuyLIgH-thumb.jpg?c=1;17/02/2026 1:31;
81;century21_tn;Penthouse;EL MENZAH 7;1.300.000;450 m²;Réf: 199455;L’agence Immobilière CENTURY 21 PRESTIGE vous propose un Penthouse au 7-ème et dernières étage de la résidence . – superficie 450 m² composé comme sui...;https://century21.tn/property/penthouse-450-m%c2%b2/;https://logis.fra1.digitaloceanspaces.com/8/Properties/52644/conversions/i36DbWApZ7zU8DTf-thumb.jpg?c=1;17/02/2026 1:31;
81;century21_tn;Appartement;JARDINS DE CARTHAGE;563.000;103 m²;Réf: 996023;*Century 21 Prestige met en vente un appartement S+2 , au 2éme étage avec ascenseur dans une résidence gardée à Jardins de Carthage. Cet appartement à...;https://century21.tn/property/un-s2-a-vendre-2/;https://logis.fra1.digitaloceanspaces.com/8/Properties/49630/conversions/UkuhcK9OYLfGw80L-thumb.jpg?c=1;17/02/2026 1:31;563.0
81;century21_tn;Appartement;AIN ZAGHOUAN;375.000;137 m²;Réf: 928064;Century 21 Prestige vous propose pour la Vente, un appartement S+3 rénové au 3 étage d’une résidence en R+5. Il se compose de : *superficie 136 m² *Co...;https://century21.tn/property/un-s3-a-vendre/;https://logis.fra1.digitaloceanspaces.com/8/Properties/46505/conversions/aF66dRxUPtuv9q6T-thumb.jpg?c=1;17/02/2026 1:31;375.0
81;century21_tn;Appartement;JARDINS DE CARTHAGE;280.000;68 m²;Réf: 81990;L’agence immobilière Century 21 Infinity vous propose pour la vente un appartement S+1 . Emplacement: Jardins de Carthage Typologie: S+1 Superficie: 6...;https://century21.tn/property/a-vendre-un-appartement-s1-3/;https://logis.fra1.digitaloceanspaces.com/7/Properties/47509/conversions/odmMfZSpKCunlxvO-thumb.jpg?c=1;17/02/2026 1:31;280.0
81;century21_tn;Fond de commerce;LA SOUKRA;70.000;500 m²;Réf: 482500;*L’agence Immobilière CENTURY 21 PRESTIGE vous propose un Fond de commerce à La Soukra ,au deuxième étage à Vendre – Superficie: 500m² -loyer 1700 -De...;https://century21.tn/property/un-fond-de-commerce-a-vendre-2/;https://logis.fra1.digitaloceanspaces.com/8/Properties/47330/conversions/H43LhrT41atx6G1X-thumb.jpg?c=1;17/02/2026 1:31;70.0
81;century21_tn;Duplex;CHOTRANA 2;1.200.000;321 m²;Réf: 497510;Century 21 Prestige met en Vente d’un duplex S+4, à La Soukra -Un salon qui donne sur le jardin -Deux chambres à coucher avec dressing -Une cuisine éq...;https://century21.tn/property/un-duplex-a-vendre/;https://logis.fra1.digitaloceanspaces.com/8/Properties/36949/conversions/zGEIgxecEizQkVJf-thumb.jpg?c=1;17/02/2026 1:31;
82;century21_tn;Appartement;LES BERGES DU LAC 2;;130 m²;Réf: 451720;Century 21 Invest vous propose pour la vente un appartement S+3 de 130m² de superficie aux berges du lac 2. Il se compose : -Salon spacieux qui donne ...;https://century21.tn/property/vente-appartement-s2-aux-berges-du-lac-2/;https://logis.fra1.digitaloceanspaces.com/4/Properties/50073/conversions/TRWZ6RoZj4do5lz6-thumb.jpg?c=1;17/02/2026 1:31;
82;century21_tn;Terrain Villa;CHOTRANA 2;1.000;633 m²;Réf: 64152;Agence Century 21 Invest vous propose pour la vente un terrain de 633 m², situé dans une zone résidentielle composée de villas à Chotrana 2. Vocation ...;https://century21.tn/property/terrain-a-vendre-a-chotrana-2/;https://logis.fra1.digitaloceanspaces.com/4/Lands/49832/conversions/FMyfOTuu442HoocP-thumb.jpg?c=1;17/02/2026 1:31;1.0
82;century21_tn;Appartement;CHOTRANA 1;220.000;45 m²;Réf: 981404;*Century 21 Prestige met en vente un appartement S+1 , au 2éme étage avec ascenseur dans une résidence gardée à Chotrana 1. Cet appartement à plusieur...;https://century21.tn/property/s1-a-vendre-4/;https://logis.fra1.digitaloceanspaces.com/8/Properties/49461/conversions/mx19M0MfWS2ajDhO-thumb.jpg?c=1;17/02/2026 1:31;220.0
82;century21_tn;Villa;JARDINS DE CARTHAGE;;824 m²;Réf: 557670;L’agence immobilière Century 21 Barros vous propose pour la vente ce terrain exceptionnel . Opportunité Exceptionnelle pour la Villa de Vos Rêves ! À ...;https://century21.tn/property/a-la-vente-terrain-a-jardin-de-carthage/;https://logis.fra1.digitaloceanspaces.com/6/Properties/40819/rYDDbQj5kVYaQZSB.jpg?c=1;17/02/2026 1:31;
82;century21_tn;Appartement;CHOTRANA 1;3.400;100 m²;Réf: 761917;Century 21 Prestige met en vente d’un appartement S1 avec jardin direct promoteur , dans une résidence gardée à Chotrana 1. Cet appartement à plusieur...;https://century21.tn/property/vente-dun-s1/;https://logis.fra1.digitaloceanspaces.com/8/Properties/49298/conversions/Xe2yHW9aGuJHBeUZ-thumb.jpg?c=1;17/02/2026 1:31;3.4
82;century21_tn;Appartement;CHOTRANA 1;;87 m²;Réf: 694590;Century 21 Prestige met en vente d’un appartement S2 direct promoteur , au premier étage avec ascenseur dans une résidence gardée à Chotrana 1. Cet ap...;https://century21.tn/property/un-s2-a-vendre/;https://logis.fra1.digitaloceanspaces.com/8/Properties/49264/conversions/IFiIUc4gyWRfHzJ1-thumb.jpg?c=1;17/02/2026 1:31;
82;century21_tn;Appartement;CHOTRANA 1;3.400;229 m²;Réf: 306334;*Century 21 Prestige met en vente d’un appartement S3 avec jardin , dans une résidence gardée à Chotrana 1. Cet appartement à plusieurs atouts : -Un s...;https://century21.tn/property/s3-avec-jardin-a-vendre/;https://logis.fra1.digitaloceanspaces.com/8/Properties/49281/conversions/JpYinA9mMoIGdEaE-thumb.jpg?c=1;17/02/2026 1:31;3.4
82;century21_tn;Bureau;KHEIREDDINE PACHA;370.001;62 m²;Réf: 713428;L’agence immobilière Century 21 prestige vous propose pour la vente un bureau de 120m² Caractéristiques Principales : Emplacement :Montplaisir Prix de...;https://century21.tn/property/vente-dun-bureau/;https://logis.fra1.digitaloceanspaces.com/8/Properties/40285/conversions/y4mGGSACkX7r3iGB-thumb.jpg?c=1;17/02/2026 1:31;370.001
82;century21_tn;Villa;EL KANTAOUI;;1040 m²;Réf: 681725;Century 21 Prestige vous propose à la vente une villa prestigieuse situé à la Baie des Anges . Elle se compose comme suit: * Rez- de chausée: -Un gran...;https://century21.tn/property/une-villa-a-vendre-8/;https://logis.fra1.digitaloceanspaces.com/8/Properties/44225/conversions/CpW0eEPcw6Bh12Y5-thumb.jpg?c=1;17/02/2026 1:31;
83;century21_tn;Appartement;AIN ZAGHOUAN;350.000;70 m²;Réf: 295577;L’agence Century 21 Invest vous propose pour la vente un appartement S+1 loft, neuf promoteurs à Ain Zaghouan Nord. Typologie: Loft S+1. Superficie : ...;https://century21.tn/property/vente-appartement-loft-s1-a-ain-zaghan/;https://logis.fra1.digitaloceanspaces.com/4/Properties/47298/conversions/GpyFPEdHGAmL2NmQ-thumb.jpg?c=1;17/02/2026 1:31;350.0
83;century21_tn;Fond de commerce;LA SOUKRA;;400 m²;Réf: 274250;*L’agence Immobilière CENTURY 21 PRESTIGE vous propose un locale commercial à La Soukra ,à Vendre – Superficie: 400m² *Pour plus d’informations ou pou...;https://century21.tn/property/un-fond-de-commerce-a-vendre/;https://logis.fra1.digitaloceanspaces.com/8/Properties/47013/conversions/9zEYJwfT7HAFdYTN-thumb.jpg?c=1;17/02/2026 1:31;
83;century21_tn;Bureau;JARDINS DE CARTHAGE;;72 m²;Réf: 421162;L’agence immobilière Century 21 Barros vous propose a la vente un appartement en s1 situé a jardin de Carthage Superficie: 72 m² Il se compose de : – ...;https://century21.tn/property/a-vendre-un-appartement-en-s1-2/;https://logis.fra1.digitaloceanspaces.com/6/Properties/47113/MzrmRjz4FUuj6HGB.jpeg?c=1;17/02/2026 1:31;
83;century21_tn;Villa;LES BERGES DU LAC 2;;600 m²;Réf: 396523;L’agence Immobilière CENTURY 21 PRESTIGE vous propose en Exclusivité Une Villa au Lac 2- A Vendre Elle offre une superficie bâtie de 600 m² sur un ter...;https://century21.tn/property/une-villa-a-vendre-9/;https://logis.fra1.digitaloceanspaces.com/8/Properties/44874/conversions/ZMV5y1RG0ngxhutT-thumb.jpg?c=1;17/02/2026 1:31;
83;century21_tn;Terrain Villa;CITÉ BHAR LAZREG;;3000 m²;Réf: 101905;L’agence immobilière Century 21 Prestige met en vente un Terrain de 3000 m² à Bahar Lazreg avec un prix de 600DT/M² Titre en règle. Pour plus d’inform...;https://century21.tn/property/un-terrain-a-vendre/;https://logis.fra1.digitaloceanspaces.com/Logos%20%26%20Images/Login%20Images/KS4cbEdlbRhExx1fgzhX8P1SFCVbCNRw1Xmts9l5.jpg?c=1;17/02/2026 1:31;
83;century21_tn;Appartement;AIN ZAGHOUAN NORD;245.000;40 m²;Réf: 374485;Century 21 Invest vous propose pour la vente un appartement S+0 de 40 m² de superficie neuf promoteur à Ain Zaghouan Nord. Il se compose de : – Salon ...;https://century21.tn/property/vente-appartement-s0-neuf-promoteur-a-ain-zaghouan-nord/;https://logis.fra1.digitaloceanspaces.com/4/Properties/46068/conversions/N7XHbd8XH7zcR3mS-thumb.jpg?c=1;17/02/2026 1:31;245.0
83;century21_tn;Villa;CHOTRANA 3;1.300.000;700 m²;Réf: 283107;L’agence Immobilière CENTURY 21 PRESTIGE vous propose une villa inachevée – Superficie 700 m² dont 470m² bâti Composé comme suit: -Huit pièces -Un sal...;https://century21.tn/property/villa-inachevee-a-vendre/;https://logis.fra1.digitaloceanspaces.com/8/Properties/46681/conversions/THa2QpLeOcYk8XY4-thumb.jpg?c=1;17/02/2026 1:31;
83;century21_tn;Villa;CARTHAGE;;1035 m²;Réf: 422522;L’agence immobilière Century 21 prestige vous propose pour la vente un terrain à Carthage avec villa à rénover Sur la route principale en face festiva...;https://century21.tn/property/vente-dun-terrain/;https://logis.fra1.digitaloceanspaces.com/8/Properties/41100/conversions/D3JEeMPl81bSstRg-thumb.jpg?c=1;17/02/2026 1:31;
83;century21_tn;Terrain Villa;CHOTRANA 2;;1800 m²;Réf: 153568;L’agence immobilière Century 21 Prestige met en vente un Terrain de 1800 m² à Chotrana 2 avec un prix de 916DT pour le m2 Titre en règle. Pour plus d’...;https://century21.tn/property/terrain-a-vendre-6/;https://logis.fra1.digitaloceanspaces.com/8/Lands/40970/conversions/YXzCinBQy5o9dyyk-thumb.jpg?c=1;17/02/2026 1:31;
84;century21_tn;Appartement;HAMMAM SOUSSE GHARBI;479.000;128 m²;Réf: 886625;L’agence Immobilière CENTURY 21 PRESTIGE vous propose un appartement S+3 au cinquième étage dans une résidence à Sousse Il se compose comme suit : – s...;https://century21.tn/property/s3-a-vendre-3/;https://logis.fra1.digitaloceanspaces.com/8/Properties/40765/conversions/N5ovaHhMAw69WnE9-thumb.jpg?c=1;17/02/2026 1:31;479.0
84;century21_tn;Terrain Villa;CHOTRANA 2;1.200;1386 m²;Réf: 827202;......;https://century21.tn/property/vente-en-exculisivite-terrain-de-1386m%c2%b2-a-chotrana-2/;https://logis.fra1.digitaloceanspaces.com/4/Lands/25627/conversions/1S78zjokVsiPRkXj-thumb.jpg?c=1;17/02/2026 1:31;1.2
84;century21_tn;Villa;MARSA STADE;2.400.000;462 m²;Réf: 404209;L’agence immobilière Century 21 Prestige vous propose une villa à vendre . Emplacement : La Marsa Superficie terrain :723 m² dont 462m² Type : villa T...;https://century21.tn/property/une-villa-a-vendre-6/;https://logis.fra1.digitaloceanspaces.com/8/Properties/41790/conversions/iNI7zfWWH4xwutla-thumb.jpg?c=1;17/02/2026 1:31;
84;century21_tn;Appartement;CHOTRANA 2;650.000;154 m²;Réf: 618844;L’agence Immobilière CENTURY 21 PRESTIGE vous propose un appartement S+3 au premier étage dans une résidence calme et sécurisée à Chotrana 2 Il se com...;https://century21.tn/property/s3-a-vendre-4/;https://logis.fra1.digitaloceanspaces.com/8/Properties/37349/conversions/9gjtEKNJJQj8ajEb-thumb.jpg?c=1;17/02/2026 1:31;650.0
84;century21_tn;Duplex;LES BERGES DU LAC 2;;272 m²;Réf: 243769;L’agence immobilière Century 21 prestige vous propose un duplexe s+3 à vendre . Emplacement : Lac 2 Type : Duplexe Typologie : s+3 superficie: 312m² I...;https://century21.tn/property/duplexe-a-vendre-2/;https://logis.fra1.digitaloceanspaces.com/8/Properties/27912/conversions/b653KwuIrOu8xW0r-thumb.jpg?c=1;17/02/2026 1:31;
84;century21_tn;Villa;MUTUELLEVILLE;;200 m²;Réf: 468131;Century 21 Invest vous propose pour la vente en exclusivité une villa avec Jardin à Mutuelle Villa. Typologie : S+4 Superficie Terrain : 358m² Superfi...;https://century21.tn/property/vente-en-exclusivite-villa-a-mutuelle-villa/;https://logis.fra1.digitaloceanspaces.com/4/Properties/44075/conversions/vA9JJAIFJ7BnGtlC-thumb.jpg?c=1;17/02/2026 1:31;
84;century21_tn;Appartement;CHOTRANA 1;630.000;155 m²;Réf: 294123;L’agence immobilière Century 21 prestige vous propose un appartement s+3 avec jardin privatif pour la vente direct promoteur a Chotrana 1. -Il a une s...;https://century21.tn/property/s3-a-la-vente-direct-promoteur/;https://logis.fra1.digitaloceanspaces.com/8/Properties/25585/conversions/ouhYK2pThGgkCK9m-thumb.jpg?c=1;17/02/2026 1:31;630.0
84;century21_tn;Villa;CHOTRANA 1;;500 m²;Réf: 465773;L’agence immobilière Century 21 prestige vous propose une villa inachevé à la Soukra. superficie : 747m² 500m² bâti elle se compose de: – Un salon et ...;https://century21.tn/property/villa-inacheve/;https://logis.fra1.digitaloceanspaces.com/Logos%20%26%20Images/Login%20Images/ziG8vnRHkVKxGfuz27yJin0IBoo2HYum7kgqvDlH.jpg?c=1;17/02/2026 1:31;
84;century21_tn;;ARIANA;;4420 m²;Réf: 71483;Agence Century 21 Invest vous propose à vendre, en exclusivité, un terrain R+6 à Ariana sur l’avenue Taieb Mhiri : Descriptif : Superficie : 4420 m² V...;https://century21.tn/property/a-vendre-en-exclusivite-terrain-r6-vocation-mixte-a-ariana/;https://logis.fra1.digitaloceanspaces.com/4/Lands/44946/conversions/Jd4PXp9kH60ehmMv-thumb.jpg?c=1;17/02/2026 1:31;
85;century21_tn;Villa;EL MENZAH 4;1.350.000.000;629 m²;Réf: 625412;L’agence immobilière Century 21 Prestige met en vente un terrain de villa idéal pour construire un immeuble de bureaux -Superficie : 629m² -une villa ...;https://century21.tn/property/terrain-de-villa-a-vendre/;https://logis.fra1.digitaloceanspaces.com/8/Properties/43254/conversions/wOKZicbqrOUdBqHg-thumb.jpg?c=1;17/02/2026 1:31;
85;century21_tn;Terrain Villa;CHOTRANA 2;;579 m²;Réf: 385590;L’agence immobilière Century 21 Prestige met en vente un Terrain de 579 m² dans quartier chic et résidentiel à Chotrana 2 avec un prix de 1300DT pour ...;https://century21.tn/property/44179-2/;https://logis.fra1.digitaloceanspaces.com/8/Lands/41673/conversions/gpehqigH3fj8bvL4-thumb.jpg?c=1;17/02/2026 1:31;
85;century21_tn;Villa;GAMMARTH SUP;;1000 m²;Réf: 50175;L’agence immobilière Century 21 Prestige vous propose une villa à vendre . Emplacement : Gammarth Superficie terrain :1402 m² Type : villa Typologie :...;https://century21.tn/property/villa-a-vendre-5/;https://logis.fra1.digitaloceanspaces.com/8/Properties/37477/conversions/mRxP2XGIqpUppT2n-thumb.jpg?c=1;17/02/2026 1:31;
85;century21_tn;Villa;LA SOUKRA;1.180.000;450 m²;Réf: 550526;Villa à Vendre à La Soukra Caractéristiques Principales : Emplacement : La Soukra, Tunis Superficie du Terrain : 520 m² Surface Bâtie : 450 m² Nombre ...;https://century21.tn/property/villa-a-vendre-a-la-soukra/;https://logis.fra1.digitaloceanspaces.com/8/Properties/22099/h2ngC8S4V76FqWoy.jpg?c=1;17/02/2026 1:31;
85;century21_tn;Appartement;CHOTRANA 1;580.000;183 m²;Réf: 941272;L’agence Immobilière CENTURY 21 PRESTIGE vous propose en exclusivité un appartement S+3 de 214 m² au première étage dans une résidence calme et sécuri...;https://century21.tn/property/s3-a-vendre-5/;https://logis.fra1.digitaloceanspaces.com/8/Properties/40846/conversions/cGFMnZVMEO0Tg31p-thumb.jpg?c=1;17/02/2026 1:31;580.0
85;century21_tn;Villa;SIDI BOUSAID;;450 m²;Réf: 421216;Agence Century 21 Invest vous propose pour la vente une villa indépendante à rafraichir dans l’ un des plus beaux quartier de la banlieue Nord de Tuni...;https://century21.tn/property/a-vendre-villa-s5-avec-jardin-a-sidi-bou-said/;https://logis.fra1.digitaloceanspaces.com/4/Properties/43938/conversions/v1XNL3rAbrkcS7dP-thumb.jpg?c=1;17/02/2026 1:31;
85;century21_tn;Fond de commerce;SOUSSE KHEZAMA;350.000;160 m²;Réf: 594148;L’agence immobilière Century 21 Prestige met en exclusivité la vente un Fond de Commerce à Sousse Superficie :160m² couvert et 60m² terrasse -Totaleme...;https://century21.tn/property/locale-commercial-a-vendre/;https://logis.fra1.digitaloceanspaces.com/8/Properties/43179/conversions/ngtS8wg1Wb3PrSTY-thumb.jpg?c=1;17/02/2026 1:31;350.0
85;century21_tn;;CITÉ BHAR LAZREG;320;15000 m²;Réf: 466330;L’ Agence Century 21 Invest vous propose pour la vente une excellente opportunité : un terrain vocation commerciale ou industrielle R+2 à Cité Bhar La...;https://century21.tn/property/a-vendre-terrain-15000-m%c2%b2-vocation-commercial-industriel/;https://logis.fra1.digitaloceanspaces.com/4/Lands/43732/conversions/lEWTY46BGVF8NbMC-thumb.jpg?c=1;17/02/2026 1:31;320.0
85;century21_tn;Appartement;LES BERGES DU LAC 2;;190 m²;Réf: 828732;Century 21 Barros vous propose À vendre, un magnifique appartement de type S3, spacieux et raffiné . Niché dans un emplacement privilégié du lac 2 cet...;https://century21.tn/property/a-vendre-un-magnifique-appartement-s3-au-lac-2/;https://logis.fra1.digitaloceanspaces.com/6/Properties/41046/7Tw5w1pSEt95OYwM.jpg?c=1;17/02/2026 1:31;
86;century21_tn;Appartement;CHOTRANA 1;625.000;163 m²;Réf: 510343;L’agence immobilière Century 21 prestige vous propose un s+3 direct promoteur . Emplacement : Chotrana 2 Type : appartement Typologie : s+3 Il se comp...;https://century21.tn/property/s3-direct-promoteur-3/;https://logis.fra1.digitaloceanspaces.com/8/Properties/29067/conversions/7vfVIMNqEf4yvof4-thumb.jpg?c=1;17/02/2026 1:32;625.0
86;century21_tn;;CHOTRANA 1;;2000 m²;Réf: 928154;Agence Century 21 Invest vous propose un local d’activité / Usine ou entrepôt à vendre situé dans la zone industrielle de la Soukra: Situation foncièr...;https://century21.tn/property/a-vendre-local-dactivite-usine-entrepot-la-soukra/;https://logis.fra1.digitaloceanspaces.com/4/Properties/41959/conversions/YhwGHs0E8xwPSZn5-thumb.jpg?c=1;17/02/2026 1:32;
86;century21_tn;Terrain Villa;LA SOUKRA;1.200;1200 m²;Réf: 293365;Century 21 Invest vous propose pour la vente un Terrain de 1026m² situé dans un quartier résidentiel à la soukra. Vocation : R+2 Pour plus d’informati...;https://century21.tn/property/vente-terrain-1026m%c2%b2-a-la-soukra/;https://logis.fra1.digitaloceanspaces.com/4/Lands/41416/conversions/HYvH3dz4Cd7OmPYd-thumb.jpg?c=1;17/02/2026 1:32;1.2
86;century21_tn;Appartement;JARDINS DE CARTHAGE;;214 m²;Réf: 169740;L’agence Immobilière CENTURY 21 PRESTIGE vous propose en exclusivité un appartement S+3 de 214 m² au deuxième étage dans une résidence calme et sécuri...;https://century21.tn/property/s3-de-214-m%c2%b2-au-jardin-de-carthage/;https://logis.fra1.digitaloceanspaces.com/8/Properties/39531/conversions/sQjr4EWuqttFypE0-thumb.jpg?c=1;17/02/2026 1:32;
86;century21_tn;Appartement;CITÉ LES PALMERAIES;352.000;122 m²;Réf: 6618;L’agence immobilière Century 21 Infinity vous propose à la vente un appartement S+2 direct promoteur *Emplacement: Aouina *Typologie: S+2 *Superficie:...;https://century21.tn/property/a-vendre-un-appartement-direct-promoteur-en-s2/;https://logis.fra1.digitaloceanspaces.com/7/Properties/39747/conversions/zzg1HHynR3EZCTG7-thumb.jpg?c=1;17/02/2026 1:32;352.0
86;century21_tn;Appartement;LES BERGES DU LAC 2;760.000;155 m²;Réf: 502840;L’agence immobilière Century 21 Barros vous propose pour la vente un appartement en S3 de 155 m² situé au Lac 2. – Grand salon lumineux – Trois chambr...;https://century21.tn/property/a-vendre-un-appartement-au-centre-du-lac-2/;https://logis.fra1.digitaloceanspaces.com/6/Properties/39446/lLYjtdRwtZHMcOQN.png?c=1;17/02/2026 1:32;760.0
86;century21_tn;Appartement;LA SOUKRA;650.000;280 m²;Réf: 290537;L’agence immobilière Century 21 Prestige met en vente un appartement S+4 de 280 m². Situé au 7ème et dernier étage de la résidence. Caractéristiques :...;https://century21.tn/property/appartement-s4-de-280-m%c2%b2/;https://logis.fra1.digitaloceanspaces.com/8/Properties/35774/conversions/6hrEriVx4dQOQZPU-thumb.jpg?c=1;17/02/2026 1:32;650.0
86;century21_tn;Fond de commerce;EL MENZAH 5;135.000;70 m²;Réf: 890000;L’ Agence CENTURY 21 INVEST vous propose pour la vente fonds de commerce d’un local entièrement équipé, situé sur une artère principale à fort trafic ...;https://century21.tn/property/vente-fonds-de-commerce-el-menzah5/;https://logis.fra1.digitaloceanspaces.com/4/Properties/37958/conversions/EUqwu7dk9WUcnLbn-thumb.jpg?c=1;17/02/2026 1:32;135.0
86;century21_tn;Villa;SIDI ABDELAZIZ;;350 m²;Réf: 691551;L’agence immobilière Century 21 Invest vous propose pour la vente une villa S+6 à Marsa Sidi Abdelaziz et fait le coin de deux rues. Elle pourrait con...;https://century21.tn/property/villa-a-vendre-a-gammarth-superieure/;https://logis.fra1.digitaloceanspaces.com/4/Properties/37793/conversions/AcEoPcmI3FTcW81R-thumb.jpg?c=1;17/02/2026 1:32;
87;century21_tn;Villa;GAMMARTH SUP;3.100.000;375 m²;Réf: LGS1671119381;L’agence immobilière Century 21 Invest vous propose pour la vente une villa S+6 à Gammarth supérieure zone Café Journal. Emplacement : Café Journal Ty...;https://century21.tn/property/a-vendre-une-villa-a-gammarth-superieure/;https://logis.fra1.digitaloceanspaces.com/4/Properties/37828/conversions/AIJcidiY4Nku5k0F-thumb.jpg?c=1;17/02/2026 1:32;
87;century21_tn;Appartement;CITÉ LES PALMERAIES;340.000;157 m²;Réf: 932450;L’agence Immobilière CENTURY 21 PRESTIGE vous propose un appartement S+3 au quatrième étage avec double ascenseurs dans une résidence calme et sécuris...;https://century21.tn/property/a-vendre-un-appartement-s3-a-cite-les-palmerais/;https://logis.fra1.digitaloceanspaces.com/8/Properties/36415/conversions/J8w41IjvUDr2PRDA-thumb.jpg?c=1;17/02/2026 1:32;340.0
87;century21_tn;;BAB BHAR;1.800;1920 m²;Réf: 841390;Terrain pour Promotion Immobilière à Vendre – Centre Ville Tunis * Caractéristiques : Localisation : Centre Ville Tunis Vocation : R+6 Usage Mixte : H...;https://century21.tn/property/terrain-pour-promotion-immobiliere/;https://logis.fra1.digitaloceanspaces.com/8/Lands/36865/conversions/X8WeEWCjoN4ivCg6-thumb.jpg?c=1;17/02/2026 1:32;1.8
87;century21_tn;Appartement;LES BERGES DU LAC 2;;289 m²;Réf: 238745;L’agence immobilière Century 21 prestige vous propose un appartement s+3 à vendre . Emplacement : Lac 2 Type : appartement Typologie : s+3 superficie:...;https://century21.tn/property/s3-a-vendre/;https://logis.fra1.digitaloceanspaces.com/8/Properties/27925/conversions/H6n7PbGXPrrGYgXV-thumb.jpg?c=1;17/02/2026 1:32;
87;century21_tn;Appartement;HAMMAMET CENTRE;1.100.000;152 m²;Réf: 447024;Century 21 Infinity vous propose à la vente, un magnifique appartement de type S3, spacieux et raffiné . dans un emplacement à 50 m de la plage * Empl...;https://century21.tn/property/a-vendre-un-appartement-en-s3-a-hammamet/;https://logis.fra1.digitaloceanspaces.com/7/Properties/33870/conversions/FeFmnNXwrXwg6pul-thumb.jpg?c=1;17/02/2026 1:32;
87;century21_tn;Appartement;CHOTRANA 1;370.000;112 m²;Réf: 473249;L’agence immobilière Century 21 prestige vous propose pour la vente un appartement s+2 direct promoteur . Emplacement : Chotrana 1 Superficie : 112 m²...;https://century21.tn/property/s2-direct-promoteur-2/;https://logis.fra1.digitaloceanspaces.com/8/Properties/33676/conversions/PNXD9ZBtiuEW3pdy-thumb.jpg?c=1;17/02/2026 1:32;370.0
87;century21_tn;Terrain Villa;CHOTRANA 2;750;550 m²;Réf: 962772;L’agence immobilière Century 21 prestige vous propose un terrain à vendre . Superficie : 550 m² Prix de Vente : 750 DT/m² Emplacement : Quartier Prisé...;https://century21.tn/property/terrain-550-m%c2%b2-a-chotrana-ii-2/;https://logis.fra1.digitaloceanspaces.com/8/Lands/32869/conversions/srd1NOZTxgHuPnF2-thumb.jpg?c=1;17/02/2026 1:32;750.0
87;century21_tn;Terrain Villa;CHOTRANA 3;700;780 m²;Réf: 291944;L’agence immobilière Century 21 prestige vous propose un terrain à vendre . Superficie : 780 m² Prix de Vente : 700 DT/m² Emplacement : Quartier Prisé...;https://century21.tn/property/terrain-a-vendre-3/;https://logis.fra1.digitaloceanspaces.com/8/Lands/31564/conversions/3Q7jr1d9Rk6B5Uhi-thumb.jpg?c=1;17/02/2026 1:32;700.0
87;century21_tn;Fond de commerce;LES BERGES DU LAC 1;30.000;46 m²;Réf: 108363;Centuy 21 Invest vous propose pour la vente fonds de commerce de 46m² en double hauteur, situé dans un complexe à forte concentration commerciale aux ...;https://century21.tn/property/vente-fonds-de-commerce-de-46m%c2%b2-aux-berges-du-lac-1/;https://logis.fra1.digitaloceanspaces.com/4/Properties/27125/conversions/3lqUu4eKpvJBP8uM-thumb.jpg?c=1;17/02/2026 1:32;30.0
88;century21_tn;Terrain Villa;CHOTRANA 2;750;550 m²;Réf: 165382;L’agence immobilière Century 21 prestige vous propose un terrain à vendre . Superficie : 550 m² Prix de Vente : 750 DT/m² Emplacement : Quartier Prisé...;https://century21.tn/property/terrain-550-m%c2%b2-a-chotrana-ii/;https://logis.fra1.digitaloceanspaces.com/Logos%20%26%20Images/Login%20Images/KS4cbEdlbRhExx1fgzhX8P1SFCVbCNRw1Xmts9l5.jpg?c=1;17/02/2026 1:32;750.0
88;century21_tn;Appartement;CITÉ EL KHADRA;395.000;202 m²;Réf: LGS1670923624;L’agence immobilière Century 21 Masters vous propose pour la vente un appartement S+4 à Cité El Khadhra. Emplacement: Cité El Khadhra Type: Appartemen...;https://century21.tn/property/a-vendre-un-appartement-s4-cite-el-khadhra/;https://logis.fra1.digitaloceanspaces.com/1/Properties/2783/3sR6vBH7qaJYXqI5?c=1;17/02/2026 1:32;395.0
88;century21_tn;Appartement;JARDINS DE CARTHAGE;570.000;103 m²;Réf: 272566;Century 21 Invest vous propose pour la vente, un appartement S+2 neuf promoteur, situé dans une petite résidence aux Jardins de Carthage. Typologie: S...;https://century21.tn/property/vente-appartement-s2-neuf-aux-jardins-de-carthage/;https://logis.fra1.digitaloceanspaces.com/4/Properties/18163/conversions/NN5YtxyAnZGWuLXL-thumb.jpg?c=1;17/02/2026 1:32;570.0
88;century21_tn;Appartement;GAMMARTH SUP;550.000;155 m²;Réf: 414340;Agence Century 21 INVEST vous propose pour la vente un appartement S+2 de 155 m² a Gammarth supérieur. Il se compose de : – Salon avec coin salle à ma...;https://century21.tn/property/vente-appartement-s2-a-gammarth-superieur/;https://logis.fra1.digitaloceanspaces.com/4/Properties/28953/conversions/XnCbn3Lo4KBHd8dd-thumb.jpg?c=1;17/02/2026 1:32;550.0
88;century21_tn;Terrain Villa;METHLINE;170.000;1839 m²;Réf: 188394;Une Opportunité Exceptionnelle à Demna Métline, Bizerte Caractéristiques de ce terrain : Superficie généreuse de 1839 m². Emplacement privilégié sur l...;https://century21.tn/property/terrain-de-1839m%c2%b2-demna-metline/;https://logis.fra1.digitaloceanspaces.com/8/Lands/31566/conversions/OnDyR94krUN8nixf-thumb.jpg?c=1;17/02/2026 1:32;170.0
88;century21_tn;Terrain Villa;LA SOUKRA;340.000;400 m²;Réf: 924910;L’agence immobilière Century 21 prestige vous propose un terrain à vendre . Superficie :400 m² Prix de Vente : 850DT/m² Emplacement : La soukra Quarti...;https://century21.tn/property/terrain-a-vendre-5/;https://logis.fra1.digitaloceanspaces.com/8/Lands/31560/conversions/SX5k919IWpogP7vR-thumb.jpg?c=1;17/02/2026 1:32;340.0
88;century21_tn;Villa;LA SOUKRA;1.000.000;300 m²;Réf: 153986;L’agence immobilière Century 21 prestige vous propose une villa à vendre . Emplacement : la Soukra Superficie terrain :485m² Type : Villa Typologie : ...;https://century21.tn/property/villa-a-vendre-4/;https://logis.fra1.digitaloceanspaces.com/8/Properties/31269/conversions/FCOay49VeXOXfqp0-thumb.jpg?c=1;17/02/2026 1:32;
88;century21_tn;Appartement;CITÉ LES PALMERAIES;260.000;110 m²;Réf: 245705;Agence Century 21 Invest vous propose pour la vente un appartement S+2 de 110 m² à l’Aouina Cité Les Palmeraies L’appartement se compose de: – Un salo...;https://century21.tn/property/a-vendre-appartement-s2-a-laouina-cite-les-palmeraies/;https://logis.fra1.digitaloceanspaces.com/4/Properties/31142/conversions/3v03c3ZRI1OlIy1Z-thumb.jpg?c=1;17/02/2026 1:32;260.0
88;century21_tn;Appartement;AIN ZAGHOUAN;364.200;124 m²;Réf: 796380;L’agence immobilière Century 21 prestige vous propose pour la vente un appartement s+1 . Emplacement : Cité Les Palmeraies Superficie : 124 m² Type : ...;https://century21.tn/property/s2-a-vendre/;https://logis.fra1.digitaloceanspaces.com/8/Properties/30452/conversions/obHHKBqCK5u9Q17e-thumb.jpg?c=1;17/02/2026 1:32;364.2
89;century21_tn;Appartement;JARDINS DE CARTHAGE;900.000;180 m²;Réf: 287545;Century21 invest vous propose pour la vente un appartement S+3 avec jardins 40 m² aux Jardins de Carthage. Typologie : S+3 Superficie: 180 m² Jardin: ...;https://century21.tn/property/vente-appartement-s3-avec-jardin-aux-jardins-de-carthage-2/;https://logis.fra1.digitaloceanspaces.com/4/Properties/30374/conversions/lnKnvts6tAO1DnHU-thumb.jpg?c=1;17/02/2026 1:32;900.0
89;century21_tn;Appartement;LES BERGES DU LAC 2;850.000;185 m²;Réf: 227806;L’Agence CENTURY 21 INVEST vous propose pour la vente un appartement S+3 aux Berges du Lac 2. Typologie: S+3 Superficie: 185 m² Il se compose de: – Sa...;https://century21.tn/property/vente-appartement-s3-aux-berges-du-lac-2/;https://logis.fra1.digitaloceanspaces.com/4/Properties/29446/conversions/WJzLds8Fs9GytyDF-thumb.jpg?c=1;17/02/2026 1:32;850.0
89;century21_tn;Fond de commerce;LA SOUKRA;65.000;90 m²;Réf: 243542;Century 21 Invest vous propose pour la vente fonds de commerce d’un local aménagé et équipé situé à la Soukra, dans un emplacement stratégique et dyna...;https://century21.tn/property/vente-fonds-de-commerce-a-la-soukra-2/;https://logis.fra1.digitaloceanspaces.com/4/Properties/18372/conversions/Fg5MCYYyWO9qEMA6-thumb.jpg?c=1;17/02/2026 1:32;65.0
89;century21_tn;Appartement;CHOTRANA 3;618.880;150 m²;Réf: 586761;L’agence immobilière Century 21 Barros vous propose pour la vente des appartements de plusieurs superficies en S3 Direct Promoteur à Soukra Emplacemen...;https://century21.tn/property/a-vendre-s3-direct-promoteur-a-la-soukra/;https://logis.fra1.digitaloceanspaces.com/6/Properties/26894/d231qoZ2TUHVQw7s.jpg?c=1;17/02/2026 1:32;618.88
89;century21_tn;Bureau;LES BERGES DU LAC 1;485.000;67 m²;Réf: 742609;L’agence immobilière Century 21 Barros vous propose pour la vente un bureau Direct Promoteur situé au Lac 1 Emplacement : Lac 1 Type : Bureau Typologi...;https://century21.tn/property/a-vendre-un-bureau-hall2-au-lac-1-2/;https://logis.fra1.digitaloceanspaces.com/6/Properties/26869/cGEKW9HSJjbYSxds.jpg?c=1;17/02/2026 1:32;485.0
89;century21_tn;Appartement;CHOTRANA 3;418.400;100 m²;Réf: 750029;L’agence immobilière Century 21 Barros vous propose pour la vente des appartements de plusieurs superficies en S2 Direct Promoteur à Soukra Emplacemen...;https://century21.tn/property/a-vendre-un-s2-direct-promoteur-a-la-soukra/;https://logis.fra1.digitaloceanspaces.com/6/Properties/26880/NQr5R4cWEzzPAwqT.jpg?c=1;17/02/2026 1:32;418.4
89;century21_tn;Bureau;LES BERGES DU LAC 1;570.000;69 m²;Réf: 220654;L’agence immobilière Century 21 Barros vous propose pour la vente un bureau Direct Promoteur situé au Lac 1 Emplacement : Lac 1 Type : Bureau Typologi...;https://century21.tn/property/a-vendre-un-bureau-hall2-au-lac-1/;https://logis.fra1.digitaloceanspaces.com/6/Properties/26855/hoYXnDtsF9rcDRhp.jpg?c=1;17/02/2026 1:32;570.0
89;century21_tn;Appartement;LES BERGES DU LAC 2;500.000;100 m²;Réf: 118925;Century 21 Barros vous propose pour la vente un loft en S1 avec ses meubles Emplacement : Lac 2 Typologie : S1 Superficie : 100 m² Il se compose de : ...;https://century21.tn/property/a-vendre-un-loft-en-s1-au-lac-2-2/;https://logis.fra1.digitaloceanspaces.com/6/Properties/15342/qZTzja3H0KeBMuxB.jpg?c=1;17/02/2026 1:32;500.0
89;century21_tn;Local Commercial;JARDINS DE CARTHAGE;6.500;114 m²;Réf: LGS-8MMXU;L’agence Century 21 INVEST vous propose pour la vente un local commercial situe sur une artère principale et très commerçante aux jardins de Carthage ...;https://century21.tn/property/vente-un-local-comm-aux-jardins-de-carthage/;https://logis.fra1.digitaloceanspaces.com/4/Properties/18375/conversions/K2342B54klOWoGYz-thumb.jpg?c=1;17/02/2026 1:32;6.5
90;century21_tn;Local Commercial;JARDINS DE CARTHAGE;;150 m²;Réf: 986935;L’Agence Century 21 Invest vous propose pour l’achat un local commercial de 150m² sur l’artère principale de Jardins de Carthage. Superficie : 150m² H...;https://century21.tn/property/a-vendre-local-commercial-aux-jardins-de-carthage/;https://logis.fra1.digitaloceanspaces.com/4/Properties/25743/conversions/LVoRG1AxLpNcsGWt-thumb.jpg?c=1;17/02/2026 1:32;
90;century21_tn;Terrain Villa;LA SOUKRA;;806 m²;Réf: 610167;......;https://century21.tn/property/vente-en-exculisivite-terrain-de-806m%c2%b2-a-chotrana-2/;https://logis.fra1.digitaloceanspaces.com/Logos%20%26%20Images/Login%20Images/KS4cbEdlbRhExx1fgzhX8P1SFCVbCNRw1Xmts9l5.jpg?c=1;17/02/2026 1:32;
90;century21_tn;Terrain Villa;CHOTRANA 3;900;685 m²;Réf: 694814;L’Agence CENTURY 21 INVEST vous propose pour la vente un terrain situé à la Soukra Chotrana 3. Superficie : 685m² Pour plus d’informations, veuillez n...;https://century21.tn/property/vente-terrain-685m%c2%b2-a-la-soukra-chotrana-3/;https://logis.fra1.digitaloceanspaces.com/4/Lands/24994/conversions/sx8IxEKRPps8RfLA-thumb.jpg?c=1;17/02/2026 1:32;900.0
90;century21_tn;Local Commercial;MEGRINE;3.000;490 m²;Réf: 428269;Local Commercial Fond et Mur à Mégrine : Vous êtes à la recherche de l’emplacement idéal pour votre entreprise ? Ne cherchez plus ! Nous vous proposon...;https://century21.tn/property/local-commercial-fond-et-mur-a-megrine/;https://logis.fra1.digitaloceanspaces.com/8/Properties/23634/TOfJqfSQGjuzGVDd.png?c=1;17/02/2026 1:32;3.0
90;century21_tn;Bureau;ARIANA;3.000;108 m²;Réf: 960034;Des bureaux à vendre – Emplacement Stratégique Caractéristiques Principales : Emplacement : Ariana , Prix de Location : 3000DT/m² -Emplacement à Arian...;https://century21.tn/property/des-bureaux/;https://logis.fra1.digitaloceanspaces.com/8/Properties/23632/1liJ98hX4NmOa0ea.png?c=1;17/02/2026 1:32;3.0
90;century21_tn;Fond de commerce;LES BERGES DU LAC 2;120.000;75 m²;Réf: 840098;Agence CENTURY 21 INVEST vous propose pour la vente fonds de commerce d’un local avec Mezzanine entièrement équipé de matériels de restauration, situé...;https://century21.tn/property/vente-fonds-de-commerce-aux-berges-du-lac-2/;https://logis.fra1.digitaloceanspaces.com/4/Properties/22923/conversions/mR9LwTgUW3EUl9qt-thumb.jpg?c=1;17/02/2026 1:32;120.0
90;century21_tn;Terrain Villa;LA SOUKRA;;1400 m²;Réf: 787869;Terrain de 1400 m² à Soukra Park Superficie : 1400 m² Emplacement : Quartier Prisé, Calme et Sécurisé Proche de Toutes les Commodités (Salle de Sports...;https://century21.tn/property/terrain-de-1400-m%c2%b2-a-soukra-park/;https://logis.fra1.digitaloceanspaces.com/8/Lands/22505/tORdjvTFTmGeo9iP?c=1;17/02/2026 1:32;
90;century21_tn;Terrain Villa;JARDINS D'EL MENZAH 2;1.400;825 m²;Réf: 162391;Terrain à Vendre – Emplacement Idéal à Jardin d’El Menza 2, Tunis Caractéristiques Principales : Superficie : 825 m² Prix de Vente :1400 DT/m² Vocatio...;https://century21.tn/property/terrain-a-vendre-emplacement-ideal-a-jardin-del-menza-2/;https://logis.fra1.digitaloceanspaces.com/8/Lands/22496/s1NnZRXDKWMyHCLH?c=1;17/02/2026 1:32;1.4
90;century21_tn;Terrain Villa;GAMMARTH VILLAGE;850.000;396 m²;Réf: 45736;L’agence immobilière CENTURY 21 Masters vous propose à la vente un terrain de 396m² à Gammarth – Vocation : R+2 – Titre bleu Pour plus d’information v...;https://century21.tn/property/vente-terrain-de-396m%c2%b2-a-gammarth/;https://logis.fra1.digitaloceanspaces.com/1/Lands/22229/rFuiXQ9fmHd9jLkm?c=1;17/02/2026 1:32;850.0
91;century21_tn;Appartement;JARDINS DE CARTHAGE;1.012.000;185 m²;Réf: 417595;Agence Century 21 Invest vous propose pour la vente un Appartement S+3 Neuf aux Jardins de Carthage : Typologie : S+3 Superficie: 185 m² Il se compose...;https://century21.tn/property/vente-appartement-s3-neuf-aux-jardins-de-carthage-2/;https://logis.fra1.digitaloceanspaces.com/4/Properties/17726/conversions/tS4PSmpgJmv8vpDo-thumb.jpg?c=1;17/02/2026 1:32;
91;century21_tn;;JARDINS DE CARTHAGE;1.600.000;500 m²;Réf: 116396;Agence CENTURY21 INVEST vous propose pour la vente un Penthouse avec une terrasse et une piscine. Il occupe seul le pallier du dernier étage d’une rés...;https://century21.tn/property/vente-panthouse-s6-avec-terrasse-et-piscine-aux-jardins-de-carthage/;https://logis.fra1.digitaloceanspaces.com/4/Properties/18240/conversions/4cAwGDl009oXgCwf-thumb.jpg?c=1;17/02/2026 1:32;
91;century21_tn;Villa;CHOTRANA 1;;600 m²;Réf: 722021;Century 21 Invest vous propose pour la vente en exclusivité une Villa de Maitre à la Soukra Chotrana 2. Superficie Terrain : 1300 m² Superficie Bâti :...;https://century21.tn/property/vente-villa-de-maitre-de-1300m%c2%b2-a-la-soukra/;https://logis.fra1.digitaloceanspaces.com/4/Properties/15805/MwUUCtVp03g54ufA.jpg?c=1;17/02/2026 1:32;
91;century21_tn;Appartement;JARDINS DE CARTHAGE;840.000;230 m²;Réf: LGS1672743764;Agence Century 21 Invest vous propose pour la vente un appartement neuf S+3 aux Jardins de Carthage. Typologie: S+3 Superficie: 230 m² Il se compose d...;https://century21.tn/property/vente-s3-de-227m%c2%b2-aux-jardins-de-carthage/;https://logis.fra1.digitaloceanspaces.com/4/Properties/19635/conversions/vzud9u6VrKYfh8PC-thumb.jpg?c=1;17/02/2026 1:32;840.0
91;century21_tn;Appartement;JARDINS DE CARTHAGE;800.000;190 m²;Réf: 757002;Century 21 Invest vous propose pour la Vente un appartement S+3 de 190 m² avec un balcon spacieux aux Jardins de Carthage. Il se compose de : – Salon ...;https://century21.tn/property/vente-appartement-s3-de-190m%c2%b2-aux-jardins-de-carthage/;https://logis.fra1.digitaloceanspaces.com/4/Properties/18531/conversions/9LA0cnnm2rmvlHXZ-thumb.jpg?c=1;17/02/2026 1:32;800.0
91;century21_tn;Terrain Villa;CHOTRANA 1;760.000;633 m²;Réf: 301744;Agence Century 21 Invest vous propose pour la vente un terrain situé à la Soukra Chotrana 1. Superficie : 633m² Pour plus d’informations, veuillez nou...;https://century21.tn/property/vente-terrain-633m%c2%b2-a-la-soukra-chotrana-1/;https://logis.fra1.digitaloceanspaces.com/4/Lands/19052/conversions/zURQ5mN9WhIO3GH6-thumb.jpg?c=1;17/02/2026 1:32;760.0
91;century21_tn;Appartement;LES BERGES DU LAC 2;754.728;145 m²;Réf: 287204;Appartement de Prestige au 8ème Étage en Vente Directe Promoteur Situé sur l’Artère Principale, Face à l’Ambassade du Canada Nous sommes ravis de vous...;https://century21.tn/property/a-vendre-un-s2-direct-promoteur-au-lac-2/;https://logis.fra1.digitaloceanspaces.com/6/Properties/14964/t0MQTnDOOXgZjhTp.jpg?c=1;17/02/2026 1:32;754.728
91;century21_tn;Appartement;JARDINS DE CARTHAGE;495.000;127 m²;Réf: 760110;L’agence immobilière Century 21 Barros vous propose pour la vente un appartement S3 jamais habité Emplacement: Jardins de Carthage Type: Appartement T...;https://century21.tn/property/a-vendre-un-s3-jamais-habite-aux-jardins-de-carthage/;https://logis.fra1.digitaloceanspaces.com/6/Properties/15633/FHiDuXJcflRnyn0F.jpg?c=1;17/02/2026 1:32;495.0
91;century21_tn;Appartement;LES BERGES DU LAC 2;1.500.000;289 m²;Réf: 722570;Nous sommes ravis de vous présenter un magnifique appartement de standing à l’étage, directement auprès du promoteur, situé au cœur du prestigieux qua...;https://century21.tn/property/a-vendre-un-s3-dp-au-lac-2/;https://logis.fra1.digitaloceanspaces.com/6/Properties/17808/6WNGj20xvj2RG99t.png?c=1;17/02/2026 1:32;
92;century21_tn;Fond de commerce;JARDINS DE CARTHAGE;40.000;110 m²;Réf: LGS-UWN8Y;L’agence Century 21 Invest vous propose pour la vente un fond de commerce dont l’activité actuellement est un dépôt vente vêtements: Le local est situ...;https://century21.tn/property/vente-fonds-de-commerce-aux-berges-du-lac-1/;https://logis.fra1.digitaloceanspaces.com/4/Properties/18684/conversions/CkTgVggBkBr6zRgU-thumb.jpg?c=1;17/02/2026 1:33;40.0
92;century21_tn;Duplex;AIN ZAGHOUAN NORD;;190 m²;Réf: LGS-SZXRW;L’agence Century 21 Invest vous propose pour la vente un magnifique Duplex S+3 avec piscine et terrasse dans une nouvelle résidence en cours de constr...;https://century21.tn/property/vente-duplex-s3-a-ain-zaghouan-nord/;https://logis.fra1.digitaloceanspaces.com/4/Properties/18514/conversions/PXID0SSLFb9hYLAS-thumb.jpg?c=1;17/02/2026 1:33;
92;century21_tn;Fond de commerce;LA SOUKRA;80.000;75 m²;Réf: 819273;Century 21 Invest vous propose pour la vente un fonds de commerce aménagé et équipé situé à la Soukra, dans un emplacement stratégique et dynamique. C...;https://century21.tn/property/vente-fonds-de-commerce-a-la-soukra/;https://logis.fra1.digitaloceanspaces.com/4/Properties/18367/conversions/xPlLYpuRX6tzndr7-thumb.jpg?c=1;17/02/2026 1:33;80.0
92;century21_tn;Duplex;AIN ZAGHOUAN NORD;780.000;182 m²;Réf: 791798;L’agence Century21 Vous propose pour la vente un beau duplex S+3 avec une terrasse situé au rez de chaussée d’une résidence récemment bâtie Haut stand...;https://century21.tn/property/vente-duplex-s3-182-m%c2%b2-et-terrasse-25-m%c2%b2/;https://logis.fra1.digitaloceanspaces.com/4/Properties/18353/conversions/L4KOv0DLQ8zeCiiP-thumb.jpg?c=1;17/02/2026 1:33;780.0
92;century21_tn;Appartement;JARDINS DE CARTHAGE;575.000;112 m²;Réf: 767890;L’agence Century 21 Invest vous propose pour la vente, Un appartement S+2 de 112 m² neuf promoteur, situé aux jardins de Carthage. Il se compose de : ...;https://century21.tn/property/a-vendre-un-s2-direct-promoteur-aux-jardins-de-carthage/;https://logis.fra1.digitaloceanspaces.com/4/Properties/18285/conversions/lP19yDWb1AXKDJQd-thumb.jpg?c=1;17/02/2026 1:33;575.0
92;century21_tn;Fond de commerce;LA SOUKRA;300.000;360 m²;Réf: 407210;L’agence Century 21 INVEST vous propose pour la vente fonds de commerce à la Soukra. -Superficie total :360 m² -La superficie de RDC est 150m² avec un...;https://century21.tn/property/vente-fonds-de-commerce-a-la-soukra-3/;https://logis.fra1.digitaloceanspaces.com/4/Properties/18215/conversions/Q3BD5ihwJgYreTIN-thumb.jpg?c=1;17/02/2026 1:33;300.0
92;century21_tn;;JARDINS DE CARTHAGE;2.000.000;355 m²;Réf: 232226;L’agence CENTURY INVEST vous propose pour la vente un Penthouse S+3 avec une terrasse et une piscine : Typologie S+3 Superficie: 355 m² Au rez de chau...;https://century21.tn/property/vente-penthouse-s3-avec-terrasse-et-piscine-aux-jardins-de-carthage/;https://logis.fra1.digitaloceanspaces.com/4/Properties/18184/conversions/xiFJQLjDFvTZ78SF-thumb.jpg?c=1;17/02/2026 1:33;
92;century21_tn;Appartement;LES BERGES DU LAC 2;350.000;83 m²;Réf: 270116;Découvrez cette opportunité unique de vente d’un appartement par Century 21 Barros au Lac 2 : Type : Appartement Typologie : S1 Superficie : 83 m² Sal...;https://century21.tn/property/a-vendre-un-s1-au-lac-2/;https://logis.fra1.digitaloceanspaces.com/6/Properties/14651/NRadMOnkjbE40EGj.jpg?c=1;17/02/2026 1:33;350.0
92;century21_tn;Duplex;LES BERGES DU LAC 2;1.771.000;329 m²;Réf: 959236;Vous rêvez d’un espace luxueux alliant confort, modernité et emplacement de choix? Ne cherchez plus! Nous sommes ravis de vous présenter un magnifique...;https://century21.tn/property/a-vendre-un-duplex-en-s4-au-lac-2/;https://logis.fra1.digitaloceanspaces.com/Logos%20%26%20Images/Login%20Images/ziG8vnRHkVKxGfuz27yJin0IBoo2HYum7kgqvDlH.jpg?c=1;17/02/2026 1:33;
93;century21_tn;Appartement;JARDINS DE CARTHAGE;520.000;150 m²;Réf: 936455;Century21 Invest vous propose pour la vente, en exclusivité un appartement S+2 dans une petite résidence à coté de l’école ISC aux Jardins de Carthage...;https://century21.tn/property/vente-appartement-s2-aux-jardins-de-carthage/;https://logis.fra1.digitaloceanspaces.com/4/Properties/17573/conversions/bDi4RORXpcASRoAS-thumb.jpg?c=1;17/02/2026 1:33;520.0
93;century21_tn;Appartement;JARDINS DE CARTHAGE;;85 m²;Réf: 805662;L’agence Immobilière CENTURY 21 LAC 2 vous propose a la vente des Appartements de Luxe S1 en Vente Directe Promoteur – Les Jardins de Carthage Découvr...;https://century21.tn/property/appsuperbe-appartement-s1-a-vendre-ideal-pour-investissement-ou-residence/;https://logis.fra1.digitaloceanspaces.com/6/Properties/15057/0Ws5QxKXRjyEcEgV.jpg?c=1;17/02/2026 1:33;
93;century21_tn;;CEBALET BEN AMMAR;1.800.000;8800 m²;Réf: LGS1675333470;L’agence Century21 Invest vous propose pour la vente une Maison D’hôtes de 10000m² de superficie à cebalet ben ammar. -900m² couvert, bâtie sur trois ...;https://century21.tn/property/vente-ferme-a-sidi-thabet/;https://logis.fra1.digitaloceanspaces.com/4/Lands/4616/IlbSEDdN9brRpkF3?c=1;17/02/2026 1:33;
93;century21_tn;Local Commercial;LES BERGES DU LAC 2;100.000;45 m²;Réf: 574970;Agence CENTURY 21 BARROS vous propose pour la vente fond de commerce d’un local situé à fort trafic au Lac 2 : Activité: Tout commerce sauf restaurati...;https://century21.tn/property/a-vendre-fond-de-commerce-au-lac-2/;https://logis.fra1.digitaloceanspaces.com/6/Properties/11633/0cRVYRQnhalzTPmL.jpg?c=1;17/02/2026 1:33;100.0
93;century21_tn;Terrain Villa;JABBES;150;1000 m²;Réf: LGS1655459426;......;https://century21.tn/property/a-vendre-terrain-a-jabbes/;https://logis.fra1.digitaloceanspaces.com/Logos%20%26%20Images/Login%20Images/KS4cbEdlbRhExx1fgzhX8P1SFCVbCNRw1Xmts9l5.jpg?c=1;17/02/2026 1:33;150.0
93;century21_tn;Terrain Promoteur;CHARGUIA 2;1.650;2620 m²;Réf: LGS1647860802;En Exclusivité Chez CENTURY 21. A VENDRE TERRAIN 2620 M2 SIS CHARGUIA 2. Surface Administration RDC: 220 M2 Surface Administration Etage: 180 M2 Surfa...;https://century21.tn/property/terrain-a-vendre-charguia-2/;https://logis.fra1.digitaloceanspaces.com/1/Lands/520/1649076690immobilier-tunisie.jpg?c=1;17/02/2026 1:33;1.65
