prix,surface,ville,type_bien,nb_pieces,source
660000,,Djerba - Houmt Souk,2,,remax
0,,El Omrane,2,,remax
3500,,Jardins de Carthage,2,,remax
990000,,Ennasr 1-2,2,,remax
386000,,Ennasr 1-2,2,,remax
13000,,Sidi Bou Said,2,,remax
4500,,Les Jardins du lac 2,2,,remax
275000,,El Menzah 1,2,,remax
120000,,Les Jardins du lac 2,1,,remax
250000,,La Soukra,2,,remax
1500000,,El Menzah 5,2,,remax
2000,,Jardins de Carthage,2,,remax
3488,,El Menzah 5,1,,remax
185000,,Chott mariem,2,,remax
1521450,,La Soukra,2,,remax
2619,,Riadh Landalous,2,,remax
1100,,Borj Louzir,1,,remax
1550000,,El Manar 3,2,,remax
635000,,La Manouba,2,,remax
1800,,L'Aouina,2,,remax
1200000,,Djerba - Midoun,2,,remax
2250000,,Carthage Byrsa,2,,remax
1700,,Jardins de Carthage,2,,remax
1650,,Jardins de Carthage,2,,remax
280000,,Unknown City,2,,remax
920000,,La Soukra,2,,remax
1500,,Ennasr 1-2,2,,remax
1500,,Tunis Centre Ville,1,,remax
3488,,Mnihla,1,,remax
1100000,,Djerba - Houmt Souk,2,,remax
400000,,Djerba - Houmt Souk,2,,remax
324000,,Djerba - Houmt Souk,2,,remax
2000,,El Manar 1,2,,remax
155000,,Medina Jedida,2,,remax
5525,,Djerba - Midoun,2,,remax
595000,,Cité El Ghazala,2,,remax
14000,,El Menzah 4,1,,remax
2800,,Centre Urbain Nord,1,,remax
1400000,,Les Jardins du lac 2,1,,remax
1800,,Centre Urbain Nord,1,,remax
6500,,Les berges du lac 1,1,,remax
33000,,Sidi Thabet,1,,remax
7700,,Les berges du lac 1,1,,remax
2200,,Tunis Centre Ville,1,,remax
235000,,Djerba - Houmt Souk,2,,remax
382000,,El Mourouj,2,,remax
2000,,Centre Urbain Nord,1,,remax
7500,,Les berges du lac 1,1,,remax
80000,,Tunis Centre Ville,1,,remax
5525,,Mégrine,2,,remax
410000,,La Soukra,2,,remax
2900,,Les berges du lac 1,1,,remax
5525,,Hammamet,2,,remax
375000,,El Manar 1,2,,remax
6500,,Mnihla,1,,remax
900,,Djerba - Midoun,2,,remax
7000,,La Goulette,1,,remax
1400000,,La Goulette,1,,remax
3500,,Sidi Bou Said,2,,remax
2500,,Séjoumi,1,,remax
0,,Ben Arous,1,,remax
4500,,Les berges du lac 1,1,,remax
245000,,El Manar 2,2,,remax
75000,,Les Jardins du lac 2,1,,remax
210000,,Borj Cedria,2,,remax
2620,,Djerba - Midoun,2,,remax
230000,,Chotrana,2,,remax
340000,,Hraïria,2,,remax
1400,,Chotrana,2,,remax
1900,,Ennasr 1-2,1,,remax
2900,,Oued Ellil,1,,remax
360000,,L'Aouina,2,,remax
0,,El Menzah 6,2,,remax
800000,,Ezzahra,2,,remax
356000,,Borj Cedria,2,,remax
115000,,Raoued,2,,remax
2619,,Les Jardins du lac 2,2,,remax
250000,,Djerba - Houmt Souk,2,,remax
3488,,Mégrine,1,,remax
1820000,,L'Aouina,2,,remax
1200000,,Place Pasteur,2,,remax
780000,,Djerba - Midoun,2,,remax
1680,,Monastir,2,,remax
200000,,El Menzah,1,,remax
235000,,Djerba - Houmt Souk,2,,remax
120000,,Djerba - Houmt Souk,2,,remax
550000,,Djerba - Midoun,2,,remax
2600,,Ennasr 1-2,2,,remax
420000,,Kélibia,2,,remax
650000,,Kélibia,2,,remax
1700,,Les berges du lac 1,2,,remax
3500,,Lac 2 Cité Les Pins,2,,remax
7500,,Gammarth,2,,remax
2500000,,Kélibia,2,,remax
178000,,Djerba - Houmt Souk,1,,remax
270000,,Djerba - Houmt Souk,1,,remax
545000,,Djerba - Houmt Souk,2,,remax
185000,,Sousse Ville,2,,remax
0,,Place Pasteur,1,,remax
2883200,,La Marsa,1,,remax
2619,,Ennasr 1-2,2,,remax
430000,,Ennasr 1-2,2,,remax
410000,,Djerba - Midoun,1,,remax
440000,,Chott mariem,2,,remax
2800,,Les Jardins du lac 2,2,,remax
400000,,La Soukra,2,,remax
0,,Séjoumi,1,,remax
380000,,L'Aouina,2,,remax
5800,,La Marsa,2,,remax
6800,,La Soukra,1,,remax
1600,,El Menzah 6,1,,remax
2619,,Jardins d’El Menzah1,2,,remax
4200,,La Soukra,1,,remax
3700,,Place Pasteur,1,,remax
1700,,Cité Jardin,1,,remax
520000,,L'Aouina,2,,remax
5500,,Notre Dame,2,,remax
3000,,Gammarth,2,,remax
280000,,Gammarth,2,,remax
0,,Carthage Byrsa,2,,remax
940000,,Fouchana,2,,remax
460000,,Djerba - Midoun,2,,remax
130000,,Hammam Lif,1,,remax
2500,,Centre Urbain Nord,2,,remax
990000,,Jardins d’El Menzah1,1,,remax
1350000,,El Mourouj,1,,remax
850000,,Tunis Centre Ville,2,,remax
3000,,Fouchana,1,,remax
3000,,Fouchana,1,,remax
30000,,Mnihla,2,,remax
0,,Fouchana,1,,remax
5525,,Fouchana,1,,remax
1500,,Fouchana,1,,remax
700,,Fouchana,1,,remax
8000,,Fouchana,1,,remax
26600,,El Mourouj,1,,remax
2619,,Bab El Bhar,2,,remax
8700,,La Soukra,1,,remax
3500,,Lac 2 Cité Les Pins,2,,remax
530000,,La Soukra,2,,remax
2700,,Carthage Amilcar,1,,remax
16000,,Les Jardins du lac 2,2,,remax
1250,,Ain Zaghouan,2,,remax
1600,,Ain Zaghouan,2,,remax
1400,,La Soukra,2,,remax
2619,,Radès,2,,remax
1850,,Ain Zaghouan,2,,remax
900000,,Riadh Landalous,1,,remax
650000,,Riadh Landalous,2,,remax
1800000,,El Manar 3,2,,remax
170000,,Djerba - Houmt Souk,2,,remax
305000,,Ain Zaghouan,2,,remax
950000,,Lac 2 Cité Les Pins,2,,remax
630000,,Ain Zaghouan,2,,remax
1350000,,Chotrana,2,,remax
1350000,,Chotrana,2,,remax
590000,,Djerba - Houmt Souk,2,,remax
440000,,Djerba - Houmt Souk,2,,remax
1500,,Jardins de Carthage,2,,remax
6000,,Gammarth,2,,remax
250000,,Ezzahra,2,,remax
1150000,,Ennasr 1-2,2,,remax
750000,,Cité El Ghazala,2,,remax
990000,,Hammamet,2,,remax
690000,,Hammamet,2,,remax
2989,,Carthage Salambo,2,,remax
0,,Borj Cedria,1,,remax
0,,Notre Dame,2,,remax
2619,,Gammarth,2,,remax
2500000,,Carthage Salambo,2,,remax
753600,,Hammamet Sud,2,,remax
1600,,La Marsa,2,,remax
2700,,Gammarth,2,,remax
870000,,Riadh Landalous,2,,remax
150000,,L'Aouina,1,,remax
5000,,Zone Industrielle du Kram (lac ind),1,,remax
80000,,La Soukra,1,,remax
1350000,,Chotrana,2,,remax
260000,,Djerba - Houmt Souk,2,,remax
3200,,La Soukra,2,,remax
320000,,Djerba - Midoun,2,,remax
502000,,La Soukra,2,,remax
862000,,La Soukra,2,,remax
250000,,El Haouaria,2,,remax
1250000,,Kélibia,2,,remax
1000000,,El Menzah 1,2,,remax
1050,,L'Aouina,2,,remax
1361350,,Nabeul,2,,remax
430000,,La Manouba,2,,remax
2500000,,Charguia 2,1,,remax
1050000,,El Omrane,2,,remax
2000000,,Soliman,1,,remax
340000,,La Manouba,2,,remax
1300000,,Hammamet Sud,2,,remax
0,,Hammamet Sud,2,,remax
4400,,El Manar 3,2,,remax
3000,,Gammarth,2,,remax
430000,,L'Aouina,2,,remax
135000,,L'Aouina,2,,remax
17100,,Zone Industrielle du Kram (lac ind),1,,remax
350000,,Hammamet Nord,2,,remax
2100,,La Goulette,2,,remax
245000,,La Soukra,2,,remax
60000,,El Menzah 5,1,,remax
950000,,Ezzahra,2,,remax
2500,,Les berges du lac 1,1,,remax
6700,,La Marsa,2,,remax
6700,,La Marsa,2,,remax
2000,,La Marsa,2,,remax
2500,,Les berges du lac 1,1,,remax
2619,,La Soukra,2,,remax
1350,,La Soukra,2,,remax
1550,,Gammarth,2,,remax
2500,,Jardins de Carthage,2,,remax
360000,,La Marsa,2,,remax
7500,,Centre Urbain Nord,1,,remax
400000,,La Soukra,2,,remax
990000,,Sidi Daoud,2,,remax
2619,,Sidi Thabet,2,,remax
4500,,Sidi Daoud,1,,remax
1400000,,L'Aouina,2,,remax
5525,,Ben Arous,2,,remax
1700,,Ennasr 1-2,2,,remax
2700,,Carthage Amilcar,2,,remax
350000,,Ezzahra,2,,remax
400000,,Mornag,2,,remax
2619,,El Menzah 5,1,,remax
1100000,,Bizerte Nord,2,,remax
515000,,Ain Zaghouan,2,,remax
5000,,Notre Dame,2,,remax
90000,,Sidi Daoud,1,,remax
410000,,La Soukra,2,,remax
547000,,La Soukra,2,,remax
1800,,Djerba - Midoun,2,,remax
4000,,Les Jardins du lac 2,2,,remax
1250000,,La Soukra,2,,remax
100000,,Djerba - Houmt Souk,2,,remax
10000,,Le Kram,1,,remax
1500,,L'Aouina,2,,remax
185000,,Djerba - Midoun,2,,remax
12000,,La Marsa,2,,remax
1350000,,Gammarth,2,,remax
750000,,Djerba - Houmt Souk,2,,remax
900000,,Gammarth,2,,remax
1039000,,Jardins de Carthage,2,,remax
1220000,,Jardins de Carthage,2,,remax
1490000,,La Marsa,2,,remax
1380000,,La Marsa,2,,remax
1888000,,Jardins de Carthage,2,,remax
1360000,,La Marsa,2,,remax
3727800,,La Marsa,2,,remax
2000,,Lac 3 Cité du Park,2,,remax
3000,,La Marsa,1,,remax
420000,,Tunis Centre Ville,1,,remax
240000,,La Soukra,2,,remax
270000,,El Manar 2,2,,remax
2600,,Djerba - Houmt Souk,2,,remax
1800,,Djerba - Houmt Souk,2,,remax
3200,,La Marsa,2,,remax
350000,,Raoued,2,,remax
1200000,,El Omrane,2,,remax
1400000,,Ras Jebel,2,,remax
590000,,Djerba - Houmt Souk,2,,remax
6000,,Gammarth,2,,remax
19500,,Zone Industrielle du Kram (lac ind),1,,remax
4200,,Gammarth,2,,remax
2700,,La Marsa,2,,remax
750000,,Djerba - Houmt Souk,2,,remax
340000,,Djerba - Houmt Souk,2,,remax
87500,,Djerba - Houmt Souk,2,,remax
570000,,Djerba - Houmt Souk,2,,remax
570000,,Djerba - Houmt Souk,1,,remax
130000,,Djerba - Houmt Souk,2,,remax
700000,,Jardins de Carthage,2,,remax
1700000,,Carthage Byrsa,2,,remax
1550000,,El Menzah 6,2,,remax
867350,,Les berges du lac 1,2,,remax
520000,,Kélibia,2,,remax
11000,,Montplaisir,1,,remax
1600000,,Carthage Byrsa,2,,remax
16000,,Les Jardins du lac 2,2,,remax
2000,,La Marsa,2,,remax
463000,,La Soukra,2,,remax
474000,,La Soukra,2,,remax
2150,,Jardins de Carthage,2,,remax
1000,,Chott mariem,2,,remax
1000,,Chott mariem,2,,remax
850000,,Chotrana,2,,remax
320000,,Ennasr 1-2,2,,remax
1213120,,Fouchana,2,,remax
1300,,Sousse corniche,2,,remax
2620,,Lac 2 Cité Les Pins,2,,remax
350000,,Oued Ellil,2,,remax
4800,,Ain Zaghouan,1,,remax
220000,,Kélibia,2,,remax
1600000,,Kélibia,2,,remax
386000,,Ain Zaghouan,2,,remax
650,,Raoued,2,,remax
700,,Raoued,2,,remax
650000,,Kélibia,2,,remax
1500,,Ain Zaghouan,2,,remax
199000,,Sidi Thabet,2,,remax
1100,,L'Aouina,2,,remax
1100,,L'Aouina,2,,remax
1100,,L'Aouina,2,,remax
0,,El Manar 1,2,,remax
1500,,Khezama,2,,remax
234600,,Cité El Ghazala,2,,remax
310000,,Borj Louzir,2,,remax
790000,,Korba,2,,remax
380000,,Mnihla,2,,remax
1300,,Ennasr 1-2,2,,remax
235000,,Borj Cedria,2,,remax
6981000,,Hammamet Nord,2,,remax
160000,,Radès,2,,remax
6000,,Cité Jardin,1,,remax
330000,,Tunis Belvédère,2,,remax
1200,,Le Bardo,1,,remax
12000,,Centre Urbain Nord,1,,remax
285000,,Ain Zaghouan,2,,remax
5525,,Mégrine,2,,remax
169000,,Kairouan Nord,2,,remax
950000,,Djerba - Midoun,2,,remax
720000,,Chotrana,2,,remax
2700,,Ain Zaghouan,2,,remax
2000,,Ennasr 1-2,2,,remax
670000,,La Manouba,2,,remax
1500000,,La Soukra,2,,remax
790000,,Jardins de Carthage,2,,remax
1900,,Lac 2 Cité Les Pins,2,,remax
1168000,,Le Bardo,2,,remax
3500,,Sidi Daoud,2,,remax
1480000,,Béni Khiar,2,,remax
3500,,El Menzah,1,,remax
664290,,Djerba - Midoun,2,,remax
120000,,Djerba - Midoun,2,,remax
150000,,Djerba - Houmt Souk,2,,remax
540000,,Djerba - Houmt Souk,2,,remax
330000,,Djerba - Midoun,2,,remax
3800,,Mutuelle Ville,2,,remax
280000,,L'Aouina,1,,remax
3000,,Djerba - Midoun,2,,remax
3000,,Les Jardins du lac 2,1,,remax
2619,,Mégrine,1,,remax
6500,,Cité Mahrajene,1,,remax
80000,,Mnihla,1,,remax
3000,,El Menzah 4,1,,remax
3350000,,Fouchana,1,,remax
350000,,Kélibia,2,,remax
330000,,Sidi Thabet,2,,remax
990000,,Kélibia,2,,remax
530000,,Djerba - Midoun,2,,remax
275000,,La Soukra,2,,remax
3488,,Les Jardins du lac 2,1,,remax
15000,,El Menzah 4,1,,remax
425000,,Djerba - Midoun,2,,remax
650000,,Djerba - Houmt Souk,2,,remax
920000,,Ain Zaghouan,1,,remax
200,,Zone Industrielle du Kram (lac ind),1,,remax
36000,,Les berges du lac 1,1,,remax
733000,,Jardins de Carthage,2,,remax
1033000,,Jardins de Carthage,2,,remax
1200000,,Mornag,2,,remax
312000,,La Soukra,2,,remax
2000,,Djerba - Midoun,2,,remax
721200,,La Soukra,2,,remax
5525,,La Manouba,2,,remax
800,,Djerba - Midoun,1,,remax
320000,,Kélibia,2,,remax
1650000,,El Menzah 9,2,,remax
650000,,Kélibia,2,,remax
400000,,Dar Allouche,2,,remax
935000,,Béni Khiar,2,,remax
750000,,Kélibia,2,,remax
1300000,,Hammam Ghezèze,2,,remax
1300,,La Marsa,2,,remax
280000,,Djerba - Midoun,2,,remax
140000,,Djerba - Houmt Souk,2,,remax
360000,,La Marsa,1,,remax
1100000,,La Soukra,2,,remax
3488,,Tunis Belvédère,1,,remax
1000,,La Soukra,2,,remax
255000,,La Soukra,2,,remax
2500,,Jardins de Carthage,2,,remax
420000,,La Soukra,2,,remax
75180,,Hammamet,2,,remax
52500,,Hammamet,2,,remax
99120,,Hammamet,2,,remax
90230,,Hammamet,2,,remax
56980,,Hammamet,2,,remax
120050,,Hammamet,2,,remax
2000,,Les berges du lac 1,1,,remax
900,,Chott mariem,2,,remax
1500000,,Tunis Centre Ville,2,,remax
750000,,Djerba - Houmt Souk,2,,remax
1500000,,Djerba - Midoun,2,,remax
350000,,Djerba - Midoun,2,,remax
860000,,Djerba - Midoun,2,,remax
745000,,Djerba - Midoun,2,,remax
142560,,Raoued,2,,remax
280000,,Hammam Ghezèze,2,,remax
2600,,Jardins de Carthage,2,,remax
6139600,,Riadh Landalous,2,,remax
2984800,,Riadh Landalous,2,,remax
2200,,Jardins de Carthage,2,,remax
900,,L'Aouina,2,,remax
980000,,Jardins de Carthage,2,,remax
1950,,Sidi Daoud,2,,remax
4000,,Sidi Bou Said,2,,remax
1800,,La Marsa,2,,remax
840000,,Djerba - Houmt Souk,2,,remax
690000,,Djerba - Houmt Souk,2,,remax
950000,,El Haouaria,2,,remax
690000,,La Soukra,2,,remax
880000,,Le Bardo,2,,remax
850000,,Le Bardo,2,,remax
1200000,,Djerba - Houmt Souk,2,,remax
275000,,Djerba - Midoun,2,,remax
500000,,Djerba - Ajim,2,,remax
2200,,Les berges du lac 1,2,,remax
12000,,Les Jardins du lac 2,2,,remax
8000,,Les Jardins du lac 2,2,,remax
205000,,Ennasr 1-2,2,,remax
450000,,Les Jardins du lac 2,1,,remax
3150,,Les berges du lac 1,1,,remax
5525,,El Mourouj,2,,remax
1800,,Sidi Daoud,2,,remax
3488,,El Menzah 1,2,,remax
490000,,Hammamet Sud,2,,remax
1560,,Alain Savary,1,,remax
5500,,Lac 3 Cité du Park,1,,remax
1100000,,Djerba - Midoun,2,,remax
339055,,Djerba - Midoun,2,,remax
800000,,Gammarth,2,,remax
1700000,,El Menzah 9,2,,remax
12000,,Les berges du lac 1,2,,remax
200000,,Sidi Daoud,1,,remax
1300000,,Hammam Ghezèze,2,,remax
340000,,Djerba - Houmt Souk,2,,remax
750000,,Djerba - Houmt Souk,2,,remax
540000,,Djerba - Houmt Souk,2,,remax
400000,,Djerba - Houmt Souk,2,,remax
1600,,Cité El Khadra,1,,remax
1600,,Cité Jardin,1,,remax
0,,Djerba - Houmt Souk,2,,remax
5400,,La Marsa,1,,remax
4350,,Cité El Khadra,1,,remax
370000,,Alain Savary,1,,remax
580000,,Djerba - Houmt Souk,2,,remax
2400,,Les berges du lac 1,1,,remax
3100,,Les berges du lac 1,1,,remax
493000,,Djerba - Houmt Souk,2,,remax
425000,,Hammamet Nord,2,,remax
390000,,Hammamet Nord,2,,remax
8500,,La Marsa,2,,remax
200000,,Djerba - Houmt Souk,2,,remax
350000,,Djerba - Midoun,2,,remax
550000,,Dar Allouche,2,,remax
590000,,Kélibia,2,,remax
2000000,,Raoued,2,,remax
275000,,Le Bardo,2,,remax
1700000,,Soliman,1,,remax
920000,,Bizerte Sud,2,,remax
340000,,El Menzah 9,2,,remax
2500,,Djerba - Midoun,2,,remax
2500,,Djerba - Midoun,2,,remax
2400000,,Les Jardins du lac 2,2,,remax
7442400,,Chotrana,2,,remax
1050000,,Nouvelle Ariana,2,,remax
1600,,Cité El Khadra,1,,remax
4500,,Zone Industrielle du Kram (lac ind),1,,remax
80000,,Raoued,2,,remax
14500,,Les Jardins du lac 2,2,,remax
260000,,Riadh Landalous,2,,remax
2619,,Chotrana,2,,remax
2619,,Jardins de Carthage,2,,remax
0,,Montplaisir,2,,remax
6500,,Les Jardins du lac 2,1,,remax
2000,,Centre Urbain Nord,1,,remax
680000,,Djerba - Midoun,2,,remax
7000,,Les Jardins du lac 2,1,,remax
2000,,Djerba - Midoun,2,,remax
14000,,Alain Savary,1,,remax
285000,,Kélibia,2,,remax
380000,,El Menzah 7,2,,remax
0,,Fouchana,1,,remax
375000,,Cité El Ghazala,2,,remax
830000,,Gammarth,2,,remax
30795,,Charguia 2,1,,remax
20000,,Les berges du lac 1,1,,remax
590000,,Djerba - Midoun,2,,remax
0,,Ennasr 1-2,1,,remax
638550,,Chotrana,2,,remax
740000,,La Soukra,2,,remax
1250000,,La Soukra,2,,remax
172500,,Bab Souika,2,,remax
2000,,Djerba - Midoun,2,,remax
1750,,Ennasr 1-2,1,,remax
2000,,Ennasr 1-2,2,,remax
320000,,Ennasr 1-2,2,,remax
588000,,Ennasr 1-2,2,,remax
729000,,Ennasr 1-2,2,,remax
460000,,Ennasr 1-2,2,,remax
0,,Lac 2 Cité Les Pins,2,,remax
711000,,Ennasr 1-2,2,,remax
750000,,Sidi Thabet,2,,remax
546250,,Mnihla,2,,remax
280000,,Petite Ariana,2,,remax
3488,,Bab El Bhar,1,,remax
180000,,Montplaisir,1,,remax
460000,,Les berges du lac 1,1,,remax
5000,,La Marsa,2,,remax
3000,,Les berges du lac 1,2,,remax
4800,,Les Jardins du lac 2,2,,remax
1500000,,Radès,2,,remax
210000,,Sousse Ville,2,,remax
200000,,Sousse Ville,2,,remax
230000,,Sousse Ville,2,,remax
271000,,Sousse Ville,2,,remax
298000,,Sousse Ville,2,,remax
2200000,,La Marsa,2,,remax
70000,,Raoued,2,,remax
477000,,Mnihla,2,,remax
240000,,Chott mariem,2,,remax
3488,,Ben Arous,2,,remax
2000,,Jardins de Carthage,2,,remax
1100,,Ennasr 1-2,2,,remax
3500,,Montplaisir,1,,remax
2000000,,Riadh Landalous,2,,remax
4500,,Ain Zaghouan,2,,remax
5525,,Kélibia,2,,remax
570000,,Korba,2,,remax
455000,,Djerba - Houmt Souk,2,,remax
2700,,Djerba - Houmt Souk,2,,remax
3500,,Raoued,2,,remax
5000,,La Marsa,2,,remax
1400,,Borj Louzir,1,,remax
270000,,Djerba - Houmt Souk,2,,remax
3500,,Les Jardins du lac 2,2,,remax
630000,,Kélibia,2,,remax
1500,,L'Aouina,2,,remax
2800,,La Marsa,2,,remax
850000,,Djerba - Houmt Souk,2,,remax
310000,,L'Aouina,2,,remax
3000,,Lac 2 Cité Les Pins,2,,remax
425000,,Djerba - Midoun,2,,remax
220000,,El Manar 2,2,,remax
474000,,Hammamet Nord,2,,remax
3488,,Utique,1,,remax
3000000,,L'Aouina,1,,remax
1250000,,Djerba - Midoun,2,,remax
430000,,Djerba - Houmt Souk,2,,remax
148800,,Djerba - Houmt Souk,2,,remax
1800,,La Marsa,2,,remax
3488,,Tunis Centre Ville,1,,remax
550000,,Djerba - Midoun,2,,remax
3488,,Tunis Centre Ville,1,,remax
380000,,Séjoumi,2,,remax
770000,,Sidi Bou Said,2,,remax
890000,,La Soukra,2,,remax
428000,,Riadh Landalous,1,,remax
2650,,Les berges du lac 1,1,,remax
5525,,La Soukra,2,,remax
6200,,La Soukra,1,,remax
5525,,La Soukra,2,,remax
3200,,Les berges du lac 1,2,,remax
1620000,,Riadh Landalous,2,,remax
250000,,El Omrane supérieur,2,,remax
315450,,Hammamet Sud,2,,remax
187650,,Ghar El Melh,2,,remax
860000,,Ariana Ville,2,,remax
230000,,Raoued,2,,remax
104550,,Raoued,2,,remax
6000,,La Soukra,1,,remax
2700,,Centre Urbain Nord,1,,remax
390000,,Radès,2,,remax
479000,,Jardins de Carthage,2,,remax
320000,,Ezzahra,1,,remax
260000,,Le Bardo,2,,remax
440000,,Hammamet Nord,2,,remax
268000,,Hammamet Nord,2,,remax
550000,,Djerba - Midoun,2,,remax
200000,,Medina Jedida,2,,remax
0,,Cité El Ghazala,1,,remax
0,,Charguia 1,1,,remax
510000,,Djerba - Houmt Souk,2,,remax
1600,,La Marsa,2,,remax
900000,,Djerba - Midoun,2,,remax
0,,Lac 2 Cité Les Pins,1,,remax
280000,,Petite Ariana,2,,remax
165000,,Petite Ariana,2,,remax
320000,,La Goulette,2,,remax
1200,,Le Bardo,1,,remax
1500,,La Manouba,1,,remax
12000,,Les Jardins du lac 2,2,,remax
0,,Les berges du lac 1,1,,remax
660000,,Nabeul,2,,remax
6000,,La Marsa,2,,remax
550000,,Djerba - Houmt Souk,2,,remax
80000,,Ben Arous,1,,remax
150000,,Djerba - Midoun,2,,remax
1000000,,Djerba - Midoun,2,,remax
310000,,Ain Zaghouan,2,,remax
541000,,Ain Zaghouan,2,,remax
546000,,Ain Zaghouan,2,,remax
0,,Hammamet,2,,remax
1500,,Gammarth,2,,remax
7500,,Les Jardins du lac 2,2,,remax
1250,,Ennasr 1-2,1,,remax
550000,,La Soukra,2,,remax
3500,,La Marsa,2,,remax
7500000,,Carthage Hannibal,2,,remax
223000,,Moknine,2,,remax
850000,,Sidi Thabet,2,,remax
6400,,Lac 3 Cité du Park,1,,remax
7220500,,La Marsa,2,,remax
650000,,La Marsa,2,,remax
725620,,Hammamet,2,,remax
1560000,,Gammarth,2,,remax
275000,,Ariana Ville,2,,remax
2850000,,Mohamedia,2,,remax
1100000,,La Soukra,1,,remax
250000,,Carthage,1,,remax
6500,,La Marsa,2,,remax
1300,,Carthage Byrsa,2,,remax
4500,,La Marsa,2,,remax
1500000,,Raoued,2,,remax
6400,,Lac 3 Cité du Park,1,,remax
7000,,Lac 2 Cité Les Pins,2,,remax
740000,,Gammarth,2,,remax
1250,,L'Aouina,2,,remax
2619,,Mégrine,1,,remax
2400,,Les berges du lac 1,2,,remax
1500,,La Manouba,1,,remax
188000,,Djerba - Houmt Souk,2,,remax
182850,,Djerba - Houmt Souk,2,,remax
470000,,Djerba - Houmt Souk,2,,remax
2619,,Hammam Ghezèze,2,,remax
2700,,La Soukra,2,,remax
0,,Ennasr 1-2,2,,remax
580000,,La Manouba,2,,remax
0,,El Menzah 1,2,,remax
6000,,La Soukra,1,,remax
923200,,La Soukra,2,,remax
410000,,Nabeul,2,,remax
830000,,Mornag,2,,remax
6000,,Fouchana,1,,remax
2200000,,El Haouaria,1,,remax
159000,,Djerba - Houmt Souk,2,,remax
1500000,,Ennasr 1-2,2,,remax
16000,,Mégrine,1,,remax
2500,,Les berges du lac 1,1,,remax
6500,,Les berges du lac 1,1,,remax
0,,La Soukra,1,,remax
1200000,,Alain Savary,1,,remax
670000,,Ain Zaghouan,2,,remax
85000,,El Batan,2,,remax
6768300,,Les berges du lac 1,1,,remax
0,,La Marsa,1,,remax
8500000,,Djerba - Midoun,1,,remax
1900000,,Kélibia,2,,remax
360000,,Nabeul,2,,remax
990000,,Hammamet,2,,remax
850000,,Hammamet,2,,remax
200000,,Kélibia,2,,remax
420000,,Nabeul,2,,remax
1500,,Nabeul,2,,remax
7500,,Mutuelle Ville,1,,remax
730000,,Nabeul,2,,remax
600000,,Djerba - Houmt Souk,2,,remax
350000,,Djerba - Houmt Souk,2,,remax
770000,,La Marsa,2,,remax
570000,,La Marsa,2,,remax
590000,,La Marsa,2,,remax
1250,,Jardins d’El Menzah2,2,,remax
1500,,La Soukra,1,,remax
0,,Raoued,2,,remax
3488,,Cité El Ghazala,1,,remax
3488,,Zone Industrielle du Kram (lac ind),1,,remax
250000,,El Menzah 5,1,,remax
220000,,Djerba - Ajim,2,,remax
900000,,Habbana 2,2,,remax
3000,,Tunis Centre Ville,1,,remax
110000,,Carthage Byrsa,1,,remax
700,,L'Aouina,1,,remax
850000,,Borj Louzir,2,,remax
34000,,Lac 3 Cité du Park,1,,remax
250000,,El Menzah 5,1,,remax
527000,,Ennasr 1-2,2,,remax
369000,,Ennasr 1-2,2,,remax
0,,Hammamet Sud,2,,remax
0,,Hammamet Sud,2,,remax
1000000,,Kélibia,2,,remax
1650,,La Soukra,2,,remax
1000,,Chotrana,2,,remax
1092300,,Chotrana,2,,remax
860000,,Chotrana,2,,remax
640000,,Les berges du lac 1,2,,remax
5525,,Sidi Thabet,2,,remax
830000,,El Menzah 9,2,,remax
4787625,,La Marsa,1,,remax
4694550,,La Marsa,1,,remax
0,,La Marsa,1,,remax
415000,,Jardins d’El Menzah2,2,,remax
1390000,,Gammarth,2,,remax
125000,,Djerba - Midoun,2,,remax
120000,,Djerba - Midoun,2,,remax
2000,,Djerba - Midoun,2,,remax
255000,,Djerba - Midoun,2,,remax
400,,Djerba - Midoun,2,,remax
320000,,Djerba - Midoun,2,,remax
1300000,,Djerba - Midoun,2,,remax
3500,,Djerba - Midoun,2,,remax
680000,,Djerba - Ajim,2,,remax
2200,,Djerba - Midoun,2,,remax
2500,,Djerba - Midoun,2,,remax
2200,,Djerba - Midoun,2,,remax
2500,,Djerba - Midoun,2,,remax
315000,,Djerba - Midoun,2,,remax
900000,,Djerba - Midoun,2,,remax
545000,,Djerba - Midoun,2,,remax
215000,,Djerba - Midoun,2,,remax
280000,,Djerba - Midoun,2,,remax
435000,,Djerba - Midoun,2,,remax
365000,,Djerba - Houmt Souk,2,,remax
254000,,Chotrana,2,,remax
239000,,Chotrana,2,,remax
0,,Oued Ellil,2,,remax
1150,,Ain Zaghouan,2,,remax
1000,,Ariana Ville,1,,remax
5000,,Sidi Bou Said,2,,remax
10000,,Jardins de Carthage,1,,remax
360000,,Ain Zaghouan,2,,remax
450000,,Hammamet Sud,2,,remax
355000,,Riadh Landalous,2,,remax
720000,,Hammamet,2,,remax
1150000,,Nabeul,2,,remax
597000,,Ennasr 1-2,2,,remax
170000,,La Manouba,2,,remax
350000,,L'Aouina,1,,remax
120000,,Fouchana,1,,remax
150000,,Raoued,2,,remax
1161150,,Djerba - Houmt Souk,2,,remax
200000,,Fouchana,1,,remax
471750,,Radès,2,,remax
585000,,Djerba - Houmt Souk,2,,remax
120.0,L Aouina,Tunis,,,tayara
100.0,L Aouina,Tunis,,,tayara
330000.0,Chotrana 3,Ariana,,,tayara
520000.0,tunis,tunis,,,tayara
1600.0,Ennasr,Ariana,,,tayara
2300.0,Jardins De Carthage,Tunis,,,tayara
4000.0,Jardins De Carthage,Tunis,,,tayara
500000.0,La Soukra,Ariana,,,tayara
2700.0,Mutuelleville,Tunis,,,tayara
40000.0,Centre Ville Lafayette,Tunis,,,tayara
1300.0,Montplaisir,Tunis,,,tayara
1350.0,Tunis,Tunis,,,tayara
1400000.0,La Soukra,Ariana,,,tayara
950.0,Ariana,Ariana,,,tayara
1200.0,Ariana,Ariana,,,tayara
1150.0,Ariana,Ariana,,,tayara
1150.0,Ariana,Ariana,,,tayara
150000.0,Mnihla,Ariana,,,tayara
550000.0,Chotrana 1,Ariana,,,tayara
300000.0,Chotrana 1,Ariana,,,tayara
0.0,Tunis,Tunis,,,tayara
300000.0,Sidi Thabet,Ariana,,,tayara
1100.0,Cité Ennasr 2,Ariana,,,tayara
30000.0,Mégrine,Ben Arous,,,tayara
198000.0,Chotrana 1,Ariana,,,tayara
4349.0,tunis,tunis,,,tayara
4699.0,tunis,tunis,,,tayara
3379.0,tunis,tunis,,,tayara
1219.0,tunis,tunis,,,tayara
349.0,tunis,tunis,,,tayara
2219.0,tunis,tunis,,,tayara
7859.0,tunis,tunis,,,tayara
349.0,tunis,tunis,,,tayara
1500.0,Montplaisir,Tunis,,,tayara
4349.0,tunis,tunis,,,tayara
2609.0,tunis,tunis,,,tayara
3379.0,tunis,tunis,,,tayara
4699.0,tunis,tunis,,,tayara
779.0,tunis,tunis,,,tayara
1739.0,tunis,tunis,,,tayara
1219.0,tunis,tunis,,,tayara
949.0,Centre Urbain Nord,Tunis,,,tayara
2609.0,Le Kram,Tunis,,,tayara
1699.0,Centre Urbain Nord,Tunis,,,tayara
1500.0,tunis,tunis,,,tayara
829.0,tunis,tunis,,,tayara
349.0,tunis,tunis,,,tayara
349.0,tunis,tunis,,,tayara
1739.0,Le Kram,Tunis,,,tayara
4349.0,Le Kram,Tunis,,,tayara
7859.0,tunis,tunis,,,tayara
2219.0,Carthage,Tunis,,,tayara
619.0,tunis,tunis,,,tayara
3009.0,tunis,tunis,,,tayara
6498.0,tunis,tunis,,,tayara
349.0,tunis,tunis,,,tayara
769.0,tunis,tunis,,,tayara
2609.0,tunis,tunis,,,tayara
0.0,Menzel Bourguiba,Bizerte,,,tayara
349.0,tunis,tunis,,,tayara
4349.0,tunis,tunis,,,tayara
2219.0,tunis,tunis,,,tayara
1849.0,tunis,tunis,,,tayara
649.0,tunis,tunis,,,tayara
1219.0,tunis,tunis,,,tayara
349.0,tunis,tunis,,,tayara
949.0,Centre Urbain Nord,Tunis,,,tayara
1179.0,tunis,tunis,,,tayara
1650.0,Jardins De Carthage,Tunis,,,tayara
100.0,Ennasr,Ariana,,,tayara
1800.0,Chotrana 3,Ariana,,,tayara
7000000.0,Sousse,Sousse,,,tayara
80.0,Ennasr,Ariana,,,tayara
80.0,Ennasr,Ariana,,,tayara
80.0,Ennasr,Ariana,,,tayara
70.0,El Menzah 8,Ariana,,,tayara
100.0,Ennasr,Ariana,,,tayara
70.0,Ennasr,Ariana,,,tayara
70.0,Ennasr,Ariana,,,tayara
80.0,El Menzah 8,Ariana,,,tayara
179000.0,Mrezga,Nabeul,,,tayara
275000.0,L Aouina,Tunis,,,tayara
750.0,Sousse Jawhara,Sousse,,,tayara
1800.0,Centre Urbain Nord,Tunis,,,tayara
1150.0,Sousse,Sousse,,,tayara
90.0,Ain Zaghouen,Tunis,,,tayara
999000.0,tunis,tunis,,,tayara
0.0,Nabeul,Nabeul,,,tayara
210000.0,Cité Hedi Nouira,Ariana,,,tayara
1600.0,Ennasr,Ariana,,,tayara
2500.0,Sousse,Sousse,,,tayara
1550.0,L Aouina,Tunis,,,tayara
50000.0,La Manouba,La Manouba,,,tayara
0.0,Sahloul,Sousse,,,tayara
2000.0,Hammam Sousse,Sousse,,,tayara
1650.0,L Aouina,Tunis,,,tayara
1500.0,Hammamet Nord,Nabeul,,,tayara
4000.0,Khzema,Sousse,,,tayara
1200.0,Sahloul,Sousse,,,tayara
650.0,Hammam Sousse,Sousse,,,tayara
730.0,Jardins El Menzah,Ariana,,,tayara
650.0,Ennasr,Ariana,,,tayara
900.0,El Manar 2,Tunis,,,tayara
20000.0,El Haouaria,Nabeul,,,tayara
0.0,Sidi Hassine,Tunis,,,tayara
600.0,Radès,Ben Arous,,,tayara
1101.0,Ariana,Ariana,,,tayara
115000.0,Radès,Ben Arous,,,tayara
0.0,Ras Jebel,Bizerte,,,tayara
0.0,Ras Jebel,Bizerte,,,tayara
350.0,Sfax Ville,Sfax,,,tayara
0.0,Borj Louzir,Ariana,,,tayara
800000.0,Tunis,Tunis,,,tayara
1500.0,Ain Zaghouan Nord,Tunis,,,tayara
4500.0,L Aouina,Tunis,,,tayara
215000.0,Ain Zaghouen,Tunis,,,tayara
235000.0,L Aouina,Tunis,,,tayara
700.0,Mrezga,Nabeul,,,tayara
0.0,Zaghouen,Zaghouan,,,tayara
900000.0,Hammamet,Nabeul,,,tayara
360000.0,L Aouina,Tunis,,,tayara
1200.0,Cité Ennasr 2,Ariana,,,tayara
400000.0,Raoued,Ariana,,,tayara
0.0,Bellevue,Tunis,,,tayara
1167000.0,Sidi Daoud,Tunis,,,tayara
840000.0,Chotrana 3,Ariana,,,tayara
0.0,Chotrana 3,Ariana,,,tayara
650000.0,Jardins De Carthage,Tunis,,,tayara
620000.0,Manouba Ville,La Manouba,,,tayara
0.0,Bellevue,Tunis,,,tayara
375000.0,L Aouina,Tunis,,,tayara
1800.0,tunis,tunis,,,tayara
1200.0,L Aouina,Tunis,,,tayara
750.0,Sidi Bou Said,Tunis,,,tayara
495000.0,Ghazela,Ariana,,,tayara
1700.0,La Marsa,Tunis,,,tayara
370000.0,L Aouina,Tunis,,,tayara
0.0,tunis,tunis,,,tayara
2100.0,La Marsa,Tunis,,,tayara
395000.0,L Aouina,Tunis,,,tayara
285000.0,Cité Ennasr 2,Ariana,,,tayara
670000.0,Ksar Said,Tunis,,,tayara
90.0,Sfax,Sfax,,,tayara
700.0,Mrezga,Nabeul,,,tayara
1800000.0,Menzel Chaker,Sfax,,,tayara
635000.0,Route MANZEL CHAKER,Sfax,,,tayara
165000.0,Sfax,Sfax,,,tayara
1000000.0,Route de l'aéroport,Sfax,,,tayara
710000.0,Sfax,Sfax,,,tayara
75000.0,Kélibia,Nabeul,,,tayara
80.0,Sfax Ville,Sfax,,,tayara
300.0,Hammamet,Nabeul,,,tayara
2250.0,Centre Urbain Nord,Tunis,,,tayara
2200.0,Centre Urbain Nord,Tunis,,,tayara
3900.0,Centre Urbain Nord,Tunis,,,tayara
2500.0,Centre Urbain Nord,Tunis,,,tayara
4600.0,Centre Urbain Nord,Tunis,,,tayara
2500.0,Centre Urbain Nord,Tunis,,,tayara
2800.0,Centre Urbain Nord,Tunis,,,tayara
1700.0,Gammarth,Tunis,,,tayara
0.0,Chatt mariem,Sousse,,,tayara
290000.0,El Haouaria,Nabeul,,,tayara
0.0,Monastir,Monastir,,,tayara
320000.0,Monastir,Monastir,,,tayara
270000.0,Monastir,Monastir,,,tayara
0.0,Route SOKRA,Sfax,,,tayara
1.0,Lac 2,Tunis,,,tayara
70.0,El Menzah 9,Tunis,,,tayara
150.0,Khzema,Sousse,,,tayara
750.0,Le Bardo,Tunis,,,tayara
100000.0,Djerba Ajim,Médenine,,,tayara
679999.0,Beni Hassen,Monastir,,,tayara
1.0,Monastir,Monastir,,,tayara
395000.0,L Aouina,Tunis,,,tayara
2000.0,L Aouina,Tunis,,,tayara
1400.0,L Aouina,Tunis,,,tayara
1500.0,L Aouina,Tunis,,,tayara
225000.0,L Aouina,Tunis,,,tayara
1000.0,L Aouina,Tunis,,,tayara
315000.0,L Aouina,Tunis,,,tayara
180000.0,Ain Zaghouen,Tunis,,,tayara
1100.0,L Aouina,Tunis,,,tayara
360000.0,L Aouina,Tunis,,,tayara
950.0,L Aouina,Tunis,,,tayara
1500.0,L Aouina,Tunis,,,tayara
290000.0,La Soukra,Ariana,,,tayara
289000.0,L Aouina,Tunis,,,tayara
1200.0,L Aouina,Tunis,,,tayara
220000.0,L Aouina,Tunis,,,tayara
2100.0,Ariana,Ariana,,,tayara
1500.0,L Aouina,Tunis,,,tayara
218000.0,L Aouina,Tunis,,,tayara
1.0,El Mourouj,Ben Arous,,,tayara
1.0,El Mourouj,Ben Arous,,,tayara
270000.0,Kélibia,Nabeul,,,tayara
70.0,Ennasr,Ariana,,,tayara
300000.0,L Aouina,Tunis,,,tayara
85.0,Kalaâ Sghira,Sousse,,,tayara
205000.0,L Aouina,Tunis,,,tayara
3000.0,Ain Zaghouan Nord,Tunis,,,tayara
2800.0,La Marsa,Tunis,,,tayara
3500.0,La Marsa,Tunis,,,tayara
280000.0,Riadh Andalous,Ariana,,,tayara
198000.0,El Manar 1,Tunis,,,tayara
1.0,Gammarth,Tunis,,,tayara
450000.0,Montplaisir,Tunis,,,tayara
900.0,Hammam Sousse,Sousse,,,tayara
0.0,tunis,tunis,,,tayara
0.0,Medina Jedida,Ben Arous,,,tayara
9.0,Sfax Ville,Sfax,,,tayara
0.0,Autres Villes,Tunis,,,tayara
1450000.0,Khzema,Sousse,,,tayara
350000.0,Sousse Riadh,Sousse,,,tayara
370000.0,Sahloul,Sousse,,,tayara
550000.0,Sousse Jawhara,Sousse,,,tayara
57000.0,Sousse Sidi Abdelhamid,Sousse,,,tayara
1400.0,Chatt mariem,Sousse,,,tayara
145000.0,Chatt mariem,Sousse,,,tayara
349000.0,Hammam Sousse,Sousse,,,tayara
185000.0,L Aouina,Tunis,,,tayara
1450.0,L Aouina,Tunis,,,tayara
3500.0,L Aouina,Tunis,,,tayara
187000.0,L Aouina,Tunis,,,tayara
1400.0,L Aouina,Tunis,,,tayara
299998.0,tunis,tunis,,,tayara
395000.0,L Aouina,Tunis,,,tayara
200000.0,Ain Zaghouan Nord,Tunis,,,tayara
200000.0,Ain Zaghouen,Tunis,,,tayara
260000.0,L Aouina,Tunis,,,tayara
0.0,L Aouina,Tunis,,,tayara
900.0,L Aouina,Tunis,,,tayara
950000.0,Carthage,Tunis,,,tayara
3500.0,La Soukra,Ariana,,,tayara
1200.0,L Aouina,Tunis,,,tayara
258000.0,Ain Zaghouan Nord,Tunis,,,tayara
382002.0,Ain Zaghouen,Tunis,,,tayara
238001.0,L Aouina,Tunis,,,tayara
186001.0,L Aouina,Tunis,,,tayara
239000.0,L Aouina,Tunis,,,tayara
950.0,L Aouina,Tunis,,,tayara
1100.0,L Aouina,tunis,,,tayara
355000.0,L Aouina,Tunis,,,tayara
247000.0,L Aouina,Tunis,,,tayara
193000.0,L Aouina,Tunis,,,tayara
1380.0,L Aouina,Tunis,,,tayara
360000.0,Ain Zaghouan Nord,Tunis,,,tayara
208000.0,L Aouina,Tunis,,,tayara
318000.0,L Aouina,Tunis,,,tayara
360000.0,L Aouina,Tunis,,,tayara
3500.0,L Aouina,Tunis,,,tayara
381002.0,L Aouina,Tunis,,,tayara
0.0,Chotrana 1,Ariana,,,tayara
1200.0,L Aouina,Tunis,,,tayara
216000.0,L Aouina,Tunis,,,tayara
1200.0,Ain Zaghouen,Tunis,,,tayara
382000.0,L Aouina,Tunis,,,tayara
1250.0,L Aouina,Tunis,,,tayara
248000.0,L Aouina,Tunis,,,tayara
257000.0,L Aouina,Tunis,,,tayara
289000.0,L Aouina,Tunis,,,tayara
110.0,Hammam Sousse,Sousse,,,tayara
120.0,Lac 2,Tunis,,,tayara
1200.0,Borj Cedria,Ben Arous,,,tayara
0.0,Ain Zaghouen,Tunis,,,tayara
379999.0,Ennasr,Ariana,,,tayara
0.0,L Aouina,Tunis,,,tayara
850.0,L Aouina,Tunis,,,tayara
315000.0,tunis,tunis,,,tayara
3500.0,Lac 2,Tunis,,,tayara
420000.0,L Aouina,Tunis,,,tayara
2200.0,La Soukra,Ariana,,,tayara
2200.0,L Aouina,Tunis,,,tayara
280000.0,Ben Arous,Ben Arous,,,tayara
2000.0,L Aouina,Tunis,,,tayara
0.0,Ain Zaghouan Nord,Tunis,,,tayara
158000.0,Soliman,Nabeul,,,tayara
0.0,Douz Nord,Kébili,,,tayara
1300.0,L Aouina,Tunis,,,tayara
3000.0,L Aouina,Tunis,,,tayara
1500000.0,Gammarth,Tunis,,,tayara
697000.0,Hammamet,Nabeul,,,tayara
3800.0,tunis,tunis,,,tayara
2500.0,Chotrana,Ariana,,,tayara
400000.0,tunis,Ariana,,,tayara
120000.0,Oued Ellil,La Manouba,,,tayara
0.0,L Aouina,Tunis,,,tayara
120000.0,Ain Zaghouen,Tunis,,,tayara
1200.0,L Aouina,Tunis,,,tayara
1000.0,L Aouina,Tunis,,,tayara
450000.0,L Aouina,Tunis,,,tayara
0.0,Ennasr,Ariana,,,tayara
110000.0,Kélibia,Nabeul,,,tayara
900.0,tunis,tunis,,,tayara
700.0,Bab Souika,Tunis,,,tayara
1.0,Sousse Riadh,Sousse,,,tayara
1200.0,Ennasr,Ariana,,,tayara
250000.0,Mornag,Ben Arous,,,tayara
100000.0,Borj Louzir,Ariana,,,tayara
400.0,Bizerte Nord,Bizerte,,,tayara
240000.0,Ain Zaghouen,Tunis,,,tayara
1200000.0,Sfax,Sfax,,,tayara
1.0,Soliman,Nabeul,,,tayara
490000.0,Sakiet Eddaïer,Sfax,,,tayara
850.0,Cité Ennasr 2,Ariana,,,tayara
5.0,Fouchana,Ben Arous,,,tayara
2300.0,El Menzah 4,Tunis,,,tayara
1.0,El Haouaria,Nabeul,,,tayara
0.0,El Menzah 9,Tunis,,,tayara
1600.0,Ariana,Ariana,,,tayara
1.0,Chotrana 3,Ariana,,,tayara
1400.0,Riadh Andalous,Ariana,,,tayara
1.0,Radès,Ben Arous,,,tayara
1600.0,Ennasr,Ariana,,,tayara
1.0,Chotrana 1,Ariana,,,tayara
1300.0,Cité Ennasr 2,Ariana,,,tayara
280.0,El Haouaria,Nabeul,,,tayara
2400.0,La Marsa,Tunis,,,tayara
4000.0,Gammarth,Tunis,,,tayara
1400.0,Nouvelle Ariana,Ariana,,,tayara
1400.0,Ennasr,Ariana,,,tayara
0.0,Lac 1,Tunis,,,tayara
520000.0,Medina Jedida,Ben Arous,,,tayara
2200.0,Menzah,Tunis,,,tayara
1700.0,El Menzah 7,Ariana,,,tayara
1.0,Sfax,Sfax,,,tayara
1700.0,Cité Ennasr 2,Ariana,,,tayara
1200.0,Cité Ennasr 2,Ariana,,,tayara
2200.0,Nouvelle Ariana,Ariana,,,tayara
0.0,Sfax,Sfax,,,tayara
1000.0,Medina Jedida,Ben Arous,,,tayara
13500.0,Jardins De Carthage,Tunis,,,tayara
355000.0,tunis,tunis,,,tayara
238000.0,La Soukra,Ariana,,,tayara
1200.0,La Soukra,Ariana,,,tayara
5000.0,La Marsa,Tunis,,,tayara
620000.0,La Soukra,Ariana,,,tayara
3000.0,Cité Ennasr 2,Ariana,,,tayara
950000.0,Montplaisir,Tunis,,,tayara
1600.0,Cité Ennasr 2,Ariana,,,tayara
140000.0,Le Bardo,Tunis,,,tayara
1190000.0,Borj Cedria,Ben Arous,,,tayara
1450000.0,Borj Cedria,Ben Arous,,,tayara
224000.0,Borj Cedria,Ben Arous,,,tayara
250000.0,Ezzouhour,Tunis,,,tayara
1200.0,Cité Ennasr 2,Ariana,,,tayara
249000.0,Borj Cedria,Ben Arous,,,tayara
350000.0,Borj Cedria,Ben Arous,,,tayara
150000.0,Borj Cedria,Ben Arous,,,tayara
230500.0,Borj Cedria,Ben Arous,,,tayara
135000.0,tunis,tunis,,,tayara
925000.0,Borj Cedria,Ben Arous,,,tayara
150000.0,Borj Cedria,Ben Arous,,,tayara
758000.0,Borj Cedria,Ben Arous,,,tayara
650000.0,Borj Cedria,Ben Arous,,,tayara
790000.0,Borj Cedria,Ben Arous,,,tayara
1460000.0,Borj Cedria,Ben Arous,,,tayara
250000.0,Borj Cedria,Ben Arous,,,tayara
268000.0,Borj Cedria,Ben Arous,,,tayara
243000.0,Borj Cedria,Ben Arous,,,tayara
480000.0,Borj Cedria,Ben Arous,,,tayara
250000.0,Borj Cedria,Ben Arous,,,tayara
750000.0,Borj Cedria,Ben Arous,,,tayara
334000.0,Borj Cedria,ben-arous,,,tayara
1600.0,Cité Ennasr 2,Ariana,,,tayara
175000.0,El Menzah 7,Ariana,,,tayara
2000.0,Lac 1,Tunis,,,tayara
750.0,El Menzah 7,Ariana,,,tayara
1600.0,Cité Ennasr 2,Ariana,,,tayara
220000.0,Autres Villes,Tunis,,,tayara
1200.0,Riadh Andalous,Ariana,,,tayara
1600.0,El Menzah 7,Ariana,,,tayara
222500.0,Borj Cedria,Ben Arous,,,tayara
758000.0,Borj Cedria,Ben Arous,,,tayara
140000.0,Borj Cedria,Ben Arous,,,tayara
175000.0,Borj Cedria,Ben Arous,,,tayara
1600000.0,Borj Cedria,Ben Arous,,,tayara
175000.0,Ben Arous,Ben Arous,,,tayara
134000.0,Borj Cedria,Ben Arous,,,tayara
990000.0,Borj Cedria,Ben Arous,,,tayara
281000.0,Borj Cedria,Ben Arous,,,tayara
1500.0,Ariana Essoughra,Ariana,,,tayara
470000.0,tunis,tunis,,,tayara
240000.0,Djerba Houmt Souk,Médenine,,,tayara
200000.0,Ksour Essef,Mahdia,,,tayara
0.0,Carthage,Tunis,,,tayara
70.0,Ennasr,Ariana,,,tayara
780.0,Monfleury,Tunis,,,tayara
1650.0,Menzah,Tunis,,,tayara
2200.0,La Marsa,Tunis,,,tayara
498.0,Sousse Sidi Abdelhamid,Sousse,,,tayara
7000.0,El Menzah 5,Ariana,,,tayara
1150.0,Ariana,Ariana,,,tayara
1200.0,Cité Ennasr 2,Ariana,,,tayara
1500.0,Ariana,Ariana,,,tayara
1300.0,Riadh Andalous,Ariana,,,tayara
225000.0,Cité Ennasr 2,Ariana,,,tayara
1320.0,Cité Ennasr 2,Ariana,,,tayara
1200.0,La Soukra,Ariana,,,tayara
430000.0,Cité Ennasr 2,Ariana,,,tayara
3800.0,Mutuelleville,Tunis,,,tayara
1200.0,Cité Ennasr 2,Ariana,,,tayara
1750.0,Les Jardins El Menzah 1,Ariana,,,tayara
3300.0,El Menzah 7,Ariana,,,tayara
6500.0,El Menzah 8,Ariana,,,tayara
550.0,Ben Arous,Ben Arous,,,tayara
1200.0,El Menzah 9,Tunis,,,tayara
0.0,Alain Savary,Tunis,,,tayara
330000.0,El Menzah 7,Ariana,,,tayara
1650.0,El Menzah 9,Tunis,,,tayara
255000.0,Borj Cedria,Ben Arous,,,tayara
800.0,Cite Ennkhilet,Ariana,,,tayara
2700.0,Jardins De Carthage,Tunis,,,tayara
4000.0,La Marsa,Tunis,,,tayara
1150.0,Ain Zaghouan Nord,Tunis,,,tayara
1400.0,Cité Ennasr 2,Ariana,,,tayara
4200.0,El Menzah 6,Ariana,,,tayara
178000.0,Hammam Ghezèze,Nabeul,,,tayara
1400.0,Cité Ennasr 2,Ariana,,,tayara
110.0,Hammam Sousse,Sousse,,,tayara
8000.0,Sidi Bou Said,Tunis,,,tayara
1450.0,El Menzah 7,Ariana,,,tayara
7500.0,Centre Urbain Nord,Tunis,,,tayara
0.0,Mnihla,Ariana,,,tayara
780.0,El Omrane Supérieur,Tunis,,,tayara
4500.0,La Marsa,Tunis,,,tayara
330000.0,Tunis Belvedere,Tunis,,,tayara
480.0,tunis,tunis,,,tayara
1100.0,El Menzah 9,Tunis,,,tayara
0.0,tunis,tunis,,,tayara
90.0,L Aouina,Tunis,,,tayara
3800.0,Mutuelleville,Tunis,,,tayara
80.0,L Aouina,Tunis,,,tayara
3700.0,Jardins De Carthage,Tunis,,,tayara
2000.0,Jardins De Carthage,Tunis,,,tayara
1200.0,Jardins De Carthage,Tunis,,,tayara
1700.0,Jardins De Carthage,Tunis,,,tayara
2800.0,Jardins De Carthage,Tunis,,,tayara
2100.0,Jardins De Carthage,Tunis,,,tayara
6000.0,Jardins De Carthage,Tunis,,,tayara
1600.0,Le Kram,Tunis,,,tayara
2000.0,Jardins De Carthage,Tunis,,,tayara
1850.0,Jardins De Carthage,Tunis,,,tayara
50.0,Sousse,Sousse,,,tayara
1800000.0,El Menzah 9,Tunis,,,tayara
70.0,Hammam Sousse,Sousse,,,tayara
1000.0,Denden,La Manouba,,,tayara
0.0,Jardins El Menzah,Ariana,,,tayara
0.0,Raoued,Ariana,,,tayara
1200.0,Cité Ennasr 2,Ariana,,,tayara
1200.0,Sahloul,Sousse,,,tayara
0.0,Ezzahra,Ben Arous,,,tayara
1200000.0,El Menzah 9,Tunis,,,tayara
0.0,Boumhel,Ben Arous,,,tayara
207000.0,Kélibia,Nabeul,,,tayara
80.0,Monastir,Monastir,,,tayara
580.0,Mahdia,Mahdia,,,tayara
1250.0,L Aouina,Tunis,,,tayara
1100.0,L Aouina,Tunis,,,tayara
1500.0,Cité Ennasr 2,Ariana,,,tayara
1900.0,El Menzah 9,Tunis,,,tayara
0.0,Chatt mariem,Sousse,,,tayara
140.0,Jardins De Carthage,Tunis,,,tayara
4800.0,El Menzah 9,Tunis,,,tayara
2500000.0,Kantaoui,Sousse,,,tayara
0.0,La Soukra,Ariana,,,tayara
2199.0,Cité Ennasr 2,Ariana,,,tayara
1150.0,Cité Ennasr 2,Ariana,,,tayara
0.0,Cité Ennasr 2,Ariana,,,tayara
0.0,El Manar 1,Tunis,,,tayara
5.0,Khzema,Sousse,,,tayara
4500.0,El Menzah 9,Tunis,,,tayara
430.0,ROUTE SALTANIA,Sfax,,,tayara
560000.0,Chatt mariem,Sousse,,,tayara
850.0,tunis,tunis,,,tayara
1150.0,Cité Ennasr 2,Ariana,,,tayara
1450.0,La Soukra,Ariana,,,tayara
1200.0,El Menzah 5,Ariana,,,tayara
80.0,Menzah,Tunis,,,tayara
850.0,Ain Zaghouen,Tunis,,,tayara
1100.0,Ain Zaghouan Nord,Tunis,,,tayara
0.0,Cité Ennasr 2,Ariana,,,tayara
330000.0,El Haouaria,Nabeul,,,tayara
265000.0,Mrezga,Nabeul,,,tayara
1700.0,Hergla,Sousse,,,tayara
1800.0,Cité Ennasr 2,Ariana,,,tayara
376000.0,Kantaoui,Sousse,,,tayara
3500.0,El Menzah 9,Tunis,,,tayara
371.0,Medina Jedida,Ben Arous,,,tayara
160000.0,Medina Jedida,Ben Arous,,,tayara
190000.0,Medina Jedida,Ben Arous,,,tayara
220000.0,Autres Villes,Ben Arous,,,tayara
1200.0,tunis,tunis,,,tayara
1250.0,Tunis Belvedere,Tunis,,,tayara
205000.0,Medina Jedida,Ben Arous,,,tayara
0.0,Mornaguia,La Manouba,,,tayara
1.0,Mégrine,Ben Arous,,,tayara
480.0,Radès,Ben Arous,,,tayara
178000.0,Khzema,Sousse,,,tayara
1350.0,Boumhel,Ben Arous,,,tayara
90.0,La Marsa,Tunis,,,tayara
2200.0,Mégrine,Ben Arous,,,tayara
350000.0,Djerba Houmt Souk,Médenine,,,tayara
195000.0,Ariana,Ariana,,,tayara
1.0,Sousse,Sousse,,,tayara
1300.0,La Soukra,Ariana,,,tayara
0.0,La Soukra,Ariana,,,tayara
434000.0,Sousse Jawhara,Sousse,,,tayara
790000.0,Medina Jedida,Ben Arous,,,tayara
800.0,tunis,tunis,,,tayara
90.0,Ain Zaghouen,Tunis,,,tayara
750.0,Khzema,Sousse,,,tayara
500.0,Hammam Sousse,Sousse,,,tayara
430000.0,La Soukra,Ariana,,,tayara
1750.0,Kantaoui,Sousse,,,tayara
1400.0,tunis,tunis,,,tayara
6500.0,La Soukra,Ariana,,,tayara
550000.0,Borj Cedria,Ben Arous,,,tayara
800.0,La Soukra,Ariana,,,tayara
1100.0,El Menzah 7,Ariana,,,tayara
2000.0,Sidi Daoud,Tunis,,,tayara
1500000.0,Kantaoui,Sousse,,,tayara
1900.0,Cité Ennasr 2,Ariana,,,tayara
240000.0,Mnihla,Ariana,,,tayara
1400.0,Montplaisir,Tunis,,,tayara
496000.0,Raoued,Ariana,,,tayara
4000.0,Centre Urbain Nord,Tunis,,,tayara
600.0,tunis,tunis,,,tayara
1100.0,L Aouina,Tunis,,,tayara
1200000.0,El Menzah 9,Tunis,,,tayara
1100.0,La Soukra,Ariana,,,tayara
330000.0,Raoued,Ariana,,,tayara
650000.0,Tunis,Tunis,,,tayara
4000.0,Sahloul,Sousse,,,tayara
2600.0,Khzema,Sousse,,,tayara
1.0,L Aouina,Tunis,,,tayara
350000.0,Chatt mariem,Sousse,,,tayara
0.0,Ariana,Ariana,,,tayara
399000.0,Kantaoui,Sousse,,,tayara
1250.0,Khzema,Sousse,,,tayara
630000.0,Sousse,Sousse,,,tayara
260000.0,Khzema,Sousse,,,tayara
270000.0,Sousse,Sousse,,,tayara
880000.0,Sahloul,Sousse,,,tayara
170000.0,Sousse Sidi Abdelhamid,Sousse,,,tayara
2500000.0,Chatt mariem,Sousse,,,tayara
1400.0,Nouvelle Ariana,Ariana,,,tayara
3100000.0,Autres Villes,Ben Arous,,,tayara
25000.0,Fouchana,Ben Arous,,,tayara
550000.0,Hergla,Sousse,,,tayara
180000.0,Mrezga,Nabeul,,,tayara
870000.0,Khzema,Sousse,,,tayara
1200.0,La Soukra,Ariana,,,tayara
780.0,Monastir,Monastir,,,tayara
830.0,Ghazela,Ariana,,,tayara
1200.0,tunis,tunis,,,tayara
1500.0,L Aouina,Tunis,,,tayara
80.0,L Aouina,Tunis,,,tayara
145000.0,Route Mehdia,Sfax,,,tayara
1600000000.0,Mrezga,Nabeul,,,tayara
155000.0,Kélibia,Nabeul,,,tayara
216000.0,L Aouina,Tunis,,,tayara
70.0,L Aouina,Tunis,,,tayara
140000.0,Djerba Ajim,Médenine,,,tayara
350000.0,Hammamet,Nabeul,,,tayara
310000.0,tunis,tunis,,,tayara
1.0,Centre Ville Lafayette,Tunis,,,tayara
1850.0,El Menzah 8,Ariana,,,tayara
140000.0,Hammamet,Nabeul,,,tayara
27999.0,Hammamet,Nabeul,,,tayara
28000.0,Hammamet,Nabeul,,,tayara
1300.0,Chotrana 1,Ariana,,,tayara
1100.0,La Soukra,Ariana,,,tayara
78000.0,Hammamet,Nabeul,,,tayara
258000.0,Ain Zaghouen,Tunis,,,tayara
550000.0,L Aouina,Tunis,,,tayara
1100.0,Ain Zaghouan Nord,Tunis,,,tayara
2000.0,Lac 1,Tunis,,,tayara
280.0,Lac 1,Tunis,,,tayara
280.0,Lac 2,Tunis,,,tayara
2850.0,Lac 2,Tunis,,,tayara
70.0,L Aouina,Tunis,,,tayara
70.0,L Aouina,Tunis,,,tayara
3000.0,tunis,tunis,,,tayara
1600.0,tunis,tunis,,,tayara
0.0,Radès,Ben Arous,,,tayara
550.0,Boumhel,Ben Arous,,,tayara
430000.0,La Soukra,Ariana,,,tayara
70.0,Ain Zaghouen,Tunis,,,tayara
1900.0,Jardins De Carthage,Tunis,,,tayara
140000.0,Ez Zeriba,Zaghouan,,,tayara
125000.0,Hammamet,Nabeul,,,tayara
68000.0,Hammamet,Nabeul,,,tayara
85000.0,Hammamet,Nabeul,,,tayara
170000.0,Hammamet,Nabeul,,,tayara
900000.0,Le Bardo,Tunis,,,tayara
75000.0,Ez Zeriba,Zaghouan,,,tayara
68000.0,Hammamet,Nabeul,,,tayara
269999.0,Hammamet,Nabeul,,,tayara
65000.0,Hammamet,Nabeul,,,tayara
850.0,Monfleury,Tunis,,,tayara
65000.0,Hammamet,Nabeul,,,tayara
4000.0,La Marsa,Tunis,,,tayara
4000.0,Ennasr,Ariana,,,tayara
160000.0,tunis,tunis,,,tayara
89000.0,Sfax,Sfax,,,tayara
1200.0,L Aouina,Tunis,,,tayara
600.0,Séjoumi,Tunis,,,tayara
319999.0,La Soukra,Ariana,,,tayara
260000.0,Zaghouan,Zaghouan,,,tayara
140000.0,Ez Zeriba,Zaghouan,,,tayara
60.0,Les Jardins El Menzah 2,Ariana,,,tayara
115000.0,Hammamet,Nabeul,,,tayara
320000.0,Ain Zaghouen,Tunis,,,tayara
285600.0,Mrezga,Nabeul,,,tayara
180000.0,Hammamet,Nabeul,,,tayara
0.0,Chatt mariem,Sousse,,,tayara
68000.0,Hammamet,Nabeul,,,tayara
230000.0,Ain Zaghouen,Tunis,,,tayara
229900.0,Le Bardo,Tunis,,,tayara
289000.0,tunis,tunis,,,tayara
1.0,El Mourouj,Ben Arous,,,tayara
0.0,Mnihla,Ariana,,,tayara
850.0,Boumhel,Ben Arous,,,tayara
2400.0,Ezzahra,Ben Arous,,,tayara
650.0,Kantaoui,Sousse,,,tayara
12.99,tunis,tunis,,,tayara
6500.0,Sousse,Sousse,,,tayara
700.0,El Mourouj,Ben Arous,,,tayara
2400.0,Lac 2,Tunis,,,tayara
2000.0,Lac 2,Tunis,,,tayara
2400.0,Lac 2,Tunis,,,tayara
3300.0,Lac 2,Tunis,,,tayara
1.0,L Aouina,Tunis,,,tayara
1150.0,Sahloul,Sousse,,,tayara
79.0,L Aouina,Tunis,,,tayara
230000.0,Radès,Ben Arous,,,tayara
500.0,Ben Arous,Ben Arous,,,tayara
950.0,tunis,tunis,,,tayara
700.0,Ezzahra,Ben Arous,,,tayara
310000.0,Le Kram,Tunis,,,tayara
1500.0,Ezzahra,Ben Arous,,,tayara
120.0,Ezzahra,Ben Arous,,,tayara
320.0,Medina Jedida,Ben Arous,,,tayara
80.0,Ezzahra,Ben Arous,,,tayara
180000.0,Tunis,Tunis,,,tayara
120.0,Ezzahra,Ben Arous,,,tayara
230000.0,L Aouina,Tunis,,,tayara
120.0,Ezzahra,Ben Arous,,,tayara
90.0,Ezzahra,Ben Arous,,,tayara
90.0,Ain Zaghouan Nord,Tunis,,,tayara
320000.0,L Aouina,Tunis,,,tayara
400.0,Boumhel,Ben Arous,,,tayara
1200.0,L Aouina,Tunis,,,tayara
250.0,Radès,Ben Arous,,,tayara
850.0,Boumhel,Ben Arous,,,tayara
850.0,Jardins El Menzah,Ariana,,,tayara
90.0,L Aouina,Tunis,,,tayara
120.0,Boumhel,Ben Arous,,,tayara
850.0,Jardins El Menzah,Ariana,,,tayara
12000.0,Centre Urbain Nord,Tunis,,,tayara
778.0,Centre Urbain Nord,Tunis,,,tayara
2778.0,Centre Urbain Nord,Tunis,,,tayara
2334.0,Centre Urbain Nord,Tunis,,,tayara
400.0,Boumhel,Ben Arous,,,tayara
850.0,Jardins El Menzah,Ariana,,,tayara
80.0,Tunis,Tunis,,,tayara
3500.0,Lac 1,Tunis,,,tayara
7500.0,Lac 1,Tunis,,,tayara
0.0,El Mourouj,Ben Arous,,,tayara
400.0,Boumhel,Ben Arous,,,tayara
1250.0,Radès,Ben Arous,,,tayara
2000.0,Lac 2,Tunis,,,tayara
1400.0,Lac 2,Tunis,,,tayara
2300.0,Lac 2,Tunis,,,tayara
3700.0,Lac 2,Tunis,,,tayara
600.0,Boumhel,Ben Arous,,,tayara
750.0,Boumhel,Ben Arous,,,tayara
3889.0,Centre Urbain Nord,Tunis,,,tayara
300500.0,Mrezga,Nabeul,,,tayara
1215550.0,Riadh Andalous,Ariana,,,tayara
850.0,Boumhel,Ben Arous,,,tayara
540000.0,Mrezga,Nabeul,,,tayara
1200.0,Boumhel,Ben Arous,,,tayara
400.0,Boumhel,Ben Arous,,,tayara
800.0,Ben Arous,Ben Arous,,,tayara
0.0,Riadh Andalous,Ariana,,,tayara
1200.0,Boumhel,Ben Arous,,,tayara
1500.0,La Marsa,Tunis,,,tayara
395000.0,La Soukra,Ariana,,,tayara
1.0,El Menzah 8,Ariana,,,tayara
0.0,Jardins El Menzah,Ariana,,,tayara
600.0,Ezzahra,Ben Arous,,,tayara
0.0,El Menzah 8,Ariana,,,tayara
0.0,Cité Ennasr 2,Ariana,,,tayara
210000.0,Kélibia,Nabeul,,,tayara
180000.0,Ben Arous,Ben Arous,,,tayara
3000.0,Gammarth,Tunis,,,tayara
1300.0,L Aouina,Tunis,,,tayara
1299.0,Ain Zaghouen,Tunis,,,tayara
0.0,Chatt mariem,Sousse,,,tayara
180000.0,L Aouina,Tunis,,,tayara
415000.0,Mrezga,Nabeul,,,tayara
0.0,Chatt mariem,Sousse,,,tayara
650.0,Ghazela,Ariana,,,tayara
180000.0,Ain Zaghouen,Tunis,,,tayara
520000.0,Route El Afrane,Sfax,,,tayara
0.0,Autres Villes,Tunis,,,tayara
700.0,Ariana Essoughra,Ariana,,,tayara
1150.0,L Aouina,Tunis,,,tayara
9000.0,Lac 2,Tunis,,,tayara
1060.0,Tunis,Tunis,,,tayara
1700.0,La Soukra,Ariana,,,tayara
3000.0,Bizerte,Bizerte,,,tayara
3000.0,Chotrana 3,Ariana,,,tayara
395000.0,Ain Zaghouen,Tunis,,,tayara
1100.0,tunis,tunis,,,tayara
15000.0,Montplaisir,Tunis,,,tayara
900.0,L Aouina,Tunis,,,tayara
285000.0,Bizerte Nord,Bizerte,,,tayara
395000.0,L Aouina,Tunis,,,tayara
350.0,Le Bardo,Tunis,,,tayara
1500.0,Medina Jedida,Ben Arous,,,tayara
300000.0,El Manar 1,Tunis,,,tayara
670.0,Sahloul,Sousse,,,tayara
1000.0,Ariana Essoughra,Ariana,,,tayara
1050.0,El Manar 1,Tunis,,,tayara
650.0,El Manar 1,Tunis,,,tayara
800.0,El Manar 1,Tunis,,,tayara
220000.0,tunis,tunis,,,tayara
390.0,El Manar 1,Tunis,,,tayara
800.0,El Manar 1,Tunis,,,tayara
850.0,El Manar 1,Tunis,,,tayara
195000.0,El Manar 1,Tunis,,,tayara
65.0,Cité Ennasr 2,Ariana,,,tayara
370.0,El Manar 2,Tunis,,,tayara
800.0,El Manar 1,Tunis,,,tayara
620000.0,Chotrana 1,Ariana,,,tayara
1600.0,El Manar 1,Tunis,,,tayara
210000.0,Ennasr,Ariana,,,tayara
750.0,El Manar 1,Tunis,,,tayara
1000.0,El Manar 1,Tunis,,,tayara
700.0,El Manar 1,Tunis,,,tayara
195000.0,El Omrane Supérieur,Tunis,,,tayara
230000.0,El Menzah 1,Tunis,,,tayara
2000.0,Les Jardins El Menzah 2,Ariana,,,tayara
1500.0,Jardins De Carthage,Tunis,,,tayara
80.0,Sousse corniche,Sousse,,,tayara
1450.0,Ain Zaghouan Nord,Tunis,,,tayara
0.0,tunis,tunis,,,tayara
60.0,Ain Zaghouan Nord,Tunis,,,tayara
80000.0,Tunis,Tunis,,,tayara
2105.0,Jardins De Carthage,Tunis,,,tayara
2500.0,El Menzah 5,Ariana,,,tayara
0.0,El Menzah 6,Ariana,,,tayara
600000.0,Ennasr,Ariana,,,tayara
395000.0,Ennasr,Ariana,,,tayara
1180.0,Les Jardins El Menzah 2,ariana,,,tayara
1700.0,El Menzah 9,Tunis,,,tayara
950.0,Cité Ennasr 2,Ariana,,,tayara
0.0,El Menzah 6,Ariana,,,tayara
315000.0,Cité Ennasr 2,Ariana,,,tayara
0.0,Cité Ennasr 2,Ariana,,,tayara
450.0,Monastir,Monastir,,,tayara
70.0,Ennasr,Ariana,,,tayara
75.0,L Aouina,Tunis,,,tayara
1700000.0,Centre Ville Lafayette,Tunis,,,tayara
0.0,El Mourouj,Ben Arous,,,tayara
9000.0,Route Tunis,Sfax,,,tayara
245000.0,Hammamet,Nabeul,,,tayara
39000.0,ROUTE SALTANIA,Sfax,,,tayara
1400.0,La Soukra,Ariana,,,tayara
690.0,El Ouardia,Tunis,,,tayara
230000.0,Medina Jedida,Ben Arous,,,tayara
1050.0,L Aouina,Tunis,,,tayara
1500.0,Jardins De Carthage,Tunis,,,tayara
1200.0,Radès,Ben Arous,,,tayara
3000.0,Lac 1,Tunis,,,tayara
2500.0,L Aouina,Tunis,,,tayara
950.0,La Soukra,Ariana,,,tayara
1500.0,L Aouina,Tunis,,,tayara
1250.0,L Aouina,Tunis,,,tayara
2800.0,Gammarth,Tunis,,,tayara
310000.0,Medina Jedida,Ben Arous,,,tayara
1.0,Lac 1,Tunis,,,tayara
1800.0,La Marsa,Tunis,,,tayara
85000.0,Hammamet,Nabeul,,,tayara
4500.0,Lac 2,Tunis,,,tayara
2000.0,Le Kram,Tunis,,,tayara
2350000.0,Kélibia,Nabeul,,,tayara
1699.0,Centre Urbain Nord,Tunis,,,tayara
1000.0,Ezzahra,Ben Arous,,,tayara
4000.0,Le Kram,Tunis,,,tayara
700.0,tunis,tunis,,,tayara
0.0,Bab Souika,Tunis,,,tayara
2800.0,Lac 2,Tunis,,,tayara
85000.0,Hammamet,Nabeul,,,tayara
1.0,Ghazela,Ariana,,,tayara
185000.0,tunis,tunis,,,tayara
320000.0,Sidi Thabet,Ariana,,,tayara
1800.0,Lac 1,Tunis,,,tayara
1200.0,Ain Zaghouen,Tunis,,,tayara
2750.0,tunis,tunis,,,tayara
1180.0,La Soukra,Ariana,,,tayara
2000.0,Jardins De Carthage,Tunis,,,tayara
1150.0,L Aouina,Tunis,,,tayara
690.0,El Ouardia,Tunis,,,tayara
1270.0,La Soukra,Ariana,,,tayara
3500.0,L Aouina,Tunis,,,tayara
399999.0,Djerba Midoun,Médenine,,,tayara
140000.0,Ez Zeriba,Zaghouan,,,tayara
250000.0,Khzema,Sousse,,,tayara
92000.0,Mohamedia,Ben Arous,,,tayara
400.0,Sousse Riadh,Sousse,,,tayara
1650.0,Nabeul,Nabeul,,,tayara
6000.0,La Soukra,Ariana,,,tayara
950000.0,Khzema,Sousse,,,tayara
850.0,Sousse,Sousse,,,tayara
65.0,Hergla,Sousse,,,tayara
1000.0,Khzema,Sousse,,,tayara
847200.0,Chotrana 3,Ariana,,,tayara
350000.0,Séjoumi,Tunis,,,tayara
160000.0,Sidi Thabet,Ariana,,,tayara
185000.0,Akouda,Sousse,,,tayara
1600.0,Kantaoui,Sousse,,,tayara
260.0,Chatt mariem,Sousse,,,tayara
650.0,Khzema,Sousse,,,tayara
950.0,Sousse Jawhara,Sousse,,,tayara
500.0,Kantaoui,Sousse,,,tayara
365000.0,Khzema,Sousse,,,tayara
420.0,Chatt mariem,Sousse,,,tayara
800.0,tunis,tunis,,,tayara
1550.0,Sousse,Sousse,,,tayara
670.0,Sahloul,Sousse,,,tayara
175000.0,Hammamet,Nabeul,,,tayara
1100.0,tunis,tunis,,,tayara
1700.0,La Marsa,Tunis,,,tayara
280.0,Tunis,Tunis,,,tayara
220000.0,Kairouan Nord,Kairouan,,,tayara
1000.0,tunis,tunis,,,tayara
1500.0,La Marsa,Tunis,,,tayara
4000.0,Mutuelleville,Tunis,,,tayara
800.0,La Soukra,Ariana,,,tayara
170000.0,Les Jardins El Menzah 2,Ariana,,,tayara
280000.0,Sahloul,Sousse,,,tayara
750000.0,Ennasr,Ariana,,,tayara
1700.0,Ennasr,Ariana,,,tayara
1100.0,tunis,tunis,,,tayara
850.0,Ghazela,Ariana,,,tayara
130000.0,Sousse,Sousse,,,tayara
0.0,Monastir,Monastir,,,tayara
0.0,Monastir,Monastir,,,tayara
450000.0,Djerba Midoun,Médenine,,,tayara
0.0,Monastir,Monastir,,,tayara
900.0,Sousse,Sousse,,,tayara
5000.0,Carthage,Tunis,,,tayara
300000.0,Borj Louzir,Ariana,,,tayara
298000.0,Kantaoui,Sousse,,,tayara
271000.0,Sousse Riadh,Sousse,,,tayara
115000.0,Hammamet,Nabeul,,,tayara
250000.0,Sahloul,Sousse,,,tayara
1250.0,Sousse Riadh,Sousse,,,tayara
950.0,Khzema,Sousse,,,tayara
150000.0,Akouda,Sousse,,,tayara
240000.0,tunis,tunis,,,tayara
550.0,Sousse Riadh,Sousse,,,tayara
1200.0,Sahloul,Sousse,,,tayara
2400.0,tunis,tunis,,,tayara
700.0,tunis,tunis,,,tayara
1200.0,Sahloul,Sousse,,,tayara
1700.0,Sousse Médina,Sousse,,,tayara
0.0,Djerba Midoun,médenine,,,tayara
400000.0,Djerba Midoun,Médenine,,,tayara
285000.0,Sahloul,Sousse,,,tayara
1350.0,Sahloul,Sousse,,,tayara
2000.0,Denden,La Manouba,,,tayara
250000.0,Kalaâ Kebira,Sousse,,,tayara
1200.0,Sahloul,Sousse,,,tayara
250000.0,Sousse,Sousse,,,tayara
1300.0,Sahloul,Sousse,,,tayara
750.0,Sahloul,Sousse,,,tayara
140000.0,Hammamet,Nabeul,,,tayara
0.0,Kantaoui,Sousse,,,tayara
2500.0,Lac 2,Tunis,,,tayara
1100.0,Ain Zaghouen,Tunis,,,tayara
3500.0,Hammam Sousse,Sousse,,,tayara
1700.0,El Menzah 9,Tunis,,,tayara
890000.0,La Marsa,Tunis,,,tayara
950.0,Ain Zaghouen,Tunis,,,tayara
1150.0,Ain Zaghouan Nord,Tunis,,,tayara
290000.0,Medina Jedida,Ben Arous,,,tayara
1400.0,Sousse,Sousse,,,tayara
0.0,Le Bardo,Tunis,,,tayara
1200.0,La Soukra,Ariana,,,tayara
2200.0,Khzema,Sousse,,,tayara
120000.0,Lac 2,Tunis,,,tayara
1700.0,tunis,tunis,,,tayara
3000.0,Ain Zaghouan Nord,Tunis,,,tayara
1800.0,Ain Zaghouan Nord,Tunis,,,tayara
1500.0,Ain Zaghouan Nord,Tunis,,,tayara
145000.0,Hammamet,Nabeul,,,tayara
7300.0,Lac 1,Tunis,,,tayara
20000.0,Lac 1,Tunis,,,tayara
5417.0,Lac 1,Tunis,,,tayara
115000.0,Hammamet,Nabeul,,,tayara
115000.0,Hammamet,Nabeul,,,tayara
700.0,Hammamet,Nabeul,,,tayara
63000.0,Lac 2,Tunis,,,tayara
1600.0,Jardins De Carthage,Tunis,,,tayara
8000.0,Lac 2,Tunis,,,tayara
400.0,Mornag,Ben Arous,,,tayara
29000.0,Lac 2,Tunis,,,tayara
1.0,Lac 2,Tunis,,,tayara
74000.0,Sousse Jawhara,Sousse,,,tayara
66500.0,Le Kram,Tunis,,,tayara
11700.0,Le Kram,Tunis,,,tayara
56000.0,Le Kram,Tunis,,,tayara
2933.0,Le Kram,Tunis,,,tayara
1.0,Le Kram,Tunis,,,tayara
11000.0,Le Kram,Tunis,,,tayara
1300.0,La Soukra,Ariana,,,tayara
900.0,tunis,tunis,,,tayara
850.0,tunis,tunis,,,tayara
2300.0,Manar,Tunis,,,tayara
850.0,El Manar 2,Tunis,,,tayara
1500.0,Ennasr,Ariana,,,tayara
70.0,Chatt mariem,Sousse,,,tayara
700.0,El Omrane,Tunis,,,tayara
1100.0,Cité Olympique,Tunis,,,tayara
900.0,Ain Zaghouen,Tunis,,,tayara
96000.0,Akouda,Sousse,,,tayara
3499999.0,Fouchana,Ben Arous,,,tayara
3400.0,Sidi Bou Said,Tunis,,,tayara
240000.0,Akouda,Sousse,,,tayara
780.0,Cité El Khadra,Tunis,,,tayara
1000.0,El Menzah 7,Ariana,,,tayara
700.0,El Manar 2,Tunis,,,tayara
800.0,El Menzah 9,Tunis,,,tayara
210000.0,Tunis,Tunis,,,tayara
1050.0,Ain Zaghouan Nord,Tunis,,,tayara
300000.0,Borj Louzir,Ariana,,,tayara
190000.0,El Haouaria,Nabeul,,,tayara
70.0,Monastir,Monastir,,,tayara
6400.0,Kheireddine Pacha,Tunis,,,tayara
2200.0,El Menzah 9,Tunis,,,tayara
0.0,Sidi Thabet,Ariana,,,tayara
2300.0,Ennasr,Ariana,,,tayara
1100.0,Tunis Belvedere,Tunis,,,tayara
218000.0,Tunis,Tunis,,,tayara
450.0,Denden,La Manouba,,,tayara
4300.0,tunis,tunis,,,tayara
1900.0,Centre Urbain Nord,Tunis,,,tayara
1100.0,Tunis Belvedere,Tunis,,,tayara
950.0,Denden,La Manouba,,,tayara
495000.0,Riadh Andalous,Ariana,,,tayara
1350.0,La Soukra,Ariana,,,tayara
1000.0,La Soukra,Ariana,,,tayara
12000.0,tunis,tunis,,,tayara
450.0,Sidi Thabet,Ariana,,,tayara
900.0,Tunis Belvedere,Tunis,,,tayara
1600.0,El Menzah 5,Ariana,,,tayara
930.0,Ghazela,Ariana,,,tayara
42000.0,Montplaisir,Tunis,,,tayara
3000.0,Montplaisir,Tunis,,,tayara
7200.0,Montplaisir,Tunis,,,tayara
13800.0,Montplaisir,Tunis,,,tayara
3550.0,Montplaisir,Tunis,,,tayara
1350000.0,Tunis,Tunis,,,tayara
900.0,Centre Ville Lafayette,Tunis,,,tayara
2000.0,El Menzah 8,Ariana,,,tayara
1200.0,El Menzah 6,Ariana,,,tayara
900.0,El Menzah 9,Tunis,,,tayara
3800.0,Mutuelleville,Tunis,,,tayara
388000.0,tunis,tunis,,,tayara
25730.0,Tunis Belvedere,Tunis,,,tayara
1423456800.0,Riadh Andalous,Ariana,,,tayara
3600.0,Tunis Belvedere,Tunis,,,tayara
450.0,Ariana,Ariana,,,tayara
800.0,Tunis Belvedere,Tunis,,,tayara
1100.0,Tunis Belvedere,Tunis,,,tayara
1500.0,El Menzah 7,Ariana,,,tayara
180.0,Hammamet Nord,Nabeul,,,tayara
900.0,El Menzah 7,Ariana,,,tayara
1700.0,Ariana,Ariana,,,tayara
320000000.0,La Manouba,La Manouba,,,tayara
0.0,tunis,tunis,,,tayara
28000000.0,Oued Ellil,La Manouba,,,tayara
330001.0,Mrezga,Nabeul,,,tayara
156000.0,Centre Urbain Nord,Tunis,,,tayara
1050.0,El Manar 1,Tunis,,,tayara
600.0,El Manar 1,Tunis,,,tayara
1200.0,Mutuelleville,Tunis,,,tayara
850.0,Centre Ville Lafayette,Tunis,,,tayara
900.0,El Menzah 7,Ariana,,,tayara
140.0,Lac 2,Tunis,,,tayara
20000.0,Tunis Belvedere,Tunis,,,tayara
240000.0,Medina Jedida,Ben Arous,,,tayara
1220.0,Ennasr,Ariana,,,tayara
7000.0,El Menzah 5,Ariana,,,tayara
1300.0,Mrezga,Nabeul,,,tayara
350000.0,L Aouina,Tunis,,,tayara
2900.0,La Marsa,Tunis,,,tayara
1500000.0,La Soukra,Ariana,,,tayara
8000.0,La Soukra,Ariana,,,tayara
2200.0,Jardins De Carthage,Tunis,,,tayara
260000.0,La Soukra,Ariana,,,tayara
2500.0,La Marsa,Tunis,,,tayara
550000.0,La Soukra,Ariana,,,tayara
2000.0,La Soukra,Ariana,,,tayara
480000.0,Chotrana 3,Ariana,,,tayara
1.0,La Soukra,Ariana,,,tayara
235000.0,Medina Jedida,Ben Arous,,,tayara
390000.0,Jardins De Carthage,Tunis,,,tayara
3800.0,Chotrana 3,Ariana,,,tayara
1.0,tunis,tunis,,,tayara
1500.0,Ain Zaghouan Nord,Tunis,,,tayara
2000.0,La Soukra,Ariana,,,tayara
1400.0,tunis,tunis,,,tayara
600.0,Medina Jedida,Ben Arous,,,tayara
1300.0,L Aouina,Tunis,,,tayara
1600.0,Ennasr,Ariana,,,tayara
3500.0,Jardins De Carthage,Tunis,,,tayara
730001.0,Ennasr,Ariana,,,tayara
1400.0,Ennasr,Ariana,,,tayara
2290.0,Monfleury,Tunis,,,tayara
1999.0,Mutuelleville,Tunis,,,tayara
1649.0,Chotrana,Ariana,,,tayara
1600.0,Ennasr,Ariana,,,tayara
0.0,Tunis,Tunis,,,tayara
900.0,Hammam Sousse,Sousse,,,tayara
1189.0,La Soukra,Ariana,,,tayara
630000.0,Le Bardo,Tunis,,,tayara
900.0,Mrezga,Nabeul,,,tayara
230000.0,Mahdia,Mahdia,,,tayara
198000.0,Mahdia,Mahdia,,,tayara
460000.0,Mahdia,mahdia,,,tayara
295000.0,Mahdia,Mahdia,,,tayara
600.0,Mahdia,Mahdia,,,tayara
550.0,Borj Louzir,Ariana,,,tayara
1000.0,Khzema,Sousse,,,tayara
1400.0,Centre Urbain Nord,Tunis,,,tayara
130.0,Cité Ennasr 2,Ariana,,,tayara
90.0,Ain Zaghouan Nord,Tunis,,,tayara
285000.0,L Aouina,Tunis,,,tayara
1.0,Lac 1,Tunis,,,tayara
1600.0,La Soukra,Ariana,,,tayara
245000.0,Ain Zaghouen,Tunis,,,tayara
295000.0,Jardins De Carthage,Tunis,,,tayara
800.0,Khzema,Sousse,,,tayara
1550.0,L Aouina,Tunis,,,tayara
450.0,Khzema,Sousse,,,tayara
7.0,Sousse,Sousse,,,tayara
880.0,La Soukra,Ariana,,,tayara
930.0,L Aouina,Tunis,,,tayara
35.0,Gabès,Gabès,,,tayara
350.0,Ariana,Ariana,,,tayara
160.0,Sakiet Eddaïer,Sfax,,,tayara
123.0,Route de GABES,Sfax,,,tayara
0.0,Route Tunis,Sfax,,,tayara
100.0,ROUTE SALTANIA,Sfax,,,tayara
0.0,Djerba Midoun,Médenine,,,tayara
550.0,Djerba Midoun,Médenine,,,tayara
80.0,Djerba Midoun,Médenine,,,tayara
80.0,Agba,Tunis,,,tayara
450.0,tunis,tunis,,,tayara
1200.0,Ennasr,Ariana,,,tayara
1600.0,Ennasr,Ariana,,,tayara
0.0,Sakiet Ezzit,Sfax,,,tayara
1.0,tunis,tunis,,,tayara
1.0,Hammamet,Nabeul,,,tayara
1050.0,El Manar 1,Tunis,,,tayara
0.0,Route GREMDA,Sfax,,,tayara
250000.0,Ettadhamen,Ariana,,,tayara
100.0,Ain Zaghouen,Tunis,,,tayara
400.0,Béni Khiar,Nabeul,,,tayara
0.0,Manouba Ville,La Manouba,,,tayara
550.0,Sousse,Sousse,,,tayara
1.0,Bizerte,Bizerte,,,tayara
1100.0,Ezzahra,Ben Arous,,,tayara
500.0,Hammam Lif,Ben Arous,,,tayara
90.0,Ain Zaghouen,Tunis,,,tayara
999999.0,Les Jardins El Menzah 2,Ariana,,,tayara
850.0,Hammam Lif,Ben Arous,,,tayara
500.0,Hammam Lif,Ben Arous,,,tayara
300.0,El Omrane Supérieur,Tunis,,,tayara
800.0,Hammam Lif,Ben Arous,,,tayara
3800.0,La Soukra,Ariana,,,tayara
2300.0,Jardins De Carthage,Tunis,,,tayara
2300.0,La Marsa,Tunis,,,tayara
1650.0,tunis,tunis,,,tayara
75.0,Route MANZEL CHAKER,Sfax,,,tayara
500.0,Route El Afrane,Sfax,,,tayara
0.0,Ettadhamen,Ariana,,,tayara
450.0,tunis,tunis,,,tayara
200.0,Utique,Bizerte,,,tayara
0.0,Ennasr,Ariana,,,tayara
669.0,El Omrane,Tunis,,,tayara
1200000.0,Tabarka,Jendouba,,,tayara
480000.0,Ain Zaghouen,Tunis,,,tayara
2500.0,Le Bardo,Tunis,,,tayara
1100.0,Carthage,Tunis,,,tayara
270000.0,Autres Villes,Ariana,,,tayara
120000.0,Centre Ville Lafayette,Tunis,,,tayara
2000.0,Le Kram,Tunis,,,tayara
190000.0,Le Bardo,Tunis,,,tayara
850000.0,Le Bardo,Tunis,,,tayara
750.0,Centre Ville Lafayette,Tunis,,,tayara
750.0,Centre Ville Lafayette,Tunis,,,tayara
550.0,Carthage,Tunis,,,tayara
155000.0,Centre Ville Lafayette,Tunis,,,tayara
700.0,Carthage,Tunis,,,tayara
420.0,Le Bardo,Tunis,,,tayara
800.0,Le Bardo,Tunis,,,tayara
2700.0,Centre Ville Lafayette,Tunis,,,tayara
1350.0,El Manar 2,Tunis,,,tayara
700.0,Le Bardo,Tunis,,,tayara
1200.0,Centre Ville Lafayette,Tunis,,,tayara
1000000.0,La Goulette,Tunis,,,tayara
0.0,La Marsa,Tunis,,,tayara
800.0,Ettahrir,Tunis,,,tayara
40.0,Raoued,Ariana,,,tayara
800.0,Tezdaine,Médenine,,,tayara
650.0,El Manar 1,Tunis,,,tayara
650.0,Boumhel,Ben Arous,,,tayara
230000.0,Jemmal,Monastir,,,tayara
450.0,Hammam Lif,Ben Arous,,,tayara
800.0,Hammam Chott,Ben Arous,,,tayara
550.0,Hammam Chott,Ben Arous,,,tayara
170000.0,Sfax,Sfax,,,tayara
870.0,Hammam Lif,Ben Arous,,,tayara
900.0,Hammam Lif,Ben Arous,,,tayara
1200.0,Radès,Ben Arous,,,tayara
1250.0,Radès,Ben Arous,,,tayara
180000.0,Bouficha,Sousse,,,tayara
55.0,Chatt mariem,Sousse,,,tayara
1250.0,Radès,Ben Arous,,,tayara
0.0,Sahline,Monastir,,,tayara
0.0,Menzel Bourguiba,Bizerte,,,tayara
800.0,Medina Jedida,Ben Arous,,,tayara
700.0,El Mourouj 6,Ben Arous,,,tayara
0.0,Ezzahra,Ben Arous,,,tayara
200.0,Raoued,Ariana,,,tayara
0.0,Kheireddine Pacha,Tunis,,,tayara
1500.0,Lac 1,Tunis,,,tayara
0.0,La Marsa,Tunis,,,tayara
1500.0,L Aouina,Tunis,,,tayara
1500.0,Ain Zaghouan Nord,Tunis,,,tayara
1300.0,La Soukra,Ariana,,,tayara
63000.0,tunis,tunis,,,tayara
630000.0,tunis,tunis,,,tayara
208.0,Sousse,Sousse,,,tayara
249.0,Sousse,Sousse,,,tayara
109.0,Sousse,Sousse,,,tayara
219.0,Sousse,Sousse,,,tayara
1350.0,L Aouina,Tunis,,,tayara
1350.0,Ain Zaghouan Nord,Tunis,,,tayara
250000.0,Autres Villes,Zaghouan,,,tayara
90000.0,Djerba Midoun,Médenine,,,tayara
1500.0,Ain Zaghouen,Tunis,,,tayara
1500.0,La Soukra,Ariana,,,tayara
1500.0,L Aouina,Tunis,,,tayara
0.0,Sakiet Eddaïer,Sfax,,,tayara
885.0,L Aouina,Tunis,,,tayara
0.0,Route MANZEL CHAKER,Sfax,,,tayara
950.0,La Soukra,Ariana,,,tayara
260000.0,El Omrane Supérieur,Tunis,,,tayara
1700.0,Jardins De Carthage,Tunis,,,tayara
369000.0,Sousse,Sousse,,,tayara
180000.0,Chatt mariem,Sousse,,,tayara
330000.0,Chatt mariem,Sousse,,,tayara
230000.0,Sousse Riadh,Sousse,,,tayara
269000.0,Sousse,Sousse,,,tayara
90.0,Tunis,Tunis,,,tayara
0.0,Sakiet Ezzit,Sfax,,,tayara
0.0,Ghardimaou,Jendouba,,,tayara
750.0,Oued Ellil,La Manouba,,,tayara
190.0,El Haouaria,Nabeul,,,tayara
85000.0,Zaghouan,Zaghouan,,,tayara
0.0,Ghardimaou,Jendouba,,,tayara
1350.0,Boumhel,Ben Arous,,,tayara
118000.0,Ghazela,Ariana,,,tayara
37000.0,Route El Ain,Sfax,,,tayara
0.0,El Haouaria,Nabeul,,,tayara
1.0,Kélibia,Nabeul,,,tayara
850.0,Khzema,Sousse,,,tayara
2400.0,Jardins De Carthage,Tunis,,,tayara
900.0,La Soukra,Ariana,,,tayara
800.0,Ariana Ville,Ariana,,,tayara
90.0,Sousse,Sousse,,,tayara
550.0,Bizerte Nord,Bizerte,,,tayara
70.0,Sousse,Sousse,,,tayara
80.0,Sousse,Sousse,,,tayara
850.0,L Aouina,Tunis,,,tayara
80.0,Sousse,Sousse,,,tayara
60.0,Sousse,Sousse,,,tayara
80.0,Sousse,Sousse,,,tayara
800000.0,Kélibia,Nabeul,,,tayara
1050.0,tunis,tunis,,,tayara
750.0,Ariana,Ariana,,,tayara
650.0,Khzema,Sousse,,,tayara
300000.0,El Haouaria,Nabeul,,,tayara
0.0,Jardins De Carthage,Tunis,,,tayara
0.0,Kerkennah,Sfax,,,tayara
1000.0,Route Mehdia,Sfax,,,tayara
80.0,L Aouina,Tunis,,,tayara
0.0,Autres Villes,Siliana,,,tayara
0.0,El Alia,Bizerte,,,tayara
700.0,Le Bardo,Tunis,,,tayara
1.0,Raoued,Ariana,,,tayara
190000.0,Monfleury,tunis,,,tayara
39000.0,Fouchana,Ben Arous,,,tayara
1100.0,La Marsa,Tunis,,,tayara
140000.0,Kélibia,Nabeul,,,tayara
130.0,L Aouina,Tunis,,,tayara
120.0,L Aouina,Tunis,,,tayara
800.0,tunis,tunis,,,tayara
600.0,El Menzah 9,Tunis,,,tayara
0.0,tunis,tunis,,,tayara
280000.0,El Manar 2,Tunis,,,tayara
0.0,Mornag,Ben Arous,,,tayara
3900.0,tunis,tunis,,,tayara
360000.0,La Soukra,Ariana,,,tayara
1.0,Riadh Andalous,Ariana,,,tayara
1.0,Cité Ennasr 2,Ariana,,,tayara
1349.0,La Soukra,Ariana,,,tayara
252000.0,La Soukra,Ariana,,,tayara
217000.0,L Aouina,Tunis,,,tayara
1100.0,L Aouina,Tunis,,,tayara
1500.0,Ain Zaghouan Nord,Tunis,,,tayara
1250.0,Chotrana 2,Ariana,,,tayara
180000.0,Raoued,Ariana,,,tayara
550.0,Autres Villes,Tunis,,,tayara
1350.0,Le Bardo,Tunis,,,tayara
2200.0,L Aouina,Tunis,,,tayara
325000.0,La Soukra,Ariana,,,tayara
360000.0,Ghazela,Ariana,,,tayara
2200.0,Sidi Daoud,Tunis,,,tayara
190000.0,Lac 1,Tunis,,,tayara
12345678.0,Djerba Midoun,Médenine,,,tayara
1.0,L Aouina,Tunis,,,tayara
790000.0,Hammamet,Nabeul,,,tayara
1800.0,La Soukra,Ariana,,,tayara
0.0,Jendouba,Jendouba,,,tayara
1390.0,Cité Ennasr 2,Ariana,,,tayara
550000.0,Mnihla,Ariana,,,tayara
0.0,Ennasr,Ariana,,,tayara
700.0,El Omrane Supérieur,Tunis,,,tayara
0.0,Le Bardo,Tunis,,,tayara
449.0,Boumhel,Ben Arous,,,tayara
80.0,L Aouina,Tunis,,,tayara
100.0,L Aouina,Tunis,,,tayara
80.0,L Aouina,Tunis,,,tayara
80.0,L Aouina,Tunis,,,tayara
1.0,tunis,tunis,,,tayara
850000.0,La Marsa,Tunis,,,tayara
1200.0,La Soukra,Ariana,,,tayara
1450.0,L Aouina,Tunis,,,tayara
2800.0,Lac 2,Tunis,,,tayara
1000000.0,Kélibia,Nabeul,,,tayara
1650.0,L Aouina,Tunis,,,tayara
1190.0,Cité Ennasr 2,Ariana,,,tayara
980000.0,Manouba Ville,La Manouba,,,tayara
90.0,L Aouina,Tunis,,,tayara
3000.0,La Marsa,Tunis,,,tayara
80.0,Ennasr,Ariana,,,tayara
1.0,Kalaâ Kebira,Sousse,,,tayara
750.0,Monastir,Monastir,,,tayara
900.0,Monastir,Monastir,,,tayara
0.0,Monastir,Monastir,,,tayara
1.0,Monastir,Monastir,,,tayara
105000.0,Monastir,Monastir,,,tayara
0.0,Monastir,Monastir,,,tayara
0.0,Monastir,Monastir,,,tayara
400.0,Mornag,Ben Arous,,,tayara
250000.0,Monastir,Monastir,,,tayara
270.0,Monastir,Monastir,,,tayara
803.0,Monastir,Monastir,,,tayara
80.0,L Aouina,Tunis,,,tayara
0.0,Jardins El Menzah,Ariana,,,tayara
1.0,Ezzahra,Ben Arous,,,tayara
580000.0,Kélibia,Nabeul,,,tayara
650.0,El Mourouj 6,Ben Arous,,,tayara
500.0,Tunis,Tunis,,,tayara
920000.0,Cité Ennasr 2,Ariana,,,tayara
350000.0,Route de GABES,Sfax,,,tayara
168000.0,Sfax,Sfax,,,tayara
89000.0,Route Tunis,Sfax,,,tayara
250000.0,Route MANZEL CHAKER,Sfax,,,tayara
50.0,La Soukra,Ariana,,,tayara
270.0,Oued Ellil,La Manouba,,,tayara
800.0,La Manouba,La Manouba,,,tayara
123456.0,Route Tunis,Sfax,,,tayara
1.0,Tunis,Tunis,,,tayara
850.0,tunis,tunis,,,tayara
0.0,Lac 2,Tunis,,,tayara
270000.0,Kélibia,Nabeul,,,tayara
1500.0,tunis,tunis,,,tayara
900.0,Hammam Sousse,Sousse,,,tayara
400000.0,Fouchana,Ben Arous,,,tayara
450.0,Chatt mariem,Sousse,,,tayara
700.0,Mahdia,Mahdia,,,tayara
950.0,Chatt mariem,Sousse,,,tayara
530000.0,Chatt mariem,Sousse,,,tayara
310000.0,tunis,tunis,,,tayara
1000.0,tunis,tunis,,,tayara
1200.0,Khzema,Sousse,,,tayara
200000.0,Khzema,Sousse,,,tayara
0.0,Kantaoui,Sousse,,,tayara
950.0,Chatt mariem,Sousse,,,tayara
259000.0,Hergla,Sousse,,,tayara
159000.0,tunis,tunis,,,tayara
100.0,Tunis,Tunis,,,tayara
178.0,Jardins El Menzah,Ariana,,,tayara
600.0,Chatt mariem,Sousse,,,tayara
2000.0,Chatt mariem,Sousse,,,tayara
1100.0,Sahloul,Sousse,,,tayara
170000.0,Kélibia,Nabeul,,,tayara
430000.0,Chatt mariem,Sousse,,,tayara
1250.0,Sousse,Sousse,,,tayara
80.0,Mahdia,Mahdia,,,tayara
1600.0,Ennasr,Ariana,,,tayara
650.0,La Soukra,Ariana,,,tayara
80.0,Ain Zaghouan Nord,Tunis,,,tayara
80.0,L Aouina,Tunis,,,tayara
1150.0,La Manouba,La Manouba,,,tayara
0.0,La Soukra,Ariana,,,tayara
600.0,Borj Louzir,Ariana,,,tayara
1000.0,tunis,tunis,,,tayara
1700.0,Jardins De Carthage,Tunis,,,tayara
3500.0,La Marsa,Tunis,,,tayara
280.0,La Manouba,La Manouba,,,tayara
222000.0,Mnihla,Ariana,,,tayara
160.0,Tabarka,Jendouba,,,tayara
0.0,Kantaoui,Sousse,,,tayara
80000.0,Route Tunis,Sfax,,,tayara
600.0,Sousse Riadh,Sousse,,,tayara
180000.0,Denden,La Manouba,,,tayara
2100.0,Jardins De Carthage,Tunis,,,tayara
1500.0,Lac 1,Tunis,,,tayara
1800.0,Lac 1,Tunis,,,tayara
1000.0,La Soukra,Ariana,,,tayara
1100.0,Ain Zaghouen,Tunis,,,tayara
310000.0,Chebba,Mahdia,,,tayara
0.0,tunis,tunis,,,tayara
0.0,Khzema,Sousse,,,tayara
187.0,Mnihla,Ariana,,,tayara
82500.0,Raoued,Ariana,,,tayara
850000.0,Menzel Temime,Nabeul,,,tayara
0.0,tunis,tunis,,,tayara
120.0,La Marsa,Tunis,,,tayara
1200.0,Ariana Ville,Ariana,,,tayara
950.0,Sfax,Sfax,,,tayara
650.0,Sfax Ville,Sfax,,,tayara
360000.0,Route El Ain,Sfax,,,tayara
180000.0,Route GREMDA,Sfax,,,tayara
2800.0,Route GREMDA,Sfax,,,tayara
159000.0,Route SOKRA,Sfax,,,tayara
400000.0,Kélibia,Nabeul,,,tayara
850.0,Route Tunis,Sfax,,,tayara
225000000.0,Mnihla,Ariana,,,tayara
154000.0,Sahloul,Sousse,,,tayara
780.0,Khzema,Sousse,,,tayara
230000.0,Sahloul,Sousse,,,tayara
529999.0,El Omrane Supérieur,Tunis,,,tayara
600.0,El Manar 1,Tunis,,,tayara
0.0,Monastir,Monastir,,,tayara
0.0,Route Mehdia,Sfax,,,tayara
69000.0,Sousse Riadh,Sousse,,,tayara
325000.0,Hammam Sousse,Sousse,,,tayara
372000.0,Sahloul,Sousse,,,tayara
100000.0,Kélibia,Nabeul,,,tayara
390000.0,tunis,tunis,,,tayara
1.0,El Mourouj,Ben Arous,,,tayara
150000.0,Tunis,Tunis,,,tayara
170000.0,Route GREMDA,Sfax,,,tayara
500.0,Kantaoui,Sousse,,,tayara
600.0,La Marsa,Tunis,,,tayara
1000.0,Ennasr,Ariana,,,tayara
390000.0,Sousse,Sousse,,,tayara
950.0,Ennasr,Ariana,,,tayara
1700.0,Ennasr,Ariana,,,tayara
700.0,La Soukra,Ariana,,,tayara
48000.0,L Aouina,Tunis,,,tayara
250000.0,Ennasr,Ariana,,,tayara
100000.0,Kélibia,Nabeul,,,tayara
1200.0,Lac 1,Tunis,,,tayara
800.0,Route TANIOUR,Sfax,,,tayara
0.0,Route El Ain,Sfax,,,tayara
190000.0,Autres Villes,Gabès,,,tayara
0.0,Medina Jedida,Ben Arous,,,tayara
0.0,Route Tunis,Sfax,,,tayara
120.0,Mohamedia,Ben Arous,,,tayara
5500.0,La Marsa,Tunis,,,tayara
1200.0,Bizerte,Bizerte,,,tayara
0.0,Kélibia,Nabeul,,,tayara
90.0,Zéramdine,Monastir,,,tayara
280.0,Mnihla,Ariana,,,tayara
550.0,Ariana,Ariana,,,tayara
240000.0,Kélibia,Nabeul,,,tayara
110000.0,Monastir,Monastir,,,tayara
0.0,El Manar 1,Tunis,,,tayara
630000.0,tunis,tunis,,,tayara
2600.0,Lac 2,Tunis,,,tayara
60.0,Menzah,Tunis,,,tayara
180000.0,Kélibia,Nabeul,,,tayara
2500.0,Hammamet Nord,Nabeul,,,tayara
5000.0,Hammamet,Nabeul,,,tayara
0.0,Route El Afrane,Sfax,,,tayara
950.0,Ghazela,Ariana,,,tayara
285000.0,Ariana Essoughra,Ariana,,,tayara
600.0,Ghazela,Ariana,,,tayara
290000.0,Chatt mariem,Sousse,,,tayara
580000.0,Ghazela,Ariana,,,tayara
950.0,Sousse,Sousse,,,tayara
1350000.0,Sahloul,Sousse,,,tayara
74000.0,Sousse Riadh,Sousse,,,tayara
538000.0,Kantaoui,Sousse,,,tayara
174000.0,Sousse Riadh,Sousse,,,tayara
460000.0,Sahloul,Sousse,,,tayara
63000.0,tunis,tunis,,,tayara
250000.0,Centre Ville Lafayette,Tunis,,,tayara
2200.0,Jardins De Carthage,Tunis,,,tayara
273600.0,Menzel Chaker,Sfax,,,tayara
200000.0,Béni Khalled,Nabeul,,,tayara
120.0,Cité Ennasr 2,Ariana,,,tayara
100.0,Riadh Andalous,Ariana,,,tayara
100.0,Cité Ennasr 2,Ariana,,,tayara
2100.0,tunis,tunis,,,tayara
1800.0,Lac 2,Tunis,,,tayara
850000.0,Le Bardo,Tunis,,,tayara
2200.0,Carthage,Tunis,,,tayara
1150.0,Ain Zaghouen,Tunis,,,tayara
419998.0,tunis,tunis,,,tayara
280000.0,tunis,tunis,,,tayara
1080.0,La Marsa,Tunis,,,tayara
2200.0,Sidi Daoud,Tunis,,,tayara
160000.0,Tabarka,Jendouba,,,tayara
420000.0,Hammamet,Nabeul,,,tayara
1.0,Sfax,Sfax,,,tayara
63000.0,Kélibia,Nabeul,,,tayara
3000.0,Jardins De Carthage,Tunis,,,tayara
300000.0,Mrezga,Nabeul,,,tayara
0.0,Tunis,Tunis,,,tayara
1400.0,tunis,tunis,,,tayara
2900.0,Ain Zaghouan Nord,Tunis,,,tayara
1800.0,Lac 1,Tunis,,,tayara
1500.0,Medina Jedida,Ben Arous,,,tayara
3400.0,La Marsa,Tunis,,,tayara
2200.0,Jardins De Carthage,Tunis,,,tayara
1100.0,La Marsa,Tunis,,,tayara
3000.0,Carthage,Tunis,,,tayara
135000.0,Kélibia,Nabeul,,,tayara
300.0,tunis,tunis,,,tayara
0.0,Le Kram,Tunis,,,tayara
2350.0,Ain Zaghouan Nord,Tunis,,,tayara
570000.0,Nabeul,Nabeul,,,tayara
1200.0,Hammamet Nord,Nabeul,,,tayara
1800.0,Lac 2,Tunis,,,tayara
680000.0,Nabeul,Nabeul,,,tayara
500.0,Nabeul,Nabeul,,,tayara
2298.0,Jardins De Carthage,Tunis,,,tayara
0.0,Nabeul,Nabeul,,,tayara
1500.0,Jardins De Carthage,Tunis,,,tayara
0.0,Ras Jebel,Bizerte,,,tayara
480000.0,Hammamet,Nabeul,,,tayara
630000.0,tunis,tunis,,,tayara
2105.0,Jardins De Carthage,Tunis,,,tayara
700.0,tunis,tunis,,,tayara
80000.0,El Haouaria,Nabeul,,,tayara
2000.0,Kalaâ Kebira,Sousse,,,tayara
5500.0,Jardins De Carthage,Tunis,,,tayara
500.0,Le Bardo,Tunis,,,tayara
80.0,Monastir,Monastir,,,tayara
0.0,Kalâat Andalous,Ariana,,,tayara
1500.0,Jardins De Carthage,Tunis,,,tayara
100.0,Ain Zaghouen,Tunis,,,tayara
110000.0,Hammam Ghezèze,Nabeul,,,tayara
5500.0,Lac 1,Tunis,,,tayara
80.0,Ennasr,Ariana,,,tayara
3400.0,Lac 2,Tunis,,,tayara
345000.0,tunis,tunis,,,tayara
0.0,Monastir,Monastir,,,tayara
3300.0,Lac 2,Tunis,,,tayara
1350.0,Jardins De Carthage,Tunis,,,tayara
0.0,La Soukra,Ariana,,,tayara
197.0,Korba,Nabeul,,,tayara
2000.0,Jardins De Carthage,Tunis,,,tayara
130000.0,Ben Arous,Ben Arous,,,tayara
0.0,Ennasr,Ariana,,,tayara
1.0,Mahdia,Mahdia,,,tayara
1600.0,Jardins De Carthage,Tunis,,,tayara
3300000.0,Hammam Sousse,Sousse,,,tayara
1.0,tunis,tunis,,,tayara
850.0,tunis,tunis,,,tayara
1200.0,Les Jardins El Menzah 1,Ariana,,,tayara
380000.0,Ezzouhour,Tunis,,,tayara
760000.0,Le Bardo,Tunis,,,tayara
1300.0,Le Bardo,Tunis,,,tayara
1600.0,Les Jardins El Menzah 2,Ariana,,,tayara
750.0,Chatt mariem,Sousse,,,tayara
1000.0,Sahloul,Sousse,,,tayara
500.0,Chatt mariem,Sousse,,,tayara
547.0,Chatt mariem,Sousse,,,tayara
1400.0,Chatt mariem,Sousse,,,tayara
4800.0,La Marsa,Tunis,,,tayara
550.0,Kantaoui,Sousse,,,tayara
4000.0,L Aouina,Tunis,,,tayara
1700.0,La Marsa,Tunis,,,tayara
650000.0,Djerba Midoun,Médenine,,,tayara
360000.0,Agba,Tunis,,,tayara
2800.0,Lac 2,Tunis,,,tayara
699.0,Sahloul,Sousse,,,tayara
185000.0,Kélibia,Nabeul,,,tayara
900.0,L Aouina,Tunis,,,tayara
900.0,L Aouina,Tunis,,,tayara
320000.0,Ain Zaghouan Nord,Tunis,,,tayara
295000.0,Sahloul,Sousse,,,tayara
335000.0,Sahloul,Sousse,,,tayara
380000.0,Kalaâ Sghira,Sousse,,,tayara
365000.0,Sahloul,Sousse,,,tayara
110000.0,Sousse Riadh,Sousse,,,tayara
255000.0,Sousse,Sousse,,,tayara
490000.0,Sousse,Sousse,,,tayara
3700.0,Hammamet,Nabeul,,,tayara
600000.0,Autres Villes,Nabeul,,,tayara
750000.0,Hammamet Nord,Nabeul,,,tayara
239400.0,Mrezga,Nabeul,,,tayara
1800.0,Nabeul,Nabeul,,,tayara
420000.0,Hammamet Centre,Nabeul,,,tayara
635000.0,Nabeul,Nabeul,,,tayara
0.0,Hammamet Centre,Nabeul,,,tayara
390000.0,Mrezga,Nabeul,,,tayara
1300.0,Mrezga,Nabeul,,,tayara
1000.0,L Aouina,Tunis,,,tayara
400.0,Mornag,Ben Arous,,,tayara
3500.0,La Marsa,Tunis,,,tayara
430000.0,Kélibia,Nabeul,,,tayara
275000.0,Mrezga,Nabeul,,,tayara
265000.0,Mrezga,Nabeul,,,tayara
50000.0,Bizerte Nord,Bizerte,,,tayara
330000.0,Hammamet,Nabeul,,,tayara
3500.0,Lac 2,Tunis,,,tayara
950.0,tunis,tunis,,,tayara
1250.0,tunis,tunis,,,tayara
2700.0,Kantaoui,Sousse,,,tayara
500.0,Sousse Jawhara,Sousse,,,tayara
1500.0,tunis,tunis,,,tayara
800.0,Hammam Sousse,Sousse,,,tayara
1250.0,Radès,Ben Arous,,,tayara
600.0,El Mourouj 3,Ben Arous,,,tayara
160.0,Cité Ennasr 2,Ariana,,,tayara
350.0,Cité Ennasr 2,Ariana,,,tayara
1000.0,Khzema,Sousse,,,tayara
430000.0,Les Jardins El Menzah 2,Ariana,,,tayara
1200.0,M Saken,Sousse,,,tayara
630000.0,Kélibia,Nabeul,,,tayara
1450.0,Ain Zaghouen,Tunis,,,tayara
1000.0,Hammam Sousse,Sousse,,,tayara
7.0,Sousse,Sousse,,,tayara
1100.0,Hammam Sousse,Sousse,,,tayara
105000.0,Kélibia,Nabeul,,,tayara
123.0,Route El Ain,Sfax,,,tayara
0.0,Ras Jebel,Bizerte,,,tayara
0.0,Ras Jebel,Bizerte,,,tayara
500.0,Route TANIOUR,Sfax,,,tayara
0.0,Sidi Thabet,Ariana,,,tayara
320000.0,Sahloul,Sousse,,,tayara
500.0,Lac 2,Tunis,,,tayara
125000.0,Sousse Riadh,Sousse,,,tayara
3700.0,Lac 2,Tunis,,,tayara
850.0,Ain Zaghouen,Tunis,,,tayara
950.0,La Marsa,Tunis,,,tayara
450.0,Carthage,Tunis,,,tayara
0.0,Hergla,Sousse,,,tayara
0.0,Hergla,Sousse,,,tayara
200000.0,Ennasr,Ariana,,,tayara
800.0,Radès,Ben Arous,,,tayara
200000.0,Route GREMDA,Sfax,,,tayara
1400.0,Chotrana 1,Ariana,,,tayara
0.0,El Hamma,Gabès,,,tayara
59500.0,Hergla,Sousse,,,tayara
700.0,El Omrane Supérieur,Tunis,,,tayara
0.0,Kélibia,Nabeul,,,tayara
0.0,tunis,tunis,,,tayara
600.0,Hammam Lif,Ben Arous,,,tayara
1200.0,Monastir,Monastir,,,tayara
178000.0,Hammam Ghezèze,Nabeul,,,tayara
35000.0,Soliman,Nabeul,,,tayara
1650.0,La Marsa,Tunis,,,tayara
1500.0,Lac 1,Tunis,,,tayara
244000.0,Mornag,Ben Arous,,,tayara
1500000.0,El Menzah 4,Tunis,,,tayara
5200.0,Charguia 1,Ariana,,,tayara
4500.0,Charguia 2,Ariana,,,tayara
1600.0,Charguia 2,Ariana,,,tayara
170000.0,Le Bardo,Tunis,,,tayara
110000.0,Sfax Ville,Sfax,,,tayara
0.0,Ain Zaghouan Nord,Tunis,,,tayara
1500.0,Lac 1,Tunis,,,tayara
740000.0,Carthage,Tunis,,,tayara
120000.0,Hammam Ghezèze,Nabeul,,,tayara
185000.0,Mahdia,Mahdia,,,tayara
650.0,Manouba Ville,La Manouba,,,tayara
355.0,El Menzah 8,Ariana,,,tayara
2400.0,Ezzahra,Ben Arous,,,tayara
1200.0,Ghazela,Ariana,,,tayara
750.0,Tunis,Tunis,,,tayara
280000.0,Mrezga,Nabeul,,,tayara
600000.0,La Soukra,Ariana,,,tayara
1000.0,L Aouina,Tunis,,,tayara
280000.0,L Aouina,Tunis,,,tayara
450000.0,Jardins De Carthage,Tunis,,,tayara
244000.0,La Soukra,Ariana,,,tayara
308000.0,L Aouina,Tunis,,,tayara
5400000.0,Carthage,Tunis,,,tayara
250000.0,L Aouina,Tunis,,,tayara
2000.0,Raoued,Ariana,,,tayara
1300.0,L Aouina,Tunis,,,tayara
2600.0,La Marsa,Tunis,,,tayara
1600.0,tunis,tunis,,,tayara
750.0,Cité El Khadra,Tunis,,,tayara
209999.0,Kélibia,Nabeul,,,tayara
4000.0,Jardins De Carthage,Tunis,,,tayara
1100000.0,Dar Fadhal,Ariana,,,tayara
350000.0,tunis,tunis,,,tayara
175001.0,Kélibia,Nabeul,,,tayara
600.0,tunis,tunis,,,tayara
1100.0,El Mourouj 1,Ben Arous,,,tayara
85000.0,Kélibia,Nabeul,,,tayara
119999.0,Kélibia,Nabeul,,,tayara
390.0,Mohamedia,Ben Arous,,,tayara
190.0,Ksour Essef,Mahdia,,,tayara
225000.0,tunis,tunis,,,tayara
425000.0,tunis,tunis,,,tayara
1200.0,La Soukra,Ariana,,,tayara
1200000.0,La Soukra,Ariana,,,tayara
3500.0,Mutuelleville,Tunis,,,tayara
4200.0,L Aouina,Tunis,,,tayara
1500.0,La Soukra,ariana,,,tayara
388000.0,Chotrana,Ariana,,,tayara
374999.0,Kélibia,Nabeul,,,tayara
835000.0,tunis,tunis,,,tayara
245000.0,tunis,tunis,,,tayara
367000.0,La Soukra,Ariana,,,tayara
75.0,Hammamet,Nabeul,,,tayara
0.0,El Mourouj 3,Ben Arous,,,tayara
1100.0,Chotrana 1,Ariana,,,tayara
3500.0,tunis,tunis,,,tayara
63000.0,tunis,tunis,,,tayara
390000.0,Hammamet,Nabeul,,,tayara
120000.0,Hammamet,Nabeul,,,tayara
320000.0,Centre Ville Lafayette,Tunis,,,tayara
250.0,Centre Ville Lafayette,Tunis,,,tayara
100000.0,Medina Jedida,Ben Arous,,,tayara
42000.0,tunis,tunis,,,tayara
277000.0,Mrezga,Nabeul,,,tayara
870.0,Mrezga,Nabeul,,,tayara
360000.0,Kélibia,Nabeul,,,tayara
590000.0,Route de GABES,Sfax,,,tayara
3000.0,La Marsa,Tunis,,,tayara
110.0,Ain Zaghouen,Tunis,,,tayara
0.0,Monastir,Monastir,,,tayara
0.0,Menzel Chaker,Sfax,,,tayara
0.0,Le Bardo,Tunis,,,tayara
350.0,Boumhel,Ben Arous,,,tayara
0.0,Radès,Ben Arous,,,tayara
305000.0,Ezzahra,Ben Arous,,,tayara
2200.0,La Marsa,Tunis,,,tayara
240000.0,Akouda,Sousse,,,tayara
2100.0,La Goulette,Tunis,,,tayara
1.0,Tunis,Tunis,,,tayara
1200.0,Ennasr,Ariana,,,tayara
3000.0,Jardins De Carthage,Tunis,,,tayara
1.0,El Mourouj,Ben Arous,,,tayara
215000.0,Kélibia,Nabeul,,,tayara
0.0,Jardins De Carthage,Tunis,,,tayara
265000.0,Fouchana,Ben Arous,,,tayara
1.0,El Mourouj,Ben Arous,,,tayara
1.0,Hammamet,Nabeul,,,tayara
1.0,Radès,Ben Arous,,,tayara
420000.0,Route GREMDA,Sfax,,,tayara
3000.0,La Marsa,Tunis,,,tayara
320000.0,Sahloul,Sousse,,,tayara
270000.0,Sousse,Sousse,,,tayara
177000.0,Sahloul,Sousse,,,tayara
349000.0,Sahloul,Sousse,,,tayara
227000.0,Sousse,Sousse,,,tayara
420000.0,Khzema,Sousse,,,tayara
0.0,Radès,Ben Arous,,,tayara
600000.0,Ghazela,Ariana,,,tayara
60.0,Sousse,Sousse,,,tayara
600000.0,El Mourouj 4,Ben Arous,,,tayara
570.0,Borj Cedria,Ben Arous,,,tayara
1.0,Hammamet,Nabeul,,,tayara
0.0,Ariana Ville,Ariana,,,tayara
500000.0,Kerkennah,Sfax,,,tayara
499999.0,Mégrine,Ben Arous,,,tayara
5500.0,Lac 1,Tunis,,,tayara
850.0,Tunis,Tunis,,,tayara
1.0,Ben Arous,Ben Arous,,,tayara
1700.0,Jardins De Carthage,Tunis,,,tayara
300.0,Route MHARZA,Sfax,,,tayara
1500.0,La Soukra,Ariana,,,tayara
1400.0,La Soukra,Ariana,,,tayara
160000.0,tunis,tunis,,,tayara
2100.0,Jardins De Carthage,Tunis,,,tayara
410000.0,Mrezga,Nabeul,,,tayara
0.0,El Menzah 6,Ariana,,,tayara
0.0,Cité Ennasr 2,Ariana,,,tayara
600.0,Raoued,Ariana,,,tayara
170000.0,Kélibia,Nabeul,,,tayara
170.0,Jardins De Carthage,Tunis,,,tayara
130.0,Lac 2,Tunis,,,tayara
340000.0,La Soukra,Ariana,,,tayara
680000.0,Medina Jedida,Ben Arous,,,tayara
4200.0,Jardins De Carthage,Tunis,,,tayara
1400.0,La Soukra,Ariana,,,tayara
445000.0,La Soukra,Ariana,,,tayara
5000.0,Sousse,Sousse,,,tayara
4900.0,La Soukra,Ariana,,,tayara
250000.0,Raoued,Ariana,,,tayara
1400.0,tunis,tunis,,,tayara
3800.0,La Soukra,Ariana,,,tayara
350000.0,Kélibia,Nabeul,,,tayara
80.0,Sousse corniche,Sousse,,,tayara
1700.0,Lac 2,Tunis,,,tayara
3500.0,Mutuelleville,Tunis,,,tayara
1600.0,Cité jardin,Tunis,,,tayara
2300.0,El Menzah 1,Tunis,,,tayara
2800.0,Centre Urbain Nord,Tunis,,,tayara
4600.0,Centre Urbain Nord,Tunis,,,tayara
80.0,Sousse corniche,Sousse,,,tayara
300500.0,Mrezga,Nabeul,,,tayara
70000.0,Route El Ain,Sfax,,,tayara
0.0,Sakiet Ezzit,Sfax,,,tayara
2200000.0,Menzel Temime,Nabeul,,,tayara
430000.0,Cité Ennasr 2,Ariana,,,tayara
800.0,tunis,tunis,,,tayara
850000.0,La Marsa,Tunis,,,tayara
230000.0,L Aouina,Tunis,,,tayara
394998.0,La Soukra,Ariana,,,tayara
3600.0,Lac 2,Tunis,,,tayara
5000.0,Bizerte Nord,Bizerte,,,tayara
1700.0,Lac 1,Tunis,,,tayara
5000.0,La Marsa,Tunis,,,tayara
370000.0,Boumhel,Ben Arous,,,tayara
320000.0,La Soukra,Ariana,,,tayara
2000.0,La Soukra,Ariana,,,tayara
395000.0,Ain Zaghouen,Tunis,,,tayara
600.0,Bizerte,Bizerte,,,tayara
2500.0,La Marsa,Tunis,,,tayara
9000.0,El Menzah 1,Tunis,,,tayara
7000.0,Centre Urbain Nord,Tunis,,,tayara
1400.0,L Aouina,Tunis,,,tayara
155000.0,L Aouina,Tunis,,,tayara
250000.0,Riadh Andalous,Ariana,,,tayara
2500.0,Yasmine Hammamet,Nabeul,,,tayara
1100.0,Ain Zaghouan Nord,Tunis,,,tayara
3800.0,Centre Urbain Nord,Tunis,,,tayara
2200.0,El Menzah 9,Tunis,,,tayara
1200.0,El Menzah 4,Tunis,,,tayara
395000.0,L Aouina,Tunis,,,tayara
1350.0,L Aouina,Tunis,,,tayara
2700.0,El Menzah 6,Ariana,,,tayara
1300.0,Riadh Andalous,Ariana,,,tayara
155000.0,Kélibia,Nabeul,,,tayara
800.0,Bizerte,Bizerte,,,tayara
1500.0,Cité Hedi Nouira,Ariana,,,tayara
30000.0,Zaghouan,Zaghouan,,,tayara
600.0,Bizerte,Bizerte,,,tayara
0.0,Kélibia,Nabeul,,,tayara
320000.0,Gammarth,Tunis,,,tayara
1000.0,Béni Khiar,Nabeul,,,tayara
3200.0,Ain Zaghouan Nord,Tunis,,,tayara
80.0,Hammamet,Nabeul,,,tayara
80.0,Hammamet,Nabeul,,,tayara
80.0,Hammamet,Nabeul,,,tayara
80.0,Hammamet,Nabeul,,,tayara
80.0,Hammamet,Nabeul,,,tayara
80.0,Hammamet,Nabeul,,,tayara
80.0,Hammamet Centre,Nabeul,,,tayara
800.0,Le Kram,Tunis,,,tayara
0.0,L Aouina,Tunis,,,tayara
3100.0,Centre Urbain Nord,Tunis,,,tayara
0.0,Lac 2,Tunis,,,tayara
0.0,L Aouina,Tunis,,,tayara
1550.0,L Aouina,Tunis,,,tayara
840000.0,Zarzis,Médenine,,,tayara
1250.0,L Aouina,Tunis,,,tayara
1200.0,L Aouina,Tunis,,,tayara
1500.0,Mégrine,Ben Arous,,,tayara
750.0,Gammarth,Tunis,,,tayara
320000.0,Kélibia,Nabeul,,,tayara
600.0,Sousse Riadh,Sousse,,,tayara
250.0,Montplaisir,Tunis,,,tayara
1200.0,L Aouina,Tunis,,,tayara
500.0,Ain Zaghouan Nord,Tunis,,,tayara
177000.0,Sousse Riadh,Sousse,,,tayara
845.0,La Soukra,Ariana,,,tayara
1900.0,Ksar Hellal,Monastir,,,tayara
940000.0,Fouchana,Ben Arous,,,tayara
5500.0,Centre Urbain Nord,Tunis,,,tayara
5995.0,Centre Urbain Nord,Tunis,,,tayara
2665.0,Centre Urbain Nord,Tunis,,,tayara
2000.0,Centre Urbain Nord,Tunis,,,tayara
2200.0,Centre Urbain Nord,Tunis,,,tayara
3050.0,Centre Urbain Nord,Tunis,,,tayara
2400.0,Centre Urbain Nord,Tunis,,,tayara
2300.0,Centre Urbain Nord,Tunis,,,tayara
5500.0,Centre Urbain Nord,Tunis,,,tayara
1750.0,tunis,tunis,,,tayara
1650.0,L Aouina,Tunis,,,tayara
2000.0,Ain Zaghouan Sud,Tunis,,,tayara
750.0,tunis,tunis,,,tayara
1.0,El Menzah 7,Ariana,,,tayara
3900.0,Centre Urbain Nord,Tunis,,,tayara
550000.0,Hammam Lif,Ben Arous,,,tayara
2400.0,Centre Urbain Nord,Tunis,,,tayara
480000.0,Zarzis,Médenine,,,tayara
1100.0,Cité Olympique,Tunis,,,tayara
9000.0,Mornaguia,La Manouba,,,tayara
470.0,tunis,tunis,,,tayara
1900.0,Lac 2,Tunis,,,tayara
1000.0,Khzema,Sousse,,,tayara
120.0,Cité Ennasr 2,Ariana,,,tayara
2500.0,Lac 1,Tunis,,,tayara
620000.0,Djerba Midoun,Médenine,,,tayara
750.0,tunis,tunis,,,tayara
335000.0,Ezzahra,Ben Arous,,,tayara
80.0,L Aouina,Tunis,,,tayara
780000.0,Djerba Midoun,Médenine,,,tayara
454000.0,Ezzahra,Ben Arous,,,tayara
395000.0,tunis,tunis,,,tayara
450000.0,Zarzis,Médenine,,,tayara
305000.0,tunis,tunis,,,tayara
340000.0,L Aouina,Tunis,,,tayara
1100.0,Ain Zaghouen,Tunis,,,tayara
320000.0,Ezzahra,Ben Arous,,,tayara
0.0,Ezzahra,Ben Arous,,,tayara
650000.0,Kélibia,Nabeul,,,tayara
160000.0,Le Bardo,Tunis,,,tayara
700000.0,tunis,tunis,,,tayara
1200.0,Ezzahra,Ben Arous,,,tayara
740000.0,Le Bardo,Tunis,,,tayara
250.0,Boumhel,Ben Arous,,,tayara
9500.0,Mornaguia,La Manouba,,,tayara
3000.0,La Marsa,Tunis,,,tayara
1460.0,Ezzahra,Ben Arous,,,tayara
225000.0,La Soukra,Ariana,,,tayara
1200.0,Boumhel,Ben Arous,,,tayara
1350.0,Sousse Riadh,Sousse,,,tayara
430000.0,Kalaâ Kebira,Sousse,,,tayara
250000.0,Djerba Midoun,Médenine,,,tayara
800000.0,Le Bardo,Tunis,,,tayara
255000.0,Le Bardo,Tunis,,,tayara
420000.0,Khzema,Sousse,,,tayara
349000.0,Hergla,Sousse,,,tayara
0.0,Bizerte,Bizerte,,,tayara
366000.0,Sousse,Sousse,,,tayara
880000.0,Sousse,Sousse,,,tayara
60000.0,Sousse,Sousse,,,tayara
526000.0,Chotrana,Ariana,,,tayara
370000.0,Djerba Midoun,Médenine,,,tayara
180000.0,Le Bardo,Tunis,,,tayara
550000.0,Alain Savary,Tunis,,,tayara
600.0,La Soukra,Ariana,,,tayara
280000.0,Hraïria,Tunis,,,tayara
25000.0,Hergla,Sousse,,,tayara
1400.0,Ezzahra,Ben Arous,,,tayara
25000000.0,Ben Arous,Ben Arous,,,tayara
99999.0,Menzel Bouzelfa,Nabeul,,,tayara
2500000.0,Bouficha,Sousse,,,tayara
10000.0,tunis,tunis,,,tayara
3200000.0,Fouchana,Ben Arous,,,tayara
12300.0,Dar Fadhal,Ariana,,,tayara
5500000.0,Sidi Bou Said,Tunis,,,tayara
70000.0,Jardins El Menzah,Ariana,,,tayara
700.0,Béja Sud,Béja,,,tayara
449.0,Béja,Béja,,,tayara
1799999.0,El Menzah 5,Ariana,,,tayara
18000.0,Enfidha,Sousse,,,tayara
1.0,Ez Zeriba,Zaghouan,,,tayara
3200001.0,Fouchana,Ben Arous,,,tayara
29998.0,Cité El Khadra,Tunis,,,tayara
1170.0,La Marsa,Tunis,,,tayara
110000.0,Menzel Bourguiba,Bizerte,,,tayara
1550.0,L Aouina,Tunis,,,tayara
1400.0,Kantaoui,Sousse,,,tayara
165000.0,Radès,Ben Arous,,,tayara
2269150.0,Kantaoui,Sousse,,,tayara
4600.0,Centre Urbain Nord,Tunis,,,tayara
848.0,Ben Arous,Ben Arous,,,tayara
990000.0,Gabès,Gabès,,,tayara
272000.0,Radès,Ben Arous,,,tayara
400000.0,Fouchana,Ben Arous,,,tayara
220000.0,Radès,Ben Arous,,,tayara
135000.0,Bizerte Nord,Bizerte,,,tayara
225000.0,tunis,tunis,,,tayara
285000.0,Mrezga,Nabeul,,,tayara
2500.0,Mrezga,Nabeul,,,tayara
350000.0,Mrezga,Nabeul,,,tayara
385000.0,Mrezga,Nabeul,,,tayara
950.0,tunis,tunis,,,tayara
860.0,Khzema,Sousse,,,tayara
520000.0,Mrezga,Nabeul,,,tayara
1050.0,tunis,tunis,,,tayara
490000.0,Mrezga,Nabeul,,,tayara
1100.0,Mrezga,Nabeul,,,tayara
330000.0,El Haouaria,Nabeul,,,tayara
380000.0,Mrezga,Nabeul,,,tayara
1.0,El Ouardia,Tunis,,,tayara
0.0,Mrezga,Nabeul,,,tayara
80.0,Sbikha,Kairouan,,,tayara
90.0,Tunis,Tunis,,,tayara
395000.0,Le Bardo,Tunis,,,tayara
1400.0,Sahloul,Sousse,,,tayara
410000.0,tunis,tunis,,,tayara
250000.0,Hammamet Nord,Nabeul,,,tayara
315000.0,El Mourouj 6,Ben Arous,,,tayara
400000.0,Nabeul,Nabeul,,,tayara
1300.0,La Soukra,Ariana,,,tayara
150000.0,Mrezga,Nabeul,,,tayara
210000.0,Tunis Belvedere,Tunis,,,tayara
110000.0,Hammamet Nord,Nabeul,,,tayara
310000.0,El Menzah 9,Tunis,,,tayara
180000.0,Mnihla,Ariana,,,tayara
380000.0,Nabeul,Nabeul,,,tayara
260000.0,Raoued,Ariana,,,tayara
150000.0,tunis,tunis,,,tayara
180000.0,El Menzah 1,Tunis,,,tayara
150000.0,Mohamedia,Ben Arous,,,tayara
140.0,Hammamet,Nabeul,,,tayara
650000.0,Hammamet,Nabeul,,,tayara
650000.0,Hammamet Nord,Nabeul,,,tayara
190000.0,El Menzah 7,Ariana,,,tayara
235000.0,El Manar 2,Tunis,,,tayara
120000.0,Nabeul,Nabeul,,,tayara
180000.0,Mrezga,Nabeul,,,tayara
270000.0,Tunis Belvedere,Tunis,,,tayara
420000.0,El Menzah 8,Ariana,,,tayara
130000.0,Ksar Said,Tunis,,,tayara
150000.0,Cité El Khadra,Tunis,,,tayara
210000.0,Ain Zaghouen,Tunis,,,tayara
260000.0,Raoued,Ariana,,,tayara
394999.0,L Aouina,Tunis,,,tayara
1550.0,Ennasr,Ariana,,,tayara
2889.0,tunis,tunis,,,tayara
2490.0,tunis,tunis,,,tayara
900.0,Borj Louzir,Ariana,,,tayara
1400.0,Ariana Ville,Ariana,,,tayara
900.0,tunis,tunis,,,tayara
920.0,Mutuelleville,Tunis,,,tayara
390.0,Centre Ville Lafayette,Tunis,,,tayara
20.0,Yasmine Hammamet,Nabeul,,,tayara
700.0,Hammam Sousse,Sousse,,,tayara
80.0,La Marsa,Tunis,,,tayara
0.0,Ras Jebel,Bizerte,,,tayara
0.0,Ras Jebel,Bizerte,,,tayara
100.0,tunis,tunis,,,tayara
180000.0,Route TANIOUR,Sfax,,,tayara
3500.0,Lac 2,Tunis,,,tayara
100.0,El Mourouj 6,Ben Arous,,,tayara
0.0,Route El Ain,Sfax,,,tayara
300.0,Medina Jedida,Ben Arous,,,tayara
80.0,Kef Est,Le Kef,,,tayara
800.0,Djerba Houmt Souk,Médenine,,,tayara
150.0,La Marsa,Tunis,,,tayara
150.0,La Marsa,Tunis,,,tayara
140.0,Carthage,Tunis,,,tayara
1750.0,Jardins De Carthage,Tunis,,,tayara
500.0,Fouchana,Ben Arous,,,tayara
950.0,L Aouina,Tunis,,,tayara
1750.0,Jardins De Carthage,Tunis,,,tayara
160.0,Lac 2,Tunis,,,tayara
150.0,Jardins De Carthage,Tunis,,,tayara
160.0,Lac 2,Tunis,,,tayara
950.0,L Aouina,Tunis,,,tayara
1650.0,Jardins De Carthage,Tunis,,,tayara
1050000.0,Hammamet,Nabeul,,,tayara
1009.0,Hammamet,Nabeul,,,tayara
1150000.0,Hammamet,Nabeul,,,tayara
1350000.0,Hammamet,Nabeul,,,tayara
850000.0,Le Bardo,Tunis,,,tayara
123.0,ROUTE SALTANIA,Sfax,,,tayara
0.0,Khaznadar,Tunis,,,tayara
450.0,Bou Salem,Jendouba,,,tayara
500.0,Ras Jebel,Bizerte,,,tayara
120000.0,Agba,Tunis,,,tayara
2300.0,El Mourouj 1,Ben Arous,,,tayara
0.0,Medina Jedida,Ben Arous,,,tayara
650.0,Denden,La Manouba,,,tayara
75000.0,Sidi Bouzid,Sidi Bouzid,,,tayara
790000.0,Hammam Chott,Ben Arous,,,tayara
360000.0,Ariana,Ariana,,,tayara
1.0,El Omrane Supérieur,Tunis,,,tayara
124998.0,El Ksour,Le Kef,,,tayara
430.0,Mornag,Ben Arous,,,tayara
4800.0,Sidi Bou Said,Tunis,,,tayara
3400.0,Ain Zaghouan Sud,tunis,,,tayara
1100.0,Sfax,Sfax,,,tayara
950.0,Centre Urbain Nord,Tunis,,,tayara
1500000.0,Sfax,Sfax,,,tayara
320000.0,Sfax,Sfax,,,tayara
240000.0,Sfax,Sfax,,,tayara
80000.0,Route El Ain,Sfax,,,tayara
175000.0,Manouba Ville,La Manouba,,,tayara
850.0,Riadh Andalous,Ariana,,,tayara
154999.0,tunis,tunis,,,tayara
2500.0,Lac 2,Tunis,,,tayara
280000.0,Hraïria,Tunis,,,tayara
1800.0,Lac 2,Tunis,,,tayara
1500.0,Sahloul,Sousse,,,tayara
700.0,Carthage,Tunis,,,tayara
122500.0,Korba,Nabeul,,,tayara
1680000.0,Le Bardo,Tunis,,,tayara
468000.0,Oued Ellil,La Manouba,,,tayara
340000.0,Le Bardo,Tunis,,,tayara
600.0,Ezzahra,Ben Arous,,,tayara
0.0,Sfax Ville,Sfax,,,tayara
4000.0,Tunis,Tunis,,,tayara
900.0,La Manouba,La Manouba,,,tayara
600.0,Raoued,Ariana,,,tayara
1.0,El Mourouj 4,Ben Arous,,,tayara
1.0,Le Kram,Tunis,,,tayara
202720.0,El Alia,Bizerte,,,tayara
360000.0,Sahloul,Sousse,,,tayara
65000.0,Sousse,Sousse,,,tayara
450000.0,Sahloul,Sousse,,,tayara
1150.0,Sousse Jawhara,Sousse,,,tayara
60000.0,Sakiet Eddaïer,Sfax,,,tayara
1.0,Gammarth,Tunis,,,tayara
1.0,L Aouina,Tunis,,,tayara
900.0,tunis,tunis,,,tayara
900.0,tunis,tunis,,,tayara
735.0,Lac 1,Tunis,,,tayara
450.0,Tunis,Tunis,,,tayara
850.0,Mnihla,Ariana,,,tayara
195000.0,L Aouina,Tunis,,,tayara
2100.0,La Soukra,Ariana,,,tayara
500.0,Bizerte,Bizerte,,,tayara
240000.0,tunis,tunis,,,tayara
185000.0,Kélibia,Nabeul,,,tayara
60.0,Monastir,Monastir,,,tayara
550.0,Bizerte Nord,Bizerte,,,tayara
8000.0,El Menzah 5,Ariana,,,tayara
18.0,Sakiet Sidi Youssef,Le Kef,,,tayara
137000.0,Borj Cedria,Ben Arous,,,tayara
145000.0,Soliman,Nabeul,,,tayara
435000.0,Borj Cedria,Ben Arous,,,tayara
210000.0,Kélibia,Nabeul,,,tayara
230000.0,Borj Cedria,Ben Arous,,,tayara
238500.0,Borj Cedria,Ben Arous,,,tayara
139000.0,tunis,tunis,,,tayara
690.0,tunis,tunis,,,tayara
7000.0,Gammarth,Tunis,,,tayara
200.0,Charguia 2,Ariana,,,tayara
840.0,Sousse Jawhara,Sousse,,,tayara
320000.0,Kélibia,Nabeul,,,tayara
110.0,Borj El Amri,La Manouba,,,tayara
0.0,M Saken,Sousse,,,tayara
800.0,Le Kram,Tunis,,,tayara
800.0,Le Kram,Tunis,,,tayara
0.0,Ennasr,Ariana,,,tayara
850.0,Le Kram,Tunis,,,tayara
98000.0,Ksar Said,Tunis,,,tayara
0.0,Kélibia,Nabeul,,,tayara
1200.0,tunis,tunis,,,tayara
400000.0,Lac 1,Tunis,,,tayara
4000.0,tunis,tunis,,,tayara
5000.0,tunis,tunis,,,tayara
270000.0,Centre Ville Lafayette,Tunis,,,tayara
200000.0,Manouba Ville,La Manouba,,,tayara
1700000.0,Lac 2,Tunis,,,tayara
1100.0,Le Bardo,Tunis,,,tayara
1200.0,Le Bardo,Tunis,,,tayara
310000.0,Le Bardo,Tunis,,,tayara
560000.0,Le Bardo,Tunis,,,tayara
450.0,Le Kram,Tunis,,,tayara
700.0,Ain Zaghouen,Tunis,,,tayara
229000.0,Le Bardo,Tunis,,,tayara
300000.0,El Ouardia,Tunis,,,tayara
5.0,Autres Villes,Ben Arous,,,tayara
950.0,Le Bardo,Tunis,,,tayara
1.0,Hammamet,Nabeul,,,tayara
750.0,Le Bardo,Tunis,,,tayara
172000.0,Cité Ennasr 2,Ariana,,,tayara
240000.0,Hraïria,Tunis,,,tayara
1.0,Hammamet,Nabeul,,,tayara
1200.0,Le Bardo,Tunis,,,tayara
850.0,Hammam Sousse,Sousse,,,tayara
250000.0,Le Bardo,Tunis,,,tayara
820000.0,Le Bardo,Tunis,,,tayara
325000.0,Le Bardo,Tunis,,,tayara
120.0,El Mourouj 6,Ben Arous,,,tayara
3000.0,Lac 2,Tunis,,,tayara
1000.0,Ain Zaghouan Sud,Tunis,,,tayara
1600.0,Ain Zaghouan Nord,Tunis,,,tayara
330000.0,Bizerte,Bizerte,,,tayara
3800.0,Mutuelleville,Tunis,,,tayara
3500.0,Mutuelleville,Tunis,,,tayara
130000.0,Autres Villes,Ariana,,,tayara
1050.0,Ennasr,Ariana,,,tayara
1400.0,Ennasr,Ariana,,,tayara
700.0,Ezzouhour,Tunis,,,tayara
1.0,Chotrana 1,Ariana,,,tayara
90.0,Ain Zaghouen,Tunis,,,tayara
2000.0,tunis,tunis,,,tayara
600.0,Béni Khiar,Nabeul,,,tayara
1300.0,Hammam Sousse,Sousse,,,tayara
0.0,Boumhel,Ben Arous,,,tayara
80.0,Chatt mariem,Sousse,,,tayara
0.0,Riadh Andalous,Ariana,,,tayara
75000.0,El Menzah 9,Tunis,,,tayara
165000.0,Centre Ville Lafayette,Tunis,,,tayara
0.0,Nabeul,Nabeul,,,tayara
2300.0,Sidi Bou Said,Tunis,,,tayara
398000.0,La Soukra,Ariana,,,tayara
110.0,Hammamet,Nabeul,,,tayara
38000.0,Kélibia,Nabeul,,,tayara
2000.0,Tunis,Tunis,,,tayara
500.0,Ariana,Ariana,,,tayara
870000.0,La Soukra,Ariana,,,tayara
2500.0,Hammam Sousse,Sousse,,,tayara
170000.0,Kélibia,Nabeul,,,tayara
600000.0,La Marsa,Tunis,,,tayara
980000.0,Chotrana 3,Ariana,,,tayara
0.0,La Soukra,Ariana,,,tayara
2000.0,Lac 2,Tunis,,,tayara
1800.0,Lac 2,Tunis,,,tayara
1350.0,Ain Zaghouan Nord,Tunis,,,tayara
980000.0,La Soukra,Ariana,,,tayara
1250.0,La Soukra,Ariana,,,tayara
30.0,Mornaguia,La Manouba,,,tayara
400.0,Kantaoui,Sousse,,,tayara
2500.0,Jardins De Carthage,Tunis,,,tayara
5500.0,Mutuelleville,Tunis,,,tayara
24000.0,Cité jardin,Tunis,,,tayara
395000.0,La Soukra,Ariana,,,tayara
294998.0,Sahloul,Sousse,,,tayara
95000.0,Kélibia,Nabeul,,,tayara
35000.0,Sidi Rezig,Ben Arous,,,tayara
395000.0,Ain Zaghouen,Tunis,,,tayara
385000.0,Riadh Andalous,Ariana,,,tayara
250000.0,Ezzouhour,Tunis,,,tayara
1300.0,Menzah,Tunis,,,tayara
195000.0,El Menzah 7,Ariana,,,tayara
1000.0,El Menzah 9,Tunis,,,tayara
900.0,La Goulette,Tunis,,,tayara
250000.0,El Menzah 7,Ariana,,,tayara
1000.0,tunis,tunis,,,tayara
1700.0,El Menzah 7,Ariana,,,tayara
1850.0,Charguia 2,Ariana,,,tayara
0.0,Hammamet Nord,Nabeul,,,tayara
1300.0,El Menzah 9,Tunis,,,tayara
600.0,L Aouina,Tunis,,,tayara
540000.0,Mrezga,Nabeul,,,tayara
530000.0,Hergla,Sousse,,,tayara
1200.0,Chotrana 3,Ariana,,,tayara
0.0,tunis,tunis,,,tayara
0.0,Mornaguia,La Manouba,,,tayara
0.0,La Manouba,La Manouba,,,tayara
310000.0,Le Kram,Tunis,,,tayara
315000.0,La Manouba,La Manouba,,,tayara
319000.0,La Manouba,La Manouba,,,tayara
1400.0,El Menzah 8,Ariana,,,tayara
600.0,Ghazela,Ariana,,,tayara
120.0,Sfax,Sfax,,,tayara
700.0,Route de GABES,Sfax,,,tayara
395000.0,L Aouina,Tunis,,,tayara
1.0,Nouvelle Ariana,Ariana,,,tayara
0.0,Route TANIOUR,Sfax,,,tayara
73000.0,Kélibia,Nabeul,,,tayara
320000.0,L Aouina,Tunis,,,tayara
1000.0,Sahloul,Sousse,,,tayara
179999.0,L Aouina,Tunis,,,tayara
6267.0,Centre Urbain Nord,Tunis,,,tayara
2639.0,Centre Urbain Nord,Tunis,,,tayara
2200.0,Centre Urbain Nord,Tunis,,,tayara
4445.0,Centre Urbain Nord,Tunis,,,tayara
900.0,Hammamet Nord,Nabeul,,,tayara
20000.0,Montplaisir,Tunis,,,tayara
44000.0,Montplaisir,Tunis,,,tayara
1880.0,Montplaisir,Tunis,,,tayara
3500.0,Montplaisir,Tunis,,,tayara
1200.0,Montplaisir,Tunis,,,tayara
1400.0,Ain Zaghouen,Tunis,,,tayara
750.0,El Mourouj 3,Ben Arous,,,tayara
1100.0,Ennasr,Ariana,,,tayara
1.0,La Soukra,Ariana,,,tayara
60000.0,El Menzah 4,Tunis,,,tayara
1400.0,L Aouina,Tunis,,,tayara
1050.0,Mnihla,Ariana,,,tayara
2000.0,tunis,tunis,,,tayara
2100.0,tunis,tunis,,,tayara
350000.0,La Marsa,Tunis,,,tayara
1.0,Ksibet El Médiouni,Monastir,,,tayara
400.0,Mohamedia,Ben Arous,,,tayara
2500000.0,tunis,tunis,,,tayara
1600.0,Cité Ennasr 2,Ariana,,,tayara
1500.0,El Menzah 7,Ariana,,,tayara
225000.0,Cité Ennasr 2,Ariana,,,tayara
175000.0,El Menzah 7,Ariana,,,tayara
850000.0,Nabeul,Nabeul,,,tayara
205.0,Ain Zaghouan Nord,Tunis,,,tayara
1200.0,Le Bardo,Tunis,,,tayara
1000.0,Le Bardo,Tunis,,,tayara
543000.0,Jardins De Carthage,Tunis,,,tayara
1150.0,L Aouina,Tunis,,,tayara
115000.0,Borj Louzir,Ariana,,,tayara
850.0,Centre Ville Lafayette,Tunis,,,tayara
2000.0,El Menzah 4,Tunis,,,tayara
55000.0,Kélibia,Nabeul,,,tayara
900.0,L Aouina,Tunis,,,tayara
150.0,Centre Urbain Nord,Tunis,,,tayara
2200.0,El Menzah 9,Tunis,,,tayara
130000.0,Béni Khiar,Nabeul,,,tayara
1800.0,Centre Urbain Nord,Tunis,,,tayara
1100.0,Sousse,Sousse,,,tayara
950.0,L Aouina,Tunis,,,tayara
1200.0,Sousse,Sousse,,,tayara
1100.0,Charguia 2,Ariana,,,tayara
6000.0,Kantaoui,Sousse,,,tayara
850.0,Borj Louzir,Ariana,,,tayara
3399996.0,Séjoumi,Tunis,,,tayara
1200.0,Hammam Sousse,Sousse,,,tayara
300000.0,El Manar 1,Tunis,,,tayara
280000.0,Sahloul,Sousse,,,tayara
2800.0,El Menzah 7,Ariana,,,tayara
860000.0,Akouda,Sousse,,,tayara
590.0,Sousse,Sousse,,,tayara
260000.0,Sahloul,Sousse,,,tayara
1600000.0,Chatt mariem,Sousse,,,tayara
250000.0,La Soukra,Ariana,,,tayara
1250.0,El Menzah 6,Ariana,,,tayara
1600.0,Hammam Sousse,Sousse,,,tayara
1300000.0,Jardins De Carthage,Tunis,,,tayara
2230800.0,Mornag,Ben Arous,,,tayara
350.0,Mutuelleville,Tunis,,,tayara
65000.0,Centre Ville Lafayette,Tunis,,,tayara
9027.0,Le Kram,Tunis,,,tayara
13000.0,El Menzah 1,Tunis,,,tayara
5200.0,Le Kram,Tunis,,,tayara
0.0,La Soukra,Ariana,,,tayara
5800000.0,Sidi Thabet,Ariana,,,tayara
33750.0,Mutuelleville,Tunis,,,tayara
9300.0,tunis,tunis,,,tayara
1200.0,Mutuelleville,Tunis,,,tayara
463000.0,Sahloul,Sousse,,,tayara
22500.0,Charguia 2,Ariana,,,tayara
39000.0,Tunis,Tunis,,,tayara
100000.0,Lac 1,Tunis,,,tayara
4500.0,La Marsa,Tunis,,,tayara
3500.0,El Menzah 9,Tunis,,,tayara
5000.0,El Menzah 9,Tunis,,,tayara
1000.0,Ezzahra,Ben Arous,,,tayara
4900.0,El Menzah 9,Tunis,,,tayara
430000.0,La Soukra,Ariana,,,tayara
2500.0,El Omrane,Tunis,,,tayara
258500.0,Mrezga,Nabeul,,,tayara
150.0,Raoued,Ariana,,,tayara
275000.0,Mrezga,Nabeul,,,tayara
190000.0,Ezzahra,Ben Arous,,,tayara
8500.0,La Marsa,Tunis,,,tayara
-1.0,Mahdia,Mahdia,,,tayara
470000.0,Mahdia,Mahdia,,,tayara
0.0,Mahdia,Mahdia,,,tayara
1350.0,Mahdia,Mahdia,,,tayara
418000.0,Mrezga,Nabeul,,,tayara
111111.0,Tunis Belvedere,Tunis,,,tayara
680000.0,Mahdia,Mahdia,,,tayara
2500.0,Borj Cedria,Ben Arous,,,tayara
4500.0,Gammarth,Tunis,,,tayara
2980000.0,Mahdia,Mahdia,,,tayara
2000.0,Bizerte,Bizerte,,,tayara
140.0,Djedeida,La Manouba,,,tayara
1300.0,Hammam Sousse,Sousse,,,tayara
350000.0,L Aouina,Tunis,,,tayara
1.0,Mornag,Ben Arous,,,tayara
1.0,Medina Jedida,Ben Arous,,,tayara
1550.0,L Aouina,Tunis,,,tayara
750000.0,Ariana,Ariana,,,tayara
1700.0,El Menzah 9,Tunis,,,tayara
715000.0,L Aouina,Tunis,,,tayara
574000.0,Sahloul,Sousse,,,tayara
0.0,Monastir,Monastir,,,tayara
159705.0,tunis,tunis,,,tayara
1249.0,tunis,tunis,,,tayara
171000.0,Mahdia,Mahdia,,,tayara
670000.0,La Marsa,Tunis,,,tayara
1.0,Centre Ville Lafayette,Tunis,,,tayara
6500.0,Gammarth,Tunis,,,tayara
210000.0,Kélibia,Nabeul,,,tayara
0.0,La Marsa,Tunis,,,tayara
6000.0,Sidi Bou Said,Tunis,,,tayara
15000.0,Alain Savary,Tunis,,,tayara
20000.0,Alain Savary,Tunis,,,tayara
1400.0,La Marsa,Tunis,,,tayara
2394.0,Centre Urbain Nord,Tunis,,,tayara
2400.0,Centre Urbain Nord,Tunis,,,tayara
15794.0,Centre Urbain Nord,Tunis,,,tayara
800.0,La Soukra,Ariana,,,tayara
740000.0,tunis,tunis,,,tayara
1200.0,tunis,tunis,,,tayara
1.0,Riadh Andalous,Ariana,,,tayara
0.0,tunis,tunis,,,tayara
2300.0,Gammarth,Tunis,,,tayara
11.0,Tabarka,Jendouba,,,tayara
700.0,La Marsa,Tunis,,,tayara
290000.0,La Manouba,La Manouba,,,tayara
500000.0,La Soukra,Ariana,,,tayara
1000.0,tunis,tunis,,,tayara
1100.0,Chotrana 1,Ariana,,,tayara
800.0,Gammarth,Tunis,,,tayara
3800.0,Mutuelleville,Tunis,,,tayara
299999.0,Tunis,Tunis,,,tayara
500.0,La Marsa,Tunis,,,tayara
230000.0,Medina Jedida,Ben Arous,,,tayara
2000.0,La Marsa,Tunis,,,tayara
1200.0,Gammarth,Tunis,,,tayara
1200.0,tunis,tunis,,,tayara
400.0,Bizerte,Bizerte,,,tayara
22000.0,Charguia 2,Ariana,,,tayara
850000.0,Kélibia,Nabeul,,,tayara
500.0,Ben Arous,Ben Arous,,,tayara
200.0,Cité Ennasr 2,Ariana,,,tayara
240000.0,Ouerdanine,Monastir,,,tayara
250.0,Cité Ennasr 2,Ariana,,,tayara
100.0,Cité Ennasr 2,Ariana,,,tayara
1100.0,tunis,tunis,,,tayara
2800.0,tunis,tunis,,,tayara
270000.0,Kélibia,Nabeul,,,tayara
148000.0,Cité Ennasr 2,Ariana,,,tayara
850.0,tunis,tunis,,,tayara
500.0,Denden,La Manouba,,,tayara
0.0,Centre Ville Lafayette,Tunis,,,tayara
390.0,Centre Ville Lafayette,Tunis,,,tayara
950.0,Khzema,Sousse,,,tayara
550.0,tunis,tunis,,,tayara
400.0,Route de l'aéroport,Sfax,,,tayara
195000.0,Hammam Sousse,Sousse,,,tayara
0.0,Djerba Midoun,Médenine,,,tayara
800.0,Monastir,Monastir,,,tayara
2000.0,Akouda,Sousse,,,tayara
950.0,Ennasr,Ariana,,,tayara
220000.0,Cité El Khadra,Tunis,,,tayara
750.0,Le Bardo,Tunis,,,tayara
1200.0,Sahloul,Sousse,,,tayara
70.0,Ennasr,Ariana,,,tayara
275.0,Medina Jedida,Ben Arous,,,tayara
0.0,Mrezga,Nabeul,,,tayara
100.0,Ain Zaghouen,Tunis,,,tayara
950.0,Nabeul,Nabeul,,,tayara
2400.0,Chatt mariem,Sousse,,,tayara
820.0,tunis,tunis,,,tayara
1250.0,Ain Zaghouan Nord,Tunis,,,tayara
1.0,Téboulba,Monastir,,,tayara
0.0,Ghar El Melh,Bizerte,,,tayara
0.0,Ben Arous,Ben Arous,,,tayara
100.0,L Aouina,Tunis,,,tayara
350.0,Téboulba,Monastir,,,tayara
470.0,La Manouba,La Manouba,,,tayara
1050000.0,Lac 1,Tunis,,,tayara
0.0,Mornaguia,La Manouba,,,tayara
122000.0,Route El Afrane,Sfax,,,tayara
3900000.0,Route GREMDA,Sfax,,,tayara
290000.0,Sfax,Sfax,,,tayara
685000.0,Route GREMDA,Sfax,,,tayara
260000.0,Route MHARZA,Sfax,,,tayara
700.0,Route Tunis,Sfax,,,tayara
195000.0,Kélibia,Nabeul,,,tayara
620.0,Akouda,Sousse,,,tayara
135.0,Mornag,Ben Arous,,,tayara
160.0,Riadh Andalous,Ariana,,,tayara
2000.0,Centre Urbain Nord,Tunis,,,tayara
195000.0,Sousse,Sousse,,,tayara
0.0,Ras Jebel,Bizerte,,,tayara
216000.0,tunis,tunis,,,tayara
0.0,Ras Jebel,Bizerte,,,tayara
218000.0,L Aouina,Tunis,,,tayara
0.0,Ras Jebel,Bizerte,,,tayara
0.0,Ras Jebel,Bizerte,,,tayara
0.0,Ras Jebel,Bizerte,,,tayara
200000.0,Kélibia,Nabeul,,,tayara
170000.0,Kélibia,Nabeul,,,tayara
40.0,Mahdia,Mahdia,,,tayara
1050.0,Chotrana 3,Ariana,,,tayara
450000.0,Kélibia,Nabeul,,,tayara
100.0,Route El Afrane,Sfax,,,tayara
370000.0,Kélibia,Nabeul,,,tayara
0.0,Le Bardo,Tunis,,,tayara
900.0,Gammarth,Tunis,,,tayara
320000.0,L Aouina,Tunis,,,tayara
600000.0,Hammamet Nord,Nabeul,,,tayara
2900.0,La Marsa,Tunis,,,tayara
230000.0,Bizerte,Bizerte,,,tayara
600.0,Raoued,Ariana,,,tayara
1700.0,Gammarth,Tunis,,,tayara
700000.0,Sousse Riadh,Sousse,,,tayara
187000.0,Sousse Riadh,Sousse,,,tayara
420000.0,Sahloul,Sousse,,,tayara
60000.0,Sousse,Sousse,,,tayara
249000.0,Sousse Riadh,Sousse,,,tayara
420.0,Chatt mariem,Sousse,,,tayara
290000.0,Chatt mariem,Sousse,,,tayara
1350000.0,Hammam Sousse,Sousse,,,tayara
1450000.0,La Marsa,Tunis,,,tayara
1050.0,Sahloul,Sousse,,,tayara
1500.0,Khzema,Sousse,,,tayara
1100.0,Khzema,Sousse,,,tayara
1600.0,Kantaoui,Sousse,,,tayara
1.0,Lac 2,Tunis,,,tayara
15750.0,Lac 1,Tunis,,,tayara
2494.0,Lac 1,Tunis,,,tayara
8500.0,Lac 1,Tunis,,,tayara
8750.0,Lac 1,Tunis,,,tayara
650000.0,Ain Zaghouan Nord,Tunis,,,tayara
350000.0,Kélibia,Nabeul,,,tayara
2600.0,Ain Zaghouan Nord,Tunis,,,tayara
1950.0,Mutuelleville,Tunis,,,tayara
650000.0,Bizerte Nord,Bizerte,,,tayara
1200.0,Gammarth,Tunis,,,tayara
1400.0,Charguia 1,Ariana,,,tayara
135000.0,Raoued,Ariana,,,tayara
850.0,La Marsa,Tunis,,,tayara
115000.0,Kalaâ Kebira,Sousse,,,tayara
190000.0,Hammam Sousse,Sousse,,,tayara
900.0,Khzema,Sousse,,,tayara
3900.0,Mutuelleville,Tunis,,,tayara
480000.0,Akouda,Sousse,,,tayara
275000.0,tunis,tunis,,,tayara
240000.0,Sousse,Sousse,,,tayara
400.0,tunis,tunis,,,tayara
370000.0,Hammam Sousse,Sousse,,,tayara
85000.0,Nabeul,Nabeul,,,tayara
1450.0,Mutuelleville,Tunis,,,tayara
205000.0,Kélibia,Nabeul,,,tayara
3800.0,Centre Urbain Nord,Tunis,,,tayara
170000.0,La Soukra,Ariana,,,tayara
200.0,Raoued,Ariana,,,tayara
2800.0,La Marsa,Tunis,,,tayara
1100.0,El Menzah 9,Tunis,,,tayara
225000.0,El Omrane Supérieur,Tunis,,,tayara
1150.0,Khzema,Sousse,,,tayara
130000.0,tunis,tunis,,,tayara
47000.0,tunis,tunis,,,tayara
1000.0,Khzema,Sousse,,,tayara
3600.0,La Marsa,Tunis,,,tayara
400.0,Hammam Sousse,Sousse,,,tayara
980000.0,Khzema,Sousse,,,tayara
670.0,Sousse,Sousse,,,tayara
175000.0,tunis,tunis,,,tayara
1600.0,Sahloul,Sousse,,,tayara
1900.0,La Marsa,Tunis,,,tayara
560000.0,Zarzis,Médenine,,,tayara
1100.0,Gammarth,Tunis,,,tayara
190.0,tunis,tunis,,,tayara
0.0,Kasserine,Kasserine,,,tayara
390000.0,Gammarth,Tunis,,,tayara
2300.0,La Marsa,Tunis,,,tayara
2800.0,Hammamet,Nabeul,,,tayara
1000.0,El Menzah 7,Ariana,,,tayara
1800000.0,Borj El Amri,La Manouba,,,tayara
1500.0,Menzah,Tunis,,,tayara
270000.0,Route de GABES,Sfax,,,tayara
3500000.0,Carthage,Tunis,,,tayara
2500.0,La Marsa,Tunis,,,tayara
150000.0,El Omrane Supérieur,Tunis,,,tayara
790000.0,Nabeul,Nabeul,,,tayara
1200.0,Chotrana 3,Ariana,,,tayara
1000.0,L Aouina,Tunis,,,tayara
350.0,Khaznadar,Tunis,,,tayara
1550.0,L Aouina,Tunis,,,tayara
700000.0,Gammarth,Tunis,,,tayara
1550000.0,tunis,tunis,,,tayara
250000.0,tunis,tunis,,,tayara
220000.0,El Mourouj,Ben Arous,,,tayara
2200.0,Jardins De Carthage,Tunis,,,tayara
0.0,Mégrine,Ben Arous,,,tayara
11111.0,Ariana Ville,Ariana,,,tayara
1600.0,Le Bardo,Tunis,,,tayara
65000.0,Ezzahra,Ben Arous,,,tayara
1200.0,El Omrane,Tunis,,,tayara
1000.0,Route MANZEL CHAKER,Sfax,,,tayara
860000.0,La Soukra,Ariana,,,tayara
2500.0,Jardins De Carthage,Tunis,,,tayara
490.0,Oued Ellil,La Manouba,,,tayara
7500.0,Montplaisir,Tunis,,,tayara
800.0,Sousse Jawhara,Sousse,,,tayara
157898.0,Cite Ennkhilet,Ariana,,,tayara
185.0,Nabeul,Nabeul,,,tayara
1500.0,Ain Zaghouan Nord,Tunis,,,tayara
900.0,La Soukra,Ariana,,,tayara
1700.0,Jardins De Carthage,Tunis,,,tayara
1700.0,Cité Ennasr 2,Ariana,,,tayara
800.0,La Soukra,Ariana,,,tayara
405000.0,Mrezga,Nabeul,,,tayara
900.0,La Soukra,Ariana,,,tayara
2000.0,Lac 2,Tunis,,,tayara
1800.0,tunis,tunis,,,tayara
480.0,Soliman,Nabeul,,,tayara
200000.0,Hammamet,Nabeul,,,tayara
1050.0,L Aouina,Tunis,,,tayara
4500.0,L Aouina,Tunis,,,tayara
850000.0,Kélibia,Nabeul,,,tayara
900.0,Montplaisir,Tunis,,,tayara
247000.0,La Soukra,Ariana,,,tayara
330000.0,La Marsa,Tunis,,,tayara
388000.0,L Aouina,Tunis,,,tayara
488000.0,Sousse,Sousse,,,tayara
55000.0,Hammamet,Nabeul,,,tayara
500.0,Mnihla,Ariana,,,tayara
400.0,Sidi Hassine,Tunis,,,tayara
2200000.0,tunis,tunis,,,tayara
1200.0,Ksour Essef,Mahdia,,,tayara
340000.0,El Mourouj,Ben Arous,,,tayara
2200.0,La Marsa,Tunis,,,tayara
1100.0,Sahloul,Sousse,,,tayara
1400.0,Ain Zaghouen,Tunis,,,tayara
1400.0,L Aouina,Tunis,,,tayara
1800.0,Sousse Jawhara,Sousse,,,tayara
178000.0,Hammam Ghezèze,Nabeul,,,tayara
250000.0,Gabès Médina,Gabès,,,tayara
0.0,Le Kram,Tunis,,,tayara
900.0,Centre Ville Lafayette,Tunis,,,tayara
700.0,Monastir,Monastir,,,tayara
700.0,La Marsa,Tunis,,,tayara
1200.0,Le Kram,Tunis,,,tayara
160.0,Centre Ville Lafayette,Tunis,,,tayara
900.0,Djerba Houmt Souk,Médenine,,,tayara
0.0,Monastir,Monastir,,,tayara
2300.0,La Marsa,Tunis,,,tayara
1300.0,Riadh Andalous,Ariana,,,tayara
0.0,Route Mehdia,Sfax,,,tayara
1550.0,L Aouina,Tunis,,,tayara
880.0,El Menzah 7,Ariana,,,tayara
0.0,El Mourouj 5,Ben Arous,,,tayara
150000.0,Ras Jebel,Bizerte,,,tayara
1600.0,Tunis Belvedere,Tunis,,,tayara
0.0,El Menzah 4,Tunis,,,tayara
245000.0,Kélibia,Nabeul,,,tayara
0.0,Raoued,Ariana,,,tayara
270000.0,Mrezga,Nabeul,,,tayara
3000.0,La Marsa,Tunis,,,tayara
800.0,El Manar 1,Tunis,,,tayara
110000.0,Le Bardo,Tunis,,,tayara
90.0,Djerba Houmt Souk,Médenine,,,tayara
0.0,Monastir,Monastir,,,tayara
4699.0,tunis,tunis,,,tayara
2219.0,Centre Urbain Nord,Tunis,,,tayara
620.0,tunis,tunis,,,tayara
1200.0,L Aouina,Tunis,,,tayara
1500.0,L Aouina,Tunis,,,tayara
270.0,Tunis,Tunis,,,tayara
4600.0,Lac 1,Tunis,,,tayara
485000.0,Akouda,Sousse,,,tayara
385000.0,Kalaâ Kebira,Sousse,,,tayara
665000.0,Akouda,Sousse,,,tayara
90000.0,Chatt mariem,Sousse,,,tayara
1850000.0,Hammam Sousse,Sousse,,,tayara
220000.0,Akouda,Sousse,,,tayara
530000.0,Khzema,Sousse,,,tayara
2200.0,Lac 2,Tunis,,,tayara
460000.0,La Soukra,Ariana,,,tayara
449000.0,Sousse,Sousse,,,tayara
369000.0,L Aouina,Tunis,,,tayara
180.0,Chatt mariem,Sousse,,,tayara
285000.0,tunis,tunis,,,tayara
320000.0,Ain Zaghouen,Tunis,,,tayara
630000.0,tunis,tunis,,,tayara
650.0,Sfax,Sfax,,,tayara
1400.0,La Soukra,Ariana,,,tayara
1500.0,La Soukra,Ariana,,,tayara
1250000.0,La Goulette,Tunis,,,tayara
410000.0,Mrezga,Nabeul,,,tayara
240000.0,Hammam Ghezèze,Nabeul,,,tayara
1599.0,Cité Ennasr 2,Ariana,,,tayara
200000.0,tunis,tunis,,,tayara
750.0,La Marsa,Tunis,,,tayara
700.0,La Soukra,Ariana,,,tayara
0.0,Sfax Ville,Sfax,,,tayara
1050000.0,Hammamet Nord,Nabeul,,,tayara
0.0,Monastir,Monastir,,,tayara
398000.0,Mrezga,Nabeul,,,tayara
3000.0,La Marsa,Tunis,,,tayara
850000.0,Hammamet,Nabeul,,,tayara
850000.0,Hammamet,Nabeul,,,tayara
0.0,Monastir,Monastir,,,tayara
2100.0,Jardins De Carthage,Tunis,,,tayara
0.0,Boumhel,Ben Arous,,,tayara
1700.0,La Marsa,Tunis,,,tayara
70000.0,Route Mehdia,Sfax,,,tayara
110000.0,Sfax,Sfax,,,tayara
1500.0,Khzema,Sousse,,,tayara
6000.0,Gammarth,Tunis,,,tayara
0.0,Cité Ennasr 2,Ariana,,,tayara
550.0,Lac 1,Tunis,,,tayara
180000.0,tunis,tunis,,,tayara
1111109.0,Zaghouan,Zaghouan,,,tayara
4300.0,Montplaisir,Tunis,,,tayara
1900.0,Montplaisir,Tunis,,,tayara
1200.0,Montplaisir,Tunis,,,tayara
625.0,Chotrana 2,Ariana,,,tayara
213.0,Béni Khalled,Nabeul,,,tayara
3500.0,Centre Urbain Nord,Tunis,,,tayara
2000.0,Centre Urbain Nord,Tunis,,,tayara
5556.0,Centre Urbain Nord,Tunis,,,tayara
1890.0,Ennasr,Ariana,,,tayara
150.0,Fouchana,Ben Arous,,,tayara
4700.0,Lac 1,Tunis,,,tayara
2300.0,Lac 1,Tunis,,,tayara
3000.0,Lac 1,Tunis,,,tayara
350000.0,Mrezga,Nabeul,,,tayara
925000.0,Ennasr,Ariana,,,tayara
1500.0,L Aouina,Tunis,,,tayara
1300.0,Centre Urbain Nord,Tunis,,,tayara
290000.0,Ariana Essoughra,Ariana,,,tayara
200000.0,Kélibia,Nabeul,,,tayara
290000.0,Ariana Essoughra,Ariana,,,tayara
1250.0,La Marsa,Tunis,,,tayara
600000.0,Kélibia,Nabeul,,,tayara
1300.0,Sousse Jawhara,Sousse,,,tayara
1500.0,Jardins De Carthage,Tunis,,,tayara
1350.0,Jardins De Carthage,Tunis,,,tayara
900.0,L Aouina,Tunis,,,tayara
45.0,Djerba Midoun,Médenine,,,tayara
800.0,Tunis,Tunis,,,tayara
3500.0,tunis,tunis,,,tayara
1.0,Ariana,Ariana,,,tayara
0.0,Ezzahra,Ben Arous,,,tayara
800.0,Cite Ennkhilet,Ariana,,,tayara
800.0,Monastir,Monastir,,,tayara
1400.0,Sousse Jawhara,Sousse,,,tayara
1250000.0,Mrezga,Nabeul,,,tayara
413100.0,La Soukra,Ariana,,,tayara
0.0,Mornag,Ben Arous,,,tayara
0.0,Bizerte,Bizerte,,,tayara
1450.0,tunis,tunis,,,tayara
1350.0,Le Bardo,Tunis,,,tayara
280000.0,Mrezga,Nabeul,,,tayara
1400.0,Ezzahra,Ben Arous,,,tayara
0.0,Djerba Midoun,Médenine,,,tayara
1250.0,La Marsa,Tunis,,,tayara
340000.0,Mrezga,Nabeul,,,tayara
270000.0,Sidi Bou Ali,Sousse,,,tayara
470000.0,Sousse,Sousse,,,tayara
1500000.0,Sousse,Sousse,,,tayara
235000.0,Khzema,Sousse,,,tayara
700.0,Hammam Sousse,Sousse,,,tayara
750.0,Ezzahra,Ben Arous,,,tayara
650000.0,Ain Zaghouan Nord,Tunis,,,tayara
2500.0,Sidi Bou Said,Tunis,,,tayara
2200.0,Jardins De Carthage,Tunis,,,tayara
1200.0,L Aouina,Tunis,,,tayara
260000.0,Ennasr,Ariana,,,tayara
900.0,L Aouina,Tunis,,,tayara
4500.0,Ennasr,Ariana,,,tayara
570000.0,Mrezga,Nabeul,,,tayara
4500.0,Lac 2,Tunis,,,tayara
0.0,tunis,tunis,,,tayara
850.0,tunis,tunis,,,tayara
700.0,Ain Zaghouen,Tunis,,,tayara
4000000.0,Kélibia,Nabeul,,,tayara
450000.0,Kélibia,Nabeul,,,tayara
0.0,Djerba Midoun,Médenine,,,tayara
0.0,Djerba Midoun,Médenine,,,tayara
0.0,Djerba Midoun,Médenine,,,tayara
0.0,Djerba Midoun,Médenine,,,tayara
0.0,Djerba Midoun,Médenine,,,tayara
120.0,tunis,tunis,,,tayara
0.0,Djerba Midoun,Médenine,,,tayara
7500000.0,Tunis,Tunis,,,tayara
0.0,Djerba Midoun,Médenine,,,tayara
2400.0,tunis,tunis,,,tayara
0.0,Djerba Midoun,Médenine,,,tayara
1800.0,tunis,tunis,,,tayara
0.0,Djerba Midoun,Médenine,,,tayara
0.0,Djerba Midoun,Médenine,,,tayara
7500000.0,Boumhel,Ben Arous,,,tayara
0.0,tunis,tunis,,,tayara
400000.0,Ettahrir,Tunis,,,tayara
0.0,Djerba Midoun,Médenine,,,tayara
550.0,Centre Ville Lafayette,Tunis,,,tayara
550.0,Carthage,Tunis,,,tayara
650.0,Khzema,Sousse,,,tayara
1250000.0,Ennasr,Ariana,,,tayara
2500.0,M Saken,Sousse,,,tayara
1100.0,Route TANIOUR,Sfax,,,tayara
1300.0,Kantaoui,Sousse,,,tayara
3000.0,Akouda,Sousse,,,tayara
700000.0,Ain Zaghouen,Tunis,,,tayara
600.0,Sfax Ville,Sfax,,,tayara
700.0,Hammam Sousse,Sousse,,,tayara
490.0,Tabarka,Jendouba,,,tayara
350000.0,Kélibia,Nabeul,,,tayara
550.0,Menzah,Tunis,,,tayara
70.0,tunis,tunis,,,tayara
390000.0,Ras Jebel,Bizerte,,,tayara
1400.0,Hammam Sousse,Sousse,,,tayara
703000.0,Chotrana 2,Ariana,,,tayara
1600.0,Chotrana 1,Ariana,,,tayara
420000.0,Menzah,Tunis,,,tayara
470000.0,Menzah,Tunis,,,tayara
1150000.0,Kélibia,Nabeul,,,tayara
130.0,Cité Ennasr 2,Ariana,,,tayara
528998.0,Sidi Bou Ali,Sousse,,,tayara
360000.0,Le Bardo,Tunis,,,tayara
650.0,Bembla,Monastir,,,tayara
40.0,Mahdia,Mahdia,,,tayara
1.0,Sidi Thabet,Ariana,,,tayara
579999.0,Hammam Chott,Ben Arous,,,tayara
0.0,Fouchana,Ben Arous,,,tayara
450.0,Autres Villes,Tunis,,,tayara
516000.0,Hammam Sousse,Sousse,,,tayara
225000.0,Khzema,Sousse,,,tayara
0.0,Kalaâ Kebira,Sousse,,,tayara
0.0,Khzema,Sousse,,,tayara
0.0,Hergla,Sousse,,,tayara
0.0,Kalaâ Sghira,Sousse,,,tayara
0.0,Zaouit Ksibat Thrayett,Sousse,,,tayara
600.0,Borj Cedria,Ben Arous,,,tayara
1050.0,L Aouina,Tunis,,,tayara
210.0,Route MHARZA,Sfax,,,tayara
300.0,Kalaâ Kebira,Sousse,,,tayara
165000.0,Mahdia,Mahdia,,,tayara
650.0,Sahloul,Sousse,,,tayara
530000.0,Kalaâ Kebira,Sousse,,,tayara
1100.0,Chotrana 3,Ariana,,,tayara
1500.0,La Marsa,Tunis,,,tayara
1500.0,tunis,tunis,,,tayara
1.0,Hammamet,Nabeul,,,tayara
1300.0,Sousse,Sousse,,,tayara
48500.0,Kélibia,Nabeul,,,tayara
1.0,Hammamet,Nabeul,,,tayara
400.0,Ben Arous,Ben Arous,,,tayara
0.0,Sakiet Ezzit,Sfax,,,tayara
115000.0,Kélibia,Nabeul,,,tayara
0.0,La Soukra,Ariana,,,tayara
1200.0,Sousse,Sousse,,,tayara
800.0,Médina,Tunis,,,tayara
1.0,El Mourouj 6,Ben Arous,,,tayara
450.0,Kantaoui,Sousse,,,tayara
1600.0,Ariana Essoughra,Ariana,,,tayara
1150.0,La Soukra,Ariana,,,tayara
195000.0,Hammam Ghezèze,Nabeul,,,tayara
290.0,El Ouardia,Tunis,,,tayara
1450.0,L Aouina,Tunis,,,tayara
8000.0,Gammarth,Tunis,,,tayara
550.0,La Marsa,Tunis,,,tayara
400000.0,Kélibia,Nabeul,,,tayara
1000.0,L Aouina,Tunis,,,tayara
70000.0,Route MHARZA,Sfax,,,tayara
1500.0,L Aouina,Tunis,,,tayara
98562264.0,Dar Fadhal,Ariana,,,tayara
350.0,Mnihla,Ariana,,,tayara
330.0,Menzel Jemil,Bizerte,,,tayara
6.0,Route El Afrane,sfax,,,tayara
30.0,M Saken,Sousse,,,tayara
330000.0,El Menzah 7,Ariana,,,tayara
650.0,Ariana Ville,Ariana,,,tayara
400000.0,Kélibia,Nabeul,,,tayara
1.0,Lac 2,Tunis,,,tayara
80000.0,Sousse,Sousse,,,tayara
288000.0,Raoued,Ariana,,,tayara
250000.0,Kélibia,Nabeul,,,tayara
0.0,La Soukra,Ariana,,,tayara
3000.0,Lac 2,Tunis,,,tayara
100.0,Ain Zaghouen,Tunis,,,tayara
1500.0,Lac 2,Tunis,,,tayara
850.0,tunis,tunis,,,tayara
1900.0,Jardins De Carthage,Tunis,,,tayara
59999.0,Kélibia,Nabeul,,,tayara
0.0,Le Bardo,Tunis,,,tayara
1850.0,Lac 2,Tunis,,,tayara
1400.0,La Marsa,Tunis,,,tayara
35000.0,Korba,Nabeul,,,tayara
65000.0,Route El Ain,Sfax,,,tayara
110000.0,Kélibia,Nabeul,,,tayara
400.0,Gabès Médina,Gabès,,,tayara
-2.0,tunis,tunis,,,tayara
0.0,Khzema,Sousse,,,tayara
1700.0,Sousse,Sousse,,,tayara
400000.0,Route de l'aéroport,Sfax,,,tayara
2000.0,Sidi Bou Said,Tunis,,,tayara
79.0,L Aouina,Tunis,,,tayara
2600.0,tunis,tunis,,,tayara
1050000.0,La Marsa,Tunis,,,tayara
560000.0,tunis,tunis,,,tayara
220000.0,tunis,tunis,,,tayara
590000.0,Mrezga,Nabeul,,,tayara
550000.0,Menzel Temime,Nabeul,,,tayara
0.0,Les Jardins El Menzah 2,Ariana,,,tayara
1550.0,Hammamet Nord,Nabeul,,,tayara
295000.0,L Aouina,Tunis,,,tayara
330000.0,La Soukra,Ariana,,,tayara
490000.0,Nabeul,Nabeul,,,tayara
900.0,Dar Fadhal,Ariana,,,tayara
1050000.0,Zaghouan,Zaghouan,,,tayara
2250000.0,Chotrana 1,Ariana,,,tayara
1100.0,Bizerte Nord,Bizerte,,,tayara
1247.0,Nabeul,Nabeul,,,tayara
690000.0,Mrezga,Nabeul,,,tayara
1100.0,Bizerte Nord,Bizerte,,,tayara
0.0,Gabès Sud,Gabès,,,tayara
2200.0,L Aouina,Tunis,,,tayara
3000.0,Jardins De Carthage,Tunis,,,tayara
760000.0,Nabeul,Nabeul,,,tayara
2300.0,El Menzah 1,Tunis,,,tayara
3500.0,Nabeul,Nabeul,,,tayara
35.0,Soliman,Nabeul,,,tayara
1800.0,Ain Zaghouan Nord,Tunis,,,tayara
1.0,Sousse Médina,Sousse,,,tayara
1.0,Kantaoui,Sousse,,,tayara
1.0,Khzema,Sousse,,,tayara
1.0,Sousse,Sousse,,,tayara
1.0,Sousse,Sousse,,,tayara
1700.0,Sousse Jawhara,Sousse,,,tayara
1.0,Kantaoui,Sousse,,,tayara
0.0,Sousse,Sousse,,,tayara
1.0,Sousse Médina,Sousse,,,tayara
1200.0,Sousse Jawhara,Sousse,,,tayara
1.0,Sousse,Sousse,,,tayara
1.0,Sousse,Sousse,,,tayara
920000.0,Cité Ennasr 2,Ariana,,,tayara
115000.0,Kélibia,Nabeul,,,tayara
2445.0,Centre Urbain Nord,Tunis,,,tayara
2223.0,Centre Urbain Nord,Tunis,,,tayara
2556.0,Centre Urbain Nord,Tunis,,,tayara
1700.0,Centre Urbain Nord,Tunis,,,tayara
3000.0,Centre Urbain Nord,Tunis,,,tayara
2889.0,Centre Urbain Nord,Tunis,,,tayara
4445.0,Centre Urbain Nord,Tunis,,,tayara
2200.0,Lac 1,Tunis,,,tayara
2300.0,Lac 1,Tunis,,,tayara
2800.0,Lac 1,Tunis,,,tayara
750000.0,Menzel Jemil,Bizerte,,,tayara
2990.0,Lac 2,Tunis,,,tayara
3080.0,Lac 2,Tunis,,,tayara
3000.0,Lac 2,Tunis,,,tayara
700000.0,Khzema,Sousse,,,tayara
7000.0,El Menzah 5,Ariana,,,tayara
850.0,Chatt mariem,Sousse,,,tayara
800000.0,El Menzah 9,Tunis,,,tayara
11000.0,Degache,Tozeur,,,tayara
541000.0,Mrezga,Nabeul,,,tayara
0.0,Menzel Temime,Nabeul,,,tayara
0.0,tunis,tunis,,,tayara
850.0,Monfleury,Tunis,,,tayara
500.0,Mornaguia,La Manouba,,,tayara
3200.0,Centre Urbain Nord,Tunis,,,tayara
1350.0,Centre Urbain Nord,Tunis,,,tayara
12000.0,Centre Urbain Nord,Tunis,,,tayara
4500.0,Centre Urbain Nord,Tunis,,,tayara
1700.0,Centre Urbain Nord,Tunis,,,tayara
111.2,Grombalia,Nabeul,,,tayara
5500.0,Hammamet,Nabeul,,,tayara
750.0,Sahloul,Sousse,,,tayara
111.0,Siliana Sud,Siliana,,,tayara
550.0,Route TANIOUR,Sfax,,,tayara
850.0,Sahloul,Sousse,,,tayara
1100000.0,Lac 2,Tunis,,,tayara
0.0,tunis,tunis,,,tayara
214.0,Ben Arous,Ben Arous,,,tayara
480.0,El Omrane Supérieur,Tunis,,,tayara
980000.0,Boumhel,Ben Arous,,,tayara
320000.0,El Manar 1,Tunis,,,tayara
1100.0,Chotrana 1,Ariana,,,tayara
30000.0,Autres Villes,La Manouba,,,tayara
100000.0,Ain Zaghouen,Tunis,,,tayara
100000.0,L Aouina,Tunis,,,tayara
1700000.0,Gammarth,Tunis,,,tayara
650000.0,Médina,Tunis,,,tayara
240000.0,Cité Hedi Nouira,Ariana,,,tayara
1.0,tunis,tunis,,,tayara
145000.0,Raoued,Ariana,,,tayara
170000.0,Kélibia,Nabeul,,,tayara
2100000.0,Sfax,Sfax,,,tayara
3200.0,Lac 2,Tunis,,,tayara
220000.0,tunis,tunis,,,tayara
130000.0,Hammam Lif,Ben Arous,,,tayara
278000.0,L Aouina,Tunis,,,tayara
135.0,tunis,tunis,,,tayara
380.0,Chatt mariem,Sousse,,,tayara
1000.0,Ezzahra,Ben Arous,,,tayara
250000.0,L Aouina,Tunis,,,tayara
60.0,Sidi Bouzid,Sidi Bouzid,,,tayara
1400.0,Mrezga,Nabeul,,,tayara
2499.0,Jardins De Carthage,Tunis,,,tayara
80000.0,L Aouina,Tunis,,,tayara
3500.0,Gammarth,Tunis,,,tayara
45000.0,tunis,tunis,,,tayara
150000.0,Kélibia,Nabeul,,,tayara
1700000.0,La Marsa,Tunis,,,tayara
1.0,Mégrine,Ben Arous,,,tayara
258749.0,Borj Cedria,Ben Arous,,,tayara
120.0,tunis,tunis,,,tayara
1298.0,Les Jardins El Menzah 2,Ariana,,,tayara
100.0,Djerba Midoun,Médenine,,,tayara
1500.0,La Soukra,Ariana,,,tayara
1100.0,Cité Olympique,Tunis,,,tayara
159600.0,La Soukra,Ariana,,,tayara
1400.0,Cité Ennasr 2,Ariana,,,tayara
1250.0,Radès,Ben Arous,,,tayara
1000.0,Radès,Ben Arous,,,tayara
750.0,Les Jardins El Menzah 2,Ariana,,,tayara
150.0,La Marsa,Tunis,,,tayara
1750.0,Montplaisir,Tunis,,,tayara
5800.0,Gammarth,Tunis,,,tayara
950000.0,La Marsa,Tunis,,,tayara
360000.0,Mrezga,Nabeul,,,tayara
63000.0,tunis,tunis,,,tayara
90.0,L Aouina,Tunis,,,tayara
63000.0,tunis,tunis,,,tayara
1450.0,Jardins De Carthage,Tunis,,,tayara
85000.0,Douar Hicher,La Manouba,,,tayara
1200.0,Le Bardo,Tunis,,,tayara
1335.0,Ariana Ville,Ariana,,,tayara
445000.0,Mrezga,Nabeul,,,tayara
0.0,Boumhel,Ben Arous,,,tayara
800.0,tunis,tunis,,,tayara
1700.0,Charguia 1,Ariana,,,tayara
125000.0,Kélibia,Nabeul,,,tayara
1050.0,Sidi Bou Said,Tunis,,,tayara
1400.0,Mrezga,Nabeul,,,tayara
265000.0,Raoued,Ariana,,,tayara
3500.0,La Marsa,Tunis,,,tayara
530000.0,Chotrana 1,Ariana,,,tayara
900.0,Monastir,Monastir,,,tayara
800.0,La Manouba,La Manouba,,,tayara
700.0,Hammam Sousse,Sousse,,,tayara
0.0,Gabès,Gabès,,,tayara
900.0,La Manouba,La Manouba,,,tayara
2500.0,Medina Jedida,Ben Arous,,,tayara
1050.0,Ezzahra,Ben Arous,,,tayara
312000.0,Mrezga,Nabeul,,,tayara
700.0,Ain Zaghouan Nord,Tunis,,,tayara
6000.0,Gammarth,Tunis,,,tayara
750.0,Ezzahra,Ben Arous,,,tayara
190000.0,Sfax Ville,Sfax,,,tayara
3900.0,El Menzah 7,Ariana,,,tayara
220.0,Hammamet,Nabeul,,,tayara
130.0,Ouerdanine,Monastir,,,tayara
2200.0,Cité Ennasr 2,Ariana,,,tayara
2500.0,La Marsa,Tunis,,,tayara
100.0,Hammam Sousse,Sousse,,,tayara
1100.0,Tunis,Tunis,,,tayara
1000.0,tunis,tunis,,,tayara
850.0,Tunis,Tunis,,,tayara
850.0,tunis,tunis,,,tayara
650.0,tunis,tunis,,,tayara
2000.0,Jardins De Carthage,Tunis,,,tayara
276000.0,tunis,tunis,,,tayara
0.0,Tebourba,La Manouba,,,tayara
0.0,Cité Ennasr 2,Ariana,,,tayara
4000.0,Cité Ennasr 2,Ariana,,,tayara
600.0,Mareth,Gabès,,,tayara
1.3,Cité Ennasr 2,Ariana,,,tayara
100.0,Kélibia,Nabeul,,,tayara
0.0,Menzah,Tunis,,,tayara
445000.0,Mrezga,Nabeul,,,tayara
1400.0,El Manar 1,Tunis,,,tayara
950.0,tunis,tunis,,,tayara
500000.0,Cité Ennasr 2,Ariana,,,tayara
73000.0,Radès,Ben Arous,,,tayara
450000.0,Mrezga,Nabeul,,,tayara
380.0,Centre Ville Lafayette,Tunis,,,tayara
1700.0,La Soukra,Ariana,,,tayara
1300.0,Centre Urbain Nord,Tunis,,,tayara
1.0,Hammamet,Nabeul,,,tayara
670000.0,Hammamet,Nabeul,,,tayara
370000.0,Hammamet,Nabeul,,,tayara
285000.0,Sfax Ville,Sfax,,,tayara
0.0,Mahdia,Mahdia,,,tayara
550.0,tunis,tunis,,,tayara
45.0,tunis,tunis,,,tayara
379999.0,tunis,tunis,,,tayara
1.0,Sousse,Sousse,,,tayara
1550.0,tunis,tunis,,,tayara
3000.0,Tunis,Tunis,,,tayara
1000000.0,Lac 1,Tunis,,,tayara
0.0,Montplaisir,tunis,,,tayara
0.0,El Menzah 7,Ariana,,,tayara
0.0,Tunis,Tunis,,,tayara
50000.0,Route TANIOUR,Sfax,,,tayara
706.0,Centre Ville Lafayette,Tunis,,,tayara
620.0,Cité Ennasr 2,Ariana,,,tayara
-2.0,Montplaisir,tunis,,,tayara
225.0,tunis,tunis,,,tayara
7.2,tunis,tunis,,,tayara
2500.0,tunis,tunis,,,tayara
0.0,tunis,tunis,,,tayara
0.0,La Soukra,Ariana,,,tayara
1200.0,Ghazela,Ariana,,,tayara
233000.0,Chotrana 3,Ariana,,,tayara
1100.0,El Manar 1,Tunis,,,tayara
1.0,Djerba Midoun,Médenine,,,tayara
70.0,Sidi Hassine,Tunis,,,tayara
140.0,Route El Ain,Sfax,,,tayara
0.0,Sfax Ville,Sfax,,,tayara
290000.0,Kairouan Nord,Kairouan,,,tayara
210000.0,Route Tunis,Sfax,,,tayara
0.0,Agareb,Sfax,,,tayara
550000.0,Le Bardo,Tunis,,,tayara
1600.0,Tunis,Tunis,,,tayara
10.0,El Alia,Bizerte,,,tayara
0.0,Ariana,Ariana,,,tayara
350000.0,Le Bardo,Tunis,,,tayara
160.0,Sakiet Ezzit,Sfax,,,tayara
0.0,Monfleury,Tunis,,,tayara
0.0,Fouchana,Ben Arous,,,tayara
180000.0,La Marsa,Tunis,,,tayara
4000.0,Riadh Andalous,Ariana,,,tayara
850.0,Béja,Béja,,,tayara
0.0,Ezzahra,Ben Arous,,,tayara
1.0,tunis,tunis,,,tayara
0.0,tunis,tunis,,,tayara
45000.0,El Mourouj 6,Ben Arous,,,tayara
100.0,Monastir,Monastir,,,tayara
3300.0,Jardins De Carthage,Tunis,,,tayara
315000.0,Route Menzel Chaker,Sfax,,,tayara
0.0,Route MANZEL CHAKER,Sfax,,,tayara
0.0,Kalaâ Kebira,Sousse,,,tayara
80.0,L Aouina,Tunis,,,tayara
800.0,Le Kram,Tunis,,,tayara
850.0,Le Kram,Tunis,,,tayara
6500.0,Route de l'aéroport,sfax,,,tayara
239000.0,Route de l'aéroport,Sfax,,,tayara
272000.0,Route de l'aéroport,Sfax,,,tayara
85000.0,Route El Afrane,Sfax,,,tayara
110000.0,Sfax,Sfax,,,tayara
3800.0,La Marsa,Tunis,,,tayara
1.0,Gammarth,Tunis,,,tayara
1250.0,Radès,Ben Arous,,,tayara
4500.0,La Soukra,Ariana,,,tayara
2200.0,Lac 2,Tunis,,,tayara
350.0,tunis,tunis,,,tayara
1200.0,L Aouina,Tunis,,,tayara
213000.0,Route GREMDA,Sfax,,,tayara
0.0,Médenine,Médenine,,,tayara
750.0,Radès,Ben Arous,,,tayara
1600.0,Sfax,Sfax,,,tayara
700000.0,Mégrine,Ben Arous,,,tayara
30000.0,Kalâat Andalous,Ariana,,,tayara
850.0,Le Bardo,Tunis,,,tayara
300.0,Kalaâ Sghira,Sousse,,,tayara
55000000.0,Mareth,Gabès,,,tayara
199.0,Sfax Ville,Sfax,,,tayara
750000.0,Kélibia,Nabeul,,,tayara
185000.0,Kélibia,Nabeul,,,tayara
347000.0,Sahloul,Sousse,,,tayara
0.0,tunis,tunis,,,tayara
150.0,El Battan,La Manouba,,,tayara
950.0,tunis,tunis,,,tayara
310000.0,Chatt mariem,Sousse,,,tayara
750000.0,Khzema,Sousse,,,tayara
270.0,Kalaâ Kebira,Sousse,,,tayara
300.0,Sfax Ville,Sfax,,,tayara
360000.0,Sidi Bou Ali,Sousse,,,tayara
1150.0,Khzema,Sousse,,,tayara
430000.0,Chatt mariem,Sousse,,,tayara
485000.0,Khzema,Sousse,,,tayara
155000.0,tunis,tunis,,,tayara
395.0,Chatt mariem,Sousse,,,tayara
2700.0,Lac 2,Tunis,,,tayara
350000.0,Lac 2,Tunis,,,tayara
750000.0,Kalaâ Sghira,Sousse,,,tayara
2500.0,Lac 1,Tunis,,,tayara
3200.0,tunis,tunis,,,tayara
2500.0,Lac 2,Tunis,,,tayara
350000.0,Mrezga,Nabeul,,,tayara
1200.0,Sousse,Sousse,,,tayara
365000.0,Boumhel,Ben Arous,,,tayara
80.0,Ain Zaghouen,Tunis,,,tayara
250000.0,Cité Ennasr 2,Ariana,,,tayara
320.0,Hraïria,Tunis,,,tayara
363000.0,Bizerte Nord,Bizerte,,,tayara
265000.0,El Manar 1,Tunis,,,tayara
349998.0,tunis,tunis,,,tayara
1050.0,Ain Zaghouan Nord,Tunis,,,tayara
750.0,L Aouina,Tunis,,,tayara
800.0,tunis,tunis,,,tayara
850.0,Ain Zaghouen,Tunis,,,tayara
1200.0,Ain Zaghouan Nord,Tunis,,,tayara
900.0,tunis,tunis,,,tayara
0.0,Béni Khiar,Nabeul,,,tayara
0.0,Ain Zaghouan Nord,Tunis,,,tayara
25000.0,La Soukra,Ariana,,,tayara
1100.0,L Aouina,Tunis,,,tayara
1300.0,Ain Zaghouan Nord,Tunis,,,tayara
700.0,Ain Zaghouan Nord,Tunis,,,tayara
55000.0,El Omrane Supérieur,Tunis,,,tayara
1000.0,Manar,Tunis,,,tayara
800.0,Sahloul,Sousse,,,tayara
1200.0,Nabeul,Nabeul,,,tayara
68000.0,Route Mehdia,Sfax,,,tayara
1650.0,Lac 1,Tunis,,,tayara
1350.0,Sahloul,Sousse,,,tayara
2200.0,Centre Urbain Nord,Tunis,,,tayara
255000.0,El Mourouj 6,Ben Arous,,,tayara
100.0,El Mourouj,Ben Arous,,,tayara
755000.0,Ezzahra,Ben Arous,,,tayara
800.0,El Mourouj 6,Ben Arous,,,tayara
310000.0,Mornag,Ben Arous,,,tayara
450000.0,Hammam Chott,Ben Arous,,,tayara
253000.0,El Mourouj,Ben Arous,,,tayara
260000.0,El Mourouj 5,Ben Arous,,,tayara
0.0,El Mourouj 5,Ben Arous,,,tayara
49000.0,El Mourouj,Ben Arous,,,tayara
50000.0,Siliana Nord,Siliana,,,tayara
5550.0,Montplaisir,Tunis,,,tayara
600.0,Route GREMDA,Sfax,,,tayara
20000.0,Centre Ville Lafayette,Tunis,,,tayara
26000.0,Centre Ville Lafayette,Tunis,,,tayara
2500.0,Centre Ville Lafayette,Tunis,,,tayara
34000.0,Centre Ville Lafayette,Tunis,,,tayara
30800.0,Kalaâ Sghira,Sousse,,,tayara
1600.0,El Menzah 1,Tunis,,,tayara
2900.0,El Menzah 1,Tunis,,,tayara
1700.0,Ain Zaghouan Nord,Tunis,,,tayara
16500.0,El Menzah 1,Tunis,,,tayara
8665.0,Le Kram,Tunis,,,tayara
42000.0,Le Kram,Tunis,,,tayara
65650.0,Lac 2,Tunis,,,tayara
1.0,Lac 1,Tunis,,,tayara
1.0,Lac 1,Tunis,,,tayara
55000.0,Lac 1,Tunis,,,tayara
1700.0,Lac 1,Tunis,,,tayara
2400.0,Ain Zaghouan Nord,Tunis,,,tayara
230000.0,Monastir,Monastir,,,tayara
0.0,Mrezga,Nabeul,,,tayara
4000.0,Mutuelleville,Tunis,,,tayara
8500.0,Mutuelleville,Tunis,,,tayara
5200.0,Mutuelleville,Tunis,,,tayara
3500.0,Mutuelleville,Tunis,,,tayara
1.0,Tabarka,Jendouba,,,tayara
260000.0,Tunis Belvedere,Tunis,,,tayara
3000.0,Radès,Ben Arous,,,tayara
6000.0,Medjez El Bab,Béja,,,tayara
220.0,Yasmine Hammamet,Nabeul,,,tayara
800.0,Ezzahra,Ben Arous,,,tayara
70000.0,Ras Jebel,Bizerte,,,tayara
500.0,Aghir,Médenine,,,tayara
480000.0,Djerba Midoun,Médenine,,,tayara
2200.0,La Soukra,ariana,,,tayara
600.0,Tezdaine,Médenine,,,tayara
470.0,Djedeida,La Manouba,,,tayara
2800.0,La Marsa,Tunis,,,tayara
1340.0,Boumhel,Ben Arous,,,tayara
720.0,La Soukra,Ariana,,,tayara
550.0,Djerba Midoun,Médenine,,,tayara
2000000.0,Korba,Nabeul,,,tayara
1.0,La Marsa,Tunis,,,tayara
375000.0,Mrezga,Nabeul,,,tayara
3300.0,Lac 2,Tunis,,,tayara
0.0,Mrezga,Nabeul,,,tayara
850.0,Tunis,Tunis,,,tayara
240000.0,Centre Ville Lafayette,Tunis,,,tayara
21000.0,Enfidha,Sousse,,,tayara
3400.0,tunis,tunis,,,tayara
16000.0,Sidi Thabet,Ariana,,,tayara
123.0,La Soukra,Ariana,,,tayara
1550.0,Le Bardo,Tunis,,,tayara
500.0,Hammam Sousse,Sousse,,,tayara
5200.0,Jardins De Carthage,Tunis,,,tayara
1000.0,Sousse corniche,Sousse,,,tayara
260000.0,Mrezga,Nabeul,,,tayara
1400.0,L Aouina,Tunis,,,tayara
700.0,La Soukra,Ariana,,,tayara
850.0,L Aouina,Tunis,,,tayara
950.0,El Manar 2,Tunis,,,tayara
160000.0,Yasmine Hammamet,Nabeul,,,tayara
750.0,Borj Louzir,Ariana,,,tayara
327000.0,Monastir,Monastir,,,tayara
0.0,Raoued,Ariana,,,tayara
750.0,Borj Louzir,Ariana,,,tayara
250000.0,Ezzahra,Ben Arous,,,tayara
150.0,Route MANZEL CHAKER,Sfax,,,tayara
1250.0,Radès,Ben Arous,,,tayara
1400.0,tunis,tunis,,,tayara
170000.0,Djerba Houmt Souk,Médenine,,,tayara
3200.0,Boumhel,Ben Arous,,,tayara
0.0,Boumhel,Ben Arous,,,tayara
950.0,El Menzah 1,Tunis,,,tayara
16000.0,El Menzah 1,Tunis,,,tayara
1300.0,El Menzah 1,Tunis,,,tayara
1600.0,El Menzah 1,Tunis,,,tayara
430000.0,Centre Urbain Nord,Tunis,,,tayara
336000.0,Mrezga,Nabeul,,,tayara
197.0,Korba,Nabeul,,,tayara
2000.0,Nouvelle Ariana,Ariana,,,tayara
2000.0,El Menzah 1,Tunis,,,tayara
4500.0,Centre Urbain Nord,Tunis,,,tayara
130000.0,Route Tunis,Sfax,,,tayara
535000.0,Centre Urbain Nord,Tunis,,,tayara
9000.0,El Menzah 1,Tunis,,,tayara
3000.0,Centre Urbain Nord,Tunis,,,tayara
100.0,Route Tunis,Sfax,,,tayara
1300.0,L Aouina,Tunis,,,tayara
1400.0,L Aouina,Tunis,,,tayara
150.0,Cité Ennasr 2,Ariana,,,tayara
450000.0,La Marsa,Tunis,,,tayara
150.0,Cité Ennasr 2,Ariana,,,tayara
1350.0,L Aouina,Tunis,,,tayara
460.0,tunis,tunis,,,tayara
1600.0,Charguia 2,Ariana,,,tayara
2889.0,Centre Urbain Nord,Tunis,,,tayara
3000.0,Centre Urbain Nord,Tunis,,,tayara
1800.0,Centre Urbain Nord,Tunis,,,tayara
350.0,Tunis,Tunis,,,tayara
3889.0,Centre Urbain Nord,Tunis,,,tayara
4973.0,Centre Urbain Nord,Tunis,,,tayara
2400.0,Centre Urbain Nord,Tunis,,,tayara
2875.0,Lac 1,Tunis,,,tayara
2750.0,Lac 1,Tunis,,,tayara
3000.0,Lac 1,Tunis,,,tayara
3700.0,Lac 2,Tunis,,,tayara
900000.0,L Aouina,Tunis,,,tayara
1300.0,Montplaisir,Tunis,,,tayara
1980.0,Montplaisir,Tunis,,,tayara
1500.0,Montplaisir,Tunis,,,tayara
0.0,Hammam Ghezèze,Nabeul,,,tayara
2500.0,Montplaisir,Tunis,,,tayara
180.0,Chatt mariem,Sousse,,,tayara
11.0,La Soukra,Ariana,,,tayara
480.0,El Ouardia,Tunis,,,tayara
400000.0,La Soukra,Ariana,,,tayara
500.0,Hammam Lif,Ben Arous,,,tayara
400000.0,Mrezga,Nabeul,,,tayara
1000.0,Ezzahra,Ben Arous,,,tayara
1100.0,El Manar 2,Tunis,,,tayara
0.0,Cité Ennasr 2,Ariana,,,tayara
700.0,tunis,tunis,,,tayara
265000.0,Boumhel,Ben Arous,,,tayara
1700.0,Montplaisir,Tunis,,,tayara
0.0,Téboursouk,Béja,,,tayara
0.0,El Menzah 4,Tunis,,,tayara
750.0,Ezzahra,Ben Arous,,,tayara
0.0,tunis,tunis,,,tayara
0.0,Borj Cedria,Ben Arous,,,tayara
2300.0,tunis,tunis,,,tayara
1300.0,Montplaisir,Tunis,,,tayara
450.0,Mezzraya,Médenine,,,tayara
80000.0,Mornaguia,La Manouba,,,tayara
6500.0,tunis,tunis,,,tayara
380000.0,tunis,Ariana,,,tayara
319000.0,Ennasr,Ariana,,,tayara
410000.0,Bizerte Nord,Bizerte,,,tayara
320000.0,Bizerte Nord,Bizerte,,,tayara
490000.0,Bizerte Sud,Bizerte,,,tayara
300000.0,Bizerte Sud,Bizerte,,,tayara
390000.0,Bizerte Nord,Bizerte,,,tayara
1300.0,Cité Ennasr 2,Ariana,,,tayara
700.0,El Manar 1,Tunis,,,tayara
1500.0,El Menzah 9,Tunis,,,tayara
2500.0,El Menzah 4,Tunis,,,tayara
1350.0,El Manar 1,Tunis,,,tayara
165000.0,El Manar 1,Tunis,,,tayara
410000.0,Mrezga,Nabeul,,,tayara
200.0,Hammamet,Nabeul,,,tayara
0.0,Ezzahra,Ben Arous,,,tayara
900.0,Kantaoui,Sousse,,,tayara
1.0,La Soukra,Ariana,,,tayara
790000.0,Monfleury,Tunis,,,tayara
267000.0,Cité jardin,Tunis,,,tayara
412000.0,tunis,tunis,,,tayara
890000.0,Chotrana 1,Ariana,,,tayara
1500000.0,Alain Savary,Tunis,,,tayara
1450000.0,Alain Savary,Tunis,,,tayara
1600000.0,Alain Savary,Tunis,,,tayara
250000.0,Alain Savary,Tunis,,,tayara
2900000.0,Cité jardin,Tunis,,,tayara
9000.0,Centre Urbain Nord,Tunis,,,tayara
3000.0,tunis,tunis,,,tayara
3000.0,Alain Savary,Tunis,,,tayara
1600.0,Cité jardin,Tunis,,,tayara
1700.0,Cité jardin,Tunis,,,tayara
2600.0,Alain Savary,Tunis,,,tayara
1800.0,Alain Savary,Tunis,,,tayara
1150.0,Alain Savary,Tunis,,,tayara
2800.0,Alain Savary,Tunis,,,tayara
1800.0,Alain Savary,Tunis,,,tayara
2500.0,tunis,tunis,,,tayara
80.0,Tunis,Tunis,,,tayara
2800.0,tunis,tunis,,,tayara
680000.0,Mrezga,Nabeul,,,tayara
235600.0,Mrezga,Nabeul,,,tayara
550.0,Riadh Andalous,Ariana,,,tayara
750.0,Borj Louzir,Ariana,,,tayara
650.0,Sousse,Sousse,,,tayara
1998.0,Mutuelleville,Tunis,,,tayara
3500.0,La Marsa,Tunis,,,tayara
1200.0,Cité Olympique,Tunis,,,tayara
100.0,Chatt mariem,Sousse,,,tayara
0.0,Sousse,Sousse,,,tayara
225898.0,tunis,tunis,,,tayara
10500.0,Charguia 2,Ariana,,,tayara
1600000.0,La Marsa,Tunis,,,tayara
2300.0,Ariana Ville,Ariana,,,tayara
1701.0,La Soukra,Ariana,,,tayara
8000.0,Raoued,Ariana,,,tayara
850.0,L Aouina,Tunis,,,tayara
850.0,Sahloul,Sousse,,,tayara
80.0,Cité Ennasr 2,Ariana,,,tayara
150.0,Mornag,Ben Arous,,,tayara
1150000.0,Sahloul,Sousse,,,tayara
1200.0,Sousse Médina,Sousse,,,tayara
220000.0,Route Mehdia,Sfax,,,tayara
13000.0,El Mourouj 6,Ben Arous,,,tayara
220000.0,ROUTE SALTANIA,Sfax,,,tayara
1800.0,Tunis,Tunis,,,tayara
1100.0,Montplaisir,Tunis,,,tayara
1700.0,Charguia 1,Ariana,,,tayara
0.0,Sidi Thabet,Ariana,,,tayara
2000.0,Kalaâ Kebira,Sousse,,,tayara
750.0,Ariana Ville,Ariana,,,tayara
6000.0,tunis,tunis,,,tayara
1800.0,Lac 1,Tunis,,,tayara
80.0,Mohamedia,Ben Arous,,,tayara
299000.0,Chebba,Mahdia,,,tayara
1300.0,Ariana Ville,Ariana,,,tayara
390000.0,tunis,tunis,,,tayara
45000.0,Route GREMDA,Sfax,,,tayara
1234.0,Mohamedia,Ben Arous,,,tayara
1.0,Gabès Médina,Gabès,,,tayara
715.0,Raoued,Ariana,,,tayara
430.0,Autres Villes,Tunis,,,tayara
300.0,Mohamedia,Ben Arous,,,tayara
100.0,Sousse,Sousse,,,tayara
230000.0,Gabès Médina,Gabès,,,tayara
180.0,Ghomrassen,Tataouine,,,tayara
1000.0,Sahloul,Sousse,,,tayara
0.0,tunis,tunis,,,tayara
250000.0,Sahloul,Sousse,,,tayara
1000.0,Sousse,Sousse,,,tayara
975000.0,Le Kram,Tunis,,,tayara
550.0,Mornag,Ben Arous,,,tayara
520000.0,Fouchana,Ben Arous,,,tayara
0.0,Chatt mariem,Sousse,,,tayara
650.0,Le Kef,Le Kef,,,tayara
400.0,El Omrane Supérieur,Tunis,,,tayara
325000.0,Sahloul,Sousse,,,tayara
650000.0,Khzema,Sousse,,,tayara
2000.0,Hammam Sousse,Sousse,,,tayara
230.0,Hergla,Sousse,,,tayara
90000.0,Hergla,Sousse,,,tayara
870000.0,Khzema,Sousse,,,tayara
110.0,Kalaâ Kebira,Sousse,,,tayara
4800.0,Le Bardo,Tunis,,,tayara
269000.0,Khzema,Sousse,,,tayara
0.0,Kantaoui,Sousse,,,tayara
550.0,Akouda,Sousse,,,tayara
11000.0,Khzema,Sousse,,,tayara
400.0,Kalaâ Sghira,Sousse,,,tayara
1150.0,L Aouina,Tunis,,,tayara
6000000.0,Mornaguia,La Manouba,,,tayara
900.0,Mornag,Ben Arous,,,tayara
160000.0,Boumhel,Ben Arous,,,tayara
250000.0,Hammam Sousse,Sousse,,,tayara
490000.0,Monastir,Monastir,,,tayara
500.0,Kerkennah,Sfax,,,tayara
870000.0,El Manar 1,Tunis,,,tayara
550.0,Sousse,Sousse,,,tayara
310.0,Djerba Midoun,Médenine,,,tayara
175.0,El Ouardia,Tunis,,,tayara
2800.0,Korba,Nabeul,,,tayara
80000.0,Sidi Hassine,Tunis,,,tayara
750.0,tunis,tunis,,,tayara
600.0,Dar Fadhal,Ariana,,,tayara
150000.0,Ghar El Melh,Bizerte,,,tayara
100.0,L Aouina,Tunis,,,tayara
400000.0,Denden,La Manouba,,,tayara
1050.0,L Aouina,Tunis,,,tayara
1200.0,El Menzah 9,Tunis,,,tayara
0.0,Boumhel,Ben Arous,,,tayara
650.0,tunis,tunis,,,tayara
155000.0,Le Kram,Tunis,,,tayara
1.0,Chatt mariem,Sousse,,,tayara
350000.0,Chatt mariem,Sousse,,,tayara
350000.0,Kalaâ Kebira,Sousse,,,tayara
0.0,Sidi Bou Ali,Sousse,,,tayara
1500.0,Sahloul,Sousse,,,tayara
99.0,Ksar Said,Tunis,,,tayara
77000.0,Kélibia,Nabeul,,,tayara
845000.0,Riadh Andalous,Ariana,,,tayara
845000.0,Riadh Andalous,Ariana,,,tayara
380000.0,Bargou,Siliana,,,tayara
450.0,Medina Jedida,Ben Arous,,,tayara
330.0,Tunis,Tunis,,,tayara
370.0,Akouda,Sousse,,,tayara
330.0,Tunis,Tunis,,,tayara
580000.0,Hammam Ghezèze,Nabeul,,,tayara
500.0,tunis,tunis,,,tayara
470000.0,Fouchana,Ben Arous,,,tayara
155000.0,Borj Louzir,Ariana,,,tayara
1.0,L Aouina,Tunis,,,tayara
90.0,Oued Ellil,La Manouba,,,tayara
98653224.0,Medjez El Bab,Béja,,,tayara
0.0,Goubellat,Béja,,,tayara
1.0,La Soukra,Ariana,,,tayara
0.0,Tebourba,La Manouba,,,tayara
650.0,Tunis,Tunis,,,tayara
165000000.0,Gafsa Sud,Gafsa,,,tayara
160000.0,Kélibia,Nabeul,,,tayara
142000.0,Raoued,Ariana,,,tayara
3200.0,Le Bardo,Tunis,,,tayara
100.0,tunis,tunis,,,tayara
2.0,L Aouina,Tunis,,,tayara
1700.0,La Soukra,Ariana,,,tayara
1.0,Lac 2,Tunis,,,tayara
217000.0,L Aouina,Tunis,,,tayara
260000.0,L Aouina,Tunis,,,tayara
1300.0,L Aouina,Tunis,,,tayara
50000.0,Kélibia,Nabeul,,,tayara
600.0,Fouchana,Ben Arous,,,tayara
1.0,Mnihla,Ariana,,,tayara
75.0,Sidi Hassine,Tunis,,,tayara
1600.0,Sfax,Sfax,,,tayara
0.0,ROUTE SALTANIA,Sfax,,,tayara
240000.0,Route El Afrane,Sfax,,,tayara
490000.0,Route Menzel Chaker,Sfax,,,tayara
160000.0,Route Menzel Chaker,Sfax,,,tayara
55000.0,Ksour Essef,Mahdia,,,tayara
175000.0,Tunis,Tunis,,,tayara
460000.0,Lac 2,Tunis,,,tayara
198000.0,Kélibia,Nabeul,,,tayara
300000.0,Kélibia,Nabeul,,,tayara
950.0,Les Jardins El Menzah 2,Ariana,,,tayara
850.0,Jardins El Menzah,Ariana,,,tayara
1500.0,L Aouina,Tunis,,,tayara
500.0,Ariana,Ariana,,,tayara
185000.0,Ariana,Ariana,,,tayara
1500.0,Ghazela,Ariana,,,tayara
2000.0,Ghazela,Ariana,,,tayara
750.0,Ghazela,Ariana,,,tayara
950.0,Les Jardins El Menzah 2,Ariana,,,tayara
1.0,El Mourouj 3,Ben Arous,,,tayara
1550.0,La Soukra,Ariana,,,tayara
650.0,Hammam Sousse,Sousse,,,tayara
1500.0,L Aouina,Tunis,,,tayara
1200.0,Hammam Sousse,Sousse,,,tayara
4000.0,La Marsa,Tunis,,,tayara
950.0,Montplaisir,Tunis,,,tayara
335000.0,L Aouina,Tunis,,,tayara
0.0,Kélibia,Nabeul,,,tayara
210000.0,Kélibia,Nabeul,,,tayara
480000.0,Sfax,Sfax,,,tayara
300000.0,El Omrane Supérieur,Tunis,,,tayara
750000.0,Hammamet,Nabeul,,,tayara
1390000.0,Hammamet,Nabeul,,,tayara
400000.0,Hammamet,Nabeul,,,tayara
890000.0,Hammamet,Nabeul,,,tayara
750000.0,Hammamet,Nabeul,,,tayara
325000.0,El Menzah 9,Tunis,,,tayara
260000.0,El Manar 2,Tunis,,,tayara
4200.0,Cité Ennasr 2,Ariana,,,tayara
80000.0,Riadh Andalous,Ariana,,,tayara
0.0,Lac 2,Tunis,,,tayara
2000.0,Borj Louzir,Ariana,,,tayara
0.0,Riadh Andalous,Ariana,,,tayara
155000.0,Riadh Andalous,Ariana,,,tayara
1280000.0,Riadh Andalous,Ariana,,,tayara
265000.0,Cité Ennasr 2,Ariana,,,tayara
135000.0,Les Jardins El Menzah 2,Ariana,,,tayara
455000.0,Menzah,Tunis,,,tayara
440000.0,Ghazela,Ariana,,,tayara
395000.0,Riadh Andalous,Ariana,,,tayara
550000.0,Zaghouan,Zaghouan,,,tayara
190000.0,Chotrana 3,Ariana,,,tayara
28000.0,Ariana,Ariana,,,tayara
160000.0,Jardins El Menzah,Ariana,,,tayara
650000.0,Ghazela,Ariana,,,tayara
1250000.0,Ennasr,Ariana,,,tayara
1100000.0,Le Bardo,Tunis,,,tayara
360000.0,Nouvelle Ariana,Ariana,,,tayara
680000.0,Ghazela,Ariana,,,tayara
330000.0,La Soukra,Ariana,,,tayara
365000.0,Ghazela,Ariana,,,tayara
330000.0,Menzah,Tunis,,,tayara
580000.0,Cité Ennasr 2,Ariana,,,tayara
1600000.0,Riadh Andalous,Ariana,,,tayara
410000.0,La Soukra,Ariana,,,tayara
140000.0,Cité Ennasr 2,Ariana,,,tayara
950000.0,Sidi Thabet,Ariana,,,tayara
430000.0,Ennasr,Ariana,,,tayara
595000.0,Lac 1,Tunis,,,tayara
0.0,Alain Savary,Tunis,,,tayara
175000.0,Cité Ennasr 2,Ariana,,,tayara
380000.0,Menzah,Tunis,,,tayara
2500.0,Riadh Andalous,Ariana,,,tayara
380000.0,Raoued,Ariana,,,tayara
750000.0,Kalâat Andalous,Ariana,,,tayara
600000.0,Riadh Andalous,Ariana,,,tayara
480000.0,Riadh Andalous,Ariana,,,tayara
780000.0,Ghazela,Ariana,,,tayara
390000.0,Riadh Andalous,Ariana,,,tayara
0.0,Alain Savary,Tunis,,,tayara
540000.0,Ghazela,Ariana,,,tayara
0.0,El Omrane,Tunis,,,tayara
0.0,El Menzah 7,Ariana,,,tayara
175000.0,Menzah,Tunis,,,tayara
355000.0,Riadh Andalous,Ariana,,,tayara
295.0,Route Mehdia,Sfax,,,tayara
850.0,Hammam Sousse,Sousse,,,tayara
450.0,Radès,Ben Arous,,,tayara
0.0,Le Bardo,Tunis,,,tayara
350.0,Monastir,Monastir,,,tayara
1800.0,Ain Zaghouan Nord,Tunis,,,tayara
1300.0,Route GREMDA,Sfax,,,tayara
20000.0,Mezzouna,Sidi Bouzid,,,tayara
1250000.0,Chotrana 3,Ariana,,,tayara
1599.0,Ain Zaghouen,Tunis,,,tayara
620.0,Ben Arous,Ben Arous,,,tayara
392800.0,Sayada Lamta Bou Hajar,Monastir,,,tayara
100.0,Sfax,Sfax,,,tayara
1200.0,Cité Ennasr 2,Ariana,,,tayara
900.0,La Manouba,La Manouba,,,tayara
2000.0,El Menzah 7,Ariana,,,tayara
180.0,El Omrane Supérieur,Tunis,,,tayara
160000.0,Hammamet Centre,Nabeul,,,tayara
120000.0,Ras Jebel,Bizerte,,,tayara
0.0,Monastir,Monastir,,,tayara
720.0,Chotrana,Ariana,,,tayara
0.0,Menzel Chaker,Sfax,,,tayara
0.0,Sfax Ville,Sfax,,,tayara
320000.0,Kélibia,Nabeul,,,tayara
450.0,La Marsa,Tunis,,,tayara
700.0,Mnihla,Ariana,,,tayara
750.0,Mnihla,Ariana,,,tayara
3500.0,Ain Zaghouan Nord,Tunis,,,tayara
2750.0,Ain Zaghouan Nord,Tunis,,,tayara
600000.0,Route GREMDA,Sfax,,,tayara
170000.0,Route GREMDA,Sfax,,,tayara
445000.0,ROUTE SALTANIA,Sfax,,,tayara
3500.0,Gammarth,Tunis,,,tayara
2000.0,La Marsa,Tunis,,,tayara
0.0,Sfax Ville,Sfax,,,tayara
199500.0,Radès,Ben Arous,,,tayara
250000.0,Kélibia,Nabeul,,,tayara
550000.0,La Soukra,Ariana,,,tayara
170.0,Denden,La Manouba,,,tayara
1750000.0,Kélibia,Nabeul,,,tayara
0.0,Lac 2,Tunis,,,tayara
0.0,Grombalia,Nabeul,,,tayara
600.0,Ezzahra,Ben Arous,,,tayara
185.0,La Marsa,Tunis,,,tayara
950.0,Monastir,Monastir,,,tayara
1000.0,Mrezga,Nabeul,,,tayara
1200.0,tunis,tunis,,,tayara
20.0,La Manouba,La Manouba,,,tayara
470.0,Mornaguia,La Manouba,,,tayara
1350.0,Sahloul,Sousse,,,tayara
185000.0,Cité Olympique,Tunis,,,tayara
960000.0,Kélibia,Nabeul,,,tayara
750.0,tunis,tunis,,,tayara
600.0,Djerba Midoun,Médenine,,,tayara
110.0,Agba,Tunis,,,tayara
500.0,El Omrane Supérieur,Tunis,,,tayara
0.0,Ksar Hellal,Monastir,,,tayara
205000.0,Kélibia,Nabeul,,,tayara
100.0,Route Mehdia,Sfax,,,tayara
800.0,Les Jardins El Menzah 2,Ariana,,,tayara
850.0,Ben Arous,Ben Arous,,,tayara
0.0,Hammamet,Nabeul,,,tayara
70000.0,Bouficha,Sousse,,,tayara
520000.0,Hammamet,Nabeul,,,tayara
800.0,Cite Ennkhilet,Ariana,,,tayara
135000.0,Kélibia,Nabeul,,,tayara
0.0,Mohamedia,Ben Arous,,,tayara
1111.0,Djerba Houmt Souk,Médenine,,,tayara
1700.0,Montplaisir,Tunis,,,tayara
0.0,Kélibia,Nabeul,,,tayara
0.0,Hammam Sousse,Sousse,,,tayara
950.0,Le Bardo,Tunis,,,tayara
0.0,Bir Mchergua,Zaghouan,,,tayara
140000.0,Kélibia,Nabeul,,,tayara
1.0,Le Kram,Tunis,,,tayara
1500.0,Hammamet,Nabeul,,,tayara
0.0,Gammarth,Tunis,,,tayara
360000.0,Kélibia,Nabeul,,,tayara
320000.0,Kélibia,Nabeul,,,tayara
750.0,Centre Urbain Nord,Tunis,,,tayara
900.0,Mnihla,Ariana,,,tayara
480000.0,Le Bardo,Tunis,,,tayara
230000.0,Kélibia,Nabeul,,,tayara
1500.0,El Menzah 9,Tunis,,,tayara
1150000.0,Le Bardo,Tunis,,,tayara
730000.0,Le Bardo,Tunis,,,tayara
880000.0,Le Bardo,Tunis,,,tayara
890000.0,Agba,Tunis,,,tayara
330000.0,El Omrane Supérieur,Tunis,,,tayara
540000.0,Le Bardo,Tunis,,,tayara
320000.0,Cité Ennasr 2,Ariana,,,tayara
3500.0,Ben Arous,Ben Arous,,,tayara
1600000.0,Le Bardo,Tunis,,,tayara
190.0,Borj Louzir,Ariana,,,tayara
800.0,Khzema,Sousse,,,tayara
3500.0,El Menzah 8,Ariana,,,tayara
45000.0,El Mourouj 6,Ben Arous,,,tayara
350000.0,Ennasr,Ariana,,,tayara
2450.0,Ain Zaghouan Nord,Tunis,,,tayara
680.0,Mahdia,Mahdia,,,tayara
240000.0,Hammam Ghezèze,Nabeul,,,tayara
265000.0,Mrezga,Nabeul,,,tayara
295000.0,Ghazela,Ariana,,,tayara
700.0,tunis,tunis,,,tayara
900.0,Monastir,Monastir,,,tayara
179998.0,Kélibia,Nabeul,,,tayara
185000.0,Kélibia,Nabeul,,,tayara
750000.0,Kélibia,Nabeul,,,tayara
80000.0,tunis,tunis,,,tayara
650.0,Khzema,Sousse,,,tayara
160000.0,L Aouina,Tunis,,,tayara
250.0,Bou Argoub,Nabeul,,,tayara
440000.0,Mrezga,Nabeul,,,tayara
75.0,Enfidha,Sousse,,,tayara
630000.0,tunis,tunis,,,tayara
130.0,Hammamet,Nabeul,,,tayara
120.0,Ghanouch,Gabès,,,tayara
0.0,Mrezga,Nabeul,,,tayara
950.0,Hammam Sousse,Sousse,,,tayara
0.0,Sousse Sidi Abdelhamid,Sousse,,,tayara
0.0,Zaouit Ksibat Thrayett,Sousse,,,tayara
780000.0,Kélibia,Nabeul,,,tayara
800.0,Ghazela,Ariana,,,tayara
1.0,Ariana,Ariana,,,tayara
335000.0,Béni Khiar,Nabeul,,,tayara
1050000.0,Hammamet Nord,Nabeul,,,tayara
260000.0,Nabeul,Nabeul,,,tayara
239000.0,Nabeul,Nabeul,,,tayara
475000.0,Mrezga,Nabeul,,,tayara
1200000.0,Hammamet Nord,Nabeul,,,tayara
1200.0,Mrezga,Nabeul,,,tayara
1600.0,Hammamet Centre,Nabeul,,,tayara
160000.0,El Mourouj,Ben Arous,,,tayara
195000.0,Borj Louzir,Ariana,,,tayara
150000.0,Tunis,Tunis,,,tayara
630000.0,tunis,tunis,,,tayara
392200.0,Mrezga,Nabeul,,,tayara
8500.0,Mutuelleville,Tunis,,,tayara
330000.0,Menzel Temime,Nabeul,,,tayara
320000.0,Hammamet,Nabeul,,,tayara
250.0,Borj Louzir,Ariana,,,tayara
530000.0,tunis,tunis,,,tayara
950000.0,Hammamet,Nabeul,,,tayara
700.0,Kef Est,Le Kef,,,tayara
599.0,Cité Ennasr 2,Ariana,,,tayara
1.0,El Menzah 6,Ariana,,,tayara
1180000.0,Ennasr,Ariana,,,tayara
899.0,El Manar 2,Tunis,,,tayara
1050000.0,Les Jardins El Menzah 2,Ariana,,,tayara
748.0,tunis,tunis,,,tayara
459000.0,Ennasr,Ariana,,,tayara
580000.0,Kélibia,Nabeul,,,tayara
280.0,Hammam Sousse,Sousse,,,tayara
650.0,tunis,tunis,,,tayara
1100.0,tunis,tunis,,,tayara
0.0,Nabeul,Nabeul,,,tayara
470000.0,Kélibia,Nabeul,,,tayara
0.0,El Manar 1,Tunis,,,tayara
2300.0,Sidi Daoud,Tunis,,,tayara
40250.0,Mnihla,Ariana,,,tayara
130.0,Hammamet Nord,Nabeul,,,tayara
1234.0,Gafsa Sud,Gafsa,,,tayara
280000.0,Ezzahra,Ben Arous,,,tayara
1350.0,Le Bardo,Tunis,,,tayara
0.0,Sidi Bou Said,Tunis,,,tayara
0.0,Cité El Khadra,Tunis,,,tayara
0.0,El Omrane,Tunis,,,tayara
600.0,Raoued,Ariana,,,tayara
1.0,Autres Villes,Bizerte,,,tayara
0.0,Sidi Alouane,Mahdia,,,tayara
0.0,Sfax,Sfax,,,tayara
300.0,Dar Châabane El Fehri,Nabeul,,,tayara
0.0,Autres Villes,Sfax,,,tayara
550.0,El Omrane Supérieur,Tunis,,,tayara
950.0,Nabeul,Nabeul,,,tayara
180.0,Charguia 2,Ariana,,,tayara
130.0,Sidi El Béchir,Tunis,,,tayara
217000.0,Route TANIOUR,Sfax,,,tayara
400.0,El Mourouj 1,Ben Arous,,,tayara
180000.0,Kélibia,Nabeul,,,tayara
79.0,L Aouina,Tunis,,,tayara
250.0,Ariana,Ariana,,,tayara
185000.0,tunis,tunis,,,tayara
100.0,L Aouina,Tunis,,,tayara
100000.0,Djerba Midoun,Médenine,,,tayara
100.0,L Aouina,Tunis,,,tayara
1300.0,Montplaisir,Tunis,,,tayara
180000.0,Hammam Ghezèze,Nabeul,,,tayara
1.0,Route MANZEL CHAKER,Sfax,,,tayara
650.0,La Marsa,Tunis,,,tayara
1.0,Route MANZEL CHAKER,Sfax,,,tayara
446880.0,El Alia,Bizerte,,,tayara
202720.0,El Alia,Bizerte,,,tayara
900.0,tunis,tunis,,,tayara
2500.0,Riadh Andalous,Ariana,,,tayara
370000.0,Ghazela,Ariana,,,tayara
450.0,Route El Ain,Sfax,,,tayara
800000.0,Utique,Bizerte,,,tayara
2400.0,Jardins De Carthage,Tunis,,,tayara
1600.0,Riadh Andalous,Ariana,,,tayara
1500.0,Cité Ennasr 2,Ariana,,,tayara
2200.0,Borj Louzir,Ariana,,,tayara
1150.0,Riadh Andalous,Ariana,,,tayara
1600.0,Riadh Andalous,Ariana,,,tayara
1500.0,El Menzah 7,Ariana,,,tayara
1500.0,Route MHARZA,Sfax,,,tayara
800.0,Douar Hicher,La Manouba,,,tayara
1800.0,Cité Ennasr 2,Ariana,,,tayara
780.0,Ariana Ville,Ariana,,,tayara
80.0,Sousse,Sousse,,,tayara
215000.0,Kélibia,Nabeul,,,tayara
0.0,Route TANIOUR,Sfax,,,tayara
125000.0,Sidi Thabet,Ariana,,,tayara
193600.0,Raoued,Ariana,,,tayara
0.0,Mrezga,Nabeul,,,tayara
450.0,Sousse,Sousse,,,tayara
299000.0,Le Bardo,Tunis,,,tayara
1000.0,Le Bardo,Tunis,,,tayara
1.0,La Manouba,La Manouba,,,tayara
1200.0,Le Bardo,Tunis,,,tayara
0.0,La Manouba,La Manouba,,,tayara
120000.0,Kélibia,Nabeul,,,tayara
1200.0,L Aouina,Tunis,,,tayara
600.0,Hammam Sousse,Sousse,,,tayara
2400.0,La Goulette,Tunis,,,tayara
1500.0,L Aouina,Tunis,,,tayara
1.0,Mégrine,Ben Arous,,,tayara
1750.0,Tunis,Tunis,,,tayara
1150.0,Tunis,Tunis,,,tayara
850.0,Le Bardo,Tunis,,,tayara
650.0,El Mourouj,Ben Arous,,,tayara
3400.0,La Marsa,Tunis,,,tayara
130000.0,Hammam Lif,Ben Arous,,,tayara
1111111.0,Tinja,Bizerte,,,tayara
2100.0,Jardins De Carthage,Tunis,,,tayara
265.0,Ain Zaghouen,Tunis,,,tayara
1700.0,Jardins De Carthage,Tunis,,,tayara
1000.0,tunis,tunis,,,tayara
215000.0,Chotrana,Ariana,,,tayara
1600.0,La Marsa,Tunis,,,tayara
2600.0,La Soukra,Ariana,,,tayara
250000.0,Kélibia,Nabeul,,,tayara
171000.0,El Menzah 7,Ariana,,,tayara
3500.0,tunis,tunis,,,tayara
950.0,Mégrine,Ben Arous,,,tayara
950.0,Mégrine,Ben Arous,,,tayara
60.0,tunis,tunis,,,tayara
1650.0,La Soukra,Ariana,,,tayara
1000.0,Le Bardo,Tunis,,,tayara
0.0,Sakiet Ezzit,Sfax,,,tayara
450000.0,Chotrana 1,ariana,,,tayara
390000.0,Ain Zaghouan Sud,Tunis,,,tayara
600000.0,Chotrana 1,Ariana,,,tayara
500000.0,Dar Fadhal,Ariana,,,tayara
249000.0,Ain Zaghouan Sud,Tunis,,,tayara
550000.0,tunis,tunis,,,tayara
2000.0,La Soukra,Ariana,,,tayara
1300.0,La Soukra,Ariana,,,tayara
1550.0,Ain Zaghouen,Tunis,,,tayara
380.0,Chebba,Mahdia,,,tayara
1900.0,Montplaisir,Tunis,,,tayara
376000.0,La Soukra,Ariana,,,tayara
424999.0,tunis,tunis,,,tayara
3500.0,La Soukra,Ariana,,,tayara
1500.0,La Soukra,Ariana,,,tayara
650000.0,Hammamet,Nabeul,,,tayara
75000.0,Kélibia,Nabeul,,,tayara
600000.0,tunis,tunis,,,tayara
2100.0,Lac 2,Tunis,,,tayara
2400.0,Ain Zaghouan Nord,Tunis,,,tayara
355000.0,Mrezga,Nabeul,,,tayara
1300.0,Montplaisir,Tunis,,,tayara
1450.0,Montplaisir,Tunis,,,tayara
1400.0,Montplaisir,Tunis,,,tayara
1600.0,Montplaisir,Tunis,,,tayara
130.0,Djerba Midoun,Médenine,,,tayara
50.0,Djerba Midoun,Médenine,,,tayara
440300.0,Mrezga,Nabeul,,,tayara
2700000.0,Kélibia,Nabeul,,,tayara
600.0,Cité Ennasr 2,Ariana,,,tayara
850.0,tunis,tunis,,,tayara
340000.0,Mrezga,Nabeul,,,tayara
1000.0,Mahdia,mahdia,,,tayara
3000.0,Mahdia,Mahdia,,,tayara
520000.0,Mahdia,Mahdia,,,tayara
460000.0,Mahdia,Mahdia,,,tayara
275000.0,Mahdia,Mahdia,,,tayara
550.0,Mahdia,Mahdia,,,tayara
5000.0,Bekalta,Monastir,,,tayara
400000.0,Mahdia,Mahdia,,,tayara
650.0,Mahdia,Mahdia,,,tayara
2900.0,Mahdia,Mahdia,,,tayara
450.0,Mahdia,mahdia,,,tayara
1600000.0,El Menzah 1,Tunis,,,tayara
2500.0,Centre Urbain Nord,Tunis,,,tayara
1300000.0,tunis,tunis,,,tayara
3200.0,Lac 1,Tunis,,,tayara
4500.0,Lac 2,Tunis,,,tayara
277000.0,Mrezga,Nabeul,,,tayara
135000.0,Kélibia,Nabeul,,,tayara
2000.0,L Aouina,Tunis,,,tayara
640000.0,Kantaoui,Sousse,,,tayara
1650000.0,El Menzah 1,Tunis,,,tayara
1500000.0,Ras Jebel,Bizerte,,,tayara
300000.0,El Menzah 1,Tunis,,,tayara
380000.0,El Menzah 6,Ariana,,,tayara
29000.0,Hammamet,Nabeul,,,tayara
1400000.0,tunis,tunis,,,tayara
259000.0,La Soukra,Ariana,,,tayara
0.0,Mornag,Ben Arous,,,tayara
120.0,L Aouina,Tunis,,,tayara
0.0,Cité Ennasr 2,Ariana,,,tayara
1100.0,Hammamet Centre,Nabeul,,,tayara
2000.0,Nabeul,Nabeul,,,tayara
750.0,Ezzahra,Ben Arous,,,tayara
3500.0,tunis,tunis,,,tayara
4500.0,La Marsa,Tunis,,,tayara
2500.0,Jardins De Carthage,Tunis,,,tayara
715000.0,Gammarth,Tunis,,,tayara
390000.0,Borj Louzir,Ariana,,,tayara
7000.0,Gammarth,Tunis,,,tayara
1900.0,La Marsa,Tunis,,,tayara
2800.0,Jardins De Carthage,Tunis,,,tayara
1700.0,Jardins De Carthage,Tunis,,,tayara
1800.0,Jardins De Carthage,Tunis,,,tayara
1050.0,La Soukra,Ariana,,,tayara
1050.0,Sahloul,Sousse,,,tayara
1.0,L Aouina,Tunis,,,tayara
700000.0,Ain Zaghouen,Tunis,,,tayara
670.0,Sahloul,Sousse,,,tayara
1200.0,Charguia 2,Ariana,,,tayara
410000.0,Riadh Andalous,Ariana,,,tayara
3800.0,Lac 1,Tunis,,,tayara
50000.0,Kélibia,Nabeul,,,tayara
900.0,Ennasr,Ariana,,,tayara
1.0,Kerkennah,Sfax,,,tayara
3000.0,Lac 1,Tunis,,,tayara
1500.0,Hammam Sousse,Sousse,,,tayara
1200.0,tunis,tunis,,,tayara
1500.0,Hammam Sousse,Sousse,,,tayara
3500.0,Sfax Ville,Sfax,,,tayara
6000.0,Lac 1,Tunis,,,tayara
1600.0,tunis,Tunis,,,tayara
159000.0,tunis,tunis,,,tayara
1150.0,tunis,tunis,,,tayara
190000.0,El Haouaria,Nabeul,,,tayara
1350.0,tunis,tunis,,,tayara
1250.0,tunis,tunis,,,tayara
208000.0,Akouda,Sousse,,,tayara
1800.0,tunis,Tunis,,,tayara
4000.0,Sousse corniche,Sousse,,,tayara
1250.0,La Soukra,Ariana,,,tayara
5000.0,tunis,tunis,,,tayara
1200.0,Sahloul,Sousse,,,tayara
650000.0,Le Bardo,Tunis,,,tayara
900.0,tunis,tunis,,,tayara
950.0,Monastir,Monastir,,,tayara
1500.0,Sahloul,Sousse,,,tayara
0.0,tunis,tunis,,,tayara
750.0,Ezzahra,Ben Arous,,,tayara
250000.0,Kélibia,Nabeul,,,tayara
0.0,Ezzahra,Ben Arous,,,tayara
1300.0,Ain Zaghouan Nord,Tunis,,,tayara
1800.0,Sahloul,Sousse,,,tayara
14000.0,Alain Savary,Tunis,,,tayara
3900.0,El Menzah 4,Tunis,,,tayara
1100.0,Sahloul,Sousse,,,tayara
2500.0,Lac 1,Tunis,,,tayara
1100.0,Sahloul,Sousse,,,tayara
2200000000.0,Mnihla,Ariana,,,tayara
4500.0,El Menzah 9,Tunis,,,tayara
0.0,Hammamet,Nabeul,,,tayara
250.0,Kantaoui,Sousse,,,tayara
900.0,Sahloul,Sousse,,,tayara
3000.0,L Aouina,Tunis,,,tayara
165.0,Nabeul,Nabeul,,,tayara
2100.0,tunis,tunis,,,tayara
14000.0,Cité jardin,Tunis,,,tayara
0.0,tunis,tunis,,,tayara
600.0,tunis,tunis,,,tayara
1200.0,Ezzahra,Ben Arous,,,tayara
1.0,Sousse,Sousse,,,tayara
100.0,El Menzah 7,Ariana,,,tayara
90.0,El Menzah 7,Ariana,,,tayara
120.0,El Menzah 7,Ariana,,,tayara
1050.0,Ain Zaghouan Nord,Tunis,,,tayara
268000.0,Mrezga,Nabeul,,,tayara
0.0,Medina Jedida,Ben Arous,,,tayara
0.0,Hammam Sousse,Sousse,,,tayara
798999.0,Riadh Andalous,Ariana,,,tayara
2399.0,Ennasr,Ariana,,,tayara
0.0,Medina Jedida,Ben Arous,,,tayara
1290000.0,El Manar 1,Tunis,,,tayara
540000.0,El Menzah 7,Ariana,,,tayara
219000.0,Ennasr,Ariana,,,tayara
1200.0,Ain Zaghouan Nord,Tunis,,,tayara
0.0,Bizerte Nord,Bizerte,,,tayara
740000.0,Chotrana 2,Ariana,,,tayara
1250000.0,Bizerte,Bizerte,,,tayara
1.2,tunis,tunis,,,tayara
320000.0,Bizerte Nord,Bizerte,,,tayara
900.0,Hammam Sousse,Sousse,,,tayara
194000.0,Ain Zaghouan Nord,Tunis,,,tayara
2300.0,tunis,tunis,,,tayara
209999.0,Kélibia,Nabeul,,,tayara
400000.0,Chotrana 1,Ariana,,,tayara
2800.0,La Soukra,Ariana,,,tayara
95.0,Cité Ennasr 2,Ariana,,,tayara
87000.0,Hammamet,Nabeul,,,tayara
87000.0,Hammamet,Nabeul,,,tayara
0.0,Sfax,Sfax,,,tayara
400.0,Route MHARZA,Sfax,,,tayara
1300.0,La Marsa,Tunis,,,tayara
350.0,Hammam Lif,Ben Arous,,,tayara
950.0,El Manar 1,Tunis,,,tayara
121000.0,tunis,tunis,,,tayara
297000.0,tunis,tunis,,,tayara
980000.0,El Manar 1,Tunis,,,tayara
1850.0,El Manar 1,Tunis,,,tayara
0.0,Riadh Andalous,Ariana,,,tayara
1.0,Autres Villes,Bizerte,,,tayara
450.0,Monastir,Monastir,,,tayara
90000.0,Medjez El Bab,Béja,,,tayara
500.0,Ain Zaghouan Nord,Tunis,,,tayara
50.0,tunis,tunis,,,tayara
8700.0,La Soukra,Ariana,,,tayara
900000.0,Chatt mariem,Sousse,,,tayara
800.0,Manouba Ville,La Manouba,,,tayara
1050.0,Mrezga,Nabeul,,,tayara
50000.0,Tunis,Tunis,,,tayara
187.0,Cité Ennasr 2,Ariana,,,tayara
1500.0,El Mourouj 5,Ben Arous,,,tayara
1.0,Autres Villes,Gafsa,,,tayara
850.0,tunis,tunis,,,tayara
0.0,L Aouina,Tunis,,,tayara
0.0,Mornag,Ben Arous,,,tayara
360000.0,Bab Souika,Tunis,,,tayara
600.0,Borj Louzir,Ariana,,,tayara
230000.0,Sousse Médina,Sousse,,,tayara
650000.0,ROUTE SALTANIA,Sfax,,,tayara
1400.0,El Menzah 8,Ariana,,,tayara
2100.0,La Marsa,Tunis,,,tayara
1500.0,Lac 1,Tunis,,,tayara
0.0,L Aouina,Tunis,,,tayara
0.0,Zarzis,Médenine,,,tayara
5500.0,Hammam Sousse,Sousse,,,tayara
650.0,Le Bardo,Tunis,,,tayara
1150.0,L Aouina,Tunis,,,tayara
850.0,tunis,tunis,,,tayara
95000.0,Kélibia,Nabeul,,,tayara
187.0,Monfleury,Tunis,,,tayara
1600.0,Le Kram,Tunis,,,tayara
100.0,Route Mehdia,Sfax,,,tayara
750000.0,Sidi Daoud,Tunis,,,tayara
76000.0,Tunis,Tunis,,,tayara
1400.0,Ain Zaghouen,Tunis,,,tayara
50.0,Kélibia,Nabeul,,,tayara
225000.0,Ben Arous,Ben Arous,,,tayara
195000.0,Ben Arous,Ben Arous,,,tayara
0.0,Sfax Ville,Sfax,,,tayara
11500.0,Sousse Sidi Abdelhamid,Sousse,,,tayara
620000.0,Bellevue,Tunis,,,tayara
310000.0,Kélibia,Nabeul,,,tayara
185000.0,Ras Jebel,Bizerte,,,tayara
390000.0,Ras Jebel,Bizerte,,,tayara
1500.0,L Aouina,Tunis,,,tayara
320000.0,tunis,tunis,,,tayara
440000.0,Mrezga,Nabeul,,,tayara
900.0,Cité Ennasr 2,Ariana,,,tayara
750.0,Ennasr,Ariana,,,tayara
0.0,Ennasr,Ariana,,,tayara
230000.0,Sidi Hassine,Tunis,,,tayara
120000000.0,Kalâat Andalous,Ariana,,,tayara
380000.0,tunis,tunis,,,tayara
2500.0,Autres Villes,Tunis,,,tayara
88000.0,Kélibia,Nabeul,,,tayara
4700.0,Jardins De Carthage,Tunis,,,tayara
850000.0,Hammam Sousse,Sousse,,,tayara
750.0,Ezzahra,Ben Arous,,,tayara
2500.0,Medina Jedida,Ben Arous,,,tayara
520.0,Ariana Ville,Ariana,,,tayara
335000.0,Ezzahra,Ben Arous,,,tayara
520000.0,Lac 2,Tunis,,,tayara
200000.0,Medina Jedida,Ben Arous,,,tayara
0.0,Ezzahra,Ben Arous,,,tayara
750000.0,Hammamet,Nabeul,,,tayara
5000000.0,Charguia 2,Ariana,,,tayara
0.0,Les Jardins El Menzah 2,Ariana,,,tayara
650000.0,Route El Afrane,Sfax,,,tayara
300000.0,Raoued,Ariana,,,tayara
1000000.0,Tunis,Tunis,,,tayara
549998.0,Sidi Hassine,Tunis,,,tayara
30000.0,El Menzah 8,Ariana,,,tayara
699.0,Ettahrir,Tunis,,,tayara
0.0,Ras Jebel,Bizerte,,,tayara
1.0,Ben Arous,Ben Arous,,,tayara
45000.0,L Aouina,Tunis,,,tayara
279000.0,tunis,tunis,,,tayara
1200.0,Ghazela,Ariana,,,tayara
450.0,El Mourouj 1,Ben Arous,,,tayara
1150000.0,La Soukra,Ariana,,,tayara
375000.0,Gafsa Nord,Gafsa,,,tayara
88998.0,tunis,tunis,,,tayara
40000.0,Kerkennah,Sfax,,,tayara
1000.0,Hammam Sousse,Sousse,,,tayara
550.0,Ennasr,Ariana,,,tayara
660000.0,Ksar Said,Tunis,,,tayara
540.0,Carthage,Tunis,,,tayara
500.0,Oued Ellil,La Manouba,,,tayara
60000.0,Khzema,Sousse,,,tayara
2000.0,Ariana Essoughra,Ariana,,,tayara
300000.0,tunis,tunis,,,tayara
140000.0,Route Menzel Chaker,Sfax,,,tayara
2800.0,Ariana Essoughra,Ariana,,,tayara
145000.0,Kélibia,Nabeul,,,tayara
1.0,Jardins De Carthage,Tunis,,,tayara
0.0,Hammam Lif,Ben Arous,,,tayara
80000.0,La Soukra,Ariana,,,tayara
15400.0,Ariana Essoughra,Ariana,,,tayara
1000.0,Ennasr,Ariana,,,tayara
0.0,Tunis,Tunis,,,tayara
900.0,L Aouina,Tunis,,,tayara
0.0,Sousse Sidi Abdelhamid,Sousse,,,tayara
0.0,Sousse Sidi Abdelhamid,Sousse,,,tayara
0.0,Route GREMDA,Sfax,,,tayara
350000.0,Mrezga,Nabeul,,,tayara
250000.0,Boumhel,Ben Arous,,,tayara
1000.0,Kantaoui,Sousse,,,tayara
1200.0,Sahloul,Sousse,,,tayara
3000.0,El Menzah 6,Ariana,,,tayara
1500.0,Cité Ennasr 2,Ariana,,,tayara
1670.0,L Aouina,Tunis,,,tayara
280000.0,Cité Ennasr 2,Ariana,,,tayara
1550.0,Ezzahra,Ben Arous,,,tayara
2200.0,Mornag,Ben Arous,,,tayara
180000.0,Kélibia,Nabeul,,,tayara
250.0,El Omrane Supérieur,Tunis,,,tayara
60.0,Korba,Nabeul,,,tayara
200.0,Béni Khiar,Nabeul,,,tayara
270000.0,Chotrana 1,Ariana,,,tayara
450000.0,Mrezga,Nabeul,,,tayara
25402244.0,Ben Arous,Ben Arous,,,tayara
449999.0,Chotrana 1,Ariana,,,tayara
999.0,El Ksar,Gafsa,,,tayara
8500.0,Sidi Bou Said,Tunis,,,tayara
1700.0,L Aouina,Tunis,,,tayara
6300000.0,tunis,tunis,,,tayara
1700.0,Lac 2,Tunis,,,tayara
4500.0,Lac 2,Tunis,,,tayara
3700.0,Lac 2,Tunis,,,tayara
2400.0,Lac 2,Tunis,,,tayara
670.0,Hammamet Nord,Nabeul,,,tayara
250.0,El Omrane Supérieur,Tunis,,,tayara
560000.0,Le Bardo,Tunis,,,tayara
565000.0,La Soukra,Ariana,,,tayara
390000.0,L Aouina,Tunis,,,tayara
1150.0,Ariana,Ariana,,,tayara
2778.0,Ariana,Ariana,,,tayara
1350.0,Ariana,Ariana,,,tayara
775.0,Ariana,Ariana,,,tayara
1500.0,Lac 1,Tunis,,,tayara
2750.0,Lac 1,Tunis,,,tayara
2750.0,Lac 1,Tunis,,,tayara
2500.0,Lac 1,Tunis,,,tayara
3700.0,Lac 2,Tunis,,,tayara
3800.0,Lac 2,Tunis,,,tayara
1700.0,Lac 2,Tunis,,,tayara
3400.0,Lac 2,Tunis,,,tayara
340000.0,El Menzah 7,Ariana,,,tayara
150000.0,Lac 2,Tunis,,,tayara
210000.0,Kélibia,Nabeul,,,tayara
2800.0,Lac 2,Tunis,,,tayara
180000.0,Borj Louzir,Ariana,,,tayara
2000.0,Centre Urbain Nord,Tunis,,,tayara
980000.0,La Soukra,Ariana,,,tayara
850000.0,La Soukra,Ariana,,,tayara
111.0,Tunis,Tunis,,,tayara
650000.0,Soliman,Nabeul,,,tayara
3000.0,Montplaisir,Tunis,,,tayara
6000.0,Séjoumi,Tunis,,,tayara
24000.0,Montplaisir,Tunis,,,tayara
750.0,Autres Villes,La Manouba,,,tayara
6500.0,El Menzah 8,Ariana,,,tayara
469999.0,Raoued,Ariana,,,tayara
4100000.0,Carthage,Tunis,,,tayara
150000.0,Ariana,Ariana,,,tayara
1199999.0,Utique,Bizerte,,,tayara
264000.0,La Soukra,Ariana,,,tayara
779998.0,Borj Louzir,Ariana,,,tayara
195000.0,Borj Louzir,Ariana,,,tayara
2500.0,Sidi Bou Said,Tunis,,,tayara
5000.0,Kantaoui,Sousse,,,tayara
327597.0,Mrezga,Nabeul,,,tayara
123.0,Monastir,Monastir,,,tayara
1500.0,L Aouina,Tunis,,,tayara
225000.0,Sahloul,Sousse,,,tayara
735.0,tunis,tunis,,,tayara
3500.0,Lac 2,Tunis,,,tayara
111111.0,Tunis,Tunis,,,tayara
111.0,Lac 1,Tunis,,,tayara
7500.0,Lac 1,Tunis,,,tayara
111111.0,Mohamedia,Ben Arous,,,tayara
2200000.0,Kélibia,Nabeul,,,tayara
420.0,tunis,tunis,,,tayara
320000.0,Dar Fadhal,Ariana,,,tayara
257400.0,Mrezga,Nabeul,,,tayara
770000.0,Le Bardo,Tunis,,,tayara
550.0,Denden,La Manouba,,,tayara
255000.0,L Aouina,Tunis,,,tayara
1600.0,Jardins De Carthage,Tunis,,,tayara
1300.0,Mrezga,Nabeul,,,tayara
800.0,Sahloul,Sousse,,,tayara
227000.0,Khaznadar,Tunis,,,tayara
1400.0,tunis,tunis,,,tayara
170000.0,tunis,tunis,,,tayara
3500.0,El Menzah 4,Tunis,,,tayara
210000.0,Hammamet Nord,Nabeul,,,tayara
1350.0,Nabeul,Nabeul,,,tayara
2500.0,El Menzah 4,Tunis,,,tayara
4500000.0,Ghazela,Ariana,,,tayara
500.0,Ksar Hellal,Monastir,,,tayara
800.0,El Manar 1,Tunis,,,tayara
110000.0,Sakiet Ezzit,Sfax,,,tayara
2100.0,Jardins De Carthage,Tunis,,,tayara
0.0,Monastir,Monastir,,,tayara
0.0,Monastir,Monastir,,,tayara
2500.0,Jardins De Carthage,Tunis,,,tayara
2700.0,La Marsa,Tunis,,,tayara
2300.0,Ariana Ville,Ariana,,,tayara
650.0,Ben Arous,Ben Arous,,,tayara
195000.0,Kélibia,Nabeul,,,tayara
120000.0,Chatt mariem,Sousse,,,tayara
1050000.0,Hammamet Nord,Nabeul,,,tayara
500.0,Mornag,Ben Arous,,,tayara
2800.0,Lac 2,Tunis,,,tayara
320000.0,Mrezga,Nabeul,,,tayara
550.0,tunis,tunis,,,tayara
275000.0,Kélibia,Nabeul,,,tayara
335.0,tunis,tunis,,,tayara
205000.0,Hammam Ghezèze,Nabeul,,,tayara
1849.0,La Soukra,Ariana,,,tayara
10800.0,Borj Cedria,Ben Arous,,,tayara
500.0,Ghazela,Ariana,,,tayara
750.0,Ben Arous,Ben Arous,,,tayara
900.0,Tunis,Tunis,,,tayara
470.0,El Manar 1,Tunis,,,tayara
1200.0,Le Bardo,Tunis,,,tayara
320.0,Hammamet,Nabeul,,,tayara
1050000.0,Lac 1,Tunis,,,tayara
300000.0,Tunis,Tunis,,,tayara
750.0,La Manouba,La Manouba,,,tayara
800.0,La Marsa,Tunis,,,tayara
50.0,Ennasr,Ariana,,,tayara
0.0,L Aouina,Tunis,,,tayara
750000.0,Hammamet,Nabeul,,,tayara
830000.0,Hammamet,Nabeul,,,tayara
14000000.0,Lac 2,Tunis,,,tayara
3000.0,El Menzah 9,Tunis,,,tayara
1700.0,Montplaisir,Tunis,,,tayara
1.0,Djerba Houmt Souk,Médenine,,,tayara
1000.0,La Soukra,Ariana,,,tayara
480000.0,Hammam Ghezèze,Nabeul,,,tayara
320000.0,Route de GABES,Sfax,,,tayara
200000.0,Route Mehdia,Sfax,,,tayara
5100.0,Centre Urbain Nord,Tunis,,,tayara
450.0,tunis,tunis,,,tayara
0.0,El Omrane,Tunis,,,tayara
450.0,Route Mehdia,Sfax,,,tayara
265.0,Hammam Sousse,Sousse,,,tayara
2400.0,Jardins De Carthage,Tunis,,,tayara
310000.0,tunis,tunis,,,tayara
170000.0,Kélibia,Nabeul,,,tayara
79.0,L Aouina,Tunis,,,tayara
66666.0,Kélibia,Nabeul,,,tayara
900.0,L Aouina,Tunis,,,tayara
80.0,tunis,Monastir,,,tayara
3000.0,Radès,Ben Arous,,,tayara
195000.0,tunis,tunis,,,tayara
1000.0,Ezzahra,Ben Arous,,,tayara
0.0,Ghazela,Ariana,,,tayara
1050.0,tunis,tunis,,,tayara
178000.0,Hammam Ghezèze,Nabeul,,,tayara
260000.0,Radès,Ben Arous,,,tayara
1200.0,tunis,tunis,,,tayara
550.0,El Menzah 9,Tunis,,,tayara
1200.0,tunis,tunis,,,tayara
123458.0,Route El Afrane,Sfax,,,tayara
90000.0,Raoued,Ariana,,,tayara
900.0,Bizerte Nord,Bizerte,,,tayara
175000.0,Kélibia,Nabeul,,,tayara
1700.0,Lac 2,Tunis,,,tayara
198000.0,Nabeul,Nabeul,,,tayara
800.0,Cité Ennasr 2,Ariana,,,tayara
260000.0,Mrezga,Nabeul,,,tayara
0.0,Sousse,Sousse,,,tayara
7800.0,Lac 1,Tunis,,,tayara
1500.0,La Soukra,Ariana,,,tayara
340000.0,El Omrane Supérieur,Tunis,,,tayara
1550.0,Chotrana 1,Ariana,,,tayara
35000.0,La Marsa,Tunis,,,tayara
0.0,Mrezga,Nabeul,,,tayara
155000.0,Kélibia,Nabeul,,,tayara
680000.0,Sousse Riadh,Sousse,,,tayara
259000.0,Kélibia,Nabeul,,,tayara
350000.0,Ain Zaghouen,Tunis,,,tayara
1400.0,Medina Jedida,Ben Arous,,,tayara
125000.0,Kélibia,Nabeul,,,tayara
24000.0,Mornaguia,La Manouba,,,tayara
1900.0,Centre Urbain Nord,Tunis,,,tayara
1900.0,Centre Urbain Nord,Tunis,,,tayara
750.0,Mrezga,Nabeul,,,tayara
0.0,El Menzah 4,Tunis,,,tayara
2400.0,Tunis,Tunis,,,tayara
20000.0,El Haouaria,Nabeul,,,tayara
8500.0,Ariana Essoughra,Ariana,,,tayara
879.0,L Aouina,Tunis,,,tayara
1399998.0,Chotrana 3,Ariana,,,tayara
105000.0,Kélibia,Nabeul,,,tayara
750.0,Nabeul,Nabeul,,,tayara
0.0,El Mourouj 5,Ben Arous,,,tayara
950.0,Nabeul,Nabeul,,,tayara
123000.0,Borj Louzir,Ariana,,,tayara
650.0,tunis,tunis,,,tayara
1390.0,Cité Ennasr 2,Ariana,,,tayara
3000.0,M Saken,Sousse,,,tayara
950.0,Nabeul,Nabeul,,,tayara
950.0,Nabeul,Nabeul,,,tayara
950.0,Nabeul,Nabeul,,,tayara
750.0,Nabeul,Nabeul,,,tayara
0.0,tunis,tunis,,,tayara
1.0,Autres Villes,Nabeul,,,tayara
0.0,Sened,Gafsa,,,tayara
680000000.0,Mégrine,Ben Arous,,,tayara
187.0,Cité Ennasr 2,Ariana,,,tayara
1300000.0,Menzel Temime,Nabeul,,,tayara
1000.0,Route Mehdia,Sfax,,,tayara
330000.0,Sakiet Eddaïer,Sfax,,,tayara
0.0,Les Jardins El Menzah 2,Ariana,,,tayara
0.0,Raoued,Ariana,,,tayara
1000.0,Sahloul,Sousse,,,tayara
7000.0,Centre Urbain Nord,Tunis,,,tayara
80000000.0,Oued Ellil,La Manouba,,,tayara
7500.0,Bizerte Nord,Bizerte,,,tayara
110.0,El Menzah 7,Ariana,,,tayara
90.0,El Menzah 7,Ariana,,,tayara
150000.0,Agba,Tunis,,,tayara
525000.0,Mrezga,Nabeul,,,tayara
1800.0,tunis,tunis,,,tayara
1550.0,Ennasr,Ariana,,,tayara
1550.0,Ennasr,Ariana,,,tayara
750.0,Ennasr,Ariana,,,tayara
0.0,Boumhel,Ben Arous,,,tayara
168000.0,Sousse,Sousse,,,tayara
0.0,Ezzahra,Ben Arous,,,tayara
680000.0,tunis,tunis,,,tayara
350000.0,Nabeul,Nabeul,,,tayara
1680000.0,Mohamedia,Ben Arous,,,tayara
170000.0,Mnihla,Ariana,,,tayara
0.0,Ezzahra,Ben Arous,,,tayara
95000.0,Chatt mariem,Sousse,,,tayara
315000.0,Ksibet El Médiouni,Monastir,,,tayara
130000.0,Kélibia,Nabeul,,,tayara
1500.0,Ain Zaghouen,Tunis,,,tayara
1600000.0,tunis,tunis,,,tayara
500.0,Hammam Lif,Ben Arous,,,tayara
25000.0,Fouchana,Ben Arous,,,tayara
35000.0,Kélibia,Nabeul,,,tayara
6000.0,Hammamet,Nabeul,,,tayara
1200.0,Ezzahra,Ben Arous,,,tayara
300000.0,L Aouina,Tunis,,,tayara
200.0,Route GREMDA,Sfax,,,tayara
30.0,M Saken,Sousse,,,tayara
3100.0,Hammamet Nord,Nabeul,,,tayara
1300.0,La Soukra,Ariana,,,tayara
415000.0,Mrezga,Nabeul,,,tayara
180000.0,tunis,tunis,,,tayara
145000.0,Tunis,Tunis,,,tayara
1500.0,Tunis,Tunis,,,tayara
1556.0,Ariana Ville,Ariana,,,tayara
1700.0,Ariana Ville,Ariana,,,tayara
200000.0,Tunis,Tunis,,,tayara
5000.0,Charguia 1,Ariana,,,tayara
2500.0,Charguia 1,Ariana,,,tayara
5500.0,Lac 2,Tunis,,,tayara
1500.0,Lac 2,Tunis,,,tayara
1800.0,Montplaisir,Tunis,,,tayara
3200.0,Montplaisir,Tunis,,,tayara
1400.0,Montplaisir,Tunis,,,tayara
1800.0,Montplaisir,Tunis,,,tayara
2500.0,Medina Jedida,Ben Arous,,,tayara
680000.0,Mrezga,Nabeul,,,tayara
0.0,El Menzah 7,Ariana,,,tayara
275000.0,Chatt mariem,Sousse,,,tayara
570000.0,Kélibia,Nabeul,,,tayara
2200.0,El Menzah 9,Tunis,,,tayara
500.0,Hammam Lif,Ben Arous,,,tayara
1450.0,Jardins De Carthage,Tunis,,,tayara
1.0,Jardins De Carthage,Tunis,,,tayara
1.0,tunis,tunis,,,tayara
2500.0,tunis,tunis,,,tayara
1.0,Tunis,Tunis,,,tayara
3600.0,Lac 1,Tunis,,,tayara
2000.0,La Soukra,Ariana,,,tayara
4600.0,Lac 1,Tunis,,,tayara
420.0,Borj Louzir,Ariana,,,tayara
150.0,La Marsa,Tunis,,,tayara
335000.0,Ezzahra,Ben Arous,,,tayara
140.0,Hergla,Sousse,,,tayara
1850.0,Soliman,Nabeul,,,tayara
4500.0,Charguia 2,Ariana,,,tayara
475000.0,Kélibia,Nabeul,,,tayara
590000.0,Mrezga,Nabeul,,,tayara
258500.0,Mrezga,Nabeul,,,tayara
7200.0,Borj Cedria,Ben Arous,,,tayara
1600.0,La Soukra,Ariana,,,tayara
1750.0,El Manar 1,Tunis,,,tayara
1000.0,Jardins De Carthage,Tunis,,,tayara
150.0,Monastir,Monastir,,,tayara
1050.0,Ezzahra,Ben Arous,,,tayara
2000.0,Jardins De Carthage,Tunis,,,tayara
1.0,Carthage,Tunis,,,tayara
225000.0,Ben Arous,Ben Arous,,,tayara
950000.0,Hammamet,Nabeul,,,tayara
15000.0,Fouchana,Ben Arous,,,tayara
2000.0,El Menzah 1,Tunis,,,tayara
390000.0,El Menzah 1,Tunis,,,tayara
1200.0,Mégrine,Ben Arous,,,tayara
400.0,Soliman,Nabeul,,,tayara
700.0,Hammam Sousse,Sousse,,,tayara
400.0,Hraïria,Tunis,,,tayara
100.0,Bizerte Nord,Bizerte,,,tayara
10000000.0,Sahloul,Sousse,,,tayara
1.0,Ettadhamen,Ariana,,,tayara
0.0,Tunis,Tunis,,,tayara
2500.0,Chatt mariem,Sousse,,,tayara
1370.0,Hammam Sousse,Sousse,,,tayara
700.0,tunis,tunis,,,tayara
850.0,Khzema,Sousse,,,tayara
1000.0,La Soukra,Ariana,,,tayara
0.0,Sousse Sidi Abdelhamid,Sousse,,,tayara
270400.0,La Manouba,La Manouba,,,tayara
750.0,Hammam Sousse,Sousse,,,tayara
0.0,Akouda,Sousse,,,tayara
0.0,tunis,tunis,,,tayara
300.0,Kalaâ Kebira,Sousse,,,tayara
0.0,Route El Afrane,Sfax,,,tayara
450000.0,Kalaâ Kebira,Sousse,,,tayara
0.0,Sidi Bou Ali,Sousse,,,tayara
5000.0,Akouda,Sousse,,,tayara
870000.0,Sahloul,Sousse,,,tayara
0.0,Kalaâ Kebira,Sousse,,,tayara
1200000.0,Kalaâ Kebira,Sousse,,,tayara
0.0,Kalaâ Sghira,Sousse,,,tayara
0.0,Kondar,Sousse,,,tayara
627850.0,Sousse Jawhara,Sousse,,,tayara
0.0,Kalaâ Kebira,Sousse,,,tayara
0.0,Khzema,Sousse,,,tayara
4000.0,Mutuelleville,Tunis,,,tayara
4000.0,El Menzah 9,Tunis,,,tayara
2700.0,Montplaisir,Tunis,,,tayara
1400.0,Kasserine,Kasserine,,,tayara
256000.0,Kalaâ Kebira,Sousse,,,tayara
657000.0,Kantaoui,Sousse,,,tayara
0.0,Akouda,Sousse,,,tayara
1250.0,Khzema,Sousse,,,tayara
210000.0,Hammam Sousse,Sousse,,,tayara
530000.0,Kalaâ Kebira,Sousse,,,tayara
145000.0,Chatt mariem,Sousse,,,tayara
220000.0,Chatt mariem,Sousse,,,tayara
206400.0,Kalaâ Kebira,Sousse,,,tayara
624750.0,Akouda,Sousse,,,tayara
700700.0,Sahloul,Sousse,,,tayara
0.0,Kalaâ Kebira,Sousse,,,tayara
1450.0,Khzema,Sousse,,,tayara
230000.0,Kalaâ Kebira,Sousse,,,tayara
238000.0,Kalaâ Kebira,Sousse,,,tayara
156000.0,Kalaâ Kebira,Sousse,,,tayara
0.0,Chatt mariem,Sousse,,,tayara
0.0,Chatt mariem,Sousse,,,tayara
0.0,Chatt mariem,Sousse,,,tayara
250000.0,Chatt mariem,Sousse,,,tayara
250.0,Bou Argoub,Nabeul,,,tayara
0.0,Ariana,Ariana,,,tayara
3200.0,Ben Arous,Ben Arous,,,tayara
100.0,Borj Louzir,Ariana,,,tayara
1200.0,La Soukra,Ariana,,,tayara
3400.0,Bizerte Nord,Bizerte,,,tayara
180000.0,Raoued,Ariana,,,tayara
2500.0,Montplaisir,Tunis,,,tayara
80.0,Ain Zaghouan Nord,Tunis,,,tayara
101.0,tunis,tunis,,,tayara
0.0,Ariana,Ariana,,,tayara
490.0,Riadh Andalous,Ariana,,,tayara
650.0,El Manar 1,Tunis,,,tayara
4000.0,El Menzah 7,Ariana,,,tayara
350.0,Sidi Hassine,Tunis,,,tayara
60.0,Monastir,Monastir,,,tayara
260000.0,El Menzah 7,Ariana,,,tayara
1.0,Kairouan,Kairouan,,,tayara
950.0,Ain Zaghouan Sud,Tunis,,,tayara
490.0,Zarzis,Médenine,,,tayara
0.0,Sousse,Sousse,,,tayara
540000.0,tunis,tunis,,,tayara
1200.0,Cité Ennasr 2,Ariana,,,tayara
2200.0,Nouvelle Ariana,Ariana,,,tayara
950.0,L Aouina,Tunis,,,tayara
399999.0,Kalaâ Kebira,Sousse,,,tayara
0.0,Route TANIOUR,Sfax,,,tayara
750000.0,Route El Ain,Sfax,,,tayara
138000.0,Route de GABES,Sfax,,,tayara
210000.0,Sfax,Sfax,,,tayara
610000.0,Sousse,Sousse,,,tayara
240000.0,Mrezga,Nabeul,,,tayara
650.0,tunis,tunis,,,tayara
95000.0,Tunis,Tunis,,,tayara
125.0,Hammamet Centre,Nabeul,,,tayara
240000.0,El Haouaria,Nabeul,,,tayara
380.0,Fouchana,Ben Arous,,,tayara
87000.0,Hammamet,Nabeul,,,tayara
1400.0,L Aouina,Tunis,,,tayara
275000.0,Riadh Andalous,Ariana,,,tayara
5000.0,La Marsa,Tunis,,,tayara
5500.0,La Soukra,Ariana,,,tayara
2500.0,La Marsa,Tunis,,,tayara
2500.0,Lac 2,Tunis,,,tayara
0.0,Kélibia,Nabeul,,,tayara
950.0,tunis,tunis,,,tayara
320000.0,Kélibia,Nabeul,,,tayara
2600.0,Jardins De Carthage,Tunis,,,tayara
240000.0,Hammam Ghezèze,Nabeul,,,tayara
1800.0,Ain Zaghouen,Tunis,,,tayara
1.0,Manouba Ville,La Manouba,,,tayara
250000.0,Route de l'aéroport,Sfax,,,tayara
325000.0,Medina Jedida,Ben Arous,,,tayara
0.0,Monastir,Monastir,,,tayara
300.0,Cité Olympique,Tunis,,,tayara
235000.0,Mornag,Ben Arous,,,tayara
140000.0,Route de l'aéroport,Sfax,,,tayara
65000.0,Kélibia,Nabeul,,,tayara
506000.0,Menzel Bourguiba,Bizerte,,,tayara
750000.0,Menzel Jemil,Bizerte,,,tayara
750000.0,Bizerte Nord,Bizerte,,,tayara
171000.0,tunis,tunis,,,tayara
1.0,Monastir,Monastir,,,tayara
3500.0,Hammamet,Nabeul,,,tayara
1600.0,Nabeul,Nabeul,,,tayara
2500.0,Hammamet,Nabeul,,,tayara
630000.0,Hammamet,Nabeul,,,tayara
11.0,Tebourba,La Manouba,,,tayara
60000.0,Gabès Médina,Gabès,,,tayara
630000.0,Hammam Ghezèze,Nabeul,,,tayara
1500.0,Ariana,Ariana,,,tayara
140.0,Route Mehdia,Sfax,,,tayara
260000.0,Sahloul,Sousse,,,tayara
5800000.0,tunis,tunis,,,tayara
0.0,tunis,tunis,,,tayara
445000.0,Mrezga,Nabeul,,,tayara
490.0,Bizerte,Bizerte,,,tayara
2500.0,tunis,tunis,,,tayara
280000.0,tunis,tunis,,,tayara
848.0,Ezzahra,Ben Arous,,,tayara
235000.0,Kélibia,Nabeul,,,tayara
300000.0,Hammamet,Nabeul,,,tayara
720000.0,Mahdia,Mahdia,,,tayara
1500000.0,tunis,tunis,,,tayara
1200.0,L Aouina,Tunis,,,tayara
800.0,tunis,tunis,,,tayara
950.0,L Aouina,Tunis,,,tayara
2000.0,Ariana Ville,Ariana,,,tayara
450.0,Khzema,Sousse,,,tayara
3000.0,Centre Ville Lafayette,Tunis,,,tayara
1.0,El Manar 2,Tunis,,,tayara
100.0,La Goulette,Tunis,,,tayara
600.0,Nabeul,Nabeul,,,tayara
1100.0,L Aouina,Tunis,,,tayara
1300000.0,tunis,tunis,,,tayara
0.0,Autres Villes,Sousse,,,tayara
0.0,Ariana,Ariana,,,tayara
0.0,Centre Urbain Nord,Tunis,,,tayara
0.0,Cité Ennasr 2,Ariana,,,tayara
1299.0,Monastir,Monastir,,,tayara
400.0,Mahdia,Mahdia,,,tayara
750.0,Nabeul,Nabeul,,,tayara
445000.0,Mrezga,Nabeul,,,tayara
650000.0,Kélibia,Nabeul,,,tayara
1700.0,Hammamet,Nabeul,,,tayara
850.0,La Soukra,Ariana,,,tayara
720000.0,Borj Louzir,Ariana,,,tayara
850.0,Nabeul,Nabeul,,,tayara
900.0,La Soukra,Ariana,,,tayara
200.0,Cité Ennasr 2,Ariana,,,tayara
0.0,Route MANZEL CHAKER,Sfax,,,tayara
1500.0,tunis,tunis,,,tayara
750.0,Mrezga,Nabeul,,,tayara
1050.0,La Soukra,Ariana,,,tayara
550.0,Ghazela,Ariana,,,tayara
405000.0,Mrezga,Nabeul,,,tayara
2000.0,Hammamet,Nabeul,,,tayara
1150.0,La Soukra,Ariana,,,tayara
710000.0,Nabeul,Nabeul,,,tayara
790000.0,Nabeul,Nabeul,,,tayara
175000.0,Kélibia,Nabeul,,,tayara
1700.0,Jardins De Carthage,Tunis,,,tayara
260000.0,tunis,tunis,,,tayara
3500.0,La Marsa,Tunis,,,tayara
140000.0,Sidi Hassine,Tunis,,,tayara
110.0,Sfax,Sfax,,,tayara
80000.0,Medina Jedida,Ben Arous,,,tayara
0.0,Bizerte,Bizerte,,,tayara
1.0,Lac 2,Tunis,,,tayara
110000.0,Route de l'aéroport,Sfax,,,tayara
200.0,Route El Ain,Sfax,,,tayara
500.0,Radès,Ben Arous,,,tayara
2500.0,Ennasr,Ariana,,,tayara
1.0,Le Kram,Tunis,,,tayara
1100.0,Hammam Sousse,Sousse,,,tayara
1.0,Lac 2,Tunis,,,tayara
1100.0,L Aouina,Tunis,,,tayara
450.0,Sousse Jawhara,Sousse,,,tayara
1.0,La Soukra,Ariana,,,tayara
0.0,Hammamet Nord,Nabeul,,,tayara
1500.0,Tunis,Tunis,,,tayara
1600000.0,Béni Khiar,Nabeul,,,tayara
1650.0,Jardins De Carthage,Tunis,,,tayara
670.0,Hammamet Nord,Nabeul,,,tayara
1.0,La Marsa,Tunis,,,tayara
1050.0,tunis,tunis,,,tayara
534997.0,tunis,tunis,,,tayara
0.0,El Menzah 1,Tunis,,,tayara
1.0,Bab Souika,Tunis,,,tayara
270.0,tunis,tunis,,,tayara
285000.0,Ain Zaghouan Nord,Tunis,,,tayara
2400.0,Jardins De Carthage,Tunis,,,tayara
600000.0,Enfidha,Sousse,,,tayara
120.0,Hammamet,Nabeul,,,tayara
550000.0,Lac 1,Tunis,,,tayara
1700.0,Lac 2,Tunis,,,tayara
4500.0,L Aouina,Tunis,,,tayara
670000.0,Menzel Temime,Nabeul,,,tayara
10.0,Métouia,Gabès,,,tayara
1300.0,Sidi Bou Said,Tunis,,,tayara
1500.0,Hammam Sousse,Sousse,,,tayara
0.0,Béja Nord,Béja,,,tayara
0.0,Autres Villes,Sfax,,,tayara
360.0,La Marsa,Tunis,,,tayara
205000.0,Medina Jedida,Ben Arous,,,tayara
400.0,Ain Zaghouen,Tunis,,,tayara
7800.0,Lac 1,Tunis,,,tayara
205000.0,Medina Jedida,Ben Arous,,,tayara
1400.0,Mahdia,Mahdia,,,tayara
1100.0,Hammam Sousse,Sousse,,,tayara
1.0,Korba,Nabeul,,,tayara
80.0,Cité Olympique,Tunis,,,tayara
150000.0,Sidi Hassine,Tunis,,,tayara
7800.0,Lac 1,Tunis,,,tayara
1150.0,L Aouina,Tunis,,,tayara
180000.0,Ariana Essoughra,Ariana,,,tayara
260000.0,Mrezga,Nabeul,,,tayara
625000.0,Autres Villes,Ben Arous,,,tayara
140000.0,Sahloul,Sousse,,,tayara
2600.0,Hammamet,Nabeul,,,tayara
3800.0,La Marsa,Tunis,,,tayara
2.0,Monastir,Monastir,,,tayara
0.0,Autres Villes,Ariana,,,tayara
0.0,Béni Khiar,Nabeul,,,tayara
0.0,Mnihla,Ariana,,,tayara
0.0,Béni Khiar,Nabeul,,,tayara
1300.0,Hammamet Nord,Nabeul,,,tayara
870.0,Mrezga,Nabeul,,,tayara
850.0,tunis,tunis,,,tayara
90.0,Ennasr,Ariana,,,tayara
600.0,Mrezga,Nabeul,,,tayara
2700000.0,Kélibia,Nabeul,,,tayara
1100000000.0,Mrezga,Nabeul,,,tayara
2300.0,Jardins De Carthage,Tunis,,,tayara
0.0,Borj Louzir,Ariana,,,tayara
0.0,Kantaoui,Sousse,,,tayara
1.0,Kantaoui,Sousse,,,tayara
1.0,Khzema,Sousse,,,tayara
0.0,Khzema,Sousse,,,tayara
1.0,Khzema,Sousse,,,tayara
1.0,Sousse,Sousse,,,tayara
480000.0,Hammamet Nord,Nabeul,,,tayara
1.0,Sousse,Sousse,,,tayara
60.0,Le Kram,Tunis,,,tayara
500.0,Douar Hicher,La Manouba,,,tayara
2000.0,Cité Ennasr 2,Ariana,,,tayara
74000.0,Sfax Ville,Sfax,,,tayara
100000.0,Kélibia,Nabeul,,,tayara
0.0,Mrezga,Nabeul,,,tayara
210000.0,Fouchana,Ben Arous,,,tayara
570.0,Hammam Sousse,Sousse,,,tayara
1200.0,tunis,tunis,,,tayara
400.0,Bouficha,Sousse,,,tayara
1.0,La Manouba,La Manouba,,,tayara
686000.0,Chotrana 1,Ariana,,,tayara
0.0,Chotrana 1,Ariana,,,tayara
650.0,Hammam Sousse,Sousse,,,tayara
1400.0,L Aouina,Tunis,,,tayara
125000.0,Kélibia,Nabeul,,,tayara
700.0,tunis,tunis,,,tayara
0.0,Le Kef,Le Kef,,,tayara
1439900.0,Charguia 1,Ariana,,,tayara
2100.0,Lac 2,Tunis,,,tayara
3800.0,El Mourouj,Ben Arous,,,tayara
1000.0,L Aouina,Tunis,,,tayara
30000.0,Ain Zaghouan Nord,Tunis,,,tayara
950.0,Les Jardins El Menzah 2,Ariana,,,tayara
210.0,El Kabaria,Tunis,,,tayara
0.0,L Aouina,Tunis,,,tayara
490000.0,Ariana,Ariana,,,tayara
0.0,Khzema,Sousse,,,tayara
32.0,Autres Villes,Ben Arous,,,tayara
100.0,Ariana,Ariana,,,tayara
0.0,Sahloul,Sousse,,,tayara
1.0,Ezzouhour,Tunis,,,tayara
300.0,Cité Olympique,Tunis,,,tayara
180000.0,tunis,tunis,,,tayara
0.0,Ras Jebel,Bizerte,,,tayara
80.0,Agba,Tunis,,,tayara
90.0,Béni Khiar,Nabeul,,,tayara
341000.0,Chotrana 3,Ariana,,,tayara
63.0,Sakiet Eddaïer,Sfax,,,tayara
1.0,Lac 1,Tunis,,,tayara
120000.0,El Ksar,Gafsa,,,tayara
10.0,Route TANIOUR,Sfax,,,tayara
1000.0,Sahloul,Sousse,,,tayara
1200.0,Ain Zaghouen,Tunis,,,tayara
600.0,Bizerte Nord,Bizerte,,,tayara
950.0,L Aouina,Tunis,,,tayara
3500.0,La Soukra,Ariana,,,tayara
295000.0,El Manar 2,Tunis,,,tayara
850.0,El Omrane Supérieur,Tunis,,,tayara
2800.0,Gammarth,Tunis,,,tayara
39000.0,Akouda,Sousse,,,tayara
325000.0,Akouda,Sousse,,,tayara
730000.0,Akouda,Sousse,,,tayara
34000.0,Akouda,Sousse,,,tayara
325000.0,Kantaoui,Sousse,,,tayara
170000.0,Akouda,Sousse,,,tayara
80000.0,Kalaâ Kebira,Sousse,,,tayara
180000.0,Sousse,Sousse,,,tayara
1150000.0,Kalaâ Kebira,Sousse,,,tayara
950000.0,El Menzah 9,Tunis,,,tayara
5000.0,El Menzah 9,Tunis,,,tayara
180000.0,Cité Ennasr 2,Ariana,,,tayara
78000.0,El Menzah 9,Tunis,,,tayara
1300.0,Nouvelle Ariana,Ariana,,,tayara
1500.0,Medina Jedida,Ben Arous,,,tayara
650000.0,Kélibia,Nabeul,,,tayara
390000.0,Sahloul,Sousse,,,tayara
2000.0,tunis,tunis,,,tayara
640000.0,Jardins De Carthage,Tunis,,,tayara
2000.0,Bizerte Nord,Bizerte,,,tayara
550.0,Ghazela,Ariana,,,tayara
0.0,Route GREMDA,Sfax,,,tayara
155000.0,Radès,ben-arous,,,tayara
1900.0,Lac 2,Tunis,,,tayara
400.0,Route de l'aéroport,Sfax,,,tayara
10.0,Grombalia,Nabeul,,,tayara
750.0,Cité El Khadra,Tunis,,,tayara
449000.0,La Manouba,La Manouba,,,tayara
225000.0,Sahloul,Sousse,,,tayara
630000.0,Hammam Ghezèze,Nabeul,,,tayara
0.0,Cité Ennasr 2,Ariana,,,tayara
7000.0,tunis,tunis,,,tayara
0.0,Autres Villes,Tunis,,,tayara
1400.0,Medina Jedida,Ben Arous,,,tayara
980.0,La Marsa,Tunis,,,tayara
147999.0,Cité Ennasr 2,Ariana,,,tayara
600.0,Ghazela,Ariana,,,tayara
158000.0,tunis,tunis,,,tayara
300000.0,Kélibia,Nabeul,,,tayara
1.0,El Menzah 6,Ariana,,,tayara
340.0,Raoued,Ariana,,,tayara
800000.0,Bizerte,Bizerte,,,tayara
236000.0,Mrezga,Nabeul,,,tayara
475000.0,Kélibia,Nabeul,,,tayara
1.0,Fouchana,Ben Arous,,,tayara
1000.0,Borj Cedria,Ben Arous,,,tayara
1234.0,Mornag,Ben Arous,,,tayara
1500.0,tunis,tunis,,,tayara
340.0,Raoued,Ariana,,,tayara
240000.0,tunis,tunis,,,tayara
1500.0,Mégrine,Ben Arous,,,tayara
1100.0,Tunis Belvedere,Tunis,,,tayara
219.0,Hammam Chott,Ben Arous,,,tayara
430000.0,Ennasr,Ariana,,,tayara
320000.0,tunis,tunis,,,tayara
1.0,Mégrine,Ben Arous,,,tayara
1200.0,Autres Villes,Sfax,,,tayara
650000.0,tunis,tunis,,,tayara
540000.0,tunis,tunis,,,tayara
2100000000.0,Kheireddine Pacha,Tunis,,,tayara
1100.0,tunis,tunis,,,tayara
1111111.0,Charguia 2,Ariana,,,tayara
400.0,La Marsa,Tunis,,,tayara
1599.0,Charguia 1,Ariana,,,tayara
1.0,Mohamedia,Ben Arous,,,tayara
320000.0,tunis,tunis,,,tayara
7500000.0,Ezzahra,Ben Arous,,,tayara
130000.0,Monfleury,Tunis,,,tayara
1390000.0,Hammamet,Nabeul,,,tayara
185000.0,Ben Arous,Ben Arous,,,tayara
1.0,Radès,Ben Arous,,,tayara
1.0,Lac 2,Tunis,,,tayara
490000.0,Ennasr,Ariana,,,tayara
900000.0,Le Bardo,Tunis,,,tayara
214000.0,Alain Savary,Tunis,,,tayara
1200.0,tunis,tunis,,,tayara
1990000.0,Ennasr,Ariana,,,tayara
1900000.0,Mutuelleville,Tunis,,,tayara
190000.0,Manar,Tunis,,,tayara
150000.0,Ariana Essoughra,Ariana,,,tayara
18000.0,Cité jardin,Tunis,,,tayara
20000.0,Alain Savary,Tunis,,,tayara
40000.0,Cité jardin,Tunis,,,tayara
800.0,tunis,tunis,,,tayara
3800.0,Lac 2,Tunis,,,tayara
1900.0,Ariana Essoughra,Ariana,,,tayara
5500.0,Alain Savary,Tunis,,,tayara
1550.0,Ennasr,Ariana,,,tayara
850.0,El Manar 1,Tunis,,,tayara
1400.0,Mégrine,Ben Arous,,,tayara
0.0,Cité Ennasr 2,Ariana,,,tayara
3200.0,La Soukra,Ariana,,,tayara
720.0,tunis,tunis,,,tayara
700.0,Ben Arous,Ben Arous,,,tayara
600.0,Ben Arous,Ben Arous,,,tayara
2500.0,La Soukra,Ariana,,,tayara
1.0,Menzel Bouzelfa,Nabeul,,,tayara
225000.0,L Aouina,Tunis,,,tayara
340000.0,Hammam Sousse,Sousse,,,tayara
264993.0,tunis,tunis,,,tayara
350000.0,Sahloul,Sousse,,,tayara
2000.0,Akouda,Sousse,,,tayara
350000.0,Kantaoui,Sousse,,,tayara
2999.0,L Aouina,Tunis,,,tayara
2000.0,Kantaoui,Sousse,,,tayara
1200.0,Hammam Sousse,Sousse,,,tayara
2600.0,Hammam Sousse,Sousse,,,tayara
1200.0,Hammam Sousse,Sousse,,,tayara
235.0,Autres Villes,Ariana,,,tayara
1.0,Sidi Thabet,Ariana,,,tayara
690000.0,tunis,tunis,,,tayara
350.0,Sousse Riadh,Sousse,,,tayara
0.0,ROUTE SALTANIA,Sfax,,,tayara
1.0,tunis,tunis,,,tayara
316500.0,Mrezga,Nabeul,,,tayara
4500.0,El Menzah 5,Ariana,,,tayara
250.0,La Marsa,Tunis,,,tayara
200.0,Fouchana,Ben Arous,,,tayara
105000.0,Sousse Riadh,Sousse,,,tayara
120.0,Ain Zaghouan Nord,Tunis,,,tayara
500.0,Sahline,Monastir,,,tayara
0.0,Mahdia,Mahdia,,,tayara
0.0,Mrezga,Nabeul,,,tayara
1929200.0,Gammarth,Tunis,,,tayara
385000.0,L Aouina,Tunis,,,tayara
450.0,Douar Hicher,La Manouba,,,tayara
840.0,Medina Jedida,Ben Arous,,,tayara
274000.0,La Soukra,Ariana,,,tayara
1500.0,Hammam Sousse,Sousse,,,tayara
150.0,Tebourba,La Manouba,,,tayara
5000.0,tunis,tunis,,,tayara
300.0,Ain Zaghouen,Tunis,,,tayara
1800.0,Sfax,Sfax,,,tayara
0.0,La Marsa,Tunis,,,tayara
1900.0,Béni Khalled,Nabeul,,,tayara
1100.0,La Soukra,Ariana,,,tayara
1.0,El Menzah 7,Ariana,,,tayara
2500.0,Chotrana 3,Ariana,,,tayara
2150.0,Jardins De Carthage,Tunis,,,tayara
1300.0,Centre Ville Lafayette,Tunis,,,tayara
120000.0,Ezzahra,Ben Arous,,,tayara
50000.0,Kélibia,Nabeul,,,tayara
129999.0,Mnihla,Ariana,,,tayara
900.0,Autres Villes,Sousse,,,tayara
2500.0,Raoued,Ariana,,,tayara
700.0,Carthage,Tunis,,,tayara
139999.0,Raoued,Ariana,,,tayara
100000.0,Soliman,Nabeul,,,tayara
80000.0,El Manar 2,Tunis,,,tayara
6000.0,Montplaisir,Tunis,,,tayara
450000.0,tunis,tunis,,,tayara
175000.0,Menzel Jemil,Bizerte,,,tayara
50.0,Sakiet Eddaïer,Sfax,,,tayara
190000.0,Radès,Ben Arous,,,tayara
750.0,Ras Jebel,Bizerte,,,tayara
1950.0,Sidi Daoud,Tunis,,,tayara
2000.0,La Soukra,Ariana,,,tayara
1100.0,L Aouina,Tunis,,,tayara
3500.0,La Soukra,Ariana,,,tayara
850.0,tunis,tunis,,,tayara
65.0,Ariana,Ariana,,,tayara
0.0,Borj Louzir,Ariana,,,tayara
450.0,Borj Cedria,Ben Arous,,,tayara
3300.0,Lac 1,Tunis,,,tayara
2500.0,La Marsa,Tunis,,,tayara
123.0,Jendouba,Jendouba,,,tayara
1550.0,Ain Zaghouen,Tunis,,,tayara
130000.0,L Aouina,Tunis,,,tayara
1150.0,L Aouina,Tunis,,,tayara
1150.0,tunis,tunis,,,tayara
249000.0,Khzema,Sousse,,,tayara
1500.0,La Marsa,Tunis,,,tayara
1000.0,L Aouina,Tunis,,,tayara
600.0,El Manar 1,Tunis,,,tayara
1100.0,tunis,tunis,,,tayara
5300.0,Charguia 2,Ariana,,,tayara
1700.0,Centre Urbain Nord,Tunis,,,tayara
0.0,Centre Urbain Nord,Tunis,,,tayara
1700.0,Centre Urbain Nord,Tunis,,,tayara
2000.0,Lac 2,Tunis,,,tayara
2500.0,Lac 1,Tunis,,,tayara
2400.0,Lac 1,Tunis,,,tayara
3000.0,Lac 1,Tunis,,,tayara
2420.0,Lac 2,Tunis,,,tayara
3400.0,Raoued,Ariana,,,tayara
1200.0,Montplaisir,Tunis,,,tayara
33000.0,Medina Jedida,Ben Arous,,,tayara
1800.0,Montplaisir,Tunis,,,tayara
1800.0,Montplaisir,Tunis,,,tayara
1700.0,Montplaisir,Tunis,,,tayara
4500.0,Montplaisir,Tunis,,,tayara
0.0,Fouchana,Ben Arous,,,tayara
500.0,Sfax Ville,Sfax,,,tayara
750.0,Le Bardo,Tunis,,,tayara
0.0,Monastir,Monastir,,,tayara
1.0,Kalaâ Kebira,Sousse,,,tayara
1299.0,Radès,Ben Arous,,,tayara
165000.0,Medina Jedida,Ben Arous,,,tayara
2700.0,Lac 1,Tunis,,,tayara
1.0,Lac 1,Tunis,,,tayara
1.0,Lac 2,Tunis,,,tayara
0.0,tunis,tunis,,,tayara
399999.0,tunis,tunis,,,tayara
1000.0,La Marsa,Tunis,,,tayara
2500.0,Centre Urbain Nord,Tunis,,,tayara
1000.0,Ezzahra,Ben Arous,,,tayara
1500.0,Cité Olympique,Tunis,,,tayara
2200.0,tunis,tunis,,,tayara
500.0,tunis,tunis,,,tayara
0.0,Tunis,Tunis,,,tayara
1000.0,Hammam Sousse,Sousse,,,tayara
1050000.0,Hammamet Nord,Nabeul,,,tayara
620000.0,Ariana,Ariana,,,tayara
80.0,Manar,Tunis,,,tayara
25633456.0,L Aouina,Tunis,,,tayara
180000.0,Chotrana 1,Ariana,,,tayara
1300.0,tunis,tunis,,,tayara
270.0,Tabarka,Jendouba,,,tayara
0.0,Mornag,Ben Arous,,,tayara
2200.0,Khzema,Sousse,,,tayara
568000.0,Sousse Jawhara,Sousse,,,tayara
1.0,tunis,tunis,,,tayara
3000000.0,Cité Ennasr 2,Ariana,,,tayara
3400.0,La Manouba,La Manouba,,,tayara
120000.0,Fouchana,Ben Arous,,,tayara
1.0,Téboulba,Monastir,,,tayara
103000.0,Chatt mariem,Sousse,,,tayara
270000.0,Chatt mariem,Sousse,,,tayara
370000.0,Chatt mariem,Sousse,,,tayara
6500000.0,Borj Cedria,Ben Arous,,,tayara
160000.0,Route El Afrane,Sfax,,,tayara
1800.0,L Aouina,Tunis,,,tayara
138000.0,Mornag,Ben Arous,,,tayara
1200.0,Ain Zaghouan Nord,Tunis,,,tayara
470000.0,Sakiet Ezzit,Sfax,,,tayara
885000.0,Chatt mariem,Sousse,,,tayara
1264500000.0,Mezzraya,Médenine,,,tayara
160.0,Hammamet,Nabeul,,,tayara
950.0,tunis,tunis,,,tayara
1500.0,La Marsa,Tunis,,,tayara
2000.0,Le Bardo,Tunis,,,tayara
1000.0,Le Bardo,Tunis,,,tayara
1100.0,Le Bardo,Tunis,,,tayara
680000.0,Le Bardo,Tunis,,,tayara
152000.0,Khaznadar,Tunis,,,tayara
950000.0,Le Bardo,Tunis,,,tayara
100.0,Route de l'aéroport,Sfax,,,tayara
900.0,Le Bardo,Tunis,,,tayara
315000.0,La Manouba,La Manouba,,,tayara
1700000.0,Route GREMDA,Sfax,,,tayara
900.0,El Manar 2,Tunis,,,tayara
420.0,tunis,tunis,,,tayara
180.0,Fouchana,Ben Arous,,,tayara
90000.0,Ras Jebel,Bizerte,,,tayara
0.0,Sfax,Sfax,,,tayara
0.0,Ain Draham,Jendouba,,,tayara
0.0,Le Kef,Le Kef,,,tayara
1100.0,Route TANIOUR,Sfax,,,tayara
1100.0,Route El Afrane,Sfax,,,tayara
375000.0,Sbikha,Kairouan,,,tayara
950.0,El Omrane Supérieur,Tunis,,,tayara
260000.0,Tunis,Tunis,,,tayara
1300.0,L Aouina,Tunis,,,tayara
215000.0,L Aouina,Tunis,,,tayara
247000.0,Ain Zaghouan Nord,Tunis,,,tayara
350.0,Khzema,Sousse,,,tayara
0.0,La Marsa,Tunis,,,tayara
695000.0,tunis,tunis,,,tayara
190.0,Kairouan Sud,Kairouan,,,tayara
4000.0,tunis,tunis,,,tayara
249.0,Route TANIOUR,Sfax,,,tayara
27.0,Route Soukra,Sfax,,,tayara
50.0,Bizerte,Bizerte,,,tayara
895000.0,Nouvelle Ariana,Ariana,,,tayara
0.0,Tebourba,La Manouba,,,tayara
255000.0,Manar,Tunis,,,tayara
500.0,Sousse,Sousse,,,tayara
1.0,Ezzouhour,Tunis,,,tayara
800.0,Mrezga,Nabeul,,,tayara
2000.0,La Marsa,Tunis,,,tayara
850.0,Le Bardo,Tunis,,,tayara
1.0,Lac 2,Tunis,,,tayara
1450.0,Yasmine Hammamet,Nabeul,,,tayara
350.0,Sfax Ville,Sfax,,,tayara
1111111.0,Boumhel,Ben Arous,,,tayara
4000.0,La Manouba,La Manouba,,,tayara
0.0,Sfax Ville,Sfax,,,tayara
555.0,tunis,tunis,,,tayara
3200.0,tunis,tunis,,,tayara
165.0,Hammamet,Nabeul,,,tayara
0.0,Sfax Ville,Sfax,,,tayara
265000.0,Boumhel,Ben Arous,,,tayara
1100.0,tunis,tunis,,,tayara
950.0,Chatt mariem,Sousse,,,tayara
550.0,Sousse Médina,Sousse,,,tayara
1800.0,La Marsa,Tunis,,,tayara
700.0,tunis,tunis,,,tayara
1200.0,Soliman,Nabeul,,,tayara
0.0,Gabès Sud,Gabès,,,tayara
255000.0,Hammam Lif,Ben Arous,,,tayara
190000.0,L Aouina,Tunis,,,tayara
150.0,Jardins De Carthage,Tunis,,,tayara
150.0,Jardins De Carthage,Tunis,,,tayara
42500.0,Kélibia,Nabeul,,,tayara
92000.0,Mnihla,Ariana,,,tayara
600.0,Raoued,Ariana,,,tayara
0.0,Route El Afrane,Sfax,,,tayara
1300.0,Ben Arous,Ben Arous,,,tayara
100.0,Melita,Médenine,,,tayara
750.0,tunis,tunis,,,tayara
950.0,Ain Zaghouan Nord,Tunis,,,tayara
160.0,Autres Villes,Béja,,,tayara
65.0,Ariana,Ariana,,,tayara
1.0,Gabès Sud,Gabès,,,tayara
270000.0,tunis,tunis,,,tayara
1400.0,Ariana Ville,Ariana,,,tayara
500.0,El Mida,Nabeul,,,tayara
400.0,Ariana,Ariana,,,tayara
30.0,Kairouan,Kairouan,,,tayara
780.0,Ariana Ville,Ariana,,,tayara
800.0,Autres Villes,Sousse,,,tayara
580.0,Raoued,Ariana,,,tayara
205000.0,Hammam Ghezèze,Nabeul,,,tayara
6.0,Ennasr,Ariana,,,tayara
0.0,tunis,tunis,,,tayara
430.0,tunis,tunis,,,tayara
1100.0,Kantaoui,Sousse,,,tayara
379.0,Monastir,Monastir,,,tayara
158000.0,Menzel Chaker,Sfax,,,tayara
8500.0,El Menzah 8,Ariana,,,tayara
4500.0,Mutuelleville,Tunis,,,tayara
5435.0,Lac 1,Tunis,,,tayara
54600.0,Centre Ville Lafayette,Tunis,,,tayara
5900.0,Cité jardin,Tunis,,,tayara
1350000.0,El Manar 2,Tunis,,,tayara
4700.0,Mutuelleville,Tunis,,,tayara
1550.0,Ain Zaghouan Nord,Tunis,,,tayara
1450.0,Mutuelleville,Tunis,,,tayara
1290000.0,tunis,tunis,,,tayara
24720.0,Charguia 2,Ariana,,,tayara
50500.0,Centre Ville Lafayette,Tunis,,,tayara
3000.0,tunis,tunis,,,tayara
168000.0,Sfax,sfax,,,tayara
200000.0,Route MANZEL CHAKER,Sfax,,,tayara
4500.0,El Menzah 6,Ariana,,,tayara
15000.0,Cité jardin,Tunis,,,tayara
0.0,Médenine Nord,Médenine,,,tayara
57000.0,Charguia 2,Ariana,,,tayara
3500.0,Jardins De Carthage,Tunis,,,tayara
2200.0,Centre Urbain Nord,Tunis,,,tayara
250000.0,Medina Jedida,Ben Arous,,,tayara
1000.0,Monastir,Monastir,,,tayara
420000.0,Mezzraya,Médenine,,,tayara
1200.0,Le Bardo,Tunis,,,tayara
210000.0,El Omrane Supérieur,Tunis,,,tayara
5000.0,Ariana,Ariana,,,tayara
28000000.0,Tunis,Tunis,,,tayara
1100.0,tunis,tunis,,,tayara
400.0,tunis,tunis,,,tayara
550.0,Sidi Hassine,Tunis,,,tayara
1050.0,Autres Villes,Ariana,,,tayara
660000.0,Djerba Midoun,Médenine,,,tayara
0.0,ROUTE SALTANIA,Sfax,,,tayara
67200.0,Ksour Essef,Mahdia,,,tayara
35.0,Route GREMDA,Sfax,,,tayara
20.0,Djerba Ajim,Médenine,,,tayara
80.0,Route GREMDA,Sfax,,,tayara
130.0,Grombalia,Nabeul,,,tayara
0.0,Autres Villes,Médenine,,,tayara
1100.0,Sousse Jawhara,Sousse,,,tayara
153400.0,Hammamet,Nabeul,,,tayara
90000.0,Bouficha,Sousse,,,tayara
0.0,Ghazela,Ariana,,,tayara
800.0,tunis,tunis,,,tayara
30.0,Djerba Ajim,Médenine,,,tayara
180.0,Ghazela,Ariana,,,tayara
1.0,Ettadhamen,Ariana,,,tayara
0.0,L Aouina,Tunis,,,tayara
50.0,Cité El Khadra,Tunis,,,tayara
160000.0,Ghar El Melh,Bizerte,,,tayara
1600.0,Sahloul,Sousse,,,tayara
860.0,Ain Zaghouen,Tunis,,,tayara
680.0,Sidi Daoud,Tunis,,,tayara
230000.0,tunis,tunis,,,tayara
550.0,Le Bardo,Tunis,,,tayara
690000.0,Borj Louzir,Ariana,,,tayara
690000.0,Borj Louzir,Ariana,,,tayara
11.0,Bizerte Sud,Bizerte,,,tayara
1100.0,Ben Arous,Ben Arous,,,tayara
550.0,Mahrès,Sfax,,,tayara
0.0,Le Bardo,Tunis,,,tayara
950.0,Ghazela,Ariana,,,tayara
0.0,La Soukra,Ariana,,,tayara
950.0,L Aouina,Tunis,,,tayara
165000.0,El Mourouj 3,Ben Arous,,,tayara
3500.0,Gammarth,Tunis,,,tayara
1111.0,Sahloul,Sousse,,,tayara
180000.0,Route Soukra,Sfax,,,tayara
487000.0,Sfax,Sfax,,,tayara
230000.0,Route de GABES,Sfax,,,tayara
455000.0,Sfax Ville,Sfax,,,tayara
85000.0,tunis,tunis,,,tayara
835000.0,Route de l'aéroport,Sfax,,,tayara
110.0,Cité Ennasr 2,Ariana,,,tayara
193.0,Hammamet,Nabeul,,,tayara
75.0,Lac 2,Tunis,,,tayara
1300000.0,Sousse,Sousse,,,tayara
350000.0,El Haouaria,Nabeul,,,tayara
680000.0,tunis,tunis,,,tayara
380000.0,tunis,tunis,,,tayara
450.0,El Omrane Supérieur,Tunis,,,tayara
320000.0,Cité Ennasr 2,Ariana,,,tayara
800.0,El Manar 1,Tunis,,,tayara
1650.0,Charguia 2,Ariana,,,tayara
35000.0,tunis,tunis,,,tayara
2000.0,El Menzah 8,Ariana,,,tayara
650000.0,El Menzah 5,Ariana,,,tayara
2000.0,tunis,tunis,,,tayara
3000.0,El Menzah 7,Ariana,,,tayara
865000.0,tunis,tunis,,,tayara
285000.0,El Menzah 7,Ariana,,,tayara
1000000.0,Charguia 2,Ariana,,,tayara
1699.0,Cité Ennasr 2,Ariana,,,tayara
1500.0,Cité Ennasr 2,Ariana,,,tayara
1500.0,Jardins El Menzah,Ariana,,,tayara
1400.0,El Menzah 9,Tunis,,,tayara
1899000.0,Les Jardins El Menzah 1,Ariana,,,tayara
85000.0,El Menzah 6,Ariana,,,tayara
1600.0,El Menzah 7,Ariana,,,tayara
1450.0,El Menzah 7,Ariana,,,tayara
730.0,Les Jardins El Menzah 2,Ariana,,,tayara
85000.0,Kantaoui,Sousse,,,tayara
1750000.0,Kalaâ Kebira,Sousse,,,tayara
1050.0,El Manar 1,Tunis,,,tayara
440000.0,tunis,tunis,,,tayara
370000.0,Sahloul,Sousse,,,tayara
800.0,Le Kram,Tunis,,,tayara
55.0,Kalaâ Kebira,Sousse,,,tayara
300000.0,Kélibia,Nabeul,,,tayara
850.0,El Manar 1,Tunis,,,tayara
0.0,Lac 2,Tunis,,,tayara
0.0,Hammamet Nord,Nabeul,,,tayara
700.0,Ben Arous,Ben Arous,,,tayara
600.0,Ben Arous,Ben Arous,,,tayara
5000.0,Fouchana,Ben Arous,,,tayara
240000.0,tunis,tunis,,,tayara
174999.0,tunis,tunis,,,tayara
200000.0,Radès,Ben Arous,,,tayara
270000.0,Radès,Ben Arous,,,tayara
240000.0,Medina Jedida,Ben Arous,,,tayara
7200.0,Borj Cedria,Ben Arous,,,tayara
455000.0,Medina Jedida,Ben Arous,,,tayara
700.0,Ben Arous,Ben Arous,,,tayara
1500.0,Mégrine,Ben Arous,,,tayara
260000.0,Radès,Ben Arous,,,tayara
340000.0,Sousse Médina,Sousse,,,tayara
1.0,La Manouba,La Manouba,,,tayara
4000.0,Montplaisir,Tunis,,,tayara
850.0,tunis,tunis,,,tayara
2000.0,Montplaisir,Tunis,,,tayara
1800.0,Montplaisir,Tunis,,,tayara
7200.0,Montplaisir,Tunis,,,tayara
111111.0,Sidi Hassine,Tunis,,,tayara
2900.0,La Marsa,Tunis,,,tayara
560.0,Ghazela,Ariana,,,tayara
0.0,Sfax,Sfax,,,tayara
850000.0,Montplaisir,Tunis,,,tayara
840000.0,tunis,tunis,,,tayara
890.0,Ghazela,Ariana,,,tayara
5500.0,La Marsa,Tunis,,,tayara
239000.0,L Aouina,Tunis,,,tayara
275000.0,Mahrès,Sfax,,,tayara
240000.0,Mahrès,Sfax,,,tayara
1100.0,La Soukra,Ariana,,,tayara
235000.0,tunis,tunis,,,tayara
1800.0,Chotrana 1,ariana,,,tayara
1600.0,Chotrana 1,Ariana,,,tayara
1300.0,Sidi Daoud,Tunis,,,tayara
1350.0,La Marsa,Tunis,,,tayara
245000.0,Hammam Sousse,Sousse,,,tayara
0.0,Sidi Bou Ali,Sousse,,,tayara
303000.0,Ezzahra,Ben Arous,,,tayara
0.0,Le Kef,Le Kef,,,tayara
700.0,El Manar 1,Tunis,,,tayara
180000.0,Téboulba,Monastir,,,tayara
700.0,El Manar 1,Tunis,,,tayara
0.0,El Omrane,Tunis,,,tayara
290000.0,Sfax Ville,Sfax,,,tayara
290000.0,El Haouaria,Nabeul,,,tayara
210000.0,Mrezga,Nabeul,,,tayara
6500000.0,Kantaoui,Sousse,,,tayara
850.0,Agba,Tunis,,,tayara
395000.0,Ain Zaghouen,Tunis,,,tayara
1600.0,Manar,Tunis,,,tayara
45000.0,Kélibia,Nabeul,,,tayara
800.0,tunis,tunis,,,tayara
0.0,Mrezga,Nabeul,,,tayara
0.0,Cité Ennasr 2,Ariana,,,tayara
135000.0,Ezzahra,Ben Arous,,,tayara
0.0,Ennasr,Ariana,,,tayara
1500.0,Jardins De Carthage,Tunis,,,tayara
1298.0,Cité Ennasr 2,Ariana,,,tayara
1100.0,Cité Olympique,Tunis,,,tayara
400.0,Mahdia,Mahdia,,,tayara
700.0,La Manouba,La Manouba,,,tayara
365000.0,L Aouina,Tunis,,,tayara
1300.0,tunis,tunis,,,tayara
100.0,Cité Ennasr 2,Ariana,,,tayara
0.0,Route El Afrane,Sfax,,,tayara
0.0,Monastir,Monastir,,,tayara
220.0,tunis,tunis,,,tayara
120000.0,Route de l'aéroport,Sfax,,,tayara
80.0,Hammamet Nord,Nabeul,,,tayara
800.0,Sahloul,Sousse,,,tayara
11111111.0,Akouda,Sousse,,,tayara
650000.0,Chotrana 2,Ariana,,,tayara
1.0,Cité Ennasr 2,Ariana,,,tayara
2400.0,Jardins De Carthage,Tunis,,,tayara
1500.0,Jardins De Carthage,Tunis,,,tayara
680.0,El Mourouj 5,Ben Arous,,,tayara
1.0,Siliana Sud,Siliana,,,tayara
1900000.0,Sousse Riadh,Sousse,,,tayara
1550.0,Chotrana 3,Ariana,,,tayara
13000.0,Tunis Belvedere,Tunis,,,tayara
3700.0,Centre Ville Lafayette,Tunis,,,tayara
1.0,Centre Ville Lafayette,Tunis,,,tayara
400.0,Route MHARZA,Sfax,,,tayara
410000.0,Mezzouna,Sidi Bouzid,,,tayara
1.0,Tunis,Tunis,,,tayara
1.0,Le Kram,Tunis,,,tayara
19500.0,Le Kram,Tunis,,,tayara
250.0,El Mida,Nabeul,,,tayara
45000.0,Lac 2,Tunis,,,tayara
90000.0,Tunis,Tunis,,,tayara
500.0,Nabeul,Nabeul,,,tayara
300.0,Tunis,Tunis,,,tayara
320000.0,tunis,tunis,,,tayara
0.0,Route GREMDA,Sfax,,,tayara
0.0,Route de GABES,Sfax,,,tayara
999.0,Hammamet,Nabeul,,,tayara
4000.0,Tunis,Tunis,,,tayara
400000.0,Bizerte,Bizerte,,,tayara
35.0,Denden,La Manouba,,,tayara
0.0,Borj Louzir,Ariana,,,tayara
10000.0,Bouficha,Sousse,,,tayara
65000.0,Sfax,Sfax,,,tayara
115.0,Sidi Hassine,Tunis,,,tayara
5000.0,L Aouina,Tunis,,,tayara
1.0,tunis,tunis,,,tayara
1.0,Charguia 2,Ariana,,,tayara
168000.0,L Aouina,Tunis,,,tayara
0.0,Autres Villes,Ariana,,,tayara
150000.0,ROUTE SALTANIA,Sfax,,,tayara
1500.0,L Aouina,Tunis,,,tayara
2100000.0,Kélibia,Nabeul,,,tayara
0.0,Yasmine Hammamet,Nabeul,,,tayara
2450000.0,Route de GABES,Sfax,,,tayara
670000.0,Route TANIOUR,Sfax,,,tayara
120000.0,Route de l'aéroport,Sfax,,,tayara
1615000.0,Sfax,Sfax,,,tayara
650.0,tunis,tunis,,,tayara
1500.0,El Menzah 8,Ariana,,,tayara
950.0,Bizerte Nord,Bizerte,,,tayara
750000.0,Hammamet,Nabeul,,,tayara
45000.0,Akouda,Sousse,,,tayara
900.0,L Aouina,Tunis,,,tayara
1150.0,L Aouina,Tunis,,,tayara
900.0,La Manouba,La Manouba,,,tayara
450000.0,Charguia 2,Ariana,,,tayara
1000.0,Sousse corniche,Sousse,,,tayara
350.0,Hammamet,Nabeul,,,tayara
0.0,Chotrana 1,Ariana,,,tayara
500.0,Sfax Médina,Sfax,,,tayara
240000.0,Route Mehdia,Sfax,,,tayara
285000.0,Le Bardo,Tunis,,,tayara
210000.0,Le Bardo,Tunis,,,tayara
1250.0,Le Bardo,Tunis,,,tayara
340000.0,Denden,La Manouba,,,tayara
205000.0,Le Bardo,Tunis,,,tayara
410000.0,Mahdia,Mahdia,,,tayara
1.0,Béni Khiar,Nabeul,,,tayara
184999.0,tunis,tunis,,,tayara
1150.0,Ain Zaghouen,Tunis,,,tayara
0.0,Mrezga,Nabeul,,,tayara
990000.0,Hammam Chott,Ben Arous,,,tayara
900000.0,Gammarth,Tunis,,,tayara
100.0,Raoued,Ariana,,,tayara
1500.0,L Aouina,Tunis,,,tayara
390000.0,El Menzah 7,Ariana,,,tayara
549998.0,Sidi Hassine,Tunis,,,tayara
149.0,Raoued,Ariana,,,tayara
150.0,Raoued,Ariana,,,tayara
45.0,Raoued,Ariana,,,tayara
800.0,Charguia 1,Ariana,,,tayara
950000.0,Ariana,Ariana,,,tayara
850.0,El Manar 1,Tunis,,,tayara
1300.0,L Aouina,Tunis,,,tayara
3.0,Sousse,Sousse,,,tayara
0.0,La Marsa,Tunis,,,tayara
1000.0,Ariana,Ariana,,,tayara
800.0,Kantaoui,Sousse,,,tayara
155000.0,Bizerte Nord,Bizerte,,,tayara
1000.0,Ghazela,Ariana,,,tayara
1495000000.0,Kantaoui,Sousse,,,tayara
11111.0,Route El Afrane,Sfax,,,tayara
384999.0,La Soukra,Ariana,,,tayara
260000.0,Route TANIOUR,Sfax,,,tayara
690000.0,Hammamet,Nabeul,,,tayara
750.0,L Aouina,Tunis,,,tayara
550.0,Mahdia,Mahdia,,,tayara
985.0,tunis,tunis,,,tayara
0.0,Hammamet Nord,Nabeul,,,tayara
1.0,Hammamet,Nabeul,,,tayara
620000.0,Mornag,Ben Arous,,,tayara
950.0,Cite Ennkhilet,Ariana,,,tayara
400.0,Le Bardo,Tunis,,,tayara
80.0,Kélibia,Nabeul,,,tayara
0.0,Sfax,Sfax,,,tayara
900.0,Riadh Andalous,Ariana,,,tayara
1800.0,Hammamet,Nabeul,,,tayara
5000.0,tunis,tunis,,,tayara
1200.0,Centre Ville Lafayette,Tunis,,,tayara
305000.0,Ezzahra,Ben Arous,,,tayara
260000.0,Hammam Lif,Ben Arous,,,tayara
350.0,Autres Villes,Tunis,,,tayara
600.0,Medina Jedida,Ben Arous,,,tayara
225000.0,Boumhel,Ben Arous,,,tayara
270000.0,Hammam Lif,Ben Arous,,,tayara
1.0,Hammamet,Nabeul,,,tayara
2700.0,El Menzah 9,Tunis,,,tayara
70.0,Soliman,Nabeul,,,tayara
150000.0,L Aouina,Tunis,,,tayara
5300.0,Centre Urbain Nord,Tunis,,,tayara
4000.0,Gammarth,Tunis,,,tayara
2400.0,Montplaisir,Tunis,,,tayara
1800.0,Montplaisir,Tunis,,,tayara
1.0,Ennasr,Ariana,,,tayara
260000.0,El Menzah 7,Ariana,,,tayara
25000.0,Kef Ouest,Le Kef,,,tayara
175000.0,Cité Ennasr 2,Ariana,,,tayara
75000.0,El Manar 2,Tunis,,,tayara
165000.0,Borj Cedria,Ben Arous,,,tayara
750000.0,El Menzah 9,Tunis,,,tayara
315000.0,Cité Ennasr 2,Ariana,,,tayara
1400.0,La Soukra,Ariana,,,tayara
3500.0,La Soukra,Ariana,,,tayara
1700.0,Jardins De Carthage,Tunis,,,tayara
3800.0,Hammam Lif,Ben Arous,,,tayara
1100.0,L Aouina,Tunis,,,tayara
1150.0,L Aouina,Tunis,,,tayara
650.0,Ariana,Ariana,,,tayara
650.0,Mornag,Ben Arous,,,tayara
390000.0,Cité Ennasr 2,Ariana,,,tayara
0.0,Gabès Sud,Gabès,,,tayara
900000.0,tunis,tunis,,,tayara
1200.0,El Menzah 9,Tunis,,,tayara
2320.0,Cité Ennasr 2,Ariana,,,tayara
2320.0,Cité Ennasr 2,Ariana,,,tayara
380000.0,Cité Ennasr 2,Ariana,,,tayara
1200.0,L Aouina,Tunis,,,tayara
1.0,Denden,La Manouba,,,tayara
265000.0,El Manar 2,Tunis,,,tayara
1800.0,Lac 1,Tunis,,,tayara
850000.0,La Marsa,Tunis,,,tayara
420000.0,Ennasr,Ariana,,,tayara
4933.0,Lac 1,Tunis,,,tayara
2300.0,Lac 1,Tunis,,,tayara
920000.0,Gammarth,Tunis,,,tayara
370000.0,tunis,tunis,,,tayara
0.0,Jardins El Menzah,Ariana,,,tayara
1200.0,Ezzahra,Ben Arous,,,tayara
4400.0,Lac 2,Tunis,,,tayara
3000.0,Radès,Ben Arous,,,tayara
495000.0,Mrezga,Nabeul,,,tayara
1298.0,Ennasr,Ariana,,,tayara
0.0,Monastir,Monastir,,,tayara
1200000.0,Manar,Tunis,,,tayara
0.0,Cité Ennasr 2,Ariana,,,tayara
1669998.0,Manar,Tunis,,,tayara
1459998.0,tunis,tunis,,,tayara
266680.0,Ain Zaghouen,Tunis,,,tayara
216000.0,L Aouina,Tunis,,,tayara
1600.0,Centre Ville Lafayette,Tunis,,,tayara
300.0,tunis,tunis,,,tayara
1.0,La Soukra,Ariana,,,tayara
850.0,Ariana Ville,Ariana,,,tayara
550.0,tunis,tunis,,,tayara
3500.0,Mnihla,Ariana,,,tayara
80000.0,Centre Ville Lafayette,Tunis,,,tayara
1.0,Goubellat,Béja,,,tayara
80.0,L Aouina,Tunis,,,tayara
460.0,tunis,tunis,,,tayara
98000.0,Bizerte,Bizerte,,,tayara
1300.0,Chotrana 1,Ariana,,,tayara
500.0,tunis,tunis,,,tayara
100000.0,Bizerte Nord,Bizerte,,,tayara
125000.0,Bizerte Nord,Bizerte,,,tayara
450.0,El Omrane Supérieur,Tunis,,,tayara
2100.0,tunis,tunis,,,tayara
60000.0,El Haouaria,Nabeul,,,tayara
1.0,Route de l'aéroport,Sfax,,,tayara
1500.0,Sahloul,Sousse,,,tayara
330000.0,Chatt mariem,Sousse,,,tayara
900.0,Manouba Ville,La Manouba,,,tayara
40000.0,Kalaâ Kebira,Sousse,,,tayara
0.0,Tunis,Tunis,,,tayara
120.0,El Haouaria,Nabeul,,,tayara
570.0,El Haouaria,Nabeul,,,tayara
0.0,tunis,tunis,,,tayara
160000.0,Le Bardo,Tunis,,,tayara
0.0,Route GREMDA,Sfax,,,tayara
199.0,Route TANIOUR,Sfax,,,tayara
1100.0,La Soukra,Ariana,,,tayara
760.0,Sfax,Sfax,,,tayara
900000.0,Bouficha,Sousse,,,tayara
0.0,La Manouba,La Manouba,,,tayara
250.0,Hammamet,Nabeul,,,tayara
25000.0,Hraïria,Tunis,,,tayara
1.0,Djerba Houmt Souk,Médenine,,,tayara
120000.0,Borj El Amri,La Manouba,,,tayara
850000.0,Ghazela,Ariana,,,tayara
495000.0,Ghazela,Ariana,,,tayara
380000.0,Mnihla,Ariana,,,tayara
186000.0,L Aouina,Tunis,,,tayara
2700.0,Jardins De Carthage,Tunis,,,tayara
1050.0,L Aouina,Tunis,,,tayara
1600.0,Cité Ennasr 2,Ariana,,,tayara
600.0,Chatt mariem,Sousse,,,tayara
1200.0,La Soukra,Ariana,,,tayara
170000.0,tunis,tunis,,,tayara
0.0,Kélibia,Nabeul,,,tayara
700.0,Sousse Jawhara,Sousse,,,tayara
5000.0,Borj Cedria,Ben Arous,,,tayara
950.0,Sahloul,Sousse,,,tayara
850.0,Sousse Jawhara,Sousse,,,tayara
1573199.0,Chotrana 3,Ariana,,,tayara
35000.0,Route Tunis,Sfax,,,tayara
266700.0,tunis,tunis,,,tayara
110000.0,Mohamedia,Ben Arous,,,tayara
80.0,Ain Zaghouen,Tunis,,,tayara
340001.0,Kélibia,Nabeul,,,tayara
240000.0,Kélibia,Nabeul,,,tayara
80.0,L Aouina,Tunis,,,tayara
0.555,Tunis,Tunis,,,tayara
108000.0,tunis,tunis,,,tayara
1230000.0,La Marsa,Tunis,,,tayara
1750.0,Cité Ennasr 2,Ariana,,,tayara
1200000.0,La Marsa,Tunis,,,tayara
1700000.0,La Marsa,Tunis,,,tayara
0.0,La Marsa,Tunis,,,tayara
450.0,Mahdia,Mahdia,,,tayara
1350.0,La Soukra,Ariana,,,tayara
1400.0,Cité Ennasr 2,Ariana,,,tayara
850000.0,Route El Ain,Sfax,,,tayara
190000.0,El Haouaria,Nabeul,,,tayara
1.0,Ennasr,Ariana,,,tayara
0.0,El Omrane Supérieur,Tunis,,,tayara
500.0,Kairouan,Kairouan,,,tayara
0.0,La Soukra,Ariana,,,tayara
700.0,Tunis,Tunis,,,tayara
1300.0,tunis,tunis,,,tayara
390000.0,Cité Ennasr 2,Ariana,,,tayara
2400.0,Chotrana 1,Ariana,,,tayara
700000.0,Riadh Andalous,Ariana,,,tayara
670000.0,Sidi Thabet,Ariana,,,tayara
320000.0,Bizerte Nord,Bizerte,,,tayara
0.0,La Goulette,Tunis,,,tayara
1300.0,Cité Ennasr 2,Ariana,,,tayara
139000.0,tunis,tunis,,,tayara
350.0,Hammam Sousse,Sousse,,,tayara
888.0,L Aouina,Tunis,,,tayara
380000.0,Menzel Jemil,Bizerte,,,tayara
2300000.0,Le Kram,Tunis,,,tayara
435000.0,Riadh Andalous,Ariana,,,tayara
400.0,Route SOKRA,Sfax,,,tayara
3000.0,La Marsa,Tunis,,,tayara
1200.0,La Marsa,Tunis,,,tayara
1050.0,La Soukra,Ariana,,,tayara
637.0,Mornaguia,La Manouba,,,tayara
900.0,Sidi Hassine,Tunis,,,tayara
99999.0,tunis,tunis,,,tayara
0.0,Sakiet Sidi Youssef,Le Kef,,,tayara
11111.0,Utique,Bizerte,,,tayara
1050.0,Cité Ennasr 2,Ariana,,,tayara
2500.0,Chatt mariem,Sousse,,,tayara
1100.0,Hammam Sousse,Sousse,,,tayara
1100.0,Hammam Sousse,Sousse,,,tayara
800.0,Montplaisir,Tunis,,,tayara
1600.0,Ain Zaghouan Sud,Tunis,,,tayara
3500.0,Sidi Daoud,Tunis,,,tayara
592000.0,La Soukra,ariana,,,tayara
300.0,Mahdia,Mahdia,,,tayara
330000.0,Chotrana 1,Ariana,,,tayara
589999.0,tunis,tunis,,,tayara
1600.0,Ain Zaghouan Nord,Tunis,,,tayara
1.0,Le Kram,Tunis,,,tayara
1650.0,L Aouina,Tunis,,,tayara
140.0,L Aouina,Tunis,,,tayara
130.0,L Aouina,Tunis,,,tayara
120.0,El Menzah 7,Ariana,,,tayara
1050.0,La Soukra,Ariana,,,tayara
150000.0,Mnihla,Ariana,,,tayara
250.0,Ezzahra,Ben Arous,,,tayara
0.0,Le Kram,Tunis,,,tayara
1800.0,La Marsa,Tunis,,,tayara
50.0,Djerba Midoun,Médenine,,,tayara
3100.0,Jardins De Carthage,Tunis,,,tayara
1400.0,L Aouina,Tunis,,,tayara
2700.0,Jardins De Carthage,Tunis,,,tayara
2200.0,Jardins De Carthage,tunis,,,tayara
1850.0,Jardins De Carthage,Tunis,,,tayara
800.0,Ezzahra,Ben Arous,,,tayara
140000.0,Nebeur,Le Kef,,,tayara
2200.0,Jardins De Carthage,Tunis,,,tayara
2500.0,Lac 1,Tunis,,,tayara
150.0,Carthage,Tunis,,,tayara
1450.0,Ain Zaghouen,Tunis,,,tayara
2000.0,Jardins De Carthage,Tunis,,,tayara
3500.0,Charguia 2,Ariana,,,tayara
850.0,Ariana,Ariana,,,tayara
2400.0,Centre Urbain Nord,Tunis,,,tayara
1222.0,Centre Urbain Nord,Tunis,,,tayara
1667.0,Centre Urbain Nord,Tunis,,,tayara
1500.0,Lac 2,Tunis,,,tayara
3288.0,Centre Urbain Nord,Tunis,,,tayara
2200.0,Lac 2,Tunis,,,tayara
1900.0,Lac 2,Tunis,,,tayara
220.0,Route GREMDA,Sfax,,,tayara
2300.0,Lac 2,Tunis,,,tayara
280000.0,El Menzah 5,Ariana,,,tayara
0.0,Radès,Ben Arous,,,tayara
0.0,Sakiet Ezzit,Sfax,,,tayara
130000.0,Ariana Ville,Ariana,,,tayara
560000.0,L Aouina,Tunis,,,tayara
800.0,Mégrine,Ben Arous,,,tayara
110000.0,Mateur,Bizerte,,,tayara
2100.0,Jardins De Carthage,Tunis,,,tayara
12345.0,Ezzahra,Ben Arous,,,tayara
850.0,tunis,tunis,,,tayara
900.0,Bizerte Nord,Bizerte,,,tayara
1000.0,Khzema,Sousse,,,tayara
1299.0,Jardins El Menzah,Ariana,,,tayara
1500.0,Sahloul,Sousse,,,tayara
569000.0,Chotrana 1,Ariana,,,tayara
1650.0,tunis,tunis,,,tayara
1400.0,Sousse Médina,Sousse,,,tayara
0.0,Monastir,Monastir,,,tayara
200000.0,Medina Jedida,Ben Arous,,,tayara
900.0,Ezzahra,Ben Arous,,,tayara
335000.0,Ezzahra,Ben Arous,,,tayara
2000.0,Autres Villes,Sousse,,,tayara
14000.0,Ben Arous,Ben Arous,,,tayara
0.0,Ezzahra,Ben Arous,,,tayara
2500.0,Medina Jedida,Ben Arous,,,tayara
0.0,Ezzahra,Ben Arous,,,tayara
433000.0,Ain Zaghouan Nord,Tunis,,,tayara
600000.0,Chotrana 1,Ariana,,,tayara
1100.0,Hammam Sousse,Sousse,,,tayara
5000.0,Centre Urbain Nord,Tunis,,,tayara
475.0,Ennasr,Ariana,,,tayara
4000.0,tunis,tunis,,,tayara
730000.0,Le Bardo,Tunis,,,tayara
640000.0,La Manouba,La Manouba,,,tayara
1.0,El Manar 1,Tunis,,,tayara
900.0,Lac 1,Tunis,,,tayara
0.0,Nabeul,Nabeul,,,tayara
0.0,Mrezga,Nabeul,,,tayara
1200.0,Sahloul,Sousse,,,tayara
160000.0,ROUTE SALTANIA,Sfax,,,tayara
460.0,Lac 2,Tunis,,,tayara
3800.0,La Marsa,Tunis,,,tayara
3500.0,Gammarth,Tunis,,,tayara
600.0,La Marsa,Tunis,,,tayara
290.0,Sfax,Sfax,,,tayara
700.0,Cité Ennasr 2,Ariana,,,tayara
135000.0,Ain Draham,Jendouba,,,tayara
1200.0,Centre Urbain Nord,Tunis,,,tayara
1.0,Ghazela,Ariana,,,tayara
5000000.0,Sousse,Sousse,,,tayara
900.0,La Manouba,La Manouba,,,tayara
900.0,tunis,tunis,,,tayara
0.0,Mnihla,Ariana,,,tayara
1.0,Cité Ennasr 2,Ariana,,,tayara
395000.0,Cité Ennasr 2,Ariana,,,tayara
1100.0,Sousse Médina,Sousse,,,tayara
125000.0,Route MANZEL CHAKER,Sfax,,,tayara
245000.0,Sfax,Sfax,,,tayara
225000.0,Route GREMDA,Sfax,,,tayara
325000.0,Route El Afrane,Sfax,,,tayara
600.0,Radès,Ben Arous,,,tayara
1200.0,Dar Châabane El Fehri,Nabeul,,,tayara
1200.0,L Aouina,Tunis,,,tayara
1200.0,L Aouina,Tunis,,,tayara
105000.0,ROUTE SALTANIA,Sfax,,,tayara
105000.0,ROUTE SALTANIA,Sfax,,,tayara
310000.0,Route de GABES,Sfax,,,tayara
100000000.0,Manar,Tunis,,,tayara
0.0,Ras Jebel,Bizerte,,,tayara
110000.0,ROUTE SALTANIA,Sfax,,,tayara
550.0,tunis,tunis,,,tayara
190000.0,Khzema,Sousse,,,tayara
1300.0,La Marsa,Tunis,,,tayara
200000.0,Hammamet,Nabeul,,,tayara
217000.0,Monastir,Monastir,,,tayara
590000.0,El Omrane Supérieur,Tunis,,,tayara
888888.0,Menzel Temime,Nabeul,,,tayara
1500.0,Ariana Ville,Ariana,,,tayara
550.0,La Manouba,La Manouba,,,tayara
90000.0,Boumhel,Ben Arous,,,tayara
2500.0,tunis,tunis,,,tayara
85.0,Manouba Ville,La Manouba,,,tayara
85.0,Manouba Ville,La Manouba,,,tayara
600.0,Autres Villes,La Manouba,,,tayara
700000.0,Bizerte Nord,Bizerte,,,tayara
420.0,Bizerte Sud,Bizerte,,,tayara
84400.0,Bizerte Nord,Bizerte,,,tayara
370000.0,Kélibia,Nabeul,,,tayara
280000.0,Route MANZEL CHAKER,Sfax,,,tayara
780000.0,Mahdia,Mahdia,,,tayara
1200000.0,tunis,tunis,,,tayara
1200.0,L Aouina,Tunis,,,tayara
1000000.0,Mahdia,Mahdia,,,tayara
185000.0,Ennasr,Ariana,,,tayara
1700.0,Lac 2,Tunis,,,tayara
1600.0,El Menzah 9,Tunis,,,tayara
215000.0,Les Jardins El Menzah 1,Ariana,,,tayara
240000.0,Kantaoui,Sousse,,,tayara
140000.0,Borj Louzir,Ariana,,,tayara
4200.0,El Menzah 9,Tunis,,,tayara
850000.0,Hammam Chott,Ben Arous,,,tayara
179000.0,Cité Ennasr 2,Ariana,,,tayara
395000.0,Cité Ennasr 2,Ariana,,,tayara
1900.0,El Menzah 9,Tunis,,,tayara
520.0,La Manouba,La Manouba,,,tayara
850.0,Lac 1,Tunis,,,tayara
1600.0,Bizerte Nord,Bizerte,,,tayara
800.0,Denden,La Manouba,,,tayara
300000.0,tunis,tunis,,,tayara
3000.0,Lac 1,Tunis,,,tayara
0.0,Lac 1,Tunis,,,tayara
1.0,Mégrine,Ben Arous,,,tayara
0.0,El Mourouj 1,Ben Arous,,,tayara
0.0,Ksar Hellal,Monastir,,,tayara
600000.0,Kalaâ Kebira,Sousse,,,tayara
1200.0,Cité Ennasr 2,Ariana,,,tayara
1600.0,El Menzah 5,Ariana,,,tayara
1000000.0,Sahloul,Sousse,,,tayara
0.0,Hammamet,Nabeul,,,tayara
162350.0,Ghazela,Ariana,,,tayara
1399.0,Ghazela,Ariana,,,tayara
70000.0,tunis,tunis,,,tayara
75000000.0,tunis,tunis,,,tayara
240000.0,Ezzahra,Ben Arous,,,tayara
110000.0,Ezzahra,Ben Arous,,,tayara
3200.0,Ain Zaghouen,Tunis,,,tayara
2600.0,Route Mehdia,Sfax,,,tayara
1580000.0,tunis,tunis,,,tayara
850.0,tunis,tunis,,,tayara
800.0,La Manouba,La Manouba,,,tayara
2800.0,Hammam Lif,Ben Arous,,,tayara
600.0,La Manouba,La Manouba,,,tayara
260000.0,Riadh Andalous,Ariana,,,tayara
850.0,La Marsa,Tunis,,,tayara
255000.0,Kalaâ Kebira,Sousse,,,tayara
45000.0,Zaouit Ksibat Thrayett,Sousse,,,tayara
1200.0,Radès,Ben Arous,,,tayara
20.0,Raoued,Ariana,,,tayara
300.0,Sidi Hassine,Tunis,,,tayara
700000.0,Khzema,Sousse,,,tayara
0.0,Sousse,Sousse,,,tayara
750.0,El Manar 1,Tunis,,,tayara
2500.0,tunis,tunis,,,tayara
0.0,Sidi Daoud,Tunis,,,tayara
0.0,Sidi Bou Ali,Sousse,,,tayara
190000.0,El Haouaria,Nabeul,,,tayara
3500.0,Lac 1,Tunis,,,tayara
1300.0,Lac 1,Tunis,,,tayara
2500.0,Lac 1,Tunis,,,tayara
2000.0,Lac 2,Tunis,,,tayara
8000.0,Lac 2,Tunis,,,tayara
800.0,Jardins El Menzah,Ariana,,,tayara
290.0,L Aouina,Tunis,,,tayara
0.0,tunis,tunis,,,tayara
180.0,Bizerte Nord,Bizerte,,,tayara
400.0,Akouda,Sousse,,,tayara
1500.0,Kantaoui,Sousse,,,tayara
185.0,Hergla,Sousse,,,tayara
650.0,Sousse,Sousse,,,tayara
1050.0,Sahloul,Sousse,,,tayara
750000.0,Sousse,Sousse,,,tayara
1000.0,Sahloul,Sousse,,,tayara
220000.0,tunis,tunis,,,tayara
60000.0,Djebel Jelloud,Tunis,,,tayara
160000.0,Hammam Lif,Ben Arous,,,tayara
1300.0,Cité Ennasr 2,Ariana,,,tayara
350000.0,Hammam Chott,Ben Arous,,,tayara
270000.0,Sousse,Sousse,,,tayara
58420030.0,Autres Villes,Sfax,,,tayara
9999.0,La Marsa,Tunis,,,tayara
950.0,Le Bardo,Tunis,,,tayara
880000.0,tunis,tunis,,,tayara
1.0,La Marsa,Tunis,,,tayara
350000.0,tunis,tunis,,,tayara
259997.0,Ras Jebel,Bizerte,,,tayara
1200.0,Kantaoui,Sousse,,,tayara
100.0,La Soukra,Ariana,,,tayara
112000.0,Borj Cedria,Ben Arous,,,tayara
1200.0,Ezzahra,Ben Arous,,,tayara
0.0,Oued Ellil,La Manouba,,,tayara
1000.0,Ezzahra,Ben Arous,,,tayara
2500.0,Medina Jedida,Ben Arous,,,tayara
800000.0,Radès,Ben Arous,,,tayara
1150.0,Hammamet,Nabeul,,,tayara
900.0,Ezzahra,Ben Arous,,,tayara
260.0,Akouda,Sousse,,,tayara
900.0,Cité Ennasr 2,Ariana,,,tayara
111.0,Tunis,Tunis,,,tayara
171000.0,Menzah,Tunis,,,tayara
1100.0,tunis,tunis,,,tayara
600.0,Mnihla,Ariana,,,tayara
250000.0,Radès,Ben Arous,,,tayara
0.0,Djerba Midoun,Médenine,,,tayara
520000.0,La Soukra,Ariana,,,tayara
607000.0,Chotrana 1,Ariana,,,tayara
750.0,Sfax Ville,Sfax,,,tayara
2100.0,Le Kram,Tunis,,,tayara
150.0,Tunis,Tunis,,,tayara
530000.0,Zaouit Ksibat Thrayett,Sousse,,,tayara
500.0,Route El Afrane,Sfax,,,tayara
750.0,Sakiet Ezzit,Sfax,,,tayara
220.0,Djerba Houmt Souk,Médenine,,,tayara
111.0,Mahrès,Sfax,,,tayara
0.0,tunis,tunis,,,tayara
1000.0,Ain Zaghouen,Tunis,,,tayara
360.0,Oued Ellil,La Manouba,,,tayara
370.0,Zaouit Ksibat Thrayett,Sousse,,,tayara
400.0,Sahloul,Sousse,,,tayara
0.0,El Mourouj 6,Ben Arous,,,tayara
0.0,Mohamedia,Ben Arous,,,tayara
700000.0,tunis,tunis,,,tayara
300.0,Utique,Bizerte,,,tayara
200.0,Ain Draham,Jendouba,,,tayara
300000.0,Mornag,Ben Arous,,,tayara
2350000.0,Route Tunis,Sfax,,,tayara
695000.0,Route El Ain,Sfax,,,tayara
790000.0,Route MANZEL CHAKER,Sfax,,,tayara
815000.0,Route El Ain,Sfax,,,tayara
950.0,L Aouina,Tunis,,,tayara
1700.0,Centre Urbain Nord,Tunis,,,tayara
2300.0,Centre Urbain Nord,Tunis,,,tayara
5900.0,Centre Urbain Nord,Tunis,,,tayara
730000.0,Chotrana 3,Ariana,,,tayara
12000.0,Centre Urbain Nord,Tunis,,,tayara
5500.0,La Soukra,ariana,,,tayara
530000.0,Chotrana 1,Ariana,,,tayara
1300.0,Ain Zaghouan Sud,Tunis,,,tayara
1250000.0,La Soukra,Ariana,,,tayara
240000.0,Ain Zaghouen,Tunis,,,tayara
79.0,L Aouina,Tunis,,,tayara
180000.0,La Soukra,Ariana,,,tayara
0.0,Ben Arous,Ben Arous,,,tayara
240000.0,Montplaisir,Tunis,,,tayara
0.0,Bizerte Nord,Bizerte,,,tayara
0.0,Bizerte Nord,Bizerte,,,tayara
0.0,Route Mehdia,Sfax,,,tayara
1400.0,Cité Ennasr 2,Ariana,,,tayara
1600000.0,Mornag,Ben Arous,,,tayara
270000.0,Hammam Sousse,Sousse,,,tayara
0.0,Mahdia,Mahdia,,,tayara
0.0,Mahdia,Mahdia,,,tayara
1100.0,El Menzah 9,Tunis,,,tayara
500.0,tunis,tunis,,,tayara
495000.0,Ain Zaghouen,Tunis,,,tayara
120000.0,Sousse,Sousse,,,tayara
750000.0,Hammamet,Nabeul,,,tayara
600.0,Jardins El Menzah,Ariana,,,tayara
228000.0,Cité Ennasr 2,Ariana,,,tayara
1750.0,tunis,tunis,,,tayara
890000.0,Lac 1,Tunis,,,tayara
1050.0,La Soukra,Ariana,,,tayara
500.0,Boumhel,Ben Arous,,,tayara
153000.0,La Soukra,Ariana,,,tayara
1000.0,tunis,tunis,,,tayara
1400.0,L Aouina,Tunis,,,tayara
1600.0,Le Kram,Tunis,,,tayara
279998.0,El Menzah 5,Ariana,,,tayara
1750.0,Sfax Ville,Sfax,,,tayara
130000.0,Kélibia,Nabeul,,,tayara
1980000.0,tunis,tunis,,,tayara
520.0,Borj Cedria,Ben Arous,,,tayara
1400.0,El Menzah 4,Tunis,,,tayara
700.0,Sahloul,Sousse,,,tayara
50.0,Sfax Ville,Sfax,,,tayara
850.0,La Soukra,Ariana,,,tayara
430.0,Chotrana 1,Ariana,,,tayara
750.0,Chotrana 1,Ariana,,,tayara
38000.0,Route Mehdia,Sfax,,,tayara
800.0,tunis,tunis,,,tayara
170000.0,Ras Jebel,Bizerte,,,tayara
300.0,La Marsa,Tunis,,,tayara
1.0,Route MHARZA,Sfax,,,tayara
1.0,Sousse Sidi Abdelhamid,Sousse,,,tayara
799.0,La Soukra,Ariana,,,tayara
220000.0,Ariana,Ariana,,,tayara
600.0,El Menzah 9,Tunis,,,tayara
1500.0,La Marsa,Tunis,,,tayara
1.0,Jardins De Carthage,Tunis,,,tayara
1500.0,Hammam Lif,Ben Arous,,,tayara
300.0,Douar Hicher,La Manouba,,,tayara
1.0,La Soukra,Ariana,,,tayara
1.0,La Soukra,Ariana,,,tayara
190000.0,Mornag,Ben Arous,,,tayara
1300.0,L Aouina,Tunis,,,tayara
1360.0,Ennasr,Ariana,,,tayara
1500.0,Les Jardins El Menzah 2,Ariana,,,tayara
1300.0,Ariana Ville,Ariana,,,tayara
0.0,Jardins El Menzah,Ariana,,,tayara
1500.0,Montplaisir,Tunis,,,tayara
600.0,El Menzah 8,Ariana,,,tayara
2700000.0,Ezzahra,Ben Arous,,,tayara
1500.0,Sidi Rezig,Ben Arous,,,tayara
98451200.0,tunis,tunis,,,tayara
180000.0,Kélibia,Nabeul,,,tayara
369999.0,Radès,Ben Arous,,,tayara
2000.0,Hammamet,Nabeul,,,tayara
870.0,L Aouina,Tunis,,,tayara
1000.0,tunis,tunis,,,tayara
1000.0,tunis,tunis,,,tayara
1450.0,La Soukra,Ariana,,,tayara
135.0,Borj El Amri,La Manouba,,,tayara
1300.0,Ezzahra,Ben Arous,,,tayara
2700.0,Jardins De Carthage,Tunis,,,tayara
60000.0,Radès,Ben Arous,,,tayara
0.0,Agba,Tunis,,,tayara
2200.0,Radès,Ben Arous,,,tayara
1200.0,Chatt mariem,Sousse,,,tayara
460000.0,Radès,Ben Arous,,,tayara
1.0,Ain Zaghouen,Tunis,,,tayara
4300.0,Lac 1,Tunis,,,tayara
270000.0,Cite Ennkhilet,Ariana,,,tayara
11.0,Borj El Amri,La Manouba,,,tayara
1100.0,L Aouina,Tunis,,,tayara
1500.0,Ain Zaghouen,Tunis,,,tayara
3499.0,Sousse Sidi Abdelhamid,Sousse,,,tayara
580.0,Carthage,Tunis,,,tayara
112000.0,Borj Cedria,Ben Arous,,,tayara
0.0,Ezzahra,Ben Arous,,,tayara
6000.0,Gammarth,Tunis,,,tayara
1200000.0,Khaznadar,Tunis,,,tayara
850.0,L Aouina,Tunis,,,tayara
1000.0,Hammam Sousse,Sousse,,,tayara
1200.0,Kantaoui,Sousse,,,tayara
400.0,Sousse,Sousse,,,tayara
1600.0,Kantaoui,Sousse,,,tayara
50.0,Djerba Houmt Souk,Médenine,,,tayara
500.0,Akouda,Sousse,,,tayara
180000.0,Ariana Essoughra,Ariana,,,tayara
1200.0,tunis,tunis,,,tayara
1150.0,La Soukra,Ariana,,,tayara
0.0,Montplaisir,Tunis,,,tayara
500.0,tunis,tunis,,,tayara
240.0,Chatt mariem,Sousse,,,tayara
370.0,Monastir,Monastir,,,tayara
850.0,Route GREMDA,Sfax,,,tayara
164740.0,Medina Jedida,Ben Arous,,,tayara
273820.0,Medina Jedida,Ben Arous,,,tayara
268770.0,Medina Jedida,Ben Arous,,,tayara
278880.0,Medina Jedida,Ben Arous,,,tayara
950000.0,Chotrana 1,Ariana,,,tayara
700.0,Sidi El Béchir,Tunis,,,tayara
0.0,Grombalia,Nabeul,,,tayara
150.0,Chotrana 1,Ariana,,,tayara
360000.0,Sakiet Ezzit,Sfax,,,tayara
1400.0,Tunis,Tunis,,,tayara
5500.0,El Manar 1,Tunis,,,tayara
1350.0,Ariana,Ariana,,,tayara
1.111,Ouerdanine,Monastir,,,tayara
0.0,Menzel Chaker,Sfax,,,tayara
1.0,El Menzah 6,Ariana,,,tayara
1.0,Chotrana 3,Ariana,,,tayara
280.0,La Manouba,La Manouba,,,tayara
0.0,Route El Ain,Sfax,,,tayara
120000.0,Tunis,Tunis,,,tayara
1.0,Cité Ennasr 2,Ariana,,,tayara
1000.0,Ariana Ville,Ariana,,,tayara
650.0,Sfax Ville,Sfax,,,tayara
0.0,L Aouina,Tunis,,,tayara
0.0,Ain Zaghouan Nord,Tunis,,,tayara
110000.0,Sakiet Eddaïer,Sfax,,,tayara
0.0,Mnihla,Ariana,,,tayara
700.0,El Omrane Supérieur,Tunis,,,tayara
160.0,Hraïria,Tunis,,,tayara
300.0,tunis,tunis,,,tayara
400.0,Sousse,Sousse,,,tayara
1234567.0,tunis,tunis,,,tayara
500.0,Bizerte Nord,Bizerte,,,tayara
230.0,Djerba Houmt Souk,Médenine,,,tayara
1200.0,L Aouina,Tunis,,,tayara
500.0,El Ksar,Gafsa,,,tayara
165000.0,Route de GABES,Sfax,,,tayara
350000.0,Sfax,Sfax,,,tayara
145000.0,Route GREMDA,Sfax,,,tayara
1100.0,tunis,tunis,,,tayara
1500.0,Lac 1,Tunis,,,tayara
360000.0,L Aouina,Tunis,,,tayara
1100.0,tunis,tunis,,,tayara
0.0,Kairouan Nord,Kairouan,,,tayara
0.0,Testour,Béja,,,tayara
750.0,Le Kram,Tunis,,,tayara
1700.0,tunis,tunis,,,tayara
245000.0,Hammam Chott,Ben Arous,,,tayara
1200.0,Ain Zaghouan Nord,Tunis,,,tayara
1000.0,tunis,tunis,,,tayara
200.0,Route GREMDA,Sfax,,,tayara
0.0,Djerba Houmt Souk,Médenine,,,tayara
1500000.0,El Menzah 9,Tunis,,,tayara
1200.0,L Aouina,Tunis,,,tayara
219999.0,Borj Cedria,Ben Arous,,,tayara
800.0,Les Jardins El Menzah 1,Ariana,,,tayara
1500.0,tunis,tunis,,,tayara
950.0,El Menzah 9,Tunis,,,tayara
1350.0,tunis,tunis,,,tayara
1350.0,Mnihla,Ariana,,,tayara
500.0,Hammam Lif,Ben Arous,,,tayara
1450.0,El Menzah 7,Ariana,,,tayara
1.0,Ras Jebel,Bizerte,,,tayara
550.0,El Omrane,Tunis,,,tayara
2100.0,Sousse corniche,Sousse,,,tayara
1.0,Ras Jebel,Bizerte,,,tayara
1.0,Charguia 2,Ariana,,,tayara
30000.0,Charguia 2,Ariana,,,tayara
33500.0,Charguia 2,Ariana,,,tayara
1700.0,La Marsa,Tunis,,,tayara
130000.0,Djerba Houmt Souk,Médenine,,,tayara
99999.0,Ksibet El Médiouni,Monastir,,,tayara
150000.0,Hammam Chott,Ben Arous,,,tayara
800.0,tunis,tunis,,,tayara
0.0,Cité Ennasr 2,Ariana,,,tayara
125.0,Hammamet,Nabeul,,,tayara
1.0,Sfax Ville,Sfax,,,tayara
1050.0,L Aouina,Tunis,,,tayara
337500.0,Kélibia,Nabeul,,,tayara
1.0,Lac 2,Tunis,,,tayara
1.0,Le Kram,Tunis,,,tayara
1415000.0,El Menzah 1,Tunis,,,tayara
1199.0,L Aouina,Tunis,,,tayara
0.0,Route Tunis,Sfax,,,tayara
720.0,Ksibet El Médiouni,Monastir,,,tayara
8250.0,Lac 1,Tunis,,,tayara
295000.0,Chatt mariem,Sousse,,,tayara
1100.0,La Marsa,Tunis,,,tayara
1200000.0,El Menzah 9,Tunis,,,tayara
0.0,Hammamet,Nabeul,,,tayara
3500.0,Mutuelleville,Tunis,,,tayara
1200.0,Hammam Sousse,Sousse,,,tayara
380.0,Hraïria,Tunis,,,tayara
315000.0,Ezzahra,Ben Arous,,,tayara
1350.0,Ain Zaghouan Sud,Tunis,,,tayara
700.0,Fouchana,Ben Arous,,,tayara
2500.0,Montplaisir,Tunis,,,tayara
0.0,El Haouaria,Nabeul,,,tayara
0.0,El Omrane Supérieur,Tunis,,,tayara
1550.0,tunis,tunis,,,tayara
1300000.0,La Soukra,Ariana,,,tayara
850.0,L Aouina,Tunis,,,tayara
1350.0,Route El Ain,Sfax,,,tayara
950.0,La Soukra,Ariana,,,tayara
350000.0,Kantaoui,Sousse,,,tayara
0.0,El Menzah 7,Ariana,,,tayara
0.0,Jardins El Menzah,Ariana,,,tayara
200.0,Mornaguia,La Manouba,,,tayara
3000.0,El Menzah 1,Tunis,,,tayara
0.0,Djebel Jelloud,Tunis,,,tayara
298000.0,La Soukra,Ariana,,,tayara
225000.0,Ben Arous,Ben Arous,,,tayara
0.0,Monfleury,Tunis,,,tayara
28500.0,Tunis,Tunis,,,tayara
2800.0,Jardins De Carthage,Tunis,,,tayara
800.0,Sahloul,Sousse,,,tayara
1280000.0,tunis,tunis,,,tayara
500.0,Route Soukra,Sfax,,,tayara
0.0,Hammam Sousse,Sousse,,,tayara
285000.0,El Mourouj 3,Ben Arous,,,tayara
1500.0,Charguia 1,Ariana,,,tayara
550.0,Le Kef,Le Kef,,,tayara
2000.0,El Menzah 8,Ariana,,,tayara
800.0,tunis,tunis,,,tayara
0.0,Bir Ali Ben Khalifa,Sfax,,,tayara
700.0,Carthage,Tunis,,,tayara
1600.0,Jardins De Carthage,Tunis,,,tayara
1700.0,Jardins De Carthage,Tunis,,,tayara
899.0,Carthage,Tunis,,,tayara
798.0,Sahloul,Sousse,,,tayara
900.0,La Goulette,Tunis,,,tayara
600.0,El Menzah 6,Ariana,,,tayara
0.0,Monastir,Monastir,,,tayara
9200.0,Lac 2,Tunis,,,tayara
1499.0,El Menzah 6,Ariana,,,tayara
152000.0,El Manar 1,Tunis,,,tayara
740.0,El Menzah 6,Ariana,,,tayara
700.0,El Manar 1,Tunis,,,tayara
32800.0,Le Kram,Tunis,,,tayara
16400.0,Le Kram,Tunis,,,tayara
6750.0,Lac 1,Tunis,,,tayara
2500.0,Lac 1,Tunis,,,tayara
2000.0,Béni Khiar,Nabeul,,,tayara
2700.0,Lac 2,Tunis,,,tayara
2200.0,Montplaisir,Tunis,,,tayara
4000.0,Montplaisir,Tunis,,,tayara
1200.0,Montplaisir,Tunis,,,tayara
500.0,Hammam Lif,Ben Arous,,,tayara
370.0,Radès,Ben Arous,,,tayara
3000.0,Radès,Ben Arous,,,tayara
350000.0,Kébili,Kébili,,,tayara
3700.0,Sahloul,Sousse,,,tayara
1050.0,El Manar 1,Tunis,,,tayara
1100.0,tunis,tunis,,,tayara
2500.0,tunis,tunis,,,tayara
549.0,Route TANIOUR,Sfax,,,tayara
899.0,Sahloul,Sousse,,,tayara
0.0,Mornag,Ben Arous,,,tayara
0.0,Route SOKRA,Sfax,,,tayara
335000.0,Ezzahra,Ben Arous,,,tayara
900.0,Gammarth,Tunis,,,tayara
1350.0,L Aouina,Tunis,,,tayara
0.0,Hammamet,Nabeul,,,tayara
303000.0,Ezzahra,Ben Arous,,,tayara
0.0,Mnihla,Ariana,,,tayara
130000.0,Hammam Lif,Ben Arous,,,tayara
1100.0,Cité Ennasr 2,Ariana,,,tayara
0.0,M Saken,Sousse,,,tayara
900.0,L Aouina,Tunis,,,tayara
2800.0,tunis,tunis,,,tayara
1.0,Chotrana 1,Ariana,,,tayara
950.0,Hammam Sousse,Sousse,,,tayara
2900.0,La Marsa,Tunis,,,tayara
0.0,Jardins El Menzah,Ariana,,,tayara
510000.0,Mrezga,nabeul,,,tayara
419999.0,tunis,tunis,,,tayara
0.0,Ras Jebel,Bizerte,,,tayara
900000.0,Ras Jebel,Bizerte,,,tayara
230000.0,Ras Jebel,Bizerte,,,tayara
5000.0,Bizerte,Bizerte,,,tayara
68400.0,Ariana Ville,Ariana,,,tayara
365000.0,Ghar El Melh,Bizerte,,,tayara
350000.0,Ras Jebel,Bizerte,,,tayara
340000.0,Ras Jebel,Bizerte,,,tayara
1600.0,Centre Urbain Nord,Tunis,,,tayara
320000.0,tunis,tunis,,,tayara
800.0,Ezzahra,Ben Arous,,,tayara
215000.0,Sfax,Sfax,,,tayara
5050.0,tunis,tunis,,,tayara
1800.0,La Marsa,Tunis,,,tayara
1300.0,Medina Jedida,Ben Arous,,,tayara
350.0,Mnihla,Ariana,,,tayara
1900000.0,Menzel Bouzelfa,Nabeul,,,tayara
178000.0,El Mourouj 1,Ben Arous,,,tayara
800000.0,Radès,Ben Arous,,,tayara
125400.0,Mohamedia,Ben Arous,,,tayara
89.0,Mohamedia,Ben Arous,,,tayara
800.0,Mrezga,Nabeul,,,tayara
135000.0,El Mourouj,Ben Arous,,,tayara
130000.0,El Mourouj 1,Ben Arous,,,tayara
114999.0,El Mourouj 5,Ben Arous,,,tayara
375000.0,Fouchana,Ben Arous,,,tayara
45000.0,tunis,tunis,,,tayara
450.0,Hammam Sousse,Sousse,,,tayara
4000.0,Fouchana,Ben Arous,,,tayara
23000.0,El Mourouj 3,Ben Arous,,,tayara
18000.0,El Mourouj 6,Ben Arous,,,tayara
295000.0,El Mourouj 6,Ben Arous,,,tayara
600.0,Mohamedia,Ben Arous,,,tayara
750.0,Mohamedia,Ben Arous,,,tayara
0.0,Mornag,Ben Arous,,,tayara
1250.0,Hammam Sousse,Sousse,,,tayara
2200.0,Sahloul,Sousse,,,tayara
600.0,Ariana Essoughra,Ariana,,,tayara
850.0,Khzema,Sousse,,,tayara
700.0,Sousse corniche,Sousse,,,tayara
1500.0,Chatt mariem,Sousse,,,tayara
200000.0,Sousse corniche,Sousse,,,tayara
0.0,La Goulette,Tunis,,,tayara
353000.0,Chatt mariem,Sousse,,,tayara
12345.0,Mnihla,Ariana,,,tayara
0.0,Route Mehdia,Sfax,,,tayara
0.0,Tunis,Tunis,,,tayara
0.0,Djerba Houmt Souk,Médenine,,,tayara
0.0,Djerba Midoun,Médenine,,,tayara
0.0,Djerba Houmt Souk,Médenine,,,tayara
1200.0,Ariana,Ariana,,,tayara
1.0,Route Tunis,Sfax,,,tayara
300000.0,El Menzah 1,Tunis,,,tayara
0.0,L Aouina,Tunis,,,tayara
0.0,Mnihla,Ariana,,,tayara
1.0,Route MANZEL CHAKER,Sfax,,,tayara
600.0,Ghazela,Ariana,,,tayara
200.0,tunis,tunis,,,tayara
800.0,Carthage,Tunis,,,tayara
1350.0,Mégrine,Ben Arous,,,tayara
310.0,Ksar Hellal,Monastir,,,tayara
350.0,Chatt mariem,Sousse,,,tayara
370.0,Bekalta,Monastir,,,tayara
350.0,Route MANZEL CHAKER,Sfax,,,tayara
260000.0,Borj Cedria,Ben Arous,,,tayara
832000.0,tunis,tunis,,,tayara
2.0,Mornag,Ben Arous,,,tayara
360000.0,tunis,tunis,,,tayara
145000.0,Centre Ville Lafayette,Tunis,,,tayara
500.0,Sakiet Ezzit,Sfax,,,tayara
0.0,Bizerte,Bizerte,,,tayara
179.0,Korba,Nabeul,,,tayara
375000.0,Bizerte Nord,Bizerte,,,tayara
100.0,El Haouaria,Nabeul,,,tayara
900.0,El Menzah 9,Tunis,,,tayara
380.0,Douar Hicher,La Manouba,,,tayara
270000.0,Cité Hedi Nouira,Ariana,,,tayara
630.0,Ben Arous,Ben Arous,,,tayara
0.0,Route MANZEL CHAKER,Sfax,,,tayara
630.0,Ghazela,Ariana,,,tayara
950000.0,Hergla,Sousse,,,tayara
1150.0,Ain Zaghouan Nord,Tunis,,,tayara
1100.0,La Soukra,Ariana,,,tayara
1200.0,La Soukra,Ariana,,,tayara
20.0,Ksar Said,Tunis,,,tayara
420.0,Le Bardo,Tunis,,,tayara
160.0,El Alia,Bizerte,,,tayara
1.0,Djerba Midoun,Médenine,,,tayara
44000.0,Gabès Sud,Gabès,,,tayara
860.0,tunis,tunis,,,tayara
650.0,Autres Villes,Tunis,,,tayara
3900.0,Tunis,Tunis,,,tayara
1000.0,tunis,tunis,,,tayara
2000.0,La Soukra,Ariana,,,tayara
423000000.0,Ghazela,Ariana,,,tayara
0.0,Dar Châabane El Fehri,Nabeul,,,tayara
160000.0,Bekalta,Monastir,,,tayara
170.0,Radès,Ben Arous,,,tayara
140.0,tunis,tunis,,,tayara
140.0,tunis,tunis,,,tayara
320.0,Kalaâ Kebira,Sousse,,,tayara
300000.0,Sousse Riadh,Sousse,,,tayara
1400000.0,Gabès Sud,Gabès,,,tayara
200000.0,Sidi Hassine,Tunis,,,tayara
8500.0,Lac 1,Tunis,,,tayara
111.0,Fouchana,Ben Arous,,,tayara
42700.0,Chebba,Mahdia,,,tayara
2500.0,Mégrine,Ben Arous,,,tayara
0.0,Monastir,Monastir,,,tayara
0.0,Monastir,Monastir,,,tayara
70000.0,Fouchana,Ben Arous,,,tayara
0.0,Djerba Houmt Souk,Médenine,,,tayara
0.0,Autres Villes,Ariana,,,tayara
15000.0,ROUTE SALTANIA,Sfax,,,tayara
225000.0,Route Menzel Chaker,Sfax,,,tayara
114000.0,Sfax,Sfax,,,tayara
60.0,La Marsa,Tunis,,,tayara
845000.0,Riadh Andalous,Ariana,,,tayara
110.0,Fouchana,Ben Arous,,,tayara
80.0,El Mourouj 1,Ben Arous,,,tayara
80.0,El Mourouj,Ben Arous,,,tayara
0.0,Sidi Hassine,Tunis,,,tayara
830000.0,Lac 2,Tunis,,,tayara
182.0,Radès,Ben Arous,,,tayara
3.0,Sousse,Sousse,,,tayara
0.0,Sousse,Sousse,,,tayara
65.0,Cité El Khadra,Tunis,,,tayara
650.0,Mornag,Ben Arous,,,tayara
200000.0,Sfax,Sfax,,,tayara
255000.0,Sfax,Sfax,,,tayara
410000.0,Sfax,Sfax,,,tayara
850000.0,Sfax,Sfax,,,tayara
170.0,Sidi Thabet,Ariana,,,tayara
1.0,Ariana Essoughra,Ariana,,,tayara
155000.0,Tunis,Tunis,,,tayara
470.0,Mnihla,Ariana,,,tayara
1.0,Menzel Bourguiba,Bizerte,,,tayara
650.0,Ras Jebel,Bizerte,,,tayara
750.0,Sakiet Ezzit,Sfax,,,tayara
600.0,tunis,tunis,,,tayara
1.0,Gabès Sud,Gabès,,,tayara
275840.0,Medina Jedida,Ben Arous,,,tayara
300.0,Sfax,Sfax,,,tayara
850000.0,Sakiet Eddaïer,Sfax,,,tayara
172820.0,Medina Jedida,Ben Arous,,,tayara
195000.0,Sfax Ville,Sfax,,,tayara
3500.0,tunis,tunis,,,tayara
0.0,Kalaâ Kebira,Sousse,,,tayara
1050.0,Centre Urbain Nord,Tunis,,,tayara
0.0,tunis,tunis,,,tayara
670.0,Fouchana,Ben Arous,,,tayara
470.0,Ezzahra,Ben Arous,,,tayara
0.0,Route MANZEL CHAKER,Sfax,,,tayara
2800.0,Route de GABES,Sfax,,,tayara
120000.0,Route de GABES,Sfax,,,tayara
85000.0,Route El Afrane,Sfax,,,tayara
85000.0,Route El Afrane,Sfax,,,tayara
700.0,Sahline,Monastir,,,tayara
0.0,Mahrès,Sfax,,,tayara
500.0,Raoued,Ariana,,,tayara
60.0,Gabès Sud,Gabès,,,tayara
520000.0,Menzel Temime,Nabeul,,,tayara
0.0,El Menzah 5,Ariana,,,tayara
1350.0,Cité Ennasr 2,Ariana,,,tayara
240.0,Route de l'aéroport,Sfax,,,tayara
1.0,Mohamedia,Ben Arous,,,tayara
70000.0,Agba,Tunis,,,tayara
200.0,Medina Jedida,Ben Arous,,,tayara
0.0,tunis,tunis,,,tayara
1.0,Mohamedia,Ben Arous,,,tayara
0.0,El Ouardia,Tunis,,,tayara
0.0,Ariana,Ariana,,,tayara
62000.0,Kélibia,Nabeul,,,tayara
850.0,Ettahrir,Tunis,,,tayara
368500.0,tunis,tunis,,,tayara
360000.0,Akouda,Sousse,,,tayara
750.0,El Mourouj 6,Ben Arous,,,tayara
140000.0,Mornag,Ben Arous,,,tayara
2000.0,Centre Ville Lafayette,Tunis,,,tayara
0.0,Sahloul,Sousse,,,tayara
183000.0,Hammam Lif,Ben Arous,,,tayara
1.0,tunis,tunis,,,tayara
1200.0,Nabeul,Nabeul,,,tayara
2500.0,Le Bardo,Tunis,,,tayara
290000.0,Akouda,Sousse,,,tayara
190.0,Hergla,Sousse,,,tayara
0.0,La Soukra,Ariana,,,tayara
1500.0,Kantaoui,Sousse,,,tayara
3500.0,Le Bardo,Tunis,,,tayara
550.0,Sidi Hassine,Tunis,,,tayara
6500.0,Charguia 1,Ariana,,,tayara
11.0,La Marsa,Tunis,,,tayara
470000.0,El Ouardia,Tunis,,,tayara
80.0,Sousse corniche,Sousse,,,tayara
1350.0,Cité Ennasr 2,Ariana,,,tayara
500.0,Sidi Thabet,Ariana,,,tayara
3400.0,Riadh Andalous,Ariana,,,tayara
0.0,Le Bardo,Tunis,,,tayara
0.0,Le Kram,Tunis,,,tayara
460000.0,Route El Afrane,Sfax,,,tayara
650000.0,Ghazela,Ariana,,,tayara
135000.0,Kantaoui,Sousse,,,tayara
3500000.0,Lac 1,Tunis,,,tayara
715000.0,Gammarth,Tunis,,,tayara
420.0,Akouda,Sousse,,,tayara
240000.0,L Aouina,Tunis,,,tayara
270000.0,Tunis,Tunis,,,tayara
650.0,Tunis Belvedere,Tunis,,,tayara
850.0,Cité El Khadra,Tunis,,,tayara
0.0,Bizerte Nord,Bizerte,,,tayara
330.0,Le Bardo,Tunis,,,tayara
450.0,Bizerte,Bizerte,,,tayara
1500.0,Radès,Ben Arous,,,tayara
0.0,Cité Ennasr 2,Ariana,,,tayara
0.0,Ennasr,Ariana,,,tayara
0.0,Cité Ennasr 2,Ariana,,,tayara
1600.0,Cité Ennasr 2,Ariana,,,tayara
3900000.0,Gammarth,Tunis,,,tayara
185.0,L Aouina,Tunis,,,tayara
500.0,Ariana Essoughra,Ariana,,,tayara
800.0,L Aouina,Tunis,,,tayara
1000.0,Khzema,Sousse,,,tayara
1800.0,tunis,tunis,,,tayara
4.0,Moknine,Monastir,,,tayara
850.0,Nabeul,Nabeul,,,tayara
1600.0,La Soukra,Ariana,,,tayara
850.0,Bab Souika,Tunis,,,tayara
-1.0,tunis,tunis,,,tayara
800.0,tunis,tunis,,,tayara
426000.0,Chotrana 1,Ariana,,,tayara
275000.0,Mahdia,Mahdia,,,tayara
385000.0,Mahdia,Mahdia,,,tayara
800.0,Mahdia,Mahdia,,,tayara
700.0,tunis,tunis,,,tayara
414200.0,Mahdia,Mahdia,,,tayara
0.0,Mahdia,Mahdia,,,tayara
270000.0,Mahdia,Mahdia,,,tayara
0.0,Mahdia,Mahdia,,,tayara
50.0,Route Menzel Chaker,Sfax,,,tayara
950000.0,tunis,tunis,,,tayara
70000.0,Testour,Béja,,,tayara
400.0,Mnihla,Ariana,,,tayara
900.0,L Aouina,Tunis,,,tayara
400.0,Sidi Thabet,Ariana,,,tayara
1298.0,L Aouina,Tunis,,,tayara
230000.0,Sfax,Sfax,,,tayara
175000.0,Sfax,Sfax,,,tayara
300.0,Cité Ennasr 2,Ariana,,,tayara
128000.0,Tunis,Tunis,,,tayara
1500.0,Akouda,Sousse,,,tayara
1.0,El Omrane Supérieur,Tunis,,,tayara
800.0,Bizerte Nord,Bizerte,,,tayara
365000.0,Mahdia,Mahdia,,,tayara
680.0,tunis,tunis,,,tayara
2600.0,Gammarth,Tunis,,,tayara
1500.0,La Marsa,Tunis,,,tayara
95000.0,Akouda,Sousse,,,tayara
0.0,Hammam Sousse,Sousse,,,tayara
1050000.0,Mahdia,Mahdia,,,tayara
0.0,Sousse Médina,Sousse,,,tayara
0.0,Khzema,Sousse,,,tayara
750000.0,Kalaâ Kebira,Sousse,,,tayara
0.0,Kalaâ Kebira,Sousse,,,tayara
360000.0,Sousse,Sousse,,,tayara
850000.0,Kalaâ Kebira,Sousse,,,tayara
0.0,Chatt mariem,Sousse,,,tayara
900000.0,Sousse,Sousse,,,tayara
315000.0,Chatt mariem,Sousse,,,tayara
700000.0,Sousse Jawhara,Sousse,,,tayara
0.0,Chatt mariem,Sousse,,,tayara
750000.0,Khzema,Sousse,,,tayara
0.0,Sidi Bou Ali,Sousse,,,tayara
220000.0,Kalaâ Kebira,Sousse,,,tayara
0.0,Chatt mariem,Sousse,,,tayara
0.0,Hammam Sousse,Sousse,,,tayara
0.0,Akouda,Sousse,,,tayara
0.0,Chatt mariem,Sousse,,,tayara
0.0,Chatt mariem,Sousse,,,tayara
240000.0,Sousse Médina,Sousse,,,tayara
0.0,Kalaâ Kebira,Sousse,,,tayara
85000.0,Kélibia,Nabeul,,,tayara
0.0,Raoued,Ariana,,,tayara
150.0,Djerba Midoun,Médenine,,,tayara
850.0,Agareb,Sfax,,,tayara
2850000.0,Mornag,Ben Arous,,,tayara
0.0,tunis,tunis,,,tayara
50.0,Tunis,Tunis,,,tayara
350000.0,tunis,tunis,,,tayara
750.0,Tunis,Tunis,,,tayara
140000.0,Route MANZEL CHAKER,Sfax,,,tayara
1100.0,L Aouina,Tunis,,,tayara
150.0,Kairouan Nord,Kairouan,,,tayara
0.0,Bekalta,Monastir,,,tayara
80.0,El Mourouj 6,Ben Arous,,,tayara
800000.0,La Marsa,Tunis,,,tayara
630.0,Medina Jedida,Ben Arous,,,tayara
75.0,Gizen,Médenine,,,tayara
1400.0,L Aouina,Tunis,,,tayara
80.0,El Mourouj 1,Ben Arous,,,tayara
80.0,tunis,tunis,,,tayara
350.0,Le Bardo,Tunis,,,tayara
1200.0,L Aouina,Tunis,,,tayara
260000.0,L Aouina,Tunis,,,tayara
495.0,Mnihla,Ariana,,,tayara
3000.0,Montplaisir,Tunis,,,tayara
1800.0,Hammam Sousse,Sousse,,,tayara
4000.0,Montplaisir,Tunis,,,tayara
1234.0,La Marsa,Tunis,,,tayara
3550.0,Montplaisir,Tunis,,,tayara
11.0,L Aouina,Tunis,,,tayara
125000.0,Sidi Thabet,Ariana,,,tayara
850.0,tunis,tunis,,,tayara
1.0,El Mourouj,Ben Arous,,,tayara
285.0,Kef Ouest,Le Kef,,,tayara
5500.0,La Marsa,Tunis,,,tayara
420.0,Tunis,Tunis,,,tayara
1500.0,Jardins De Carthage,Tunis,,,tayara
1920.0,Cité El Khadra,Tunis,,,tayara
900.0,Sahloul,Sousse,,,tayara
600.0,Ezzouhour,Tunis,,,tayara
13500000.0,Gabès Ouest,Gabès,,,tayara
750.0,Hammam Sousse,Sousse,,,tayara
295000.0,Hammam Sousse,Sousse,,,tayara
240000.0,Kalaâ Sghira,Sousse,,,tayara
770000.0,Kantaoui,Sousse,,,tayara
720000.0,Hammam Sousse,Sousse,,,tayara
320.0,Chatt mariem,Sousse,,,tayara
235000.0,Chatt mariem,Sousse,,,tayara
62000.0,Autres Villes,Tunis,,,tayara
420000.0,Akouda,Sousse,,,tayara
1200.0,Hammam Sousse,Sousse,,,tayara
350.0,Borj Louzir,Ariana,,,tayara
78.0,L Aouina,Tunis,,,tayara
0.0,La Manouba,La Manouba,,,tayara
450.0,Radès,Ben Arous,,,tayara
0.0,tunis,tunis,,,tayara
2499999.0,Lac 2,Tunis,,,tayara
700000.0,Centre Ville Lafayette,Tunis,,,tayara
620000.0,tunis,tunis,,,tayara
0.0,Le Bardo,Tunis,,,tayara
1400.0,La Soukra,Ariana,,,tayara
250.0,Agba,Tunis,,,tayara
435000.0,Cité Ennasr 2,Ariana,,,tayara
49998.0,Oued Ellil,La Manouba,,,tayara
650.0,Centre Ville Lafayette,Tunis,,,tayara
1200.0,L Aouina,Tunis,,,tayara
780.0,L Aouina,Tunis,,,tayara
0.0,Kantaoui,Sousse,,,tayara
0.0,Chatt mariem,Sousse,,,tayara
1200.0,Jardins De Carthage,Tunis,,,tayara
1600.0,Mutuelleville,Tunis,,,tayara
10000.0,Radès,Ben Arous,,,tayara
1300.0,Mégrine,Ben Arous,,,tayara
1550.0,Ain Zaghouen,Tunis,,,tayara
1449998.0,Mornag,Ben Arous,,,tayara
1900.0,Jardins De Carthage,Tunis,,,tayara
380.0,Radès,Ben Arous,,,tayara
220000.0,La Soukra,Ariana,,,tayara
1350.0,Centre Urbain Nord,Tunis,,,tayara
1800.0,Centre Urbain Nord,Tunis,,,tayara
4222.0,Centre Urbain Nord,Tunis,,,tayara
7420.0,Lac 1,Tunis,,,tayara
4200.0,Lac 1,Tunis,,,tayara
2500.0,Lac 1,Tunis,,,tayara
4900.0,Lac 1,Tunis,,,tayara
900.0,Ain Zaghouan Nord,Tunis,,,tayara
1800.0,Montplaisir,Tunis,,,tayara
1550.0,Ain Zaghouen,Tunis,,,tayara
1800.0,Montplaisir,Tunis,,,tayara
1500.0,Montplaisir,Tunis,,,tayara
1700.0,Montplaisir,Tunis,,,tayara
2200.0,Lac 2,Tunis,,,tayara
3000.0,Lac 2,Tunis,,,tayara
90000.0,Raoued,Ariana,,,tayara
190.0,Borj Louzir,Ariana,,,tayara
1250.0,Chotrana 2,Ariana,,,tayara
1200.0,Tunis,Tunis,,,tayara
800.0,L Aouina,Tunis,,,tayara
105000.0,Kélibia,Nabeul,,,tayara
820.0,Cite Ennkhilet,Ariana,,,tayara
6900.0,La Marsa,Tunis,,,tayara
1200.0,tunis,tunis,,,tayara
2100.0,Jardins De Carthage,Tunis,,,tayara
1500.0,tunis,tunis,,,tayara
1000.0,L Aouina,Tunis,,,tayara
2500.0,Jardins De Carthage,Tunis,,,tayara
230000.0,Ennasr,Ariana,,,tayara
25000.0,Enfidha,Sousse,,,tayara
1.0,Boumhel,Ben Arous,,,tayara
2500.0,Jardins De Carthage,Tunis,,,tayara
600000.0,Bouficha,Sousse,,,tayara
30.0,Enfidha,Sousse,,,tayara
2400.0,Jardins De Carthage,Tunis,,,tayara
4500.0,La Marsa,Tunis,,,tayara
1200.0,Autres Villes,Ariana,,,tayara
180.0,Fouchana,Ben Arous,,,tayara
2400.0,Jardins De Carthage,Tunis,,,tayara
4000.0,Jardins De Carthage,Tunis,,,tayara
720000.0,Jardins De Carthage,Tunis,,,tayara
1300.0,L Aouina,Tunis,,,tayara
1200000.0,El Omrane,Tunis,,,tayara
0.0,Cité Ennasr 2,Ariana,,,tayara
1200000.0,Chotrana,Ariana,,,tayara
260000.0,tunis,tunis,,,tayara
1500000.0,Autres Villes,Ariana,,,tayara
1000.0,Ariana Essoughra,Ariana,,,tayara
8500.0,tunis,tunis,,,tayara
2400.0,tunis,tunis,,,tayara
3500.0,tunis,tunis,,,tayara
0.0,Borj Louzir,Ariana,,,tayara
370000.0,Les Jardins El Menzah 1,Ariana,,,tayara
630000.0,Ennasr,Ariana,,,tayara
899.0,L Aouina,Tunis,,,tayara
1200.0,El Manar 2,Tunis,,,tayara
1200000.0,tunis,tunis,,,tayara
439000.0,Cité Ennasr 2,Ariana,,,tayara
15000.0,La Marsa,Tunis,,,tayara
0.0,La Soukra,Ariana,,,tayara
1000.0,tunis,tunis,,,tayara
355000.0,La Soukra,Ariana,,,tayara
1300.0,El Menzah 9,Tunis,,,tayara
0.0,tunis,tunis,,,tayara
200000.0,Medina Jedida,Ben Arous,,,tayara
5000.0,Lac 2,Tunis,,,tayara
80.0,Fouchana,Ben Arous,,,tayara
130.0,Route Mehdia,Sfax,,,tayara
9800.0,La Marsa,Tunis,,,tayara
490000.0,L Aouina,Tunis,,,tayara
0.0,Mnihla,Ariana,,,tayara
1200.0,L Aouina,Tunis,,,tayara
1000.0,Bizerte,Bizerte,,,tayara
399.0,Bizerte,Bizerte,,,tayara
7800.0,La Marsa,Tunis,,,tayara
1000.0,Ennasr,Ariana,,,tayara
250000.0,Akouda,Sousse,,,tayara
500.0,Thyna,Sfax,,,tayara
165.0,Béja Sud,Béja,,,tayara
190000.0,Tunis,Tunis,,,tayara
2500.0,Hammam Sousse,Sousse,,,tayara
1100.0,Hammamet,Nabeul,,,tayara
300.0,Sidi Bouzid,Sidi Bouzid,,,tayara
2000.0,tunis,tunis,,,tayara
0.0,Béja,Béja,,,tayara
800.0,tunis,tunis,,,tayara
20.0,Route El Ain,Sfax,,,tayara
3100.0,tunis,tunis,,,tayara
97000.0,El Haouaria,Nabeul,,,tayara
70.0,Mahdia,Mahdia,,,tayara
440.0,Bou Argoub,Nabeul,,,tayara
128000.0,Boumhel,Ben Arous,,,tayara
1.0,Route MANZEL CHAKER,Sfax,,,tayara
4000.0,El Menzah 9,Tunis,,,tayara
0.0,Route El Ain,Sfax,,,tayara
0.0,Route Menzel Chaker,Sfax,,,tayara
600.0,El Mourouj 1,Ben Arous,,,tayara
370000.0,Chotrana,Ariana,,,tayara
550.0,Hammamet Centre,Nabeul,,,tayara
105000.0,Route El Ain,Sfax,,,tayara
10110102000.0,Bab Souika,Tunis,,,tayara
550.0,El Mourouj,Ben Arous,,,tayara
550.0,Oued Ellil,La Manouba,,,tayara
0.0,Jemmal,Monastir,,,tayara
0.0,Sakiet Ezzit,Sfax,,,tayara
1100.0,Gabès Sud,Gabès,,,tayara
57000.0,Hammamet,Nabeul,,,tayara
550.0,Médenine Sud,Médenine,,,tayara
1.0,Ariana Ville,Ariana,,,tayara
60.0,L Aouina,Tunis,,,tayara
1111111.0,Mezzouna,Sidi Bouzid,,,tayara
250000.0,tunis,tunis,,,tayara
180000.0,Béni Khiar,Nabeul,,,tayara
350.0,Hammam Sousse,Sousse,,,tayara
950.0,Alain Savary,Tunis,,,tayara
950.0,La Marsa,Tunis,,,tayara
0.0,Akouda,Sousse,,,tayara
0.0,Akouda,Sousse,,,tayara
0.0,Akouda,Sousse,,,tayara
0.0,Akouda,Sousse,,,tayara
0.0,Akouda,Sousse,,,tayara
140.0,Autres Villes,Tunis,,,tayara
0.0,Akouda,Sousse,,,tayara
1799.0,Lac 2,Tunis,,,tayara
690.0,Kélibia,Nabeul,,,tayara
1500.0,Lac 1,Tunis,,,tayara
1000.0,La Marsa,Tunis,,,tayara
0.0,El Menzah 1,Tunis,,,tayara
299000.0,L Aouina,Tunis,,,tayara
750000.0,Mrezga,Nabeul,,,tayara
350.0,Route SOKRA,Sfax,,,tayara
10.0,Cité jardin,Tunis,,,tayara
360000.0,Sidi El Béchir,Tunis,,,tayara
480000.0,Djerba Midoun,Médenine,,,tayara
260000.0,Hergla,Sousse,,,tayara
700.0,El Mourouj 6,Ben Arous,,,tayara
470000000.0,Borj El Amri,La Manouba,,,tayara
1500.0,Autres Villes,Tunis,,,tayara
900.0,tunis,tunis,,,tayara
450.0,Djerba Midoun,Médenine,,,tayara
390000.0,Raoued,Ariana,,,tayara
550000.0,Tezdaine,Médenine,,,tayara
0.0,Cité Ennasr 2,Ariana,,,tayara
900.0,Denden,La Manouba,,,tayara
1200.0,Sidi Bou Ali,Sousse,,,tayara
540000.0,Riadh Andalous,Ariana,,,tayara
2000.0,Sidi Daoud,Tunis,,,tayara
99.0,Route TANIOUR,Sfax,,,tayara
350.0,Ariana,Ariana,,,tayara
900.0,L Aouina,Tunis,,,tayara
300.0,Mnihla,Ariana,,,tayara
1850000.0,Mégrine,Ben Arous,,,tayara
2200.0,Mornag,Ben Arous,,,tayara
700.0,tunis,tunis,,,tayara
400000.0,Nabeul,Nabeul,,,tayara
350.0,Mornag,Ben Arous,,,tayara
700.0,Le Bardo,Tunis,,,tayara
85.0,Hammam Sousse,Sousse,,,tayara
330000.0,Menzel Temime,Nabeul,,,tayara
2000.0,La Soukra,Ariana,,,tayara
2000.0,El Manar 1,Tunis,,,tayara
450.0,Sidi Thabet,Ariana,,,tayara
400.0,Borj Louzir,Ariana,,,tayara
75000.0,Ain Zaghouen,Tunis,,,tayara
900.0,Mnihla,Ariana,,,tayara
850.0,Tunis,Tunis,,,tayara
330000.0,La Manouba,La Manouba,,,tayara
950000.0,Le Bardo,Tunis,,,tayara
1.0,Centre Ville Lafayette,Tunis,,,tayara
12000.0,Centre Urbain Nord,Tunis,,,tayara
0.0,Gabès,Gabès,,,tayara
1200.0,Ain Zaghouen,Tunis,,,tayara
1111111.0,Hraïria,Tunis,,,tayara
300.0,Radès,Ben Arous,,,tayara
1300.0,La Marsa,Tunis,,,tayara
1.0,Tunis Belvedere,Tunis,,,tayara
2300.0,Lac 1,Tunis,,,tayara
3200.0,Lac 1,Tunis,,,tayara
11700.0,Lac 2,Tunis,,,tayara
1150000.0,Gammarth,Tunis,,,tayara
2700.0,Lac 1,Tunis,,,tayara
0.0,Le Kram,Tunis,,,tayara
2500.0,Lac 2,Tunis,,,tayara
4900.0,Lac 1,Tunis,,,tayara
2900.0,Lac 1,Tunis,,,tayara
3600.0,Lac 2,Tunis,,,tayara
6000.0,Lac 1,Tunis,,,tayara
800000.0,tunis,tunis,,,tayara
160000.0,Kalaâ Kebira,Sousse,,,tayara
1.0,Ben Arous,Ben Arous,,,tayara
220000.0,Ghazela,Ariana,,,tayara
550.0,Kantaoui,Sousse,,,tayara
45000.0,Centre Ville Lafayette,Tunis,,,tayara
100000.0,Grombalia,Nabeul,,,tayara
170000.0,Bizerte,Bizerte,,,tayara
0.0,Boumhel,Ben Arous,,,tayara
0.0,Autres Villes,Ariana,,,tayara
1.0,Bizerte,Bizerte,,,tayara
400.0,Bizerte,Bizerte,,,tayara
600.0,Monastir,Monastir,,,tayara
940.0,Chatt mariem,Sousse,,,tayara
700.0,Sfax Ville,Sfax,,,tayara
120.0,Ouerdanine,Monastir,,,tayara
3900.0,Lac 1,Tunis,,,tayara
0.0,Cité Ennasr 2,Ariana,,,tayara
2000.0,Montplaisir,Tunis,,,tayara
1.0,Riadh Andalous,Ariana,,,tayara
1.0,Lac 2,Tunis,,,tayara
1600.0,Ennasr,Ariana,,,tayara
1300.0,Ennasr,Ariana,,,tayara
200000.0,Centre Ville Lafayette,Tunis,,,tayara
200.0,Mezzraya,Médenine,,,tayara
1150.0,Ennasr,Ariana,,,tayara
320000.0,Ezzahra,Ben Arous,,,tayara
342000.0,Mrezga,Nabeul,,,tayara
300000.0,Montplaisir,Tunis,,,tayara
370000.0,La Manouba,La Manouba,,,tayara
495000.0,Chotrana 1,Ariana,,,tayara
132000.0,Bizerte Nord,Bizerte,,,tayara
720000.0,Menzel Temime,Nabeul,,,tayara
1.0,tunis,tunis,,,tayara
1000.0,Le Bardo,Tunis,,,tayara
1.0,Mutuelleville,Tunis,,,tayara
1.0,Le Kram,Tunis,,,tayara
130.0,Jardins De Carthage,Tunis,,,tayara
410000.0,Nabeul,Nabeul,,,tayara
300000.0,Mornag,Ben Arous,,,tayara
0.0,Soliman,Nabeul,,,tayara
1.0,Centre Urbain Nord,Tunis,,,tayara
720.0,La Soukra,Ariana,,,tayara
850000.0,Borj Louzir,Ariana,,,tayara
1.0,Korba,Nabeul,,,tayara
530000.0,Korba,Nabeul,,,tayara
83000.0,El Ouardia,Tunis,,,tayara
1200.0,Hammamet,Nabeul,,,tayara
1.0,Gammarth,Tunis,,,tayara
250000.0,Ezzahra,Ben Arous,,,tayara
500000.0,Autres Villes,Sousse,,,tayara
750000.0,Ghazela,Ariana,,,tayara
649.0,tunis,tunis,,,tayara
720000.0,Le Bardo,tunis,,,tayara
250000.0,Le Bardo,Tunis,,,tayara
250000.0,El Menzah 5,Ariana,,,tayara
1200.0,Hammamet,Nabeul,,,tayara
16000.0,Mégrine,Ben Arous,,,tayara
830000.0,Mornag,Ben Arous,,,tayara
4500.0,El Manar 1,Tunis,,,tayara
11.0,Medjez El Bab,Béja,,,tayara
1.0,El Haouaria,Nabeul,,,tayara
1300.0,Le Bardo,Tunis,,,tayara
1550.0,Jardins El Menzah,Ariana,,,tayara
200000.0,Kélibia,Nabeul,,,tayara
440000.0,L Aouina,Tunis,,,tayara
1100.0,Le Bardo,Tunis,,,tayara
1.0,La Soukra,Ariana,,,tayara
4000.0,Mutuelleville,Tunis,,,tayara
1990000.0,Mutuelleville,Tunis,,,tayara
159000.0,Ariana,Ariana,,,tayara
280.0,Monastir,Monastir,,,tayara
1000.0,Borj Louzir,Ariana,,,tayara
0.0,Ezzouhour,Tunis,,,tayara
60.0,Ennasr,Ariana,,,tayara
1500.0,La Goulette,Tunis,,,tayara
1234.0,Chorbane,Mahdia,,,tayara
725.0,La Soukra,Ariana,,,tayara
1000.0,Le Bardo,Tunis,,,tayara
2000.0,Sidi Bou Said,Tunis,,,tayara
650.0,Ariana,Ariana,,,tayara
950.0,L Aouina,Tunis,,,tayara
400.0,Montplaisir,Tunis,,,tayara
200000.0,Kélibia,Nabeul,,,tayara
1100.0,Autres Villes,La Manouba,,,tayara
235000.0,Mrezga,Nabeul,,,tayara
1100.0,L Aouina,Tunis,,,tayara
240000.0,Tunis,Tunis,,,tayara
2400.0,Medina Jedida,Ben Arous,,,tayara
470000.0,Boumhel,Ben Arous,,,tayara
280000.0,tunis,tunis,,,tayara
1200.0,La Soukra,Ariana,,,tayara
600.0,Ariana Ville,Ariana,,,tayara
430.0,Sfax Ville,Sfax,,,tayara
2000.0,Centre Urbain Nord,Tunis,,,tayara
1500.0,La Soukra,Ariana,,,tayara
1250.0,Montplaisir,Tunis,,,tayara
2000.0,Montplaisir,Tunis,,,tayara
3550.0,Montplaisir,Tunis,,,tayara
7500.0,Montplaisir,Tunis,,,tayara
75000.0,Mornaguia,La Manouba,,,tayara
0.0,Ennasr,Ariana,,,tayara
1100.0,Ariana,Ariana,,,tayara
385000.0,Bir Mchergua,Zaghouan,,,tayara
226000.0,La Soukra,Ariana,,,tayara
1400.0,Ennasr,Ariana,,,tayara
650000.0,tunis,tunis,,,tayara
0.0,La Manouba,La Manouba,,,tayara
2500.0,Lac 2,Tunis,,,tayara
2800.0,Chotrana 3,Ariana,,,tayara
1100.0,L Aouina,Tunis,,,tayara
90000.0,Sousse,Sousse,,,tayara
260000.0,Bouficha,Sousse,,,tayara
650.0,Menzel Jemil,Bizerte,,,tayara
140000.0,Kondar,Sousse,,,tayara
138000.0,Kalaâ Sghira,Sousse,,,tayara
1399.0,La Marsa,Tunis,,,tayara
900.0,L Aouina,Tunis,,,tayara
700.0,La Marsa,Tunis,,,tayara
120.0,Sousse corniche,Sousse,,,tayara
2000.0,Hammamet Nord,Nabeul,,,tayara
130.0,Ain Zaghouen,Tunis,,,tayara
1000.0,Kantaoui,Sousse,,,tayara
230000.0,Kélibia,Nabeul,,,tayara
110000.0,Raoued,Ariana,,,tayara
0.0,El Mourouj 1,Ben Arous,,,tayara
70.0,Tunis,Tunis,,,tayara
62500.0,Sidi Hassine,Tunis,,,tayara
500.0,Kélibia,Nabeul,,,tayara
270000.0,Kalaâ Sghira,Sousse,,,tayara
1200.0,Menzah,Tunis,,,tayara
540000.0,Riadh Andalous,Ariana,,,tayara
602.0,Raoued,Ariana,,,tayara
0.0,La Goulette,Tunis,,,tayara
0.0,Ariana,Ariana,,,tayara
1000.0,L Aouina,Tunis,,,tayara
650.0,Tunis,Tunis,,,tayara
250000.0,Kélibia,Nabeul,,,tayara
0.0,Tunis Belvedere,Tunis,,,tayara
1000000.0,Route de GABES,Sfax,,,tayara
2450000.0,Route de GABES,Sfax,,,tayara
300000.0,Route El Ain,Sfax,,,tayara
155000.0,Route de l'aéroport,Sfax,,,tayara
750000.0,Route de GABES,Sfax,,,tayara
0.0,Autres Villes,Ben Arous,,,tayara
95209416.0,tunis,tunis,,,tayara
2800.0,El Guettar,Gafsa,,,tayara
420000.0,Borj Cedria,Ben Arous,,,tayara
900.0,Ezzahra,Ben Arous,,,tayara
2000.0,Jardins De Carthage,Tunis,,,tayara
550.0,Cité El Khadra,Tunis,,,tayara
1000.0,Sidi Hassine,Tunis,,,tayara
600.0,tunis,tunis,,,tayara
1200000.0,tunis,tunis,,,tayara
5200.0,Lac 2,Tunis,,,tayara
330000.0,Lac 1,Tunis,,,tayara
750.0,La Manouba,La Manouba,,,tayara
0.0,Ariana Ville,Ariana,,,tayara
20.0,Beni Hassen,Monastir,,,tayara
1499.0,tunis,tunis,,,tayara
0.0,Le Bardo,Tunis,,,tayara
0.0,Sfax Ville,Sfax,,,tayara
648.0,Borj Cedria,Ben Arous,,,tayara
3000.0,Lac 2,Tunis,,,tayara
39.0,La Soukra,Ariana,,,tayara
500.0,Borj Cedria,Ben Arous,,,tayara
1500.0,Lac 1,Tunis,,,tayara
650.0,Djerba Houmt Souk,Médenine,,,tayara
420.0,Gafsa,Gafsa,,,tayara
790000.0,Cite Ennkhilet,Ariana,,,tayara
469.0,Soliman,Nabeul,,,tayara
470.0,Soliman,Nabeul,,,tayara
750.0,Borj Cedria,Ben Arous,,,tayara
968.0,Boumhel,Ben Arous,,,tayara
1000.0,L Aouina,Tunis,,,tayara
1250.0,Ghazela,Ariana,,,tayara
550.0,Mahdia,Mahdia,,,tayara
0.0,Chatt mariem,Sousse,,,tayara
400.0,La Marsa,Tunis,,,tayara
435000.0,Borj Cedria,Ben Arous,,,tayara
166398.0,Borj Cedria,Ben Arous,,,tayara
380.0,Kairouan,Kairouan,,,tayara
500000.0,Borj Cedria,Ben Arous,,,tayara
627000.0,Chotrana 3,Ariana,,,tayara
3700.0,Lac 2,Tunis,,,tayara
1100.0,tunis,tunis,,,tayara
8200.0,Le Kram,Tunis,,,tayara
8330.0,Lac 1,Tunis,,,tayara
0.0,Bizerte Nord,Bizerte,,,tayara
0.0,Route Tunis,Sfax,,,tayara
7140.0,Lac 1,Tunis,,,tayara
3360.0,Lac 1,Tunis,,,tayara
3360.0,Lac 1,Tunis,,,tayara
1500.0,Mahdia,Mahdia,,,tayara
1120.0,Hammamet,Nabeul,,,tayara
498000.0,La Marsa,Tunis,,,tayara
850.0,Mrezga,Nabeul,,,tayara
950.0,Hammam Sousse,Sousse,,,tayara
1375000.0,Mornaguia,La Manouba,,,tayara
680.0,Ain Zaghouen,Tunis,,,tayara
1.0,Kantaoui,Sousse,,,tayara
680.0,Ain Zaghouen,Tunis,,,tayara
1500.0,Khzema,Sousse,,,tayara
350.0,El Menzah 7,Ariana,,,tayara
350000.0,Kantaoui,Sousse,,,tayara
7.0,Sfax,Sfax,,,tayara
276000.0,Ennasr,Ariana,,,tayara
15000.0,Bellevue,Tunis,,,tayara
240000.0,Medina Jedida,Ben Arous,,,tayara
475000.0,El Menzah 9,Tunis,,,tayara
455000.0,Medina Jedida,Ben Arous,,,tayara
200000.0,tunis,tunis,,,tayara
1000.0,Kantaoui,Sousse,,,tayara
1700.0,Radès,Ben Arous,,,tayara
0.0,Menzel Bourguiba,Bizerte,,,tayara
749999.0,Sousse Jawhara,Sousse,,,tayara
520000.0,Route TANIOUR,Sfax,,,tayara
350000.0,Sfax,Sfax,,,tayara
84400.0,Bizerte Nord,Bizerte,,,tayara
0.0,Route SOKRA,Sfax,,,tayara
650.0,Sahloul,Sousse,,,tayara
3300.0,La Soukra,Ariana,,,tayara
2500000.0,Montplaisir,Tunis,,,tayara
0.0,L Aouina,Tunis,,,tayara
158398.0,Bizerte Nord,Bizerte,,,tayara
189.0,El Hamma,Gabès,,,tayara
235000.0,Borj Cedria,Ben Arous,,,tayara
950.0,El Manar 1,Tunis,,,tayara
470.0,Sousse,Sousse,,,tayara
270000.0,Kalaâ Sghira,Sousse,,,tayara
125000.0,Route MANZEL CHAKER,Sfax,,,tayara
320.0,Chatt mariem,Sousse,,,tayara
300.0,Hammam Sousse,Sousse,,,tayara
0.0,Riadh Andalous,Ariana,,,tayara
999.0,Cité Ennasr 2,Ariana,,,tayara
300000.0,tunis,tunis,,,tayara
150.0,Ariana,Ariana,,,tayara
70000.0,Mornag,Ben Arous,,,tayara
350000.0,Nabeul,Nabeul,,,tayara
0.0,Monastir,Monastir,,,tayara
0.0,Monastir,Monastir,,,tayara
0.0,Monastir,Monastir,,,tayara
27.0,Zaghouan,Zaghouan,,,tayara
3300.0,Cité jardin,Tunis,,,tayara
1.0,Lac 1,Tunis,,,tayara
1100.0,Sahloul,Sousse,,,tayara
7500000.0,Charguia 1,Ariana,,,tayara
6500000.0,Centre Ville Lafayette,Tunis,,,tayara
150.0,Béja Sud,Béja,,,tayara
187000.0,Montplaisir,Tunis,,,tayara
7899.0,Mutuelleville,Tunis,,,tayara
2350.0,Sfax,Sfax,,,tayara
1150.0,Les Jardins El Menzah 1,Ariana,,,tayara
1500.0,Centre Ville Lafayette,Tunis,,,tayara
45000.0,Centre Ville Lafayette,Tunis,,,tayara
37500.0,Centre Ville Lafayette,Tunis,,,tayara
2300.0,El Menzah 1,Tunis,,,tayara
13900.0,El Menzah 1,Tunis,,,tayara
7000.0,tunis,tunis,,,tayara
270000.0,Chotrana 1,Ariana,,,tayara
650.0,Cite Ennkhilet,Ariana,,,tayara
1380000.0,Chotrana 1,Ariana,,,tayara
1.0,Le Kram,Tunis,,,tayara
1111.0,Sousse Riadh,Sousse,,,tayara
1.0,Soliman,Nabeul,,,tayara
650.0,Medina Jedida,Ben Arous,,,tayara
150000.0,Borj Louzir,Ariana,,,tayara
4500.0,El Omrane,Tunis,,,tayara
800.0,Menzah,Tunis,,,tayara
800.0,El Menzah 9,Tunis,,,tayara
1250.0,Chotrana 1,ariana,,,tayara
1600.0,Jardins De Carthage,Tunis,,,tayara
550.0,Radès,Ben Arous,,,tayara
156000.0,Centre Urbain Nord,Tunis,,,tayara
1150.0,tunis,tunis,,,tayara
750.0,L Aouina,Tunis,,,tayara
1100.0,La Soukra,Ariana,,,tayara
110.0,tunis,tunis,,,tayara
670000.0,Chatt mariem,Sousse,,,tayara
120.0,Tabarka,Jendouba,,,tayara
930000.0,Hammamet,Nabeul,,,tayara
630000.0,Chatt mariem,Sousse,,,tayara
415000.0,Chatt mariem,Sousse,,,tayara
300.0,tunis,tunis,,,tayara
0.0,Sousse,Sousse,,,tayara
450.0,Route Mehdia,Sfax,,,tayara
155000.0,El Mourouj 4,Ben Arous,,,tayara
365000.0,Mezzouna,Sidi Bouzid,,,tayara
700.0,El Manar 1,Tunis,,,tayara
250000.0,Sfax,Sfax,,,tayara
750.0,Akouda,Sousse,,,tayara
130000.0,Ksar Hellal,Monastir,,,tayara
2200.0,Kantaoui,Sousse,,,tayara
660000.0,Hammam Sousse,Sousse,,,tayara
350000.0,tunis,Tunis,,,tayara
2500.0,El Manar 1,Tunis,,,tayara
0.0,La Marsa,Tunis,,,tayara
125000.0,Gafsa Nord,Gafsa,,,tayara
5000.0,La Marsa,Tunis,,,tayara
1500.0,La Soukra,Ariana,,,tayara
3500.0,La Soukra,Ariana,,,tayara
60.0,Kélibia,Nabeul,,,tayara
35000.0,Hammam Sousse,Sousse,,,tayara
500.0,Gabès Sud,Gabès,,,tayara
1850.0,Ariana,Ariana,,,tayara
1000.0,El Haouaria,Nabeul,,,tayara
0.0,Lac 1,Tunis,,,tayara
68000.0,Sfax,Sfax,,,tayara
3300.0,Ariana,Ariana,,,tayara
100.0,El Menzah 7,Ariana,,,tayara
100.0,Menzah,Tunis,,,tayara
600.0,Gafsa,Gafsa,,,tayara
215000.0,Medina Jedida,Ben Arous,,,tayara
80.0,Nabeul,Nabeul,,,tayara
330600.0,Ariana Essoughra,Ariana,,,tayara
480000.0,Ghazela,Ariana,,,tayara
270000.0,Sidi Thabet,Ariana,,,tayara
950.0,Ariana,Ariana,,,tayara
800.0,Ariana Ville,Ariana,,,tayara
220000.0,Chatt mariem,Sousse,,,tayara
2000.0,Riadh Andalous,Ariana,,,tayara
190000.0,Raoued,Ariana,,,tayara
175000.0,Sidi Bou Ali,Sousse,,,tayara
1500.0,Sahloul,Sousse,,,tayara
180000.0,Béni Khiar,Nabeul,,,tayara
0.0,Korba,Nabeul,,,tayara
11111.0,Boughrara,Médenine,,,tayara
65000.0,tunis,tunis,,,tayara
850000.0,Djerba Houmt Souk,Médenine,,,tayara
400000.0,Mohamedia,Ben Arous,,,tayara
200000.0,Sfax Ville,Sfax,,,tayara
160000.0,El Haouaria,Nabeul,,,tayara
37.0,Autres Villes,Bizerte,,,tayara
51000.0,Tabarka,Jendouba,,,tayara
100.0,L Aouina,Tunis,,,tayara
148500.0,Cite Ennkhilet,Ariana,,,tayara
2200.0,Ariana,Ariana,,,tayara
280.0,tunis,tunis,,,tayara
0.0,Sahline,Monastir,,,tayara
195000.0,Oued Ellil,La Manouba,,,tayara
400.0,Ezzouhour,Tunis,,,tayara
1200.0,Centre Urbain Nord,Tunis,,,tayara
1000.0,Chotrana 2,Ariana,,,tayara
0.0,Fouchana,Ben Arous,,,tayara
1.0,Fouchana,Ben Arous,,,tayara
1.0,Radès,Ben Arous,,,tayara
1.0,Centre Ville Lafayette,Tunis,,,tayara
360000.0,tunis,tunis,,,tayara
1500.0,Route GREMDA,Sfax,,,tayara
420.0,Bellevue,Tunis,,,tayara
1250.0,El Manar 1,Tunis,,,tayara
2700.0,Jardins De Carthage,Tunis,,,tayara
0.0,Sened,Gafsa,,,tayara
700.0,Akouda,Sousse,,,tayara
850.0,Bizerte,Bizerte,,,tayara
249.0,Menzah,Tunis,,,tayara
1.0,La Marsa,Tunis,,,tayara
1800.0,tunis,tunis,,,tayara
1.0,Fouchana,Ben Arous,,,tayara
1.0,Jardins De Carthage,Tunis,,,tayara
3000.0,La Marsa,Tunis,,,tayara
3400.0,Ain Zaghouan Nord,Tunis,,,tayara
60000.0,Kélibia,Nabeul,,,tayara
185000.0,Mahdia,Mahdia,,,tayara
235000.0,Monastir,Monastir,,,tayara
498000.0,Mahdia,Mahdia,,,tayara
650.0,Mahdia,Mahdia,,,tayara
200000.0,Mahdia,Mahdia,,,tayara
295000.0,Sahloul,Sousse,,,tayara
3800.0,Mahdia,Mahdia,,,tayara
616000.0,Mahdia,Mahdia,,,tayara
670.0,Khzema,Sousse,,,tayara
84.0,Sfax Ville,Sfax,,,tayara
215000.0,Ariana Essoughra,Ariana,,,tayara
1152.0,L Aouina,Tunis,,,tayara
90000.0,Medina Jedida,Ben Arous,,,tayara
2298.0,La Marsa,Tunis,,,tayara
650.0,Khzema,Sousse,,,tayara
1100.0,Kantaoui,Sousse,,,tayara
1000.0,tunis,tunis,,,tayara
85000.0,Raoued,Ariana,,,tayara
600.0,tunis,tunis,,,tayara
800.0,Les Jardins El Menzah 1,Ariana,,,tayara
1100.0,tunis,tunis,,,tayara
3000000.0,Mnihla,Ariana,,,tayara
750000.0,Ezzahra,Ben Arous,,,tayara
600.0,El Menzah 6,Ariana,,,tayara
299.0,Le Kram,Tunis,,,tayara
1350.0,Cité Ennasr 2,Ariana,,,tayara
0.0,Ben Arous,Ben Arous,,,tayara
0.0,El Mourouj 4,Ben Arous,,,tayara
0.0,Le Kram,Tunis,,,tayara
4500.0,Gammarth,Tunis,,,tayara
0.0,Autres Villes,Sfax,,,tayara
4000.0,La Marsa,Tunis,,,tayara
1500.0,La Soukra,Ariana,,,tayara
7.0,Route Tunis,Sfax,,,tayara
25000.0,Bouficha,Sousse,,,tayara
0.0,Chatt mariem,Sousse,,,tayara
0.0,Kairouan,Kairouan,,,tayara
800.0,Agareb,Sfax,,,tayara
265000.0,Mahdia,Mahdia,,,tayara
320000.0,Route El Ain,Sfax,,,tayara
575000.0,Route Menzel Chaker,Sfax,,,tayara
550.0,Bizerte,Bizerte,,,tayara
1000.0,Fouchana,Ben Arous,,,tayara
2000.0,La Soukra,Ariana,,,tayara
9.0,Centre Ville Lafayette,Tunis,,,tayara
90.0,Ennasr,Ariana,,,tayara
0.0,Ksour Essef,Mahdia,,,tayara
0.0,El Mourouj 5,Ben Arous,,,tayara
1.0,L Aouina,Tunis,,,tayara
350.0,Mornaguia,La Manouba,,,tayara
110.0,Kef Est,Le Kef,,,tayara
1.0,Menzel Bouzelfa,Nabeul,,,tayara
3000000.0,Béni Khiar,Nabeul,,,tayara
200.0,La Soukra,Ariana,,,tayara
400.0,Monastir,Monastir,,,tayara
0.0,La Marsa,Tunis,,,tayara
215000.0,Le Bardo,Tunis,,,tayara
185000.0,Route GREMDA,Sfax,,,tayara
40.0,Kasserine Sud,Kasserine,,,tayara
2800.0,tunis,tunis,,,tayara
1650.0,El Mourouj 1,Ben Arous,,,tayara
50.0,El Kabaria,Tunis,,,tayara
45000.0,Fouchana,Ben Arous,,,tayara
1110.0,tunis,tunis,,,tayara
3000.0,Hammamet,Nabeul,,,tayara
11111.0,Cité Ennasr 2,Ariana,,,tayara
1150.0,L Aouina,Tunis,,,tayara
668000000.0,Autres Villes,Tunis,,,tayara
150000.0,tunis,tunis,,,tayara
100.0,Tozeur,Tozeur,,,tayara
1550.0,Centre Urbain Nord,Tunis,,,tayara
0.0,Autres Villes,Tunis,,,tayara
400000.0,tunis,tunis,,,tayara
360000.0,Raoued,Ariana,,,tayara
750000.0,Centre Ville Lafayette,Tunis,,,tayara
0.0,Ariana,Ariana,,,tayara
0.0,Ariana,Ariana,,,tayara
260000.0,Bizerte,Bizerte,,,tayara
2.0,Route Tunis,Sfax,,,tayara
159998.0,tunis,tunis,,,tayara
330000.0,tunis,tunis,,,tayara
175000.0,Boumhel,Ben Arous,,,tayara
155000.0,Bizerte,Bizerte,,,tayara
700.0,Bizerte,Bizerte,,,tayara
0.0,Hergla,Sousse,,,tayara
200.0,tunis,tunis,,,tayara
1500.0,L Aouina,Tunis,,,tayara
2400.0,Lac 2,Tunis,,,tayara
990000.0,Raoued,Ariana,,,tayara
525000.0,Ain Zaghouan Nord,Tunis,,,tayara
16.0,Sfax,Sfax,,,tayara
320.0,Monastir,Monastir,,,tayara
1800.0,Chotrana,Ariana,,,tayara
1600.0,Ennasr,Ariana,,,tayara
100.0,Ezzouhour,Tunis,,,tayara
560000.0,Chotrana 1,Ariana,,,tayara
980000.0,Hammamet,Nabeul,,,tayara
1400000.0,Hammamet,Nabeul,,,tayara
800.0,El Menzah 6,Ariana,,,tayara
2000.0,Lac 1,Tunis,,,tayara
0.0,Route Mehdia,Sfax,,,tayara
300.0,Kélibia,Nabeul,,,tayara
1300.0,tunis,tunis,,,tayara
1900.0,Hammamet,Nabeul,,,tayara
1234.0,ROUTE SALTANIA,Sfax,,,tayara
1298.0,Hammam Sousse,Sousse,,,tayara
600.0,Le Bardo,Tunis,,,tayara
700.0,Ariana Essoughra,Ariana,,,tayara
1150.0,Ennasr,Ariana,,,tayara
11111.0,Route El Afrane,Sfax,,,tayara
0.0,Gabès Médina,Gabès,,,tayara
1.2,Autres Villes,Tunis,,,tayara
1600.0,La Soukra,Ariana,,,tayara
1.0,Montplaisir,Tunis,,,tayara
200.0,Mégrine,Ben Arous,,,tayara
3200.0,Jardins De Carthage,Tunis,,,tayara
123.0,Kerkennah,Sfax,,,tayara
1233.0,Kerkennah,Sfax,,,tayara
2000.0,Lac 1,Tunis,,,tayara
2600.0,La Marsa,Tunis,,,tayara
260000.0,Akouda,Sousse,,,tayara
1050.0,Cité Ennasr 2,Ariana,,,tayara
1.0,El Menzah 5,ariana,,,tayara
0.0,Sidi Thabet,Ariana,,,tayara
1100.0,El Menzah 9,Tunis,,,tayara
1500.0,Kantaoui,Sousse,,,tayara
330000.0,tunis,tunis,,,tayara
15000.0,Lac 1,Tunis,,,tayara
1500000.0,Montplaisir,Tunis,,,tayara
1400.0,Ain Zaghouen,Tunis,,,tayara
410000.0,Riadh Andalous,Ariana,,,tayara
230000.0,Medina Jedida,Ben Arous,,,tayara
0.0,Raoued,Ariana,,,tayara
700.0,El Manar 1,Tunis,,,tayara
1400.0,L Aouina,Tunis,,,tayara
21000.0,Lac 2,Tunis,,,tayara
1600.0,L Aouina,Tunis,,,tayara
1050.0,Sfax,Sfax,,,tayara
300.0,Kalâat Andalous,Ariana,,,tayara
7050.0,Lac 2,Tunis,,,tayara
11000.0,Lac 2,Tunis,,,tayara
8635.0,Lac 2,Tunis,,,tayara
7500.0,Lac 2,Tunis,,,tayara
2145.0,Lac 2,Tunis,,,tayara
1550.0,Montplaisir,Tunis,,,tayara
3500.0,Lac 1,Tunis,,,tayara
1300.0,Riadh Andalous,Ariana,,,tayara
670.0,Cite Ennkhilet,Ariana,,,tayara
300.0,Menzel Temime,Nabeul,,,tayara
2500.0,Lac 2,Tunis,,,tayara
3000.0,Radès,Ben Arous,,,tayara
500.0,Hammam Lif,Ben Arous,,,tayara
6000.0,Gammarth,Tunis,,,tayara
3000.0,Lac 1,Tunis,,,tayara
420.0,Borj Louzir,Ariana,,,tayara
0.0,Cité Ennasr 2,Ariana,,,tayara
1.0,Cité Ennasr 2,Ariana,,,tayara
450000.0,Cité Ennasr 2,Ariana,,,tayara
225000.0,El Menzah 5,Ariana,,,tayara
0.0,Cité Ennasr 2,Ariana,,,tayara
0.0,Ouerdanine,Monastir,,,tayara
500000.0,Hammamet,Nabeul,,,tayara
649.0,Riadh Andalous,Ariana,,,tayara
1000.0,L Aouina,Tunis,,,tayara
1800.0,Lac 2,Tunis,,,tayara
1400.0,El Menzah 9,Tunis,,,tayara
1400.0,Riadh Andalous,Ariana,,,tayara
1200.0,Cité Ennasr 2,Ariana,,,tayara
85000.0,Utique,Bizerte,,,tayara
190000.0,La Soukra,Ariana,,,tayara
0.0,Kantaoui,Sousse,,,tayara
850.0,Hammam Sousse,Sousse,,,tayara
265000.0,Médina,Tunis,,,tayara
85000.0,Hammam Sousse,Sousse,,,tayara
0.0,Korba,Nabeul,,,tayara
600.0,Bekalta,Monastir,,,tayara
400.0,Mahdia,Mahdia,,,tayara
680000.0,Le Bardo,Tunis,,,tayara
800.0,Agareb,Sfax,,,tayara
160.0,El Omrane Supérieur,Tunis,,,tayara
0.0,Tunis,Tunis,,,tayara
0.0,Chatt mariem,Sousse,,,tayara
0.0,Chatt mariem,Sousse,,,tayara
210000.0,Chatt mariem,Sousse,,,tayara
650000.0,Riadh Andalous,Ariana,,,tayara
0.0,Chatt mariem,Sousse,,,tayara
1350000.0,Khzema,Sousse,,,tayara
2500000.0,Enfidha,Sousse,,,tayara
2500000.0,Kantaoui,Sousse,,,tayara
1350.0,Lac 1,Tunis,,,tayara
131040.0,Chatt mariem,Sousse,,,tayara
890000.0,Khzema,Sousse,,,tayara
0.0,Ghazela,Ariana,,,tayara
320.0,La Marsa,Tunis,,,tayara
350.0,tunis,tunis,,,tayara
400.0,La Soukra,Ariana,,,tayara
160.0,tunis,tunis,,,tayara
0.0,Djerba Houmt Souk,Médenine,,,tayara
280000.0,Kantaoui,Sousse,,,tayara
105000.0,Hammam Sousse,Sousse,,,tayara
3500000.0,tunis,tunis,,,tayara
1.0,Lac 1,Tunis,,,tayara
950.0,El Menzah 9,Tunis,,,tayara
17000.0,Lac 2,Tunis,,,tayara
462000.0,Chatt mariem,Sousse,,,tayara
395.0,Bizerte Nord,Bizerte,,,tayara
1200.0,Kantaoui,Sousse,,,tayara
450000.0,Sousse Jawhara,Sousse,,,tayara
780000.0,Hammamet,Nabeul,,,tayara
570000.0,Sahloul,Sousse,,,tayara
500.0,Raoued,Ariana,,,tayara
320000.0,Sahloul,Sousse,,,tayara
1050.0,Medina Jedida,Ben Arous,,,tayara
215000.0,Sahloul,Sousse,,,tayara
1.0,El Jem,Mahdia,,,tayara
850.0,Sahloul,Sousse,,,tayara
320.0,El Omrane Supérieur,Tunis,,,tayara
132000.0,Route Tunis,Sfax,,,tayara
180000.0,Route de l'aéroport,Sfax,,,tayara
155000.0,Route de l'aéroport,Sfax,,,tayara
275000.0,Route El Ain,sfax,,,tayara
0.0,Zarzis,Médenine,,,tayara
1000.0,Sfax,Sfax,,,tayara
1700.0,Cité Ennasr 2,Ariana,,,tayara
2500.0,Jardins De Carthage,Tunis,,,tayara
0.0,Hammamet,Nabeul,,,tayara
2000.0,Lac 2,Tunis,,,tayara
75000.0,Sidi Bou Ali,Sousse,,,tayara
0.0,Ariana Essoughra,Ariana,,,tayara
0.0,Kalâat Andalous,Ariana,,,tayara
290000.0,Ezzouhour,Tunis,,,tayara
550.0,La Manouba,La Manouba,,,tayara
850.0,El Mourouj,Ben Arous,,,tayara
850.0,El Mourouj,Ben Arous,,,tayara
158.0,Chebika,Kairouan,,,tayara
800.0,Sidi Bou Said,Tunis,,,tayara
650.0,Raoued,Ariana,,,tayara
0.0,Gafsa Sud,Gafsa,,,tayara
350.0,Menzel Temime,Nabeul,,,tayara
2300.0,Gammarth,Tunis,,,tayara
0.0,Monfleury,Tunis,,,tayara
250.0,Sidi Hassine,Tunis,,,tayara
550.0,Soliman,Nabeul,,,tayara
1.0,Djerba Midoun,Médenine,,,tayara
500.0,Hammamet,Nabeul,,,tayara
175000.0,Tunis,Tunis,,,tayara
170.0,tunis,tunis,,,tayara
390.0,Ain Zaghouen,Tunis,,,tayara
700.0,tunis,tunis,,,tayara
0.0,Chorbane,Mahdia,,,tayara
200.0,ROUTE SALTANIA,Sfax,,,tayara
0.0,Autres Villes,Zaghouan,,,tayara
800.0,Khzema,Sousse,,,tayara
170000.0,Ariana Ville,Ariana,,,tayara
1100.0,La Manouba,La Manouba,,,tayara
130.0,Médenine,Médenine,,,tayara
150.0,tunis,tunis,,,tayara
0.0,Hammamet,Nabeul,,,tayara
0.0,Hammamet,Nabeul,,,tayara
0.0,Djerba Midoun,Médenine,,,tayara
350.0,Mrezga,Nabeul,,,tayara
500.0,Route Tunis,Sfax,,,tayara
250000.0,Hammamet,Nabeul,,,tayara
550000.0,Cite Ennkhilet,Ariana,,,tayara
350000.0,Bouficha,Sousse,,,tayara
3000.0,Chotrana 1,Ariana,,,tayara
1200.0,L Aouina,Tunis,,,tayara
1300.0,L Aouina,Tunis,,,tayara
1500.0,tunis,tunis,,,tayara
600.0,Les Jardins El Menzah 2,Ariana,,,tayara
1.0,Ettadhamen,Ariana,,,tayara
1500.0,Jardins De Carthage,Tunis,,,tayara
185000.0,Ezzahra,Ben Arous,,,tayara
140.0,Mrezga,Nabeul,,,tayara
278998.0,tunis,tunis,,,tayara
130.0,El Mourouj,Ben Arous,,,tayara
60000.0,Djebel Jelloud,Tunis,,,tayara
1120000.0,tunis,tunis,,,tayara
1180000.0,El Menzah 5,Ariana,,,tayara
498999.0,Ennasr,Ariana,,,tayara
1450.0,Ghazela,Ariana,,,tayara
600.0,Hammam Sousse,Sousse,,,tayara
0.0,Monastir,Monastir,,,tayara
155000.0,Béni Khiar,Nabeul,,,tayara
480.0,Jardins De Carthage,Tunis,,,tayara
0.0,La Manouba,La Manouba,,,tayara
0.0,Ben Arous,Ben Arous,,,tayara
0.0,Sidi Thabet,Ariana,,,tayara
750.0,Hammam Lif,Ben Arous,,,tayara
0.0,tunis,tunis,,,tayara
370.0,Djebel Jelloud,Tunis,,,tayara
1000.0,L Aouina,Tunis,,,tayara
1050.0,tunis,tunis,,,tayara
300.0,tunis,tunis,,,tayara
500.0,Kalaâ Sghira,Sousse,,,tayara
1700.0,tunis,tunis,,,tayara
700.0,tunis,tunis,,,tayara
400.0,tunis,tunis,,,tayara
1600.0,La Marsa,Tunis,,,tayara
37800.0,Nabeul,Nabeul,,,tayara
700.0,Sousse,Sousse,,,tayara
2000.0,Denden,La Manouba,,,tayara
1800000.0,Utique,Bizerte,,,tayara
115000.0,Kélibia,Nabeul,,,tayara
1.0,Menzel Bouzelfa,Nabeul,,,tayara
0.0,tunis,tunis,,,tayara
630.0,tunis,tunis,,,tayara
50000.0,Tabarka,Jendouba,,,tayara
500.0,Monastir,Monastir,,,tayara
170000.0,Sfax,Sfax,,,tayara
1.0,Mornaguia,La Manouba,,,tayara
28000.0,Khzema,Sousse,,,tayara
90.0,Mornaguia,La Manouba,,,tayara
450.0,Route MHARZA,Sfax,,,tayara
1.0,Gabès Médina,Gabès,,,tayara
140.0,Raoued,Ariana,,,tayara
85000.0,Carthage,Tunis,,,tayara
280.0,Raoued,Ariana,,,tayara
1050000.0,Mrezga,Nabeul,,,tayara
65.0,Kalaâ Kebira,Sousse,,,tayara
290.0,Hammam Chott,Ben Arous,,,tayara
480.0,Tunis,Tunis,,,tayara
1000.0,Cité Ennasr 2,Ariana,,,tayara
610000.0,Hammam Sousse,Sousse,,,tayara
430000.0,Tunis,Tunis,,,tayara
160000.0,tunis,tunis,,,tayara
179.0,La Marsa,Tunis,,,tayara
185000.0,La Soukra,Ariana,,,tayara
1500.0,Ben Arous,Ben Arous,,,tayara
240000.0,Medina Jedida,Ben Arous,,,tayara
470000.0,Le Bardo,Tunis,,,tayara
455000.0,Medina Jedida,Ben Arous,,,tayara
270.0,Douar Hicher,La Manouba,,,tayara
830.0,La Soukra,Ariana,,,tayara
0.0,Siliana Nord,Siliana,,,tayara
1050.0,Ain Zaghouan Sud,Tunis,,,tayara
1100.0,Route Tunis,Sfax,,,tayara
1299.0,Cité Ennasr 2,Ariana,,,tayara
0.0,Jardins El Menzah,Ariana,,,tayara
999.0,Cité Ennasr 2,Ariana,,,tayara
1100.0,La Soukra,Ariana,,,tayara
0.0,Raoued,Ariana,,,tayara
1050.0,Radès,Ben Arous,,,tayara
700.0,tunis,tunis,,,tayara
240000.0,Djerba Houmt Souk,Médenine,,,tayara
1100.0,Boumhel,Ben Arous,,,tayara
1450.0,Ain Zaghouen,Tunis,,,tayara
1050.0,L Aouina,Tunis,,,tayara
1400.0,Riadh Andalous,Ariana,,,tayara
239000.0,Chotrana 1,Ariana,,,tayara
420.0,Nabeul,Nabeul,,,tayara
0.0,Monastir,Monastir,,,tayara
0.0,Monastir,Monastir,,,tayara
170000.0,Kalaâ Sghira,Sousse,,,tayara
0.0,Kairouan Sud,Kairouan,,,tayara
3500.0,La Soukra,Ariana,,,tayara
1400.0,Les Jardins El Menzah 2,Ariana,,,tayara
0.0,tunis,tunis,,,tayara
0.0,Ariana Essoughra,Ariana,,,tayara
210000.0,Carthage,Tunis,,,tayara
1300.0,Route TANIOUR,Sfax,,,tayara
5500.0,El Omrane,Tunis,,,tayara
4500.0,Mutuelleville,Tunis,,,tayara
1300.0,Kantaoui,Sousse,,,tayara
0.0,Sahloul,Sousse,,,tayara
1000.0,Kantaoui,Sousse,,,tayara
260000.0,Medina Jedida,Ben Arous,,,tayara
2500.0,Jardins De Carthage,Tunis,,,tayara
500000.0,El Omrane Supérieur,Tunis,,,tayara
870000.0,El Menzah 8,Ariana,,,tayara
1200.0,Tunis,Tunis,,,tayara
426600.0,La Soukra,Ariana,,,tayara
1200.0,L Aouina,Tunis,,,tayara
230.0,Sfax Médina,Sfax,,,tayara
160000.0,Le Bardo,tunis,,,tayara
1150.0,Monfleury,Tunis,,,tayara
550000.0,El Omrane,Tunis,,,tayara
14000.0,Sidi Rezig,Ben Arous,,,tayara
1400.0,Ariana,Ariana,,,tayara
225000.0,tunis,tunis,,,tayara
730.0,Ghazela,Ariana,,,tayara
5000.0,Khzema,Sousse,,,tayara
1000.0,Sousse,Sousse,,,tayara
1450.0,Sousse,Sousse,,,tayara
700.0,Sahloul,Sousse,,,tayara
500.0,Ouerdanine,Monastir,,,tayara
1.0,Tabarka,Jendouba,,,tayara
190000.0,tunis,tunis,,,tayara
1100.0,La Soukra,Ariana,,,tayara
1300.0,Kantaoui,Sousse,,,tayara
12000.0,Kalaâ Kebira,Sousse,,,tayara
1300.0,Hammam Sousse,Sousse,,,tayara
0.0,Le Kef,Le Kef,,,tayara
1800.0,Bizerte,Bizerte,,,tayara
248000.0,Fouchana,Ben Arous,,,tayara
2000.0,Zaouit Ksibat Thrayett,Sousse,,,tayara
350.0,Cité Hedi Nouira,Ariana,,,tayara
1300.0,Sousse,Sousse,,,tayara
60000.0,La Manouba,La Manouba,,,tayara
0.0,Ariana,Ariana,,,tayara
1.0,Mutuelleville,Tunis,,,tayara
22235.0,Monfleury,Tunis,,,tayara
340.0,Moknine,Monastir,,,tayara
400.0,Ariana,Ariana,,,tayara
540000.0,Bizerte Nord,Bizerte,,,tayara
170000.0,Route GREMDA,Sfax,,,tayara
370000.0,tunis,tunis,,,tayara
500.0,Bargou,Siliana,,,tayara
110.0,Bab Souika,Tunis,,,tayara
1100.0,Kélibia,Nabeul,,,tayara
220000.0,tunis,tunis,,,tayara
250.0,Grombalia,Nabeul,,,tayara
11111.0,Khaznadar,Tunis,,,tayara
205000.0,Hammam Ghezèze,Nabeul,,,tayara
80.0,Sousse corniche,Sousse,,,tayara
1850.0,Jardins De Carthage,Tunis,,,tayara
1.0,Ben Arous,Ben Arous,,,tayara
2100.0,L Aouina,Tunis,,,tayara
950.0,tunis,tunis,,,tayara
1050.0,L Aouina,Tunis,,,tayara
215000.0,L Aouina,Tunis,,,tayara
1000.0,Manouba Ville,La Manouba,,,tayara
220000.0,Kélibia,Nabeul,,,tayara
1100000000.0,Le Bardo,Tunis,,,tayara
460000.0,Sousse,Sousse,,,tayara
250000.0,Khzema,Sousse,,,tayara
1200.0,Cite Ennkhilet,Ariana,,,tayara
320000.0,Mornag,Ben Arous,,,tayara
700.0,Route TANIOUR,Sfax,,,tayara
415000.0,La Manouba,La Manouba,,,tayara
1000.0,Borj Louzir,Ariana,,,tayara
1500.0,La Soukra,Ariana,,,tayara
1050.0,Bizerte Nord,Bizerte,,,tayara
275000.0,Chatt mariem,Sousse,,,tayara
1200.0,Radès,Ben Arous,,,tayara
0.0,Cité Ennasr 2,Ariana,,,tayara
0.0,Cité Ennasr 2,Ariana,,,tayara
1350.0,L Aouina,Tunis,,,tayara
0.0,tunis,tunis,,,tayara
1230.0,La Marsa,Tunis,,,tayara
1000.0,L Aouina,Tunis,,,tayara
1000.0,L Aouina,Tunis,,,tayara
1100.0,El Manar 1,Tunis,,,tayara
900.0,El Manar 2,Tunis,,,tayara
1000.0,Hammam Sousse,Sousse,,,tayara
950.0,L Aouina,Tunis,,,tayara
850.0,Ennasr,Ariana,,,tayara
800.0,El Manar 1,Tunis,,,tayara
330000.0,L Aouina,Tunis,,,tayara
17000.0,La Marsa,Tunis,,,tayara
1.0,Kélibia,Nabeul,,,tayara
3000.0,Lac 2,Tunis,,,tayara
1350.0,Centre Urbain Nord,Tunis,,,tayara
1300.0,El Menzah 1,Tunis,,,tayara
0.0,Mohamedia,Ben Arous,,,tayara
800.0,Ben Arous,Ben Arous,,,tayara
500.0,Hammam Lif,Ben Arous,,,tayara
749.0,Ben Arous,Ben Arous,,,tayara
1600.0,Centre Urbain Nord,Tunis,,,tayara
240.0,Chatt mariem,Sousse,,,tayara
280000.0,Chatt mariem,Sousse,,,tayara
630000.0,Chatt mariem,Sousse,,,tayara
3500.0,Tunis,Tunis,,,tayara
900.0,Khzema,Sousse,,,tayara
80.0,Hammamet Nord,Nabeul,,,tayara
2800.0,Carthage,Tunis,,,tayara
1350.0,Centre Urbain Nord,Tunis,,,tayara
80.0,Sousse corniche,Sousse,,,tayara
260000.0,Route TANIOUR,Sfax,,,tayara
1200000.0,Ras Jebel,Bizerte,,,tayara
0.0,Cité Ennasr 2,Ariana,,,tayara
0.0,Zarzis,Médenine,,,tayara
160.0,Jardins De Carthage,Tunis,,,tayara
1000.0,Hammamet,Nabeul,,,tayara
0.0,Hammam Sousse,Sousse,,,tayara
900.0,L Aouina,Tunis,,,tayara
357000.0,Le Kram,Tunis,,,tayara
1200.0,Sahloul,Sousse,,,tayara
200000.0,Radès,Ben Arous,,,tayara
200000.0,Radès,Ben Arous,,,tayara
900.0,L Aouina,Tunis,,,tayara
700.0,Cite Ennkhilet,Ariana,,,tayara
320000.0,Mornag,Ben Arous,,,tayara
1350.0,Cité Ennasr 2,Ariana,,,tayara
1100.0,Akouda,Sousse,,,tayara
1200.0,Chotrana 1,Ariana,,,tayara
1499.0,El Menzah 9,Tunis,,,tayara
1.0,Lac 2,Tunis,,,tayara
749998.0,Ben Arous,Ben Arous,,,tayara
550.0,Le Bardo,Tunis,,,tayara
967000.0,Gammarth,Tunis,,,tayara
800002.0,Borj El Amri,La Manouba,,,tayara
1900.0,Charguia 2,Ariana,,,tayara
1800.0,Charguia 1,Ariana,,,tayara
4000.0,Charguia 1,Ariana,,,tayara
1800.0,Charguia 1,Ariana,,,tayara
1350.0,Lac 2,Tunis,,,tayara
5000.0,La Marsa,Tunis,,,tayara
1150.0,L Aouina,Tunis,,,tayara
235000.0,Autres Villes,Sousse,,,tayara
500.0,Autres Villes,Tunis,,,tayara
900.0,Sahloul,Sousse,,,tayara
1200.0,Chatt mariem,Sousse,,,tayara
250.0,Kantaoui,Sousse,,,tayara
1200.0,Chatt mariem,Sousse,,,tayara
1600.0,Khzema,Sousse,,,tayara
1600.0,Khzema,Sousse,,,tayara
1500.0,Sahloul,Sousse,,,tayara
1600.0,Sousse corniche,Sousse,,,tayara
2500.0,Khzema,Sousse,,,tayara
2500.0,tunis,tunis,,,tayara
500.0,Kairouan Sud,Kairouan,,,tayara
380000.0,L Aouina,Tunis,,,tayara
950.0,Hammam Sousse,Sousse,,,tayara
1500.0,Sahloul,Sousse,,,tayara
5000.0,Kantaoui,Sousse,,,tayara
1300.0,Sahloul,Sousse,,,tayara
1300.0,Sahloul,Sousse,,,tayara
200000.0,Hammam Sousse,Sousse,,,tayara
700.0,Sousse Riadh,Sousse,,,tayara
165000.0,Sousse Sidi Abdelhamid,Sousse,,,tayara
330000.0,Akouda,Sousse,,,tayara
330000.0,Sahloul,Sousse,,,tayara
750.0,Sousse Riadh,Sousse,,,tayara
280000.0,L Aouina,Tunis,,,tayara
75000.0,Mornaguia,La Manouba,,,tayara
1800.0,Sahloul,Sousse,,,tayara
1800.0,Sahloul,Sousse,,,tayara
4500.0,Sahloul,Sousse,,,tayara
2500.0,Sahloul,Sousse,,,tayara
1100.0,Sousse Riadh,Sousse,,,tayara
1200.0,Kantaoui,Sousse,,,tayara
600.0,Sousse,Sousse,,,tayara
0.0,El Mourouj,Ben Arous,,,tayara
185000.0,Bizerte Nord,Bizerte,,,tayara
1200.0,El Omrane,Tunis,,,tayara
129999.0,Tabarka,Jendouba,,,tayara
420.0,Kairouan,Kairouan,,,tayara
720000.0,Chatt mariem,Sousse,,,tayara
229.0,Fouchana,Ben Arous,,,tayara
0.0,Bizerte,Bizerte,,,tayara
1700.0,La Marsa,Tunis,,,tayara
5000.0,Kantaoui,Sousse,,,tayara
0.0,Kantaoui,Sousse,,,tayara
3500.0,Ain Zaghouan Nord,Tunis,,,tayara
1300.0,Riadh Andalous,Ariana,,,tayara
1600000.0,El Menzah 9,Tunis,,,tayara
700.0,Tunis,Tunis,,,tayara
800.0,tunis,tunis,,,tayara
119900.0,tunis,tunis,,,tayara
700.0,Sousse Riadh,Sousse,,,tayara
900.0,Kantaoui,Sousse,,,tayara
120000.0,La Manouba,La Manouba,,,tayara
1250.0,Ain Zaghouan Nord,Tunis,,,tayara
1000.0,L Aouina,Tunis,,,tayara
1.0,Lac 2,Tunis,,,tayara
195000.0,tunis,tunis,,,tayara
25000.0,Lac 1,Tunis,,,tayara
1.0,La Soukra,Ariana,,,tayara
850.0,Sahloul,Sousse,,,tayara
60000.0,Autres Villes,Gabès,,,tayara
425000.0,Tunis Belvedere,Tunis,,,tayara
4000.0,tunis,tunis,,,tayara
150.0,Ksar Hellal,Monastir,,,tayara
0.0,Mrezga,Nabeul,,,tayara
420.0,Sfax,Sfax,,,tayara
199.0,Charguia 2,Ariana,,,tayara
375.0,Route TANIOUR,Sfax,,,tayara
300.0,Route El Afrane,Sfax,,,tayara
120.0,El Mourouj 6,Ben Arous,,,tayara
0.0,tunis,tunis,,,tayara
460000.0,Djerba Houmt Souk,Médenine,,,tayara
250.0,Sakiet Ezzit,Sfax,,,tayara
450000.0,Cité Ennasr 2,Ariana,,,tayara
800.0,Sousse Jawhara,Sousse,,,tayara
1800.0,Lac 2,Tunis,,,tayara
0.0,Sidi Hassine,Tunis,,,tayara
0.0,La Manouba,La Manouba,,,tayara
75.0,Raoued,Ariana,,,tayara
950.0,La Manouba,La Manouba,,,tayara
415000.0,Kerkennah,Sfax,,,tayara
59000.0,Route El Ain,Sfax,,,tayara
1000.0,Bizerte Nord,Bizerte,,,tayara
290000.0,Route Soukra,Sfax,,,tayara
142000.0,Route TANIOUR,Sfax,,,tayara
205000.0,tunis,tunis,,,tayara
1800.0,Charguia 1,Ariana,,,tayara
150000.0,Mnihla,Ariana,,,tayara
6666.0,Bouficha,Sousse,,,tayara
0.0,Sidi Bouzid Ouest,Sidi Bouzid,,,tayara
1250.0,Le Bardo,Tunis,,,tayara
3500.0,tunis,tunis,,,tayara
1300.0,Mahdia,Mahdia,,,tayara
450.0,Nabeul,Nabeul,,,tayara
0.0,Ariana,Ariana,,,tayara
220000.0,Ras Jebel,Bizerte,,,tayara
650000.0,El Manar 1,Tunis,,,tayara
535.0,Mornag,Ben Arous,,,tayara
620000.0,tunis,tunis,,,tayara
120.0,L Aouina,Tunis,,,tayara
1600.0,tunis,tunis,,,tayara
1800.0,Mahdia,Mahdia,,,tayara
1500.0,Kantaoui,Sousse,,,tayara
2000.0,Mahdia,Mahdia,,,tayara
1050.0,Ras Jebel,Bizerte,,,tayara
450.0,Hammam Lif,Ben Arous,,,tayara
580.0,Mahdia,Mahdia,,,tayara
1049.0,L Aouina,Tunis,,,tayara
1500.0,Mahdia,Mahdia,,,tayara
100.0,L Aouina,Tunis,,,tayara
125001.0,Kélibia,Nabeul,,,tayara
1500.0,Mahdia,Mahdia,,,tayara
2500.0,Gammarth,Tunis,,,tayara
0.0,Mrezga,Nabeul,,,tayara
0.0,La Marsa,Tunis,,,tayara
2800.0,La Marsa,Tunis,,,tayara
1400.0,La Marsa,Tunis,,,tayara
520.0,Mnihla,Ariana,,,tayara
596.0,El Omrane Supérieur,Tunis,,,tayara
419999.0,tunis,tunis,,,tayara
1250000.0,Le Bardo,Tunis,,,tayara
0.0,tunis,tunis,,,tayara
300000.0,Monfleury,Tunis,,,tayara
1200.0,Jardins De Carthage,Tunis,,,tayara
1200.0,Ain Zaghouen,Tunis,,,tayara
0.0,Chatt mariem,Sousse,,,tayara
815000.0,Sfax,Sfax,,,tayara
1600.0,Alain Savary,Tunis,,,tayara
255000.0,Monfleury,Tunis,,,tayara
500.0,El Mourouj 3,Ben Arous,,,tayara
250.0,El Omrane Supérieur,Tunis,,,tayara
320.0,Tunis,Tunis,,,tayara
1700000.0,Sidi Thabet,Ariana,,,tayara
230000.0,L Aouina,Tunis,,,tayara
2400000.0,Radès,Ben Arous,,,tayara
1300000.0,Radès,Ben Arous,,,tayara
1150000.0,Radès,Ben Arous,,,tayara
1000.0,Radès,Ben Arous,,,tayara
203400.0,Soliman,Nabeul,,,tayara
208350.0,Soliman,Nabeul,,,tayara
530000.0,Ben Arous,Ben Arous,,,tayara
800000.0,Radès,Ben Arous,,,tayara
1300.0,Jardins De Carthage,Tunis,,,tayara
470000.0,Hammamet,Nabeul,,,tayara
1500.0,Hammamet Centre,Nabeul,,,tayara
320.0,Yasmine Hammamet,Nabeul,,,tayara
590000.0,tunis,tunis,,,tayara
130000.0,Radès,Ben Arous,,,tayara
155000.0,Radès,Ben Arous,,,tayara
350000.0,Ras Jebel,Bizerte,,,tayara
110000.0,Radès,Ben Arous,,,tayara
590000.0,Ben Arous,Ben Arous,,,tayara
120000.0,Radès,Ben Arous,,,tayara
1100.0,tunis,tunis,,,tayara
1.4,Ariana,Ariana,,,tayara
160000.0,Ras Jebel,Bizerte,,,tayara
2500.0,tunis,tunis,,,tayara
0.0,Hammamet,Nabeul,,,tayara
1300.0,La Soukra,Ariana,,,tayara
180000.0,Mnihla,Ariana,,,tayara
0.0,Montplaisir,Tunis,,,tayara
249999.0,tunis,tunis,,,tayara
300.0,tunis,tunis,,,tayara
0.0,Riadh Andalous,Ariana,,,tayara
700.0,Chatt mariem,Sousse,,,tayara
1.0,Kef Est,Le Kef,,,tayara
42700.0,Kélibia,Nabeul,,,tayara
6500.0,La Soukra,Ariana,,,tayara
0.0,Menzel Bouzelfa,Nabeul,,,tayara
200.0,Sakiet Ezzit,Sfax,,,tayara
230000.0,tunis,tunis,,,tayara
47000.0,Mornaguia,La Manouba,,,tayara
6500.0,Lac 1,Tunis,,,tayara
1500.0,L Aouina,Tunis,,,tayara
1000.0,L Aouina,Tunis,,,tayara
0.0,Centre Ville Lafayette,Tunis,,,tayara
659000.0,Cité Ennasr 2,Ariana,,,tayara
2300.0,Akouda,Sousse,,,tayara
0.0,tunis,Ben Arous,,,tayara
2500.0,Ain Zaghouan Nord,Tunis,,,tayara
0.0,El Jem,Mahdia,,,tayara
0.0,Le Kram,Tunis,,,tayara
0.0,Cité Ennasr 2,Ariana,,,tayara
850.0,Mrezga,Nabeul,,,tayara
2200.0,tunis,tunis,,,tayara
1700.0,tunis,tunis,,,tayara
360000.0,Raoued,Ariana,,,tayara
0.0,Le Kram,Tunis,,,tayara
0.0,Ennasr,Ariana,,,tayara
300000.0,Le Bardo,Tunis,,,tayara
2600.0,La Marsa,Tunis,,,tayara
90000.0,Yasmine Hammamet,Nabeul,,,tayara
1400.0,Cité Ennasr 2,Ariana,,,tayara
300.0,Borj Louzir,Ariana,,,tayara
1.0,tunis,tunis,,,tayara
1100.0,Ain Zaghouen,Tunis,,,tayara
950.0,L Aouina,Tunis,,,tayara
680000.0,Borj Louzir,Ariana,,,tayara
350000.0,El Manar 1,Tunis,,,tayara
370000.0,La Soukra,Ariana,,,tayara
185000.0,El Manar 1,Tunis,,,tayara
0.0,El Manar 2,Tunis,,,tayara
340000.0,Mnihla,Ariana,,,tayara
900.0,El Manar 2,Tunis,,,tayara
0.0,Monastir,Monastir,,,tayara
0.0,Monastir,Monastir,,,tayara
2000.0,Ghazela,Ariana,,,tayara
1300.0,Mrezga,Nabeul,,,tayara
51000.0,Bizerte Sud,Bizerte,,,tayara
70000.0,Bizerte Nord,Bizerte,,,tayara
0.0,Route Tunis,Sfax,,,tayara
370001.0,Radès,Ben Arous,,,tayara
1900.0,Ennasr,Ariana,,,tayara
5500.0,Hammamet,Nabeul,,,tayara
890000.0,tunis,tunis,,,tayara
0.0,Hammamet,Nabeul,,,tayara
110000.0,Kélibia,Nabeul,,,tayara
0.0,Cité Ennasr 2,Ariana,,,tayara
950.0,Ennasr,Ariana,,,tayara
1800.0,Ennasr,Ariana,,,tayara
1500.0,Riadh Andalous,Ariana,,,tayara
1300.0,Ain Zaghouan Sud,Tunis,,,tayara
0.0,Monastir,Monastir,,,tayara
0.0,Autres Villes,Ariana,,,tayara
350.0,Medina Jedida,Ben Arous,,,tayara
350.0,Cité Ennasr 2,Ariana,,,tayara
130.0,Cité Ennasr 2,Ariana,,,tayara
850.0,Ariana Ville,Ariana,,,tayara
0.0,Route Soukra,Sfax,,,tayara
800.0,El Menzah 9,Tunis,,,tayara
1111.0,La Marsa,Tunis,,,tayara
517000.0,Cite Ennkhilet,Ariana,,,tayara
70.0,Soliman,Nabeul,,,tayara
1234.0,Tunis,Tunis,,,tayara
450.0,El Mourouj,Ben Arous,,,tayara
615000.0,El Aroussa,Siliana,,,tayara
480.0,Soliman,Nabeul,,,tayara
0.0,tunis,tunis,,,tayara
355000.0,tunis,tunis,,,tayara
100.0,Hammam Sousse,Sousse,,,tayara
50000.0,tunis,tunis,,,tayara
600.0,Carthage,Tunis,,,tayara
109280.0,Grombalia,Nabeul,,,tayara
202495.0,Grombalia,Nabeul,,,tayara
190.0,Sidi Thabet,Ariana,,,tayara
1900.0,Ain Zaghouan Nord,Tunis,,,tayara
2000.0,Lac 2,Tunis,,,tayara
0.0,Chebba,Mahdia,,,tayara
191759.0,Grombalia,Nabeul,,,tayara
0.0,Le Kef,Le Kef,,,tayara
670000.0,Ariana Essoughra,Ariana,,,tayara
600.0,Sousse,Sousse,,,tayara
6000.0,Khzema,Sousse,,,tayara
1.0,Sfax Ville,Sfax,,,tayara
0.0,Medina Jedida,Ben Arous,,,tayara
600.0,Chatt mariem,Sousse,,,tayara
400.0,Medina Jedida,Ben Arous,,,tayara
1600.0,Ain Zaghouen,Tunis,,,tayara
1400.0,L Aouina,Tunis,,,tayara
111.0,La Manouba,La Manouba,,,tayara
285000.0,Ain Zaghouan Nord,Tunis,,,tayara
1200.0,L Aouina,Tunis,,,tayara
5500.0,tunis,tunis,,,tayara
6800.0,Monfleury,Tunis,,,tayara
590000.0,El Manar 1,Tunis,,,tayara
368000.0,Medina Jedida,Ben Arous,,,tayara
1000.0,L Aouina,Tunis,,,tayara
1900.0,tunis,tunis,,,tayara
5000000.0,Montplaisir,Tunis,,,tayara
1.0,Centre Ville Lafayette,Tunis,,,tayara
950000.0,Jardins De Carthage,Tunis,,,tayara
750000.0,Jardins De Carthage,Tunis,,,tayara
330000.0,Jardins De Carthage,Tunis,,,tayara
360000.0,Jardins De Carthage,Tunis,,,tayara
1200.0,L Aouina,Tunis,,,tayara
1.0,Radès,Ben Arous,,,tayara
1500.0,Gammarth,Tunis,,,tayara
1200.0,L Aouina,Tunis,,,tayara
0.0,Route Tunis,Sfax,,,tayara
1050.0,L Aouina,Tunis,,,tayara
1850.0,Jardins De Carthage,Tunis,,,tayara
1050.0,Ain Zaghouen,Tunis,,,tayara
900.0,Radès,Ben Arous,,,tayara
180000.0,Khzema,Sousse,,,tayara
220000.0,Ezzahra,Ben Arous,,,tayara
300000.0,L Aouina,Tunis,,,tayara
248000.0,Ain Zaghouan Nord,Tunis,,,tayara
217000.0,L Aouina,Tunis,,,tayara
248000.0,Ain Zaghouan Nord,Tunis,,,tayara
901.0,Lac 2,Tunis,,,tayara
334998.0,Ezzahra,Ben Arous,,,tayara
149997.0,tunis,tunis,,,tayara
0.0,La Soukra,Ariana,,,tayara
3500.0,tunis,tunis,,,tayara
1800.0,La Marsa,Tunis,,,tayara
120000.0,El Kabaria,Tunis,,,tayara
1.0,Médina,Tunis,,,tayara
40000.0,Ezzouhour,Tunis,,,tayara
1500.0,Dar Fadhal,Ariana,,,tayara
550.0,Ettadhamen,Ariana,,,tayara
449999.0,Ezzouhour,Tunis,,,tayara
650000.0,Oued Ellil,La Manouba,,,tayara
989999.0,Hammam Chott,Ben Arous,,,tayara
45.0,Raoued,Ariana,,,tayara
2600.0,tunis,tunis,,,tayara
300000.0,Raoued,Ariana,,,tayara
680000.0,Ariana,Ariana,,,tayara
560.0,Tunis,Tunis,,,tayara
180000.0,tunis,tunis,,,tayara
1802.0,Le Bardo,Tunis,,,tayara
1200.0,L Aouina,Tunis,,,tayara
1200.0,Chatt mariem,Sousse,,,tayara
150000.0,Route El Ain,Sfax,,,tayara
950.0,L Aouina,Tunis,,,tayara
120.0,Sousse,Sousse,,,tayara
280000.0,tunis,tunis,,,tayara
530000.0,Korba,Nabeul,,,tayara
1500000.0,Kélibia,Nabeul,,,tayara
1150000.0,Cité Ennasr 2,Ariana,,,tayara
1700.0,Oued Ellil,La Manouba,,,tayara
1.0,Sidi Daoud,Tunis,,,tayara
1.0,La Manouba,La Manouba,,,tayara
1.0,La Soukra,Ariana,,,tayara
1.0,Ghazela,Ariana,,,tayara
1.0,Sidi Thabet,Ariana,,,tayara
1.0,Charguia 1,Ariana,,,tayara
0.0,tunis,tunis,,,tayara
0.0,Hammamet,Nabeul,,,tayara
170.0,Autres Villes,Tunis,,,tayara
300.0,Kairouan Sud,Kairouan,,,tayara
1600.0,Montplaisir,Tunis,,,tayara
120000.0,Kalaâ Kebira,Sousse,,,tayara
490000.0,Sousse,Sousse,,,tayara
1.0,Raoued,Ariana,,,tayara
35000.0,Kalaâ Kebira,Sousse,,,tayara
1100.0,Akouda,Sousse,,,tayara
800.0,tunis,tunis,,,tayara
649.0,Lac 2,Tunis,,,tayara
6149.0,Centre Urbain Nord,Tunis,,,tayara
500.0,El Menzah 9,Tunis,,,tayara
1000.0,Khzema,Sousse,,,tayara
1250.0,Ennasr,Ariana,,,tayara
0.0,Sfax Médina,Sfax,,,tayara
1200.0,Sahloul,Sousse,,,tayara
128000.0,Hammam Lif,Ben Arous,,,tayara
1600.0,El Menzah 9,Tunis,,,tayara
620.0,Radès,Ben Arous,,,tayara
1480000.0,Hammam Sousse,Sousse,,,tayara
1600.0,Kantaoui,Sousse,,,tayara
0.0,tunis,tunis,,,tayara
1050000.0,Testour,Béja,,,tayara
450000.0,Sidi Thabet,Ariana,,,tayara
750.0,Ariana,Ariana,,,tayara
550.0,Route GREMDA,Sfax,,,tayara
800000.0,Radès,Ben Arous,,,tayara
1100.0,L Aouina,Tunis,,,tayara
1000.0,Sousse Jawhara,Sousse,,,tayara
200.0,Menzel Jemil,Bizerte,,,tayara
1.0,Monastir,Monastir,,,tayara
7777.0,Centre Urbain Nord,Tunis,,,tayara
0.0,Ariana,Ariana,,,tayara
130.0,L Aouina,Tunis,,,tayara
1300.0,Medina Jedida,Ben Arous,,,tayara
2300.0,Lac 2,Tunis,,,tayara
1200000000.0,Route El Ain,Sfax,,,tayara
2600.0,Lac 1,Tunis,,,tayara
1250.0,Le Bardo,Tunis,,,tayara
1500.0,La Soukra,Ariana,,,tayara
1700.0,Ariana,Ariana,,,tayara
850.0,L Aouina,Tunis,,,tayara
280000.0,La Soukra,Ariana,,,tayara
985000.0,Ghazela,Ariana,,,tayara
1.0,Autres Villes,Tunis,,,tayara
1400.0,La Soukra,ariana,,,tayara
1000.0,Chatt mariem,Sousse,,,tayara
3600.0,Chotrana 3,ariana,,,tayara
0.0,Ezzahra,Ben Arous,,,tayara
290.0,tunis,tunis,,,tayara
160.0,La Marsa,Tunis,,,tayara
285000.0,tunis,tunis,,,tayara
4500.0,El Menzah 9,Tunis,,,tayara
11111.0,Sfax Ville,Sfax,,,tayara
6000000.0,Cité Ennasr 2,Ariana,,,tayara
1200.0,Ezzahra,Ben Arous,,,tayara
270000.0,Radès,Ben Arous,,,tayara
1550.0,tunis,tunis,,,tayara
7200.0,Borj Cedria,Ben Arous,,,tayara
6000.0,L Aouina,Tunis,,,tayara
780000.0,La Soukra,Ariana,,,tayara
350000.0,Dar Fadhal,Ariana,,,tayara
425000.0,tunis,tunis,,,tayara
228000.0,La Soukra,Ariana,,,tayara
3000.0,La Soukra,Ariana,,,tayara
2600.0,Dar Fadhal,Ariana,,,tayara
515000.0,Mégrine,Ben Arous,,,tayara
1000.0,Hammam Sousse,Sousse,,,tayara
1200.0,tunis,tunis,,,tayara
1500.0,Mégrine,Ben Arous,,,tayara
380.0,Sidi Hassine,Tunis,,,tayara
850.0,Sahloul,Sousse,,,tayara
850.0,Khzema,Sousse,,,tayara
389999.0,Ennasr,Ariana,,,tayara
550000.0,Mrezga,Nabeul,,,tayara
3800.0,tunis,tunis,,,tayara
1198.0,Ennasr,Ariana,,,tayara
350.0,Menzel Jemil,Bizerte,,,tayara
700.0,tunis,tunis,,,tayara
1200.0,L Aouina,Tunis,,,tayara
500.0,Hammamet,Nabeul,,,tayara
320000.0,Borj Louzir,Ariana,,,tayara
1.0,Sfax Ville,Sfax,,,tayara
0.0,Route Mehdia,Sfax,,,tayara
0.0,tunis,tunis,,,tayara
1299.0,Lac 1,Tunis,,,tayara
900.0,Nabeul,Nabeul,,,tayara
4500.0,tunis,tunis,,,tayara
530.0,tunis,tunis,,,tayara
1500.0,Ain Zaghouan Nord,Tunis,,,tayara
1500.0,tunis,tunis,,,tayara
380000.0,Chatt mariem,Sousse,,,tayara
1000.0,Route Menzel Chaker,Sfax,,,tayara
95.0,Gafsa Nord,Gafsa,,,tayara
215.0,Mornag,Ben Arous,,,tayara
1111.0,Autres Villes,Ben Arous,,,tayara
150000.0,El Ouardia,Tunis,,,tayara
295000.0,Route El Ain,Sfax,,,tayara
695000.0,Route GREMDA,Sfax,,,tayara
900.0,L Aouina,Tunis,,,tayara
350000.0,Mahdia,Mahdia,,,tayara
170000.0,Mahdia,Mahdia,,,tayara
240000.0,Mahdia,Mahdia,,,tayara
600.0,Mahdia,Mahdia,,,tayara
150.0,tunis,tunis,,,tayara
300.0,Sidi El Béchir,Tunis,,,tayara
1.0,Lac 2,Tunis,,,tayara
1.0,Lac 2,Tunis,,,tayara
1.0,Lac 2,Tunis,,,tayara
3500.0,Gammarth,Tunis,,,tayara
435000.0,Hammamet,Nabeul,,,tayara
1.0,Lac 2,Tunis,,,tayara
1500.0,L Aouina,Tunis,,,tayara
0.0,Hammamet,Nabeul,,,tayara
750.0,Route Mehdia,Sfax,,,tayara
1570.0,Dar Fadhal,Ariana,,,tayara
3500.0,Lac 1,Tunis,,,tayara
300000.0,Hammam Ghezèze,Nabeul,,,tayara
2500.0,L Aouina,Tunis,,,tayara
1150.0,L Aouina,Tunis,,,tayara
1050.0,L Aouina,Tunis,,,tayara
0.0,El Menzah 1,Tunis,,,tayara
0.0,Route Tunis,Sfax,,,tayara
650.0,Mahdia,Mahdia,,,tayara
0.0,La Marsa,Tunis,,,tayara
3000.0,La Marsa,Tunis,,,tayara
50000.0,Tunis,Tunis,,,tayara
870000.0,Borj Louzir,Ariana,,,tayara
0.0,Cité Ennasr 2,Ariana,,,tayara
1000.0,Riadh Andalous,Ariana,,,tayara
1.0,Sfax Ville,Sfax,,,tayara
350000.0,Kalaâ Sghira,Sousse,,,tayara
300000.0,Tunis,Tunis,,,tayara
1500.0,Montplaisir,Tunis,,,tayara
250.0,tunis,tunis,,,tayara
1200.0,Le Kram,Tunis,,,tayara
75000.0,Mnihla,Ariana,,,tayara
295000.0,Sahloul,Sousse,,,tayara
2200.0,Cité Ennasr 2,Ariana,,,tayara
750.0,Les Jardins El Menzah 1,Ariana,,,tayara
1400.0,L Aouina,Tunis,,,tayara
600.0,tunis,tunis,,,tayara
329997.0,tunis,tunis,,,tayara
0.0,Autres Villes,Ariana,,,tayara
150000.0,Chatt mariem,Sousse,,,tayara
1500.0,Lac 1,Tunis,,,tayara
200.0,Grombalia,Nabeul,,,tayara
0.0,Monastir,Monastir,,,tayara
1500.0,Autres Villes,Tunis,,,tayara
500.0,Sousse,Sousse,,,tayara
335000.0,L Aouina,Tunis,,,tayara
169000.0,L Aouina,Tunis,,,tayara
3000.0,Lac 1,Tunis,,,tayara
0.0,Autres Villes,Sfax,,,tayara
1.0,Kantaoui,Sousse,,,tayara
2200.0,Sahloul,Sousse,,,tayara
500.0,Ariana Ville,Ariana,,,tayara
75.0,L Aouina,Tunis,,,tayara
150.0,Bekalta,Monastir,,,tayara
2500.0,Lac 1,Tunis,,,tayara
760000.0,Mornag,Ben Arous,,,tayara
1200000.0,Les Jardins El Menzah 2,Ariana,,,tayara
0.0,tunis,tunis,,,tayara
369999.0,tunis,tunis,,,tayara
338000.0,Ennasr,Ariana,,,tayara
50000.0,Route de l'aéroport,Sfax,,,tayara
900.0,L Aouina,Tunis,,,tayara
2800.0,Chotrana 3,Ariana,,,tayara
320000.0,tunis,tunis,,,tayara
1100.0,Ennasr,Ariana,,,tayara
95000.0,Tebourba,La Manouba,,,tayara
1000.0,Ezzahra,Ben Arous,,,tayara
500.0,Hammam Lif,Ben Arous,,,tayara
150.0,tunis,tunis,,,tayara
110.0,Jardins De Carthage,Tunis,,,tayara
120.0,Jardins De Carthage,Tunis,,,tayara
150.0,Jardins De Carthage,Tunis,,,tayara
850.0,Les Jardins El Menzah 1,Ariana,,,tayara
165000.0,Manouba Ville,La Manouba,,,tayara
1200.0,Cité Ennasr 2,Ariana,,,tayara
1200.0,Cité Ennasr 2,Ariana,,,tayara
1800.0,Sidi Daoud,Tunis,,,tayara
1300000.0,Ennasr,Ariana,,,tayara
525000.0,Ain Zaghouan Nord,Tunis,,,tayara
790000.0,Ariana Ville,Ariana,,,tayara
0.0,tunis,tunis,,,tayara
90.0,Ennasr,Ariana,,,tayara
90.0,Ennasr,Ariana,,,tayara
280.0,Medina Jedida,Ben Arous,,,tayara
800.0,El Manar 1,Tunis,,,tayara
1200.0,Ezzahra,Ben Arous,,,tayara
500.0,La Goulette,Tunis,,,tayara
300000.0,Ezzouhour,Tunis,,,tayara
1700.0,Tunis Belvedere,Tunis,,,tayara
0.0,Ariana Ville,Ariana,,,tayara
470.0,Ariana Ville,Ariana,,,tayara
98000.0,El Menzah 8,Ariana,,,tayara
450.0,El Omrane,Tunis,,,tayara
240000.0,tunis,tunis,,,tayara
1550.0,Ennasr,Ariana,,,tayara
1500.0,La Soukra,Ariana,,,tayara
795000.0,Denden,La Manouba,,,tayara
100.0,Tabarka,Jendouba,,,tayara
600.0,El Mourouj 3,Ben Arous,,,tayara
154000.0,Mnihla,Ariana,,,tayara
1175.0,tunis,tunis,,,tayara
170000.0,Kélibia,Nabeul,,,tayara
20000.0,Alain Savary,Tunis,,,tayara
950000.0,Ariana Ville,Ariana,,,tayara
2500.0,La Soukra,Ariana,,,tayara
0.0,Nabeul,Nabeul,,,tayara
480600.0,Hammam Sousse,Sousse,,,tayara
400.0,Bizerte Nord,Bizerte,,,tayara
80.0,Siliana Sud,Siliana,,,tayara
900000.0,Tunis Belvedere,Tunis,,,tayara
0.0,Sousse Riadh,Sousse,,,tayara
36000.0,Tabarka,Jendouba,,,tayara
197000.0,tunis,tunis,,,tayara
215000.0,Bab Souika,Tunis,,,tayara
1100.0,Ariana,Ariana,,,tayara
600.0,Sahloul,Sousse,,,tayara
0.0,tunis,tunis,,,tayara
45000.0,Mornag,Ben Arous,,,tayara
350.0,Moknine,Monastir,,,tayara
1200.0,Ariana,Ariana,,,tayara
850.0,Ennasr,Ariana,,,tayara
707000.0,Le Bardo,Tunis,,,tayara
1400.0,El Menzah 7,Ariana,,,tayara
850.0,Les Jardins El Menzah 1,Ariana,,,tayara
850.0,Les Jardins El Menzah 1,Ariana,,,tayara
850.0,Les Jardins El Menzah 1,Ariana,,,tayara
850.0,Ennasr,Ariana,,,tayara
1400.0,Ennasr,Ariana,,,tayara
240000.0,Ain Zaghouen,Tunis,,,tayara
1.0,Sousse Riadh,Sousse,,,tayara
500.0,tunis,tunis,,,tayara
360000.0,Raoued,Ariana,,,tayara
230001.0,Gabès Médina,Gabès,,,tayara
360000.0,Raoued,Ariana,,,tayara
5500.0,La Soukra,Ariana,,,tayara
0.0,Ghazela,Ariana,,,tayara
260000.0,La Soukra,Ariana,,,tayara
2700.0,Chotrana 1,Ariana,,,tayara
6000.0,Charguia 1,Ariana,,,tayara
0.0,Gammarth,Tunis,,,tayara
232000.0,L Aouina,Tunis,,,tayara
3800.0,La Soukra,Ariana,,,tayara
1.0,La Soukra,Ariana,,,tayara
420000.0,Raoued,Ariana,,,tayara
1450.0,La Marsa,Tunis,,,tayara
2000000.0,El Manar 1,Tunis,,,tayara
960000.0,La Soukra,Ariana,,,tayara
1650000.0,Jardins De Carthage,Tunis,,,tayara
1250.0,Chotrana 1,Ariana,,,tayara
1600.0,tunis,tunis,,,tayara
450.0,Cite Ennkhilet,Ariana,,,tayara
650.0,Ariana,Ariana,,,tayara
299000.0,Borj Cedria,Ben Arous,,,tayara
0.0,Autres Villes,Tunis,,,tayara
260000.0,Medina Jedida,Ben Arous,,,tayara
0.0,Sbeïtla,Kasserine,,,tayara
0.0,Sakiet Ezzit,Sfax,,,tayara
1450.0,L Aouina,Tunis,,,tayara
1100.0,Chotrana 1,Ariana,,,tayara
1600.0,Nabeul,Nabeul,,,tayara
1400.0,L Aouina,Tunis,,,tayara
6000.0,La Marsa,Tunis,,,tayara
100.0,Tunis,Tunis,,,tayara
0.0,Hammam Lif,Ben Arous,,,tayara
500.0,Route El Afrane,Sfax,,,tayara
1600.0,Ain Zaghouan Nord,Tunis,,,tayara
0.0,Hammam Lif,Ben Arous,,,tayara
0.0,Tataouine,Tataouine,,,tayara
1250.0,Le Bardo,Tunis,,,tayara
136.0,Agba,Tunis,,,tayara
1000.0,tunis,tunis,,,tayara
1800.0,Sahloul,Sousse,,,tayara
0.0,Zaghouan,Zaghouan,,,tayara
2000.0,Chotrana 3,Ariana,,,tayara
1200.0,L Aouina,Tunis,,,tayara
1200.0,Ezzahra,Ben Arous,,,tayara
1600.0,Mahdia,Mahdia,,,tayara
1.0,Alain Savary,Tunis,,,tayara
3750.0,Lac 1,Tunis,,,tayara
6500.0,Lac 1,Tunis,,,tayara
3684.0,Lac 1,Tunis,,,tayara
350.0,tunis,tunis,,,tayara
3650.0,Lac 1,Tunis,,,tayara
3600.0,Lac 2,Tunis,,,tayara
8334.0,Lac 1,Tunis,,,tayara
7000.0,Le Kram,Tunis,,,tayara
200000.0,Bizerte,Bizerte,,,tayara
1500.0,Hammam Sousse,Sousse,,,tayara
0.0,Jendouba,Jendouba,,,tayara
120.0,Borj Louzir,Ariana,,,tayara
800.0,Bizerte,Bizerte,,,tayara
764997.0,tunis,tunis,,,tayara
1300.0,Khzema,Sousse,,,tayara
570000.0,Hammamet,Nabeul,,,tayara
254000.0,Sousse Jawhara,Sousse,,,tayara
58900.0,Boumhel,Ben Arous,,,tayara
4.0,tunis,tunis,,,tayara
0.0,Hammamet,Nabeul,,,tayara
1800.0,Sahloul,Sousse,,,tayara
1800.0,Khzema,Sousse,,,tayara
0.0,Oued Ellil,La Manouba,,,tayara
499000000.0,Jendouba,Jendouba,,,tayara
1600.0,La Soukra,Ariana,,,tayara
0.0,Tunis,Tunis,,,tayara
1500.0,Montplaisir,Tunis,,,tayara
750.0,Hammam Sousse,Sousse,,,tayara
1.0,El Mourouj,Ben Arous,,,tayara
900.0,Les Jardins El Menzah 2,Ariana,,,tayara
150000.0,Hammamet,Nabeul,,,tayara
0.0,tunis,tunis,,,tayara
850.0,Hammam Sousse,Sousse,,,tayara
600000.0,Agareb,Sfax,,,tayara
340000.0,Kantaoui,Sousse,,,tayara
1100.0,Akouda,Sousse,,,tayara
0.0,Manouba Ville,La Manouba,,,tayara
72000.0,tunis,tunis,,,tayara
1500.0,Hammamet,Nabeul,,,tayara
280.0,Ksar Hellal,Monastir,,,tayara
7000.0,Lac 2,Tunis,,,tayara
748.0,Centre Ville Lafayette,Tunis,,,tayara
0.0,El Ksar,Gafsa,,,tayara
564800.0,Bizerte Nord,Bizerte,,,tayara
0.0,Ezzouhour,Tunis,,,tayara
280.0,Monfleury,Tunis,,,tayara
5000.0,Centre Urbain Nord,Tunis,,,tayara
2200.0,Jardins De Carthage,Tunis,,,tayara
800.0,Raoued,Ariana,,,tayara
1000.0,El Manar 1,Tunis,,,tayara
2200000.0,Ksar Said,Tunis,,,tayara
732250.0,El Omrane,Tunis,,,tayara
8500.0,Lac 1,Tunis,,,tayara
1800.0,Hammam Lif,Ben Arous,,,tayara
1350.0,Lac 1,Tunis,,,tayara
1400.0,Fouchana,Ben Arous,,,tayara
3400.0,Cité Ennasr 2,Ariana,,,tayara
5000.0,Lac 1,Tunis,,,tayara
2500.0,Lac 1,Tunis,,,tayara
1.0,Mnihla,Ariana,,,tayara
825000.0,Bizerte Nord,Bizerte,,,tayara
1.0,Fouchana,Ben Arous,,,tayara
0.0,Sousse,Sousse,,,tayara
480000.0,El Manar 1,Tunis,,,tayara
1500.0,Bizerte Nord,Bizerte,,,tayara
4700000.0,Autres Villes,La Manouba,,,tayara
0.0,Autres Villes,Ben Arous,,,tayara
1600000.0,Radès,Ben Arous,,,tayara
3800.0,Mégrine,Ben Arous,,,tayara
950.0,Radès,Ben Arous,,,tayara
700.0,L Aouina,Tunis,,,tayara
1.0,Mégrine,Ben Arous,,,tayara
550.0,tunis,tunis,,,tayara
1.0,tunis,tunis,,,tayara
870000.0,La Marsa,Tunis,,,tayara
1599.0,Medina Jedida,Ben Arous,,,tayara
0.0,Ezzahra,Ben Arous,,,tayara
0.0,Cité Ennasr 2,Ariana,,,tayara
1500.0,Ain Zaghouen,Tunis,,,tayara
210000.0,Route El Ain,Sfax,,,tayara
115000.0,Route El Ain,Sfax,,,tayara
775000.0,Sfax,Sfax,,,tayara
1300.0,Cité Ennasr 2,Ariana,,,tayara
2000.0,Mutuelleville,Tunis,,,tayara
3900.0,Centre Urbain Nord,Tunis,,,tayara
195000.0,tunis,tunis,,,tayara
187000.0,L Aouina,Tunis,,,tayara
218000.0,tunis,tunis,,,tayara
1600.0,Medina Jedida,Ben Arous,,,tayara
53000.0,Route El Ain,Sfax,,,tayara
1400.0,Riadh Andalous,Ariana,,,tayara
1350.0,L Aouina,Tunis,,,tayara
300000.0,Mahdia,Mahdia,,,tayara
602000.0,Mahdia,Mahdia,,,tayara
620.0,Mahdia,Mahdia,,,tayara
338000.0,Mahdia,Mahdia,,,tayara
1200.0,tunis,tunis,,,tayara
1600.0,Centre Urbain Nord,Tunis,,,tayara
760.0,Cité Ennasr 2,Ariana,,,tayara
1150.0,Sahloul,Sousse,,,tayara
600.0,Hammam Sousse,Sousse,,,tayara
100.0,Cité Ennasr 2,Ariana,,,tayara
500.0,Fouchana,Ben Arous,,,tayara
1.0,Ettadhamen,Ariana,,,tayara
300000.0,Kalaâ Sghira,Sousse,,,tayara
0.0,Route Mehdia,Sfax,,,tayara
265.0,Ettadhamen,Ariana,,,tayara
75.0,Utique,Bizerte,,,tayara
1100.0,La Soukra,Ariana,,,tayara
350000.0,Ksar Hellal,Monastir,,,tayara
469998.0,Zaghouan,Zaghouan,,,tayara
620000.0,Bouficha,Sousse,,,tayara
150.0,Sakiet Ezzit,Sfax,,,tayara
200.0,Hammamet,Nabeul,,,tayara
277600.0,Borj Louzir,Ariana,,,tayara
1350000.0,Gammarth,Tunis,,,tayara
9000.0,Chotrana 2,Ariana,,,tayara
165.0,Route de l'aéroport,Sfax,,,tayara
120.0,Gabès Sud,Gabès,,,tayara
62.0,Gabès Sud,Gabès,,,tayara
60.0,Gabès,Gabès,,,tayara
0.0,Ben Arous,Ben Arous,,,tayara
500.0,Ariana Essoughra,Ariana,,,tayara
340.0,Moknine,Monastir,,,tayara
2800.0,Menzah,Tunis,,,tayara
250000.0,Hammamet,Nabeul,,,tayara
300.0,Ariana,Ariana,,,tayara
0.0,El Mourouj 3,Ben Arous,,,tayara
305000000.0,Ettadhamen,Ariana,,,tayara
670000.0,Route TANIOUR,Sfax,,,tayara
129999.0,tunis,tunis,,,tayara
780000.0,Ghazela,Ariana,,,tayara
2399.0,Lac 2,Tunis,,,tayara
400.0,Ben Arous,Ben Arous,,,tayara
600.0,El Mourouj,Ben Arous,,,tayara
750.0,Mrezga,Nabeul,,,tayara
590.0,Sousse Sidi Abdelhamid,Sousse,,,tayara
229.0,Tunis,Tunis,,,tayara
1111.0,Ben Arous,Ben Arous,,,tayara
320000.0,tunis,tunis,,,tayara
1300.0,L Aouina,Tunis,,,tayara
1000.0,Monastir,Monastir,,,tayara
0.0,Sidi Thabet,Ariana,,,tayara
1150.0,Cité Hedi Nouira,Ariana,,,tayara
80.0,Ennasr,Ariana,,,tayara
195.0,Le Kram,Tunis,,,tayara
0.0,Route Tunis,Sfax,,,tayara
80000.0,Kerkennah,Sfax,,,tayara
699000.0,La Soukra,Ariana,,,tayara
285.0,Ezzouhour,Tunis,,,tayara
0.0,Fouchana,Ben Arous,,,tayara
540.0,Centre Ville Lafayette,Tunis,,,tayara
1900.0,Jardins De Carthage,Tunis,,,tayara
1900.0,Jardins De Carthage,Tunis,,,tayara
20.0,El Menzah 5,Ariana,,,tayara
3.0,Ariana Ville,Ariana,,,tayara
0.0,Bouficha,Sousse,,,tayara
350.0,Kalaâ Kebira,Sousse,,,tayara
3200.0,La Marsa,Tunis,,,tayara
1416.0,Sousse,Sousse,,,tayara
680.0,Sousse,Sousse,,,tayara
400.0,Kairouan,Kairouan,,,tayara
195000.0,Djedeida,La Manouba,,,tayara
0.0,Autres Villes,Ariana,,,tayara
80000.0,tunis,tunis,,,tayara
2000.0,El Manar 2,Tunis,,,tayara
250000.0,Hergla,Sousse,,,tayara
2500.0,Ennasr,Ariana,,,tayara
900.0,Le Bardo,Tunis,,,tayara
110.0,Menzel Bourguiba,Bizerte,,,tayara
1.0,Bou Merdès,Mahdia,,,tayara
350000.0,Ezzouhour,Tunis,,,tayara
400.0,Sousse,Sousse,,,tayara
6000.0,Lac 1,Tunis,,,tayara
620.0,Cite Ennkhilet,Ariana,,,tayara
950.0,Route El Ain,Sfax,,,tayara
850000.0,Gammarth,Tunis,,,tayara
3000.0,Jardins De Carthage,Tunis,,,tayara
150.0,La Manouba,La Manouba,,,tayara
250000.0,tunis,tunis,,,tayara
0.0,Sfax,Sfax,,,tayara
850.0,Sfax,Sfax,,,tayara
750.0,El Mourouj 3,Ben Arous,,,tayara
130000.0,tunis,tunis,,,tayara
1250.0,Les Jardins El Menzah 2,Ariana,,,tayara
1350.0,Yasmine Hammamet,Nabeul,,,tayara
400001.0,Mnihla,Ariana,,,tayara
160000.0,Borj Louzir,Ariana,,,tayara
3000.0,Lac 1,Tunis,,,tayara
5000.0,Ben Arous,Ben Arous,,,tayara
2500.0,Lac 1,Tunis,,,tayara
290000.0,Mégrine,Ben Arous,,,tayara
0.0,Cité El Khadra,Tunis,,,tayara
0.0,Djerba Midoun,Médenine,,,tayara
80.0,Sidi Hassine,Tunis,,,tayara
0.0,Autres Villes,Ariana,,,tayara
850.0,La Soukra,Ariana,,,tayara
0.0,Béja,Béja,,,tayara
540000.0,Ain Zaghouan Nord,Tunis,,,tayara
285000.0,La Soukra,Ariana,,,tayara
400.0,Nabeul,Nabeul,,,tayara
220000.0,Dar Châabane El Fehri,Nabeul,,,tayara
0.0,Cité El Khadra,Tunis,,,tayara
80.0,Gabès,Gabès,,,tayara
210.0,L Aouina,Tunis,,,tayara
500.0,Radès,Ben Arous,,,tayara
0.0,Mahdia,Mahdia,,,tayara
0.0,Bizerte,Bizerte,,,tayara
0.0,Bizerte,Bizerte,,,tayara
0.0,Kélibia,Nabeul,,,tayara
90.0,Tunis,Tunis,,,tayara
111111.0,Siliana,Siliana,,,tayara
580.0,Gafsa,Gafsa,,,tayara
2500.0,tunis,tunis,,,tayara
1500.0,Chotrana 3,Ariana,,,tayara
0.0,Route GREMDA,Sfax,,,tayara
650.0,Borj Louzir,Ariana,,,tayara
520.0,Route Menzel Chaker,Sfax,,,tayara
110000.0,Kélibia,Nabeul,,,tayara
650.0,Sousse Riadh,Sousse,,,tayara
4500.0,tunis,tunis,,,tayara
800.0,Khzema,Sousse,,,tayara
1200.0,Centre Urbain Nord,Tunis,,,tayara
950.0,Borj Cedria,Ben Arous,,,tayara
105000.0,tunis,tunis,,,tayara
240.0,Hammamet,Nabeul,,,tayara
1.0,Gabès Médina,Gabès,,,tayara
226000.0,Route de GABES,Sfax,,,tayara
630000.0,Route El Ain,Sfax,,,tayara
250000.0,Route El Ain,Sfax,,,tayara
1500.0,Cité Ennasr 2,Ariana,,,tayara
230.0,Sidi Thabet,Ariana,,,tayara
434998.0,tunis,tunis,,,tayara
1400.0,El Menzah 8,Ariana,,,tayara
600.0,Monastir,Monastir,,,tayara
140.0,Khzema,Sousse,,,tayara
1500.0,Jardins De Carthage,Tunis,,,tayara
450000.0,Cité Ennasr 2,Ariana,,,tayara
800.0,Zaghouan,Zaghouan,,,tayara
550.0,Ksar Hellal,Monastir,,,tayara
40000.0,Route Mehdia,Sfax,,,tayara
0.0,El Haouaria,Nabeul,,,tayara
0.0,Bekalta,Monastir,,,tayara
450.0,Gammarth,Tunis,,,tayara
0.0,Riadh Andalous,Ariana,,,tayara
0.0,tunis,tunis,,,tayara
387700.0,Route GREMDA,Sfax,,,tayara
1600000.0,Ain Zaghouan Nord,Tunis,,,tayara
2200.0,Bizerte Nord,Bizerte,,,tayara
650.0,M Saken,Sousse,,,tayara
455000.0,Mornag,Ben Arous,,,tayara
1.0,Mégrine,Ben Arous,,,tayara
600000.0,Le Bardo,Tunis,,,tayara
440000.0,El Omrane Supérieur,Tunis,,,tayara
2800.0,Gammarth,Tunis,,,tayara
0.0,Radès,Ben Arous,,,tayara
290000.0,El Haouaria,Nabeul,,,tayara
250000.0,Akouda,Sousse,,,tayara
2000.0,Akouda,Sousse,,,tayara
570000.0,Sidi Bou Ali,Sousse,,,tayara
4300.0,La Marsa,Tunis,,,tayara
740.0,El Menzah 6,Ariana,,,tayara
3200.0,El Menzah 9,Tunis,,,tayara
450000.0,Ennasr,Ariana,,,tayara
150000.0,Le Bardo,Tunis,,,tayara
255000.0,tunis,tunis,,,tayara
92.0,Borj Louzir,Ariana,,,tayara
300000.0,L Aouina,Tunis,,,tayara
620.0,Ben Arous,Ben Arous,,,tayara
650000.0,La Marsa,Tunis,,,tayara
5000.0,La Marsa,Tunis,,,tayara
200.0,Hammam Ghezèze,Nabeul,,,tayara
3500.0,La Marsa,Tunis,,,tayara
1299.0,Ennasr,Ariana,,,tayara
0.0,Jardins El Menzah,Ariana,,,tayara
900.0,Akouda,Sousse,,,tayara
125000.0,El Mourouj 3,Ben Arous,,,tayara
540000.0,Bizerte Nord,Bizerte,,,tayara
650.0,El Ouardia,Tunis,,,tayara
0.0,Tabarka,Jendouba,,,tayara
0.0,Autres Villes,Ariana,,,tayara
900000.0,Zaghouen,Zaghouan,,,tayara
1600.0,Mrezga,Nabeul,,,tayara
850.0,Monastir,Monastir,,,tayara
145.0,Ksar Hellal,Monastir,,,tayara
650.0,Ghazela,Ariana,,,tayara
600.0,Khzema,Sousse,,,tayara
800.0,Medina Jedida,Ben Arous,,,tayara
465000.0,Kantaoui,Sousse,,,tayara
1300.0,tunis,tunis,,,tayara
800.0,tunis,tunis,,,tayara
760000.0,Monastir,Monastir,,,tayara
1600.0,Monastir,Monastir,,,tayara
650.0,Monastir,Monastir,,,tayara
160000.0,Monastir,Monastir,,,tayara
2500.0,Monastir,Monastir,,,tayara
1000.0,tunis,tunis,,,tayara
515000.0,Monastir,Monastir,,,tayara
580.0,tunis,tunis,,,tayara
290000.0,Monastir,Monastir,,,tayara
1700.0,Monastir,Monastir,,,tayara
550.0,tunis,tunis,,,tayara
1100.0,Ain Zaghouen,Tunis,,,tayara
300.0,Sidi Hassine,Tunis,,,tayara
1200000.0,Hammamet Nord,Nabeul,,,tayara
2100.0,Jardins De Carthage,Tunis,,,tayara
1100.0,L Aouina,Tunis,,,tayara
1550.0,tunis,tunis,,,tayara
1100.0,L Aouina,Tunis,,,tayara
1600.0,L Aouina,Tunis,,,tayara
280.0,Ettahrir,Tunis,,,tayara
950.0,L Aouina,Tunis,,,tayara
1060.0,L Aouina,Tunis,,,tayara
1000.0,L Aouina,Tunis,,,tayara
1300.0,L Aouina,Tunis,,,tayara
1300.0,La Soukra,Ariana,,,tayara
1730.0,La Soukra,Ariana,,,tayara
1.0,La Marsa,Tunis,,,tayara
1800.0,Chotrana 1,Ariana,,,tayara
1400.0,Ennasr,Ariana,,,tayara
800000.0,La Soukra,Ariana,,,tayara
1350.0,L Aouina,Tunis,,,tayara
550.0,Hammam Sousse,Sousse,,,tayara
300.0,Enfidha,Sousse,,,tayara
260000.0,Autres Villes,Sousse,,,tayara
0.0,Kélibia,Nabeul,,,tayara
1111111.0,Route El Ain,Sfax,,,tayara
11111.0,Route El Afrane,Sfax,,,tayara
750000.0,Route Mehdia,Sfax,,,tayara
260000.0,Route TANIOUR,Sfax,,,tayara
1300.0,tunis,tunis,,,tayara
450.0,Sahloul,Sousse,,,tayara
500000.0,Route GREMDA,Sfax,,,tayara
380.0,tunis,tunis,,,tayara
800.0,L Aouina,Tunis,,,tayara
950000.0,Chatt mariem,Sousse,,,tayara
250.0,Raoued,Ariana,,,tayara
300.0,Oued Ellil,La Manouba,,,tayara
1200.0,Ain Zaghouen,Tunis,,,tayara
1700.0,Fériana,Kasserine,,,tayara
700.0,tunis,tunis,,,tayara
730.0,Sousse Riadh,Sousse,,,tayara
850.0,Khzema,Sousse,,,tayara
730.0,Sousse Riadh,Sousse,,,tayara
170000.0,Medina Jedida,Ben Arous,,,tayara
550.0,Chatt mariem,Sousse,,,tayara
0.0,tunis,tunis,,,tayara
1500.0,L Aouina,Tunis,,,tayara
15000.0,Ennasr,Ariana,,,tayara
2400.0,Ain Zaghouan Nord,Tunis,,,tayara
1.0,La Soukra,Ariana,,,tayara
4800.0,Jardins De Carthage,Tunis,,,tayara
0.0,Tunis,Tunis,,,tayara
900.0,Cite Ennkhilet,Ariana,,,tayara
230000.0,Autres Villes,Bizerte,,,tayara
0.0,Akouda,Sousse,,,tayara
1200.0,Cité Ennasr 2,Ariana,,,tayara
123.0,Monastir,Monastir,,,tayara
15000.0,Hammam Sousse,Sousse,,,tayara
798.0,Menzel Jemil,Bizerte,,,tayara
200000.0,Bizerte Nord,Bizerte,,,tayara
112500.0,Bizerte Nord,Bizerte,,,tayara
70000.0,tunis,tunis,,,tayara
0.0,Bizerte Nord,Bizerte,,,tayara
240000.0,tunis,tunis,,,tayara
1000.0,Bizerte Nord,Bizerte,,,tayara
351000.0,Bizerte,Bizerte,,,tayara
900.0,El Menzah 9,Tunis,,,tayara
120.0,Sfax Ville,Sfax,,,tayara
140.0,L Aouina,Tunis,,,tayara
3000.0,Gammarth,Tunis,,,tayara
1400.0,Sahloul,Sousse,,,tayara
0.0,Sousse,Sousse,,,tayara
450000.0,Mahrès,Sfax,,,tayara
2700.0,La Marsa,Tunis,,,tayara
1000.0,Ghazela,Ariana,,,tayara
180000.0,Kélibia,Nabeul,,,tayara
1600.0,Les Jardins El Menzah 2,Ariana,,,tayara
365000.0,Montplaisir,Tunis,,,tayara
558000.0,Zarzis,Médenine,,,tayara
390000.0,Kalaâ Kebira,Sousse,,,tayara
1200.0,Ezzahra,Ben Arous,,,tayara
1200.0,Ezzahra,Ben Arous,,,tayara
235000.0,Radès,Ben Arous,,,tayara
800.0,El Menzah 7,Ariana,,,tayara
900.0,Ariana Ville,Ariana,,,tayara
11110.0,Le Kram,Tunis,,,tayara
28000.0,El Haouaria,Nabeul,,,tayara
135000.0,La Soukra,Ariana,,,tayara
1300.0,El Mourouj 6,Ben Arous,,,tayara
190000.0,tunis,tunis,,,tayara
1600000.0,El Manar 2,Tunis,,,tayara
1400.0,Hammamet,Nabeul,,,tayara
1.0,Menzel Temime,Nabeul,,,tayara
80.0,L Aouina,Tunis,,,tayara
800.0,El Manar 1,Tunis,,,tayara
380000.0,Hammam Ghezèze,Nabeul,,,tayara
3900000.0,tunis,tunis,,,tayara
1850.0,Tunis,Tunis,,,tayara
23000.0,Tunis,Tunis,,,tayara
395000.0,Borj Louzir,Ariana,,,tayara
2700.0,Lac 2,Tunis,,,tayara
3500.0,Charguia 2,Ariana,,,tayara
23150.0,Charguia 1,Ariana,,,tayara
140.0,Charguia 1,Ariana,,,tayara
2778.0,Charguia 1,Ariana,,,tayara
750.0,La Manouba,La Manouba,,,tayara
1000.0,Ennasr,Ariana,,,tayara
12900.0,Charguia 1,Ariana,,,tayara
400000.0,Tunis,Tunis,,,tayara
160.0,El Kabaria,Tunis,,,tayara
303000.0,Ezzahra,Ben Arous,,,tayara
700000.0,Sakiet Ezzit,Sfax,,,tayara
0.0,Hraïria,Tunis,,,tayara
0.0,Route Tunis,Sfax,,,tayara
650000.0,Route de GABES,Sfax,,,tayara
900000.0,Ennasr,Ariana,,,tayara
85000.0,Sidi Hassine,Tunis,,,tayara
1249.0,L Aouina,Tunis,,,tayara
3450.0,Lac 2,Tunis,,,tayara
1900.0,Riadh Andalous,Ariana,,,tayara
1399.0,L Aouina,Tunis,,,tayara
0.0,El Fahs,Zaghouan,,,tayara
330000.0,Ain Zaghouen,Tunis,,,tayara
0.0,El Mourouj 3,Ben Arous,,,tayara
1250.0,L Aouina,Tunis,,,tayara
2940.0,Lac 1,Tunis,,,tayara
0.0,Regueb,Sidi Bouzid,,,tayara
2500000.0,Soliman,Nabeul,,,tayara
190000.0,Raoued,Ariana,,,tayara
1600000.0,Korba,Nabeul,,,tayara
130000.0,Hammam Lif,Ben Arous,,,tayara
2000.0,Lac 1,Tunis,,,tayara
10000.0,Akouda,Sousse,,,tayara
5500.0,Lac 1,Tunis,,,tayara
6100.0,Lac 1,Tunis,,,tayara
1500.0,Lac 1,Tunis,,,tayara
700.0,Akouda,Sousse,,,tayara
6000.0,Akouda,Sousse,,,tayara
330000.0,Sahloul,Sousse,,,tayara
120000.0,Sousse corniche,Sousse,,,tayara
1950000.0,Hammam Sousse,Sousse,,,tayara
1200000.0,Autres Villes,Sfax,,,tayara
3400000.0,Kantaoui,Sousse,,,tayara
1283750.0,Hergla,Sousse,,,tayara
700000.0,Chatt mariem,Sousse,,,tayara
810000.0,Chatt mariem,Sousse,,,tayara
1350000.0,Kantaoui,Sousse,,,tayara
500000.0,Chatt mariem,Sousse,,,tayara
1050.0,El Manar 1,Tunis,,,tayara
390000.0,Sousse,Sousse,,,tayara
290000.0,tunis,tunis,,,tayara
850.0,Mrezga,Nabeul,,,tayara
700.0,Sousse,Sousse,,,tayara
1500.0,Mrezga,Nabeul,,,tayara
1.0,Jardins De Carthage,Tunis,,,tayara
0.0,Ezzahra,Ben Arous,,,tayara
120000.0,Medina Jedida,Ben Arous,,,tayara
2500.0,Centre Urbain Nord,Tunis,,,tayara
700.0,Hammam Sousse,Sousse,,,tayara
750.0,Tunis,Tunis,,,tayara
170000.0,Mrezga,Nabeul,,,tayara
170000.0,Mrezga,Nabeul,,,tayara
176800.0,Medina Jedida,Ben Arous,,,tayara
260000.0,tunis,tunis,,,tayara
550000.0,Medina Jedida,Ben Arous,,,tayara
210000.0,Medina Jedida,Ben Arous,,,tayara
280000.0,Medina Jedida,Ben Arous,,,tayara
85000.0,Medina Jedida,Ben Arous,,,tayara
170000.0,Mrezga,Nabeul,,,tayara
270000.0,tunis,tunis,,,tayara
210.0,Kalaâ Kebira,Sousse,,,tayara
900.0,Chotrana 1,Ariana,,,tayara
0.0,Menzah,Tunis,,,tayara
160000.0,L Aouina,Tunis,,,tayara
1050.0,L Aouina,Tunis,,,tayara
480.0,Route SOKRA,Sfax,,,tayara
1000.0,Autres Villes,Sfax,,,tayara
1450.0,Khzema,Sousse,,,tayara
0.0,Tunis,Tunis,,,tayara
0.0,Ariana,Ariana,,,tayara
9.0,Autres Villes,Ariana,,,tayara
0.0,Raoued,Ariana,,,tayara
1.0,Manouba Ville,La Manouba,,,tayara
12000.0,Route de l'aéroport,Sfax,,,tayara
300.0,Hammam Sousse,Sousse,,,tayara
300.0,Ksibet El Médiouni,Monastir,,,tayara
120000.0,Ben Arous,Ben Arous,,,tayara
0.0,Mégrine,Ben Arous,,,tayara
225750.0,Menzel Bourguiba,Bizerte,,,tayara
1100.0,Ghazela,Ariana,,,tayara
80.0,Route Mehdia,Sfax,,,tayara
20000.0,tunis,tunis,,,tayara
720000.0,Menzel Temime,Nabeul,,,tayara
0.0,Ariana,Ariana,,,tayara
1400.0,Ennasr,Ariana,,,tayara
60.0,Hammamet Centre,Nabeul,,,tayara
11111.0,La Soukra,Ariana,,,tayara
1800.0,Kantaoui,Sousse,,,tayara
80000.0,Route El Ain,Sfax,,,tayara
420.0,Sahloul,Sousse,,,tayara
168.0,Monfleury,Tunis,,,tayara
0.0,Jardins El Menzah,Ariana,,,tayara
150.0,Bizerte,Bizerte,,,tayara
210.0,Tozeur,Tozeur,,,tayara
200.0,Bizerte Nord,Bizerte,,,tayara
700.0,Monastir,Monastir,,,tayara
280.0,tunis,tunis,,,tayara
680.0,tunis,tunis,,,tayara
2500.0,Béni Khiar,Nabeul,,,tayara
1200.0,Ain Zaghouan Nord,Tunis,,,tayara
1800.0,Lac 2,Tunis,,,tayara
250000.0,Kantaoui,Sousse,,,tayara
105000.0,Mahdia,Mahdia,,,tayara
0.0,Kélibia,Nabeul,,,tayara
5500.0,Lac 1,Tunis,,,tayara
1900.0,Cité Ennasr 2,Ariana,,,tayara
100000.0,L Aouina,Tunis,,,tayara
0.0,Route GREMDA,Sfax,,,tayara
850.0,Ain Zaghouen,Tunis,,,tayara
3000.0,L Aouina,Tunis,,,tayara
620000.0,Raoued,Ariana,,,tayara
160.0,Jardins De Carthage,Tunis,,,tayara
85.0,Hraïria,Tunis,,,tayara
1800000.0,Mnihla,Ariana,,,tayara
70.0,Djerba Midoun,Médenine,,,tayara
1500.0,L Aouina,Tunis,,,tayara
3000000.0,Sidi Daoud,Tunis,,,tayara
950.0,Hraïria,Tunis,,,tayara
930000.0,Tunis Belvedere,Tunis,,,tayara
205000.0,Tunis Belvedere,Tunis,,,tayara
3700.0,Tunis Belvedere,Tunis,,,tayara
257000.0,Jardins El Menzah,Ariana,,,tayara
1.0,Lac 2,Tunis,,,tayara
1300.0,Mégrine,Ben Arous,,,tayara
99999.0,Gabès,Gabès,,,tayara
580.0,tunis,tunis,,,tayara
0.0,Carthage,Tunis,,,tayara
1150.0,Medina Jedida,Ben Arous,,,tayara
350000.0,Kélibia,Nabeul,,,tayara
4300.0,La Marsa,Tunis,,,tayara
3200.0,tunis,tunis,,,tayara
3500.0,Lac 1,Tunis,,,tayara
1200.0,Route El Afrane,Sfax,,,tayara
1.0,La Soukra,Ariana,,,tayara
1900.0,La Marsa,Tunis,,,tayara
890000.0,Hammamet,Nabeul,,,tayara
1350.0,Riadh Andalous,Ariana,,,tayara
0.0,Djerba Houmt Souk,Médenine,,,tayara
1150.0,Mrezga,Nabeul,,,tayara
300.0,Ezzahra,Ben Arous,,,tayara
11.0,La Marsa,Tunis,,,tayara
400.0,Ariana,Ariana,,,tayara
320000.0,Mahdia,Mahdia,,,tayara
250.0,Chatt mariem,Sousse,,,tayara
1.0,Lac 2,Tunis,,,tayara
0.0,Radès,Ben Arous,,,tayara
14000.0,Mutuelleville,Tunis,,,tayara
3225.0,Lac 2,Tunis,,,tayara
40000.0,Kélibia,Nabeul,,,tayara
830.0,Ain Zaghouan Nord,Tunis,,,tayara
40.0,Kélibia,Nabeul,,,tayara
650.0,Kantaoui,Sousse,,,tayara
5000.0,Charguia 2,Ariana,,,tayara
1300.0,Ennasr,Ariana,,,tayara
145000.0,Medina Jedida,Ben Arous,,,tayara
700.0,Centre Urbain Nord,Tunis,,,tayara
1250.0,Jardins De Carthage,Tunis,,,tayara
2500.0,El Menzah 1,Tunis,,,tayara
900.0,L Aouina,Tunis,,,tayara
1400.0,La Marsa,Tunis,,,tayara
850.0,L Aouina,Tunis,,,tayara
2100.0,Jardins De Carthage,Tunis,,,tayara
1200.0,El Menzah 6,Ariana,,,tayara
900.0,El Mourouj 6,Ben Arous,,,tayara
75000.0,El Haouaria,Nabeul,,,tayara
0.0,Tabarka,Jendouba,,,tayara
350000.0,Centre Urbain Nord,Tunis,,,tayara
550000.0,El Ouardia,Tunis,,,tayara
850.0,L Aouina,Tunis,,,tayara
0.0,El Menzah 5,Ariana,,,tayara
40.0,El Jem,Mahdia,,,tayara
398000.0,Hergla,Sousse,,,tayara
1350000.0,Kantaoui,Sousse,,,tayara
600.0,Kalaâ Kebira,Sousse,,,tayara
145000.0,tunis,tunis,,,tayara
1.0,tunis,tunis,,,tayara
1.0,tunis,tunis,,,tayara
300.0,Ghar El Melh,Bizerte,,,tayara
0.0,tunis,tunis,,,tayara
277000.0,Autres Villes,Ariana,,,tayara
2500.0,Jardins De Carthage,Tunis,,,tayara
2200.0,Ain Zaghouan Nord,Tunis,,,tayara
0.0,Raoued,Ariana,,,tayara
160.0,Jardins De Carthage,Tunis,,,tayara
160.0,Jardins De Carthage,Tunis,,,tayara
100.0,L Aouina,Tunis,,,tayara
140.0,Jardins De Carthage,Tunis,,,tayara
550.0,Medina Jedida,Ben Arous,,,tayara
1200.0,Medina Jedida,Ben Arous,,,tayara
1100.0,Chotrana 3,Ariana,,,tayara
289000.0,tunis,tunis,,,tayara
250000.0,tunis,tunis,,,tayara
510000.0,L Aouina,Tunis,,,tayara
382000.0,Jardins De Carthage,Tunis,,,tayara
4500.0,La Manouba,La Manouba,,,tayara
65.0,Tabarka,Jendouba,,,tayara
0.0,Ben Arous,Ben Arous,,,tayara
0.0,Gammarth,Tunis,,,tayara
0.0,La Marsa,Tunis,,,tayara
0.0,Ezzahra,Ben Arous,,,tayara
850.0,Ezzahra,Ben Arous,,,tayara
1200.0,Ain Zaghouan Nord,Tunis,,,tayara
0.0,Djerba Midoun,Médenine,,,tayara
1.0,Sidi Daoud,Tunis,,,tayara
1.0,Lac 2,Tunis,,,tayara
1.0,Lac 2,Tunis,,,tayara
1800.0,Lac 2,Tunis,,,tayara
75000.0,Centre Ville Lafayette,Tunis,,,tayara
1.0,Route Soukra,Sfax,,,tayara
700.0,Hammam Sousse,Sousse,,,tayara
0.0,Ariana,Ariana,,,tayara
50000.0,Autres Villes,La Manouba,,,tayara
680.0,Sakiet Ezzit,Sfax,,,tayara
120000.0,El Mourouj,Ben Arous,,,tayara
2.5,El Haouaria,Nabeul,,,tayara
495000.0,Monastir,Monastir,,,tayara
1.0,Korba,Nabeul,,,tayara
3.0,Zaghouen,Zaghouan,,,tayara
248000.0,L Aouina,Tunis,,,tayara
25.0,L Aouina,Tunis,,,tayara
1250.0,tunis,tunis,,,tayara
450.0,Borj El Amri,La Manouba,,,tayara
340.0,Bembla,Monastir,,,tayara
3500.0,Lac 2,Tunis,,,tayara
230.0,Béni Khalled,Nabeul,,,tayara
0.0,El Menzah 8,Ariana,,,tayara
3200.0,La Soukra,Ariana,,,tayara
0.0,tunis,tunis,,,tayara
80000.0,Sousse Médina,Sousse,,,tayara
350000.0,Sahloul,Sousse,,,tayara
450.0,Hammam Lif,Ben Arous,,,tayara
0.0,Chatt mariem,Sousse,,,tayara
0.0,Chatt mariem,Sousse,,,tayara
135000.0,Borj Louzir,Ariana,,,tayara
0.0,L Aouina,Tunis,,,tayara
1000.0,L Aouina,Tunis,,,tayara
1.0,Ghazela,Ariana,,,tayara
40.0,Kélibia,Nabeul,,,tayara
190000.0,Route Menzel Chaker,Sfax,,,tayara
750.0,Sahloul,Sousse,,,tayara
2900000.0,La Soukra,Ariana,,,tayara
1.0,Tunis,Tunis,,,tayara
225000.0,Nabeul,Nabeul,,,tayara
0.0,Sfax Ville,Sfax,,,tayara
40.0,Kélibia,Nabeul,,,tayara
50.0,Sousse corniche,Sousse,,,tayara
1.0,Mégrine,Ben Arous,,,tayara
190000.0,Raoued,Ariana,,,tayara
1.0,Ben Arous,Ben Arous,,,tayara
1.0,Ben Arous,Ben Arous,,,tayara
1.0,Mégrine,Ben Arous,,,tayara
450.0,Bizerte Nord,Bizerte,,,tayara
1000.0,Sahloul,Sousse,,,tayara
1.0,Ben Arous,Ben Arous,,,tayara
800.0,tunis,tunis,,,tayara
650.0,Ras Jebel,Bizerte,,,tayara
0.0,Route Menzel Chaker,Sfax,,,tayara
260000.0,Kairouan,Kairouan,,,tayara
1100.0,La Soukra,Ariana,,,tayara
650.0,Bizerte Nord,Bizerte,,,tayara
600.0,Ezzouhour,Tunis,,,tayara
3800.0,tunis,tunis,,,tayara
1190.0,El Mourouj 6,Ben Arous,,,tayara
950000.0,Hammamet,Nabeul,,,tayara
0.0,Ras Jebel,Bizerte,,,tayara
3900.0,tunis,tunis,,,tayara
2500.0,El Manar 1,Tunis,,,tayara
0.0,Ras Jebel,Bizerte,,,tayara
260000.0,tunis,tunis,,,tayara
1300.0,Radès,Ben Arous,,,tayara
399000.0,Sidi Thabet,Ariana,,,tayara
170000.0,La Manouba,La Manouba,,,tayara
475.0,Ennasr,Ariana,,,tayara
203000.0,Ain Zaghouen,Tunis,,,tayara
211000.0,L Aouina,Tunis,,,tayara
1450.0,tunis,tunis,,,tayara
1100.0,La Soukra,Ariana,,,tayara
570000.0,tunis,tunis,,,tayara
285000.0,Chatt mariem,Sousse,,,tayara
0.0,L Aouina,Tunis,,,tayara
850.0,L Aouina,Tunis,,,tayara
320000.0,La Marsa,Tunis,,,tayara
1300.0,La Marsa,Tunis,,,tayara
3800.0,Gammarth,Tunis,,,tayara
1500.0,Gammarth,Tunis,,,tayara
3300.0,El Menzah 9,Tunis,,,tayara
390000.0,El Menzah 6,Ariana,,,tayara
95000.0,Médenine Sud,Médenine,,,tayara
140000.0,Medina Jedida,Ben Arous,,,tayara
2400.0,Cité Ennasr 2,Ariana,,,tayara
2200.0,tunis,tunis,,,tayara
900.0,El Menzah 9,Tunis,,,tayara
1000.0,Monastir,Monastir,,,tayara
210000.0,Medina Jedida,Ben Arous,,,tayara
1100.0,Hammamet Centre,Nabeul,,,tayara
170.0,Chatt mariem,Sousse,,,tayara
1650.0,Fouchana,Ben Arous,,,tayara
1100.0,L Aouina,Tunis,,,tayara
110.0,Route TANIOUR,Sfax,,,tayara
1500.0,Sousse Jawhara,Sousse,,,tayara
900.0,El Menzah 7,Ariana,,,tayara
274200.0,Fouchana,Ben Arous,,,tayara
360000.0,Hammam Sousse,Sousse,,,tayara
139000.0,Sfax,Sfax,,,tayara
700.0,Radès,Ben Arous,,,tayara
0.0,Djerissa,Le Kef,,,tayara
300000.0,Mornaguia,La Manouba,,,tayara
550.0,La Marsa,Tunis,,,tayara
950000.0,El Haouaria,Nabeul,,,tayara
200.0,Route Mehdia,sfax,,,tayara
111.0,Le Kef,Le Kef,,,tayara
850.0,Les Jardins El Menzah 1,Ariana,,,tayara
195.0,Djedeida,La Manouba,,,tayara
0.0,El Omrane Supérieur,Tunis,,,tayara
280000.0,Hammam Ghezèze,Nabeul,,,tayara
285000.0,tunis,tunis,,,tayara
850.0,L Aouina,Tunis,,,tayara
1100.0,El Manar 1,Tunis,,,tayara
1.0,tunis,tunis,,,tayara
100.0,Route de l'aéroport,Sfax,,,tayara
1800.0,Sidi Daoud,Tunis,,,tayara
48800.0,Sidi Thabet,Ariana,,,tayara
1200.0,Le Bardo,Tunis,,,tayara
700.0,Ezzahra,Ben Arous,,,tayara
97000.0,Boumhel,Ben Arous,,,tayara
2100.0,Jardins De Carthage,Tunis,,,tayara
1500.0,Ain Zaghouan Nord,Tunis,,,tayara
535000.0,tunis,tunis,,,tayara
0.0,Tunis,Tunis,,,tayara
350000.0,Djerba Houmt Souk,Médenine,,,tayara
750000.0,Testour,Béja,,,tayara
750.0,Sousse Jawhara,Sousse,,,tayara
310000.0,El Omrane Supérieur,Tunis,,,tayara
0.0,Jardins El Menzah,Ariana,,,tayara
4783.0,Lac 1,Tunis,,,tayara
7500.0,Lac 1,Tunis,,,tayara
40.0,Kélibia,Nabeul,,,tayara
1200.0,La Soukra,Ariana,,,tayara
1199.0,Ezzahra,Ben Arous,,,tayara
235000.0,Hammam Chott,Ben Arous,,,tayara
1200.0,tunis,tunis,,,tayara
850.0,tunis,tunis,,,tayara
0.0,Bembla,Monastir,,,tayara
270000.0,L Aouina,Tunis,,,tayara
40000.0,Kélibia,Nabeul,,,tayara
111109.0,Charguia 1,Ariana,,,tayara
153600.0,Boumhel,Ben Arous,,,tayara
20000.0,Fouchana,Ben Arous,,,tayara
750.0,Ezzahra,Ben Arous,,,tayara
1000.0,Ezzahra,Ben Arous,,,tayara
45000.0,Route de GABES,Sfax,,,tayara
849.0,Ezzahra,Ben Arous,,,tayara
850.0,Bizerte,Bizerte,,,tayara
230.0,Béni Khiar,Nabeul,,,tayara
75000.0,Hammamet,Nabeul,,,tayara
950.0,Béni Khiar,Nabeul,,,tayara
865000.0,Nabeul,Nabeul,,,tayara
250.0,Nabeul,Nabeul,,,tayara
1100.0,tunis,Nabeul,,,tayara
295000.0,Sahloul,Sousse,,,tayara
2200.0,Hammamet Nord,Nabeul,,,tayara
320000.0,Hammamet Nord,Nabeul,,,tayara
348600.0,Mahdia,Mahdia,,,tayara
120.0,El Guettar,Gafsa,,,tayara
1500.0,Gammarth,Tunis,,,tayara
1050.0,Autres Villes,Tunis,,,tayara
150.0,El Haouaria,Nabeul,,,tayara
0.0,Autres Villes,Ben Arous,,,tayara
350.0,Mohamedia,Ben Arous,,,tayara
520000.0,tunis,tunis,,,tayara
165000.0,El Mourouj 4,Ben Arous,,,tayara
350.0,Akouda,Sousse,,,tayara
750.0,Route MANZEL CHAKER,Sfax,,,tayara
1.0,Sousse Jawhara,Sousse,,,tayara
7500.0,Lac 2,Tunis,,,tayara
1200.0,Sousse,Sousse,,,tayara
111111110.0,Oued Ellil,La Manouba,,,tayara
195000.0,tunis,tunis,,,tayara
150.0,Hammamet Nord,Nabeul,,,tayara
650000000.0,Mornag,Ben Arous,,,tayara
300000.0,Sidi El Béchir,Tunis,,,tayara
400.0,Radès,Ben Arous,,,tayara
2600.0,Sfax Ville,Sfax,,,tayara
777.0,La Marsa,Tunis,,,tayara
1.0,Béni Khalled,Nabeul,,,tayara
1300.0,Chotrana 1,Ariana,,,tayara
600.0,Monastir,Monastir,,,tayara
399.0,Bab Souika,Tunis,,,tayara
520.0,Le Bardo,Tunis,,,tayara
350000.0,tunis,tunis,,,tayara
320000.0,El Menzah 6,Ariana,,,tayara
25000.0,Route Menzel Chaker,Sfax,,,tayara
0.0,Cité El Khadra,Tunis,,,tayara
1600.0,tunis,tunis,,,tayara
1100.0,Le Bardo,Tunis,,,tayara
1000.0,La Manouba,La Manouba,,,tayara
370000.0,La Manouba,La Manouba,,,tayara
600.0,Route MANZEL CHAKER,Sfax,,,tayara
1400.0,Ennasr,Ariana,,,tayara
1400.0,Raoued,Ariana,,,tayara
1200.0,Lac 1,Tunis,,,tayara
0.0,Sakiet Ezzit,Sfax,,,tayara
1050.0,L Aouina,Tunis,,,tayara
0.0,Mornaguia,La Manouba,,,tayara
2200.0,La Marsa,Tunis,,,tayara
1.0,Le Kram,Tunis,,,tayara
6000.0,El Menzah 8,Ariana,,,tayara
1200.0,Ennasr,Ariana,,,tayara
1.0,Raoued,Ariana,,,tayara
650.0,El Mourouj 3,Ben Arous,,,tayara
270.0,Sfax,Sfax,,,tayara
1300.0,Montplaisir,Tunis,,,tayara
2500.0,Jardins De Carthage,Tunis,,,tayara
1000.0,tunis,tunis,,,tayara
0.0,Gabès Sud,Gabès,,,tayara
150000.0,Hammam Lif,Ben Arous,,,tayara
1500.0,Monastir,Monastir,,,tayara
380000.0,Kélibia,Nabeul,,,tayara
1300.0,Mahdia,Mahdia,,,tayara
160000.0,Kélibia,Nabeul,,,tayara
680000.0,Ettahrir,Tunis,,,tayara
220000.0,El Menzah 7,Ariana,,,tayara
1400.0,Riadh Andalous,Ariana,,,tayara
28000000.0,Tunis,Tunis,,,tayara
350.0,Tunis,Tunis,,,tayara
1600000.0,Kélibia,Nabeul,,,tayara
1400.0,Ain Zaghouan Sud,Tunis,,,tayara
1600.0,Cité El Khadra,Tunis,,,tayara
430000.0,Ezzahra,Ben Arous,,,tayara
0.0,Fatou,Médenine,,,tayara
1890.0,Lac 1,Tunis,,,tayara
790.0,Borj Louzir,Ariana,,,tayara
680000.0,Gammarth,Tunis,,,tayara
1.0,El Menzah 9,Tunis,,,tayara
850.0,Chatt mariem,Sousse,,,tayara
650.0,Mornaguia,La Manouba,,,tayara
450.0,tunis,tunis,,,tayara
295000.0,tunis,tunis,,,tayara
1.0,Lac 2,Tunis,,,tayara
370.0,Soliman,Nabeul,,,tayara
125000.0,Ksar Said,Tunis,,,tayara
0.0,Ezzouhour,Tunis,,,tayara
940.0,L Aouina,Tunis,,,tayara
2000.0,Hammamet,Nabeul,,,tayara
0.0,Hammamet,Nabeul,,,tayara
600.0,Hammam Sousse,Sousse,,,tayara
70.0,Tabarka,Jendouba,,,tayara
0.0,Sidi Daoud,Tunis,,,tayara
0.0,Cité Ennasr 2,Ariana,,,tayara
98000.0,tunis,tunis,,,tayara
295000.0,Sidi Hassine,Tunis,,,tayara
130000.0,Borj Louzir,Ariana,,,tayara
350000.0,Mornag,Ben Arous,,,tayara
145000.0,Bab Souika,Tunis,,,tayara
99000.0,Medina Jedida,Ben Arous,,,tayara
350000.0,Khaznadar,Tunis,,,tayara
240000.0,Denden,La Manouba,,,tayara
550.0,Sidi Hassine,Tunis,,,tayara
125000.0,Kalaâ Sghira,Sousse,,,tayara
154000.0,Raoued,Ariana,,,tayara
1300.0,La Marsa,Tunis,,,tayara
120.0,Sfax,Sfax,,,tayara
0.0,Cité Ennasr 2,Ariana,,,tayara
660000.0,Kalaâ Kebira,Sousse,,,tayara
850.0,L Aouina,Tunis,,,tayara
3000.0,Charguia 2,Ariana,,,tayara
320.0,Route Mehdia,Sfax,,,tayara
1300.0,L Aouina,Tunis,,,tayara
1700.0,La Marsa,Tunis,,,tayara
217000.0,L Aouina,Tunis,,,tayara
850.0,Khaznadar,Tunis,,,tayara
280000000.0,Le Kram,Tunis,,,tayara
265000.0,tunis,tunis,,,tayara
1600.0,Charguia 2,Ariana,,,tayara
9000.0,Charguia 2,Ariana,,,tayara
0.0,Route Menzel Chaker,Sfax,,,tayara
1850.0,El Menzah 8,Ariana,,,tayara
340000.0,Tunis,Tunis,,,tayara
250.0,Kélibia,Nabeul,,,tayara
225.0,Le Bardo,Tunis,,,tayara
160000.0,Tunis,Tunis,,,tayara
1700.0,Jardins De Carthage,Tunis,,,tayara
1100.0,L Aouina,Tunis,,,tayara
2400.0,Lac 1,Tunis,,,tayara
0.0,tunis,tunis,,,tayara
50000.0,Radès,Ben Arous,,,tayara
0.0,Route Tunis,Sfax,,,tayara
2700000.0,Sakiet Eddaïer,Sfax,,,tayara
1.0,Sfax Ville,Sfax,,,tayara
0.0,Kantaoui,Sousse,,,tayara
360000.0,Ghazela,Ariana,,,tayara
650.0,Radès,Ben Arous,,,tayara
0.0,Medina Jedida,Ben Arous,,,tayara
1.0,Lac 2,Tunis,,,tayara
120.0,El Menzah 7,Ariana,,,tayara
886000.0,tunis,tunis,,,tayara
0.0,Zéramdine,Monastir,,,tayara
35000.0,tunis,tunis,,,tayara
10.0,Djedeida,La Manouba,,,tayara
950000.0,El Mourouj 4,Ben Arous,,,tayara
0.0,La Marsa,Tunis,,,tayara
300000.0,Borj Louzir,Ariana,,,tayara
170.0,Kélibia,Nabeul,,,tayara
1.0,Lac 2,Tunis,,,tayara
670.0,El Mourouj 5,Ben Arous,,,tayara
1.0,Lac 2,Tunis,,,tayara
264000.0,Mahdia,Mahdia,,,tayara
0.0,Mahdia,Mahdia,,,tayara
185000.0,Mahdia,Mahdia,,,tayara
25000.0,tunis,tunis,,,tayara
220000.0,Monastir,Monastir,,,tayara
950.0,L Aouina,Tunis,,,tayara
550.0,Oued Ellil,La Manouba,,,tayara
1600.0,Medina Jedida,Ben Arous,,,tayara
2500.0,La Marsa,Tunis,,,tayara
2800.0,Lac 2,Tunis,,,tayara
1600000.0,El Manar 2,Tunis,,,tayara
285000.0,El Menzah 7,Ariana,,,tayara
300000.0,tunis,tunis,,,tayara
1200.0,Ezzahra,Ben Arous,,,tayara
1200.0,Sousse,Sousse,,,tayara
2900.0,Jardins De Carthage,Tunis,,,tayara
3000.0,La Marsa,Tunis,,,tayara
750.0,Ezzahra,Ben Arous,,,tayara
1000.0,Ezzahra,Ben Arous,,,tayara
1449.0,Hammamet,Nabeul,,,tayara
85.0,tunis,tunis,,,tayara
0.0,La Marsa,Tunis,,,tayara
4000.0,tunis,tunis,,,tayara
1200.0,Hammamet,Nabeul,,,tayara
850.0,Sidi Daoud,Tunis,,,tayara
1500.0,Hammamet,Nabeul,,,tayara
1400.0,Hammamet,Nabeul,,,tayara
1600.0,Centre Urbain Nord,Tunis,,,tayara
495000.0,tunis,tunis,,,tayara
450000.0,Autres Villes,Siliana,,,tayara
640000.0,Khzema,Sousse,,,tayara
1200.0,Khzema,Sousse,,,tayara
700.0,Monastir,Monastir,,,tayara
0.0,Route El Ain,Sfax,,,tayara
180000.0,Autres Villes,Nabeul,,,tayara
1400.0,tunis,tunis,,,tayara
350000.0,Denden,La Manouba,,,tayara
170.0,Ben Arous,Ben Arous,,,tayara
43000000.0,Agba,Tunis,,,tayara
350.0,Le Kram,Tunis,,,tayara
0.0,tunis,tunis,,,tayara
1600.0,Ain Zaghouen,Tunis,,,tayara
3300.0,Gammarth,Tunis,,,tayara
110000.0,ROUTE SALTANIA,Sfax,,,tayara
5500000.0,Chatt mariem,Sousse,,,tayara
0.0,Monastir,Monastir,,,tayara
700.0,Borj Louzir,Ariana,,,tayara
0.0,Gabès,Gabès,,,tayara
335000.0,Ghazela,Ariana,,,tayara
123.0,Hraïria,Tunis,,,tayara
450.0,Ksar Hellal,Monastir,,,tayara
1234.0,Le Bardo,Tunis,,,tayara
0.0,Ain Draham,Jendouba,,,tayara
2400.0,Ain Zaghouan Nord,Tunis,,,tayara
0.0,Chotrana 1,Ariana,,,tayara
1.0,Korba,Nabeul,,,tayara
72000.0,Route Mehdia,Sfax,,,tayara
1550.0,Jardins De Carthage,Tunis,,,tayara
70.0,Cité Ennasr 2,Ariana,,,tayara
0.0,Ksour Essef,Mahdia,,,tayara
657000.0,El Mourouj,Ben Arous,,,tayara
5000.0,Fouchana,Ben Arous,,,tayara
799.0,Khzema,Sousse,,,tayara
1000.0,Ezzouhour,Tunis,,,tayara
600.0,La Marsa,Tunis,,,tayara
400.0,Kalaâ Sghira,Sousse,,,tayara
3500.0,Route MANZEL CHAKER,Sfax,,,tayara
208000.0,Chotrana 1,Ariana,,,tayara
100000.0,El Menzah 6,Ariana,,,tayara
1200.0,El Menzah 7,Ariana,,,tayara
0.0,Ariana Ville,Ariana,,,tayara
1500.0,Montplaisir,Tunis,,,tayara
265.0,La Manouba,La Manouba,,,tayara
90000.0,Centre Ville Lafayette,Tunis,,,tayara
1.0,Lac 2,Tunis,,,tayara
280000.0,El Menzah 5,Ariana,,,tayara
95000.0,Bab Souika,Tunis,,,tayara
420000.0,Riadh Andalous,Ariana,,,tayara
500.0,El Omrane,Tunis,,,tayara
900.0,Ain Zaghouen,Tunis,,,tayara
1000.0,Mutuelleville,Tunis,,,tayara
1200.0,Ain Zaghouan Nord,Tunis,,,tayara
862000.0,La Soukra,Ariana,,,tayara
1000.0,El Manar 1,Tunis,,,tayara
450000.0,Monastir,Monastir,,,tayara
85000.0,Médenine Sud,Médenine,,,tayara
1200.0,L Aouina,Tunis,,,tayara
235000.0,Bizerte Nord,Bizerte,,,tayara
200000.0,Medina Jedida,Ben Arous,,,tayara
390000.0,Ghazela,Ariana,,,tayara
0.0,Raoued,Ariana,,,tayara
210000.0,Ennasr,Ariana,,,tayara
270000.0,Ariana Essoughra,Ariana,,,tayara
1150.0,L Aouina,Tunis,,,tayara
1200.0,Riadh Andalous,Ariana,,,tayara
1200.0,Hammam Sousse,Sousse,,,tayara
2400.0,Médenine,Médenine,,,tayara
750.0,Sousse Médina,Sousse,,,tayara
275.0,La Soukra,Ariana,,,tayara
200000.0,Kélibia,Nabeul,,,tayara
850.0,Khzema,Sousse,,,tayara
1200.0,Ezzahra,Ben Arous,,,tayara
240000.0,Medjez El Bab,Béja,,,tayara
0.0,Bab Souika,Tunis,,,tayara
85000.0,Kef Est,Le Kef,,,tayara
540000.0,Bou Argoub,Nabeul,,,tayara
0.0,Sousse,Sousse,,,tayara
1400.0,L Aouina,Tunis,,,tayara
375000.0,L Aouina,Tunis,,,tayara
0.0,Kairouan,Kairouan,,,tayara
280000.0,Ezzouhour,Tunis,,,tayara
0.1,El Alia,Bizerte,,,tayara
630.0,Autres Villes,Nabeul,,,tayara
1200.0,Ezzahra,Ben Arous,,,tayara
375000.0,La Soukra,Ariana,,,tayara
850.0,Jardins El Menzah,Ariana,,,tayara
70.0,Cité Ennasr 2,Ariana,,,tayara
0.0,Cité Ennasr 2,Ariana,,,tayara
0.0,Cité Ennasr 2,Ariana,,,tayara
4000.0,Jardins De Carthage,Tunis,,,tayara
160000.0,L Aouina,Tunis,,,tayara
900.0,L Aouina,Tunis,,,tayara
1.0,Cité Ennasr 2,Ariana,,,tayara
1000.0,Ariana,Ariana,,,tayara
4800.0,Centre Urbain Nord,Tunis,,,tayara
750.0,Ghazela,Ariana,,,tayara
1500.0,Les Jardins El Menzah 2,Ariana,,,tayara
60000.0,Oued Ellil,La Manouba,,,tayara
700.0,La Manouba,La Manouba,,,tayara
1700.0,Cité Ennasr 2,Ariana,,,tayara
1500.0,Chotrana 1,Ariana,,,tayara
3000.0,Charguia 2,Ariana,,,tayara
4000.0,Charguia 2,Ariana,,,tayara
5300.0,Charguia 2,Ariana,,,tayara
11000.0,Charguia 1,Ariana,,,tayara
2000.0,Radès,Ben Arous,,,tayara
94000.0,tunis,tunis,,,tayara
3000.0,Lac 1,Tunis,,,tayara
2900.0,Lac 1,Tunis,,,tayara
120.0,Bou Argoub,Nabeul,,,tayara
1000.0,La Soukra,Ariana,,,tayara
4000.0,Ain Zaghouan Nord,Tunis,,,tayara
6000.0,Cité jardin,Tunis,,,tayara
95209416.0,tunis,tunis,,,tayara
1200.0,El Manar 2,Tunis,,,tayara
850000.0,Borj Louzir,Ariana,,,tayara
280000.0,Les Jardins El Menzah 1,Ariana,,,tayara
2400.0,Ain Zaghouan Nord,Tunis,,,tayara
950000.0,Le Kram,Tunis,,,tayara
0.0,Fouchana,Ben Arous,,,tayara
3800.0,Lac 1,Tunis,,,tayara
0.0,Le Kram,Tunis,,,tayara
1500000.0,El Menzah 9,Tunis,,,tayara
680.0,La Manouba,La Manouba,,,tayara
1000.0,Sfax Ville,Sfax,,,tayara
320.0,Raoued,Ariana,,,tayara
1000.0,Sfax Médina,Sfax,,,tayara
0.0,Mégrine,Ben Arous,,,tayara
450000.0,Kalaâ Kebira,Sousse,,,tayara
4500.0,La Marsa,Tunis,,,tayara
1100.0,El Manar 1,Tunis,,,tayara
0.0,Hammamet,Nabeul,,,tayara
540000.0,L Aouina,Tunis,,,tayara
495000.0,Manouba Ville,La Manouba,,,tayara
2800.0,Lac 2,Tunis,,,tayara
2200.0,Centre Urbain Nord,Tunis,,,tayara
0.0,Zaghouan,Zaghouan,,,tayara
850.0,L Aouina,Tunis,,,tayara
5800.0,Charguia 1,Ariana,,,tayara
1950000.0,Lac 2,Tunis,,,tayara
365000.0,Ras Jebel,Bizerte,,,tayara
5500.0,Mégrine,Ben Arous,,,tayara
3000.0,Mégrine,Ben Arous,,,tayara
185000.0,Borj Louzir,Ariana,,,tayara
1.0,Chebika,Kairouan,,,tayara
237000.0,Hammam Sousse,Sousse,,,tayara
850.0,La Marsa,Tunis,,,tayara
650.0,Siliana,Siliana,,,tayara
1500.0,Siliana,Siliana,,,tayara
174999.0,Chatt mariem,Sousse,,,tayara
0.0,Cité Ennasr 2,Ariana,,,tayara
0.0,Cité Ennasr 2,Ariana,,,tayara
0.0,Sousse,Sousse,,,tayara
550000.0,Oued Ellil,La Manouba,,,tayara
600.0,Khzema,Sousse,,,tayara
150.0,Menzel Bourguiba,Bizerte,,,tayara
295000.0,El Mourouj,Ben Arous,,,tayara
710000.0,Ettahrir,Tunis,,,tayara
210000.0,El Mourouj,Ben Arous,,,tayara
145000.0,El Mourouj,Ben Arous,,,tayara
294997.0,Sahloul,Sousse,,,tayara
1300.0,L Aouina,Tunis,,,tayara
758.0,Ghazela,Ariana,,,tayara
5000.0,Mahdia,Mahdia,,,tayara
1500.0,Mahdia,Mahdia,,,tayara
430000.0,Mahdia,Mahdia,,,tayara
700000.0,Ettahrir,Tunis,,,tayara
0.0,Ezzahra,Ben Arous,,,tayara
750.0,Ezzahra,Ben Arous,,,tayara
5000.0,Ben Arous,Ben Arous,,,tayara
50000.0,Medina Jedida,Ben Arous,,,tayara
350000.0,Kélibia,Nabeul,,,tayara
170000.0,L Aouina,Tunis,,,tayara
1200.0,L Aouina,Tunis,,,tayara
2100.0,Mutuelleville,Tunis,,,tayara
1300.0,La Manouba,La Manouba,,,tayara
120.0,Cité Ennasr 2,Ariana,,,tayara
900.0,L Aouina,Tunis,,,tayara
850.0,Sahloul,Sousse,,,tayara
399999.0,tunis,tunis,,,tayara
0.0,Riadh Andalous,Ariana,,,tayara
1799.0,Ennasr,Ariana,,,tayara
0.0,Mornag,Ben Arous,,,tayara
3000.0,Centre Ville Lafayette,Tunis,,,tayara
133500.0,tunis,tunis,,,tayara
69.0,Tabarka,Jendouba,,,tayara
1234.0,Raoued,Ariana,,,tayara
123.0,Nabeul,Nabeul,,,tayara
1500.0,tunis,tunis,,,tayara
700.0,Le Bardo,Tunis,,,tayara
0.0,Autres Villes,La Manouba,,,tayara
0.0,Autres Villes,Ariana,,,tayara
620.0,Sahloul,Sousse,,,tayara
1150.0,Jemmal,Monastir,,,tayara
250.0,Raoued,Ariana,,,tayara
895.0,Ariana Essoughra,Ariana,,,tayara
0.0,Médenine Nord,Médenine,,,tayara
600.0,Autres Villes,La Manouba,,,tayara
150.0,Mornag,Ben Arous,,,tayara
0.0,Nabeul,Nabeul,,,tayara
180.0,Mahdia,Mahdia,,,tayara
650000.0,Sakiet Ezzit,Sfax,,,tayara
0.0,Sahloul,Sousse,,,tayara
1800.0,Lac 2,Tunis,,,tayara
1.0,Route Tunis,Sfax,,,tayara
1.0,Mrezga,Nabeul,,,tayara
280.0,El Haouaria,Nabeul,,,tayara
150.0,Utique,Bizerte,,,tayara
770.0,Cité Ennasr 2,Ariana,,,tayara
300000.0,Chatt mariem,Sousse,,,tayara
600000.0,Kélibia,Nabeul,,,tayara
120000.0,Zaghouan,Zaghouan,,,tayara
750.0,Sakiet Eddaïer,Sfax,,,tayara
70.0,Tabarka,Jendouba,,,tayara
0.0,L Aouina,Tunis,,,tayara
0.0,El Haouaria,Nabeul,,,tayara
4000.0,Chotrana 1,Ariana,,,tayara
700.0,El Omrane Supérieur,Tunis,,,tayara
120.0,Djerba Houmt Souk,Médenine,,,tayara
0.0,Raoued,Ariana,,,tayara
125.0,Tunis,Tunis,,,tayara
1150.0,tunis,tunis,,,tayara
354.0,tunis,tunis,,,tayara
350.0,Route GREMDA,Sfax,,,tayara
1000.0,Gabès Médina,Gabès,,,tayara
70.0,Sfax,Sfax,,,tayara
350.0,M Saken,Sousse,,,tayara
0.0,Sidi Hassine,Tunis,,,tayara
1.0,Hammamet,Nabeul,,,tayara
1000.0,Hammamet Centre,Nabeul,,,tayara
140.0,Tunis,Tunis,,,tayara
2000.0,Hammamet Nord,Nabeul,,,tayara
99000.0,Ben Arous,Ben Arous,,,tayara
2000.0,Hammamet Nord,Nabeul,,,tayara
2000.0,Hammamet Nord,Nabeul,,,tayara
820000.0,Hammamet,Nabeul,,,tayara
480.0,El Ouardia,Tunis,,,tayara
380000.0,Sahline,Monastir,,,tayara
1800.0,Chotrana 2,Ariana,,,tayara
0.0,Tabarka,Jendouba,,,tayara
650.0,El Mourouj,Ben Arous,,,tayara
550.0,Riadh Andalous,Ariana,,,tayara
200000.0,Testour,Béja,,,tayara
0.0,Monastir,Monastir,,,tayara
70.0,Mohamedia,Ben Arous,,,tayara
850.0,Ariana,Ariana,,,tayara
1.0,tunis,tunis,,,tayara
800.0,El Manar 1,Tunis,,,tayara
600.0,La Marsa,Tunis,,,tayara
0.0,Mégrine,Ben Arous,,,tayara
200.0,Ksar Said,Tunis,,,tayara
225000.0,La Goulette,Tunis,,,tayara
0.0,Sousse Jawhara,Sousse,,,tayara
1700.0,Djebel Jelloud,Tunis,,,tayara
460000.0,tunis,tunis,,,tayara
230000.0,Sahloul,Sousse,,,tayara
200000.0,Hammam Sousse,Sousse,,,tayara
500.0,Sousse Riadh,Sousse,,,tayara
0.0,Route Soukra,Sfax,,,tayara
12345.0,El Omrane Supérieur,Tunis,,,tayara
500000.0,Kélibia,Nabeul,,,tayara
650.0,Sahline,Monastir,,,tayara
700.0,Sahloul,Sousse,,,tayara
107000.0,Bekalta,Monastir,,,tayara
700000.0,Bekalta,Monastir,,,tayara
4000.0,Route Tunis,Sfax,,,tayara
640000.0,Route El Ain,Sfax,,,tayara
106000.0,Route de GABES,Sfax,,,tayara
700000.0,Gammarth,Tunis,,,tayara
2000.0,Lac 2,Tunis,,,tayara
2200.0,tunis,tunis,,,tayara
125000.0,Ghazela,Ariana,,,tayara
380.0,Le Bardo,Tunis,,,tayara
80.0,Djerba Houmt Souk,Médenine,,,tayara
380000.0,Kélibia,Nabeul,,,tayara
340000.0,tunis,tunis,,,tayara
1500.0,Chotrana 2,Ariana,,,tayara
50.0,Zaghouan,Zaghouan,,,tayara
520000.0,tunis,sousse,,,tayara
45.0,Sousse Médina,Sousse,,,tayara
1.0,tunis,tunis,,,tayara
1700.0,Ain Zaghouen,Tunis,,,tayara
1.0,Le Bardo,Tunis,,,tayara
1800.0,Jardins De Carthage,Tunis,,,tayara
0.0,Hammam Sousse,Sousse,,,tayara
480000.0,Ettadhamen,Ariana,,,tayara
430000.0,tunis,tunis,,,tayara
0.0,M Saken,Sousse,,,tayara
0.0,El Haouaria,Nabeul,,,tayara
700.0,La Manouba,La Manouba,,,tayara
1300.0,tunis,tunis,,,tayara
202860.0,Soliman,Nabeul,,,tayara
1550.0,Les Jardins El Menzah 2,Ariana,,,tayara
0.0,Sidi Thabet,Ariana,,,tayara
1400.0,La Soukra,Ariana,,,tayara
150.0,Bizerte Nord,Bizerte,,,tayara
125000.0,Route TANIOUR,Sfax,,,tayara
540.0,Soliman,Nabeul,,,tayara
399998.0,tunis,tunis,,,tayara
1250.0,Sidi Bouzid,Sidi Bouzid,,,tayara
0.0,Bekalta,Monastir,,,tayara
920.0,tunis,tunis,,,tayara
150.0,Sousse,Sousse,,,tayara
650.0,Tunis,Tunis,,,tayara
600.0,Raoued,Ariana,,,tayara
500000.0,Hammam Sousse,Sousse,,,tayara
730.0,El Mourouj 1,Ben Arous,,,tayara
800000.0,Hammam Chott,Ben Arous,,,tayara
350.0,Tabarka,Jendouba,,,tayara
850.0,Tunis,Tunis,,,tayara
0.0,Sakiet Eddaïer,Sfax,,,tayara
1400.0,Riadh Andalous,Ariana,,,tayara
24967.0,Sidi Thabet,Ariana,,,tayara
1200.0,Nouvelle Ariana,Ariana,,,tayara
0.0,Le Bardo,Tunis,,,tayara
750.0,Medina Jedida,Ben Arous,,,tayara
1250.0,Mnihla,Ariana,,,tayara
2500000.0,Charguia 1,Ariana,,,tayara
0.0,Mnihla,Ariana,,,tayara
360000.0,L Aouina,Tunis,,,tayara
890000.0,Hammamet,Nabeul,,,tayara
290000.0,Hammamet,Nabeul,,,tayara
600.0,Chatt mariem,Sousse,,,tayara
600.0,Borj Louzir,Ariana,,,tayara
2700.0,La Marsa,Tunis,,,tayara
1500.0,Riadh Andalous,Ariana,,,tayara
350.0,La Manouba,La Manouba,,,tayara
1200.0,Kantaoui,Sousse,,,tayara
0.0,La Manouba,La Manouba,,,tayara
680.0,Ariana,Ariana,,,tayara
0.0,Cité Ennasr 2,Ariana,,,tayara
0.0,tunis,tunis,,,tayara
450.0,Mornaguia,La Manouba,,,tayara
70000.0,Lac 2,Tunis,,,tayara
950000.0,Mornag,Ben Arous,,,tayara
700.0,Séjoumi,Tunis,,,tayara
80000.0,Métlaoui,Gafsa,,,tayara
0.0,Kélibia,Nabeul,,,tayara
0.0,Dar Fadhal,Ariana,,,tayara
1000.0,Ain Zaghouen,Tunis,,,tayara
2500.0,Ain Zaghouan Nord,Tunis,,,tayara
200000.0,Gafsa Nord,Gafsa,,,tayara
1000.0,La Soukra,Ariana,,,tayara
270000.0,Sahloul,Sousse,,,tayara
3500.0,Carthage,Tunis,,,tayara
0.0,Mnihla,Ariana,,,tayara
217000.0,Dar Châabane El Fehri,Nabeul,,,tayara
680000.0,Hammamet,Nabeul,,,tayara
1300000.0,Béni Khiar,Nabeul,,,tayara
780.0,tunis,tunis,,,tayara
1500.0,La Marsa,Tunis,,,tayara
450.0,El Manar 1,Tunis,,,tayara
185000.0,Sahloul,Sousse,,,tayara
0.0,Mahdia,Mahdia,,,tayara
45000.0,Korba,Nabeul,,,tayara
1900.0,tunis,tunis,,,tayara
295000.0,El Omrane Supérieur,Tunis,,,tayara
680.0,El Manar 1,Tunis,,,tayara
1000.0,Les Jardins El Menzah 1,Ariana,,,tayara
0.0,Aghir,Médenine,,,tayara
0.0,Djerba Midoun,Médenine,,,tayara
0.0,Djerba Houmt Souk,Médenine,,,tayara
0.0,Djerba Houmt Souk,Médenine,,,tayara
0.0,Djerba Houmt Souk,Médenine,,,tayara
0.0,Djerba Midoun,Médenine,,,tayara
0.0,Djerba Houmt Souk,Médenine,,,tayara
2500.0,La Marsa,Tunis,,,tayara
1200.0,Gammarth,Tunis,,,tayara
660000.0,tunis,tunis,,,tayara
1950.0,Sidi Daoud,Tunis,,,tayara
1500.0,Ain Zaghouan Nord,Tunis,,,tayara
2200.0,Sahloul,Sousse,,,tayara
1850.0,Jardins De Carthage,Tunis,,,tayara
420000.0,Kélibia,Nabeul,,,tayara
152600.0,tunis,tunis,,,tayara
139000.0,Dar Fadhal,Ariana,,,tayara
1800.0,Jardins De Carthage,Tunis,,,tayara
220.0,Hammamet,Nabeul,,,tayara
400.0,Ksar Said,Tunis,,,tayara
4497000.0,Mégrine,Ben Arous,,,tayara
140.0,Jemmal,Monastir,,,tayara
650.0,El Mourouj 1,Ben Arous,,,tayara
150.0,Gabès Sud,Gabès,,,tayara
650.0,Tunis,Tunis,,,tayara
198000.0,Route MANZEL CHAKER,Sfax,,,tayara
400.0,Ariana Ville,Ariana,,,tayara
520.0,Route GREMDA,Sfax,,,tayara
20.0,Kerkennah,Sfax,,,tayara
750.0,Carthage,Tunis,,,tayara
450.0,tunis,tunis,,,tayara
0.0,El Mourouj 4,Ben Arous,,,tayara
360.0,Mornaguia,La Manouba,,,tayara
100000.0,Thyna,Sfax,,,tayara
750.0,tunis,tunis,,,tayara
52000.0,Le Kef,Le Kef,,,tayara
730.0,Cite Ennkhilet,Ariana,,,tayara
500.0,tunis,tunis,,,tayara
150.0,tunis,tunis,,,tayara
300000.0,Hergla,Sousse,,,tayara
700.0,tunis,tunis,,,tayara
750000.0,Cité Ennasr 2,Ariana,,,tayara
3000.0,La Marsa,Tunis,,,tayara
1600.0,Ain Zaghouan Nord,Tunis,,,tayara
1100.0,El Manar 1,Tunis,,,tayara
3500.0,Tunis,Tunis,,,tayara
460.0,Boumhel,Ben Arous,,,tayara
600.0,El Omrane Supérieur,Tunis,,,tayara
1300.0,La Soukra,Ariana,,,tayara
285000.0,La Marsa,Tunis,,,tayara
1300.0,tunis,tunis,,,tayara
700.0,Mnihla,Ariana,,,tayara
800.0,El Menzah 5,Ariana,,,tayara
1600.0,Fouchana,Ben Arous,,,tayara
100.0,Radès,Ben Arous,,,tayara
65000.0,Autres Villes,Nabeul,,,tayara
15000.0,Cite Ennkhilet,Ariana,,,tayara
1000.0,El Menzah 5,Ariana,,,tayara
700.0,tunis,tunis,,,tayara
850.0,tunis,tunis,,,tayara
950.0,Yasmine Hammamet,Nabeul,,,tayara
0.0,Nouvelle Matmata,Gabès,,,tayara
1450.0,La Soukra,Ariana,,,tayara
216000.0,L Aouina,Tunis,,,tayara
0.0,Cité Ennasr 2,Ariana,,,tayara
0.0,Jardins El Menzah,Ariana,,,tayara
850.0,Le Bardo,Tunis,,,tayara
2000.0,Ain Zaghouan Nord,Tunis,,,tayara
2500.0,Lac 2,Tunis,,,tayara
303000.0,Ezzahra,Ben Arous,,,tayara
3200.0,Hammamet,Nabeul,,,tayara
1.0,Route GREMDA,Sfax,,,tayara
3500.0,Gammarth,Tunis,,,tayara
1700.0,La Soukra,Ariana,,,tayara
0.0,Hammamet,Nabeul,,,tayara
1100.0,Route GREMDA,Sfax,,,tayara
760.0,Cité Ennasr 2,Ariana,,,tayara
800.0,Mornaguia,La Manouba,,,tayara
645000.0,El Aroussa,Siliana,,,tayara
1000.0,L Aouina,Tunis,,,tayara
0.0,tunis,tunis,,,tayara
750.0,L Aouina,Tunis,,,tayara
250.0,Chatt mariem,Sousse,,,tayara
320000.0,Kélibia,Nabeul,,,tayara
620000.0,Béni Khalled,Nabeul,,,tayara
3600.0,El Menzah 1,Tunis,,,tayara
60000.0,Béni Khalled,Nabeul,,,tayara
0.0,Route de l'aéroport,Sfax,,,tayara
450000.0,Kairouan,Kairouan,,,tayara
180000.0,Béni Khalled,Nabeul,,,tayara
370700.0,Riadh Andalous,Ariana,,,tayara
190000.0,Béni Khalled,Nabeul,,,tayara
470000.0,Béni Khalled,Nabeul,,,tayara
750.0,Ettadhamen,Ariana,,,tayara
700.0,La Marsa,Tunis,,,tayara
1200.0,Khzema,Sousse,,,tayara
2200.0,Hammam Sousse,Sousse,,,tayara
380.0,Siliana,Siliana,,,tayara
750.0,Ezzahra,Ben Arous,,,tayara
1200.0,Tunis Belvedere,Tunis,,,tayara
1.0,Hammam Sousse,Sousse,,,tayara
0.0,Djerba Houmt Souk,Médenine,,,tayara
1499.0,Chotrana 1,Ariana,,,tayara
0.0,Ezzahra,Ben Arous,,,tayara
850.0,Ezzahra,Ben Arous,,,tayara
6000.0,Akouda,Sousse,,,tayara
335000.0,Ezzahra,Ben Arous,,,tayara
0.0,Nabeul,Nabeul,,,tayara
1900.0,El Menzah 9,Tunis,,,tayara
245000.0,Sfax,Sfax,,,tayara
85000.0,Route de l'aéroport,Sfax,,,tayara
10000.0,Route Tunis,Sfax,,,tayara
320000.0,Ghazela,Ariana,,,tayara
25000.0,Kef Ouest,Le Kef,,,tayara
140000.0,Sidi Hassine,Tunis,,,tayara
38000.0,Gammarth,Tunis,,,tayara
650000.0,Gammarth,Tunis,,,tayara
2000.0,Gammarth,Tunis,,,tayara
450.0,Sbikha,Kairouan,,,tayara
599.0,Cité Olympique,Tunis,,,tayara
165000.0,tunis,tunis,,,tayara
260000.0,tunis,tunis,,,tayara
1475.0,tunis,tunis,,,tayara
165000.0,tunis,tunis,,,tayara
1300.0,tunis,tunis,,,tayara
228000.0,tunis,tunis,,,tayara
0.0,Boumhel,Ben Arous,,,tayara
1400.0,tunis,tunis,,,tayara
850.0,tunis,tunis,,,tayara
800.0,tunis,tunis,,,tayara
290000.0,Mornag,Ben Arous,,,tayara
545600.0,Mornag,Ben Arous,,,tayara
300000.0,Route TANIOUR,Sfax,,,tayara
950.0,Chatt mariem,Sousse,,,tayara
130000.0,El Mourouj,Ben Arous,,,tayara
1250.0,Ghazela,Ariana,,,tayara
700.0,Ezzouhour,Tunis,,,tayara
1.0,Route Mehdia,Sfax,,,tayara
0.0,Tunis,Tunis,,,tayara
700.0,Mrezga,Nabeul,,,tayara
288.0,M Saken,Sousse,,,tayara
0.0,tunis,tunis,,,tayara
1000.0,La Marsa,Tunis,,,tayara
450.0,Sfax,Sfax,,,tayara
850.0,Sakiet Ezzit,Sfax,,,tayara
90.0,Djerba Midoun,Médenine,,,tayara
0.0,Hammamet,Nabeul,,,tayara
250000000.0,Bab Souika,Tunis,,,tayara
0.0,Radès,Ben Arous,,,tayara
160.0,Tunis,Tunis,,,tayara
1000.0,Route de l'aéroport,Sfax,,,tayara
100.0,Hammam Sousse,Sousse,,,tayara
800.0,Tataouine Nord,Tataouine,,,tayara
570000.0,Ghazela,Ariana,,,tayara
0.0,Route TANIOUR,Sfax,,,tayara
750.0,La Manouba,La Manouba,,,tayara
120.0,Mohamedia,Ben Arous,,,tayara
0.0,Kélibia,Nabeul,,,tayara
600.0,Manouba Ville,La Manouba,,,tayara
0.0,Route de l'aéroport,Sfax,,,tayara
0.0,El Hamma,Gabès,,,tayara
300.0,Kébili,Kébili,,,tayara
360000.0,L Aouina,Tunis,,,tayara
200000.0,L Aouina,Tunis,,,tayara
1200.0,L Aouina,Tunis,,,tayara
4600.0,Ain Zaghouan Nord,Tunis,,,tayara
0.0,L Aouina,Tunis,,,tayara
0.0,Ksar Hellal,Monastir,,,tayara
1.0,tunis,tunis,,,tayara
320.0,Mohamedia,Ben Arous,,,tayara
130000.0,Ariana,Ariana,,,tayara
1000.0,Sousse Médina,Sousse,,,tayara
800.0,tunis,tunis,,,tayara
900.0,Ghazela,Ariana,,,tayara
570.0,Raoued,Ariana,,,tayara
3000.0,La Marsa,Tunis,,,tayara
2400.0,Hammamet Centre,Nabeul,,,tayara
1250.0,Menzel Bouzelfa,Nabeul,,,tayara
0.0,tunis,tunis,,,tayara
200000.0,Ghar El Melh,Bizerte,,,tayara
450.0,Mnihla,Ariana,,,tayara
2400.0,Hammamet Nord,Nabeul,,,tayara
1200.0,Hammamet,Nabeul,,,tayara
150.0,Ras Jebel,Bizerte,,,tayara
880000.0,Sidi Bou Said,Tunis,,,tayara
1000.0,tunis,tunis,,,tayara
100.0,Tunis,Tunis,,,tayara
75.0,Ghar El Melh,Bizerte,,,tayara
375.0,Radès,Ben Arous,,,tayara
240.0,La Marsa,Tunis,,,tayara
800.0,Radès,Ben Arous,,,tayara
400.0,tunis,tunis,,,tayara
900.0,Le Bardo,Tunis,,,tayara
0.0,Route Mehdia,Sfax,,,tayara
0.0,Route Tunis,Sfax,,,tayara
450000.0,Le Bardo,Tunis,,,tayara
165000.0,Le Bardo,Tunis,,,tayara
2000000.0,Le Bardo,Tunis,,,tayara
325000.0,Sousse Riadh,Sousse,,,tayara
2609.0,tunis,tunis,,,tayara
349.0,El Manar 2,Tunis,,,tayara
349.0,Centre Urbain Nord,Tunis,,,tayara
80.0,tunis,tunis,,,tayara
1550.0,Ennasr,Ariana,,,tayara
300000.0,Médina,Tunis,,,tayara
0.0,Sfax,Sfax,,,tayara
1450.0,Cité Ennasr 2,Ariana,,,tayara
1650.0,Ennasr,Ariana,,,tayara
600 000 DT,411 m²,Bizerte,villa,,tecnocasa
140 000 DT,63 m²,Bizerte,appartement,3 pièces,tecnocasa
550 000 DT,196 m²,Bizerte,villa,,tecnocasa
330 000 DT,130 m²,Bizerte,appartement,3 pièces,tecnocasa
200 000 DT,205 m²,Bizerte,appartement,,tecnocasa
150 000 DT,51 m²,Bizerte,appartement,3 pièces,tecnocasa
330 000 DT,100 m²,Bizerte,appartement,3 pièces,tecnocasa
369 000 DT,410 m²,Bizerte,terrain,,tecnocasa
378 000 DT,420 m²,Bizerte,terrain,,tecnocasa
615 000 DT,320 m²,Bizerte,villa,,tecnocasa
610 000 DT,513 m²,Bizerte,villa,,tecnocasa
160 000 DT,110 m²,Bizerte,appartement,4 pièces,tecnocasa
635 000 DT,100 m²,Bizerte,villa,,tecnocasa
230 000 DT,160 m²,Bizerte,villa,,tecnocasa
320 000 DT,100 m²,Bizerte,appartement,4 pièces,tecnocasa
350 000 DT,200 m²,Bizerte,appartement,4 pièces,tecnocasa
350 000 DT,251 m²,Bizerte,villa,,tecnocasa
273 000 DT,150 m²,Bizerte,villa,3 pièces,tecnocasa
240 000 DT,150 m²,Bizerte,villa,,tecnocasa
650 000 DT,305 m²,Bizerte,villa,,tecnocasa
530 000 DT,284 m²,Bizerte,villa,,tecnocasa
600 000 DT,300 m²,Bizerte,villa,,tecnocasa
1 250 000 DT,826 m²,Bizerte,villa,,tecnocasa
440 000 DT,550 m²,Bizerte,terrain,,tecnocasa
691 600 DT,728 m²,Bizerte,terrain,,tecnocasa
"<span class=""trattativaRiservata"">Informations en agence</span>",410 m²,Bizerte,villa,6 pièces,tecnocasa
"<span class=""trattativaRiservata"">Informations en agence</span>",160 m²,Bizerte,appartement,3 pièces,tecnocasa
"<span class=""trattativaRiservata"">Informations en agence</span>",275 m²,Bizerte,appartement,,tecnocasa
"<span class=""trattativaRiservata"">Informations en agence</span>",1865 m²,Bizerte,villa,,tecnocasa
350 000 DT,153 m²,Bizerte,villa,,tecnocasa
188 500 DT,377 m²,Bizerte,terrain,,tecnocasa
520 000 DT,250 m²,Bizerte,appartement,4 pièces,tecnocasa
95 000 DT,113 m²,Bizerte,villa,2 pièces,tecnocasa
711 000 DT,790 m²,Bizerte,terrain,,tecnocasa
600 000 DT,6045 m²,Bizerte,terrain,,tecnocasa
290 000 DT,414 m²,Bizerte,terrain,,tecnocasa
480 000 DT,270 m²,Bizerte,villa,,tecnocasa
350 000 DT,194 m²,Bizerte,appartement,,tecnocasa
595 000 DT,540 m²,Bizerte,terrain,,tecnocasa
220 000 DT,120 m²,Bizerte,villa,3 pièces,tecnocasa
310 000 DT,128 m²,Bizerte,appartement,4 pièces,tecnocasa
160 000 DT,140 m²,Bizerte,appartement,3 pièces,tecnocasa
725 000 DT,460 m²,Bizerte,villa,5 pièces,tecnocasa
211 420 DT,341 m²,Cap Bon,terrain,,tecnocasa
580 000 DT,200 m²,Cap Bon,villa,4 pièces,tecnocasa
285 000 DT,125 m²,Cap Bon,appartement,2 pièces,tecnocasa
395 000 DT,101 m²,Cap Bon,appartement,4 pièces,tecnocasa
168 000 DT,349 m²,Cap Bon,terrain,,tecnocasa
1 245 600 DT,4152 m²,Cap Bon,terrain,,tecnocasa
430 000 DT,130 m²,Cap Bon,appartement,3 pièces,tecnocasa
157 000 DT,157 m²,Cap Bon,terrain,,tecnocasa
750 000 DT,230 m²,Cap Bon,villa,3 pièces,tecnocasa
320 000 DT,534 m²,Cap Bon,terrain,,tecnocasa
685 000 DT,203 m²,Cap Bon,villa,,tecnocasa
152 000 DT,152 m²,Cap Bon,terrain,,tecnocasa
1 050 000 DT,440 m²,Cap Bon,villa,,tecnocasa
858 000 DT,858 m²,Cap Bon,terrain,,tecnocasa
1 050 000 DT,280 m²,Cap Bon,villa,,tecnocasa
190 000 DT,190 m²,Cap Bon,terrain,,tecnocasa
730 000 DT,410 m²,Cap Bon,terrain,,tecnocasa
146 000 DT,248 m²,Cap Bon,terrain,,tecnocasa
620 000 DT,215 m²,Cap Bon,villa,3 pièces,tecnocasa
805 000 DT,236 m²,Cap Bon,villa,4 pièces,tecnocasa
210 000 DT,350 m²,Cap Bon,terrain,,tecnocasa
100 000 DT,75 m²,Cap Bon,appartement,3 pièces,tecnocasa
220 000 DT,70 m²,Cap Bon,appartement,3 pièces,tecnocasa
540 000 DT,137 m²,Cap Bon,appartement,2 pièces,tecnocasa
340 000 DT,94 m²,Cap Bon,appartement,3 pièces,tecnocasa
151 740 DT,281 m²,Cap Bon,terrain,,tecnocasa
195 000 DT,272 m²,Cap Bon,terrain,,tecnocasa
185 000 DT,105 m²,Cap Bon,appartement,2 pièces,tecnocasa
225 000 DT,340 m²,Cap Bon,terrain,,tecnocasa
245 000 DT,967 m²,Cap Bon,terrain,,tecnocasa
435 000 DT,131 m²,Cap Bon,appartement,2 pièces,tecnocasa
475 000 DT,175 m²,Cap Bon,appartement,4 pièces,tecnocasa
398 000 DT,105 m²,Cap Bon,appartement,3 pièces,tecnocasa
780 000 DT,200 m²,Cap Bon,villa,2 pièces,tecnocasa
460 000 DT,120 m²,Cap Bon,appartement,2 pièces,tecnocasa
601 800 DT,354 m²,Cap Bon,terrain,,tecnocasa
168 750 DT,225 m²,Cap Bon,terrain,,tecnocasa
150 000 DT,156 m²,Cap Bon,appartement,,tecnocasa
185 000 DT,110 m²,Cap Bon,appartement,3 pièces,tecnocasa
600 000 DT,204 m²,Cap Bon,villa,,tecnocasa
220 000 DT,2500 m²,Cap Bon,terrain,,tecnocasa
120 000 DT,156 m²,Cap Bon,appartement,3 pièces,tecnocasa
630 000 DT,1163 m²,Cap Bon,terrain,,tecnocasa
110 000 DT,613 m²,Cap Bon,terrain,,tecnocasa
290 000 DT,156 m²,Cap Bon,appartement,,tecnocasa
95 000 DT,164 m²,Cap Bon,terrain,,tecnocasa
600 000 DT,800 m²,Cap Bon,terrain,,tecnocasa
535 000 DT,400 m²,Cap Bon,villa,,tecnocasa
510 000 DT,417 m²,Cap Bon,terrain,,tecnocasa
285 000 DT,257 m²,Cap Bon,terrain,,tecnocasa
400 000 DT,125 m²,Cap Bon,appartement,3 pièces,tecnocasa
400 000 DT,120 m²,Cap Bon,appartement,3 pièces,tecnocasa
400 000 DT,128 m²,Cap Bon,appartement,3 pièces,tecnocasa
600 000 DT,400 m²,Cap Bon,villa,5 pièces,tecnocasa
155 000 DT,152 m²,Cap Bon,villa,,tecnocasa
280 000 DT,120 m²,Cap Bon,appartement,3 pièces,tecnocasa
410 000 DT,390 m²,Cap Bon,appartement,,tecnocasa
560 000 DT,304 m²,Cap Bon,appartement,4 pièces,tecnocasa
175 000 DT,100 m²,Cap Bon,appartement,3 pièces,tecnocasa
180 000 DT,100 m²,Cap Bon,appartement,2 pièces,tecnocasa
220 000 DT,120 m²,Cap Bon,appartement,4 pièces,tecnocasa
700 000 DT,313 m²,Cap Bon,villa,,tecnocasa
600 000 DT,200 m²,Cap Bon,appartement,4 pièces,tecnocasa
400 000 DT,76 m²,Cap Bon,villa,,tecnocasa
370 000 DT,122 m²,Cap Bon,villa,,tecnocasa
950 000 DT,350 m²,Cap Bon,villa,4 pièces,tecnocasa
2 100 000 DT,650 m²,Cap Bon,villa,,tecnocasa
"<span class=""trattativaRiservata"">Informations en agence</span>",1691 m²,Cap Bon,terrain,,tecnocasa
35 000 DT,157 m²,Cap Bon,terrain,,tecnocasa
260 000 DT,200 m²,Cap Bon,villa,2 pièces,tecnocasa
295 000 DT,83 m²,Cap Bon,appartement,3 pièces,tecnocasa
850 000 DT,200 m²,Cap Bon,villa,3 pièces,tecnocasa
660 000 DT,220 m²,Cap Bon,terrain,,tecnocasa
250 000 DT,296 m²,Cap Bon,terrain,,tecnocasa
150 000 DT,225 m²,Cap Bon,terrain,,tecnocasa
365 000 DT,131 m²,Cap Bon,appartement,3 pièces,tecnocasa
420 000 DT,127 m²,Cap Bon,appartement,3 pièces,tecnocasa
80 000 DT,105 m²,Cap Bon,terrain,,tecnocasa
345 000 DT,117 m²,Cap Bon,appartement,3 pièces,tecnocasa
215 000 DT,49 m²,Cap Bon,appartement,2 pièces,tecnocasa
470 000 DT,299 m²,Cap Bon,villa,5 pièces,tecnocasa
316 000 DT,527 m²,Cap Bon,terrain,,tecnocasa
350 000 DT,200 m²,Cap Bon,appartement,4 pièces,tecnocasa
185 000 DT,110 m²,Cap Bon,appartement,2 pièces,tecnocasa
295 000 DT,110 m²,Cap Bon,appartement,3 pièces,tecnocasa
700 000 DT,500 m²,Cap Bon,villa,,tecnocasa
220 000 DT,118 m²,Cap Bon,appartement,2 pièces,tecnocasa
185 000 DT,80 m²,Cap Bon,appartement,3 pièces,tecnocasa
2 200 000 DT,750 m²,Cap Bon,villa,,tecnocasa
320 000 DT,83 m²,Cap Bon,appartement,2 pièces,tecnocasa
495 000 DT,350 m²,Cap Bon,villa,,tecnocasa
200 000 DT,105 m²,Cap Bon,appartement,2 pièces,tecnocasa
310 000 DT,130 m²,Cap Bon,appartement,4 pièces,tecnocasa
250 000 DT,110 m²,Cap Bon,appartement,2 pièces,tecnocasa
885 000 DT,500 m²,Cap Bon,villa,3 pièces,tecnocasa
240 000 DT,110 m²,Cap Bon,appartement,3 pièces,tecnocasa
197 000 DT,170 m²,Cap Bon,appartement,,tecnocasa
270 000 DT,80 m²,Cap Bon,appartement,3 pièces,tecnocasa
495 000 DT,220 m²,Cap Bon,appartement,,tecnocasa
395 000 DT,253 m²,Cap Bon,appartement,,tecnocasa
360 000 DT,208 m²,Cap Bon,villa,,tecnocasa
450 000 DT,195 m²,Cap Bon,villa,,tecnocasa
300 000 DT,100 m²,Cap Bon,appartement,3 pièces,tecnocasa
300 000 DT,127 m²,Cap Bon,appartement,4 pièces,tecnocasa
2 295 000 DT,984 m²,Cap Bon,villa,5 pièces,tecnocasa
250 155 DT,55 m²,Cap Bon,appartement,2 pièces,tecnocasa
468 384 DT,111 m²,Cap Bon,appartement,3 pièces,tecnocasa
310 000 DT,277 m²,Cap Bon,terrain,,tecnocasa
307 000 DT,81 m²,Cap Bon,appartement,2 pièces,tecnocasa
680 000 DT,687 m²,Cap Bon,terrain,,tecnocasa
449 400 DT,107 m²,Cap Bon,appartement,4 pièces,tecnocasa
239 400 DT,57 m²,Cap Bon,appartement,2 pièces,tecnocasa
720 000 DT,152 m²,Cap Bon,appartement,4 pièces,tecnocasa
680 000 DT,158 m²,Cap Bon,appartement,4 pièces,tecnocasa
403 200 DT,96 m²,Cap Bon,appartement,3 pièces,tecnocasa
560 000 DT,185 m²,Cap Bon,appartement,2 pièces,tecnocasa
350 000 DT,80 m²,Cap Bon,appartement,3 pièces,tecnocasa
390 000 DT,105 m²,Cap Bon,appartement,2 pièces,tecnocasa
450 000 DT,113 m²,Cap Bon,appartement,3 pièces,tecnocasa
630 000 DT,94 m²,Cap Bon,appartement,3 pièces,tecnocasa
175 000 DT,80 m²,Cap Bon,appartement,3 pièces,tecnocasa
850 000 DT,174 m²,Cap Bon,villa,4 pièces,tecnocasa
430 000 DT,344 m²,Cap Bon,villa,,tecnocasa
280 000 DT,85 m²,Cap Bon,villa,2 pièces,tecnocasa
600 000 DT,265 m²,Cap Bon,terrain,,tecnocasa
240 000 DT,150 m²,Cap Bon,appartement,2 pièces,tecnocasa
180 000 DT,237 m²,Cap Bon,terrain,,tecnocasa
540 000 DT,270 m²,Cap Bon,villa,4 pièces,tecnocasa
820 000 DT,337 m²,Cap Bon,villa,4 pièces,tecnocasa
860 000 DT,603 m²,Cap Bon,villa,,tecnocasa
215 000 DT,72 m²,Cap Bon,appartement,1 pièce,tecnocasa
880 000 DT,360 m²,Cap Bon,villa,,tecnocasa
380 000 DT,250 m²,Cap Bon,villa,,tecnocasa
250 000 DT,174 m²,Cap Bon,appartement,3 pièces,tecnocasa
450 000 DT,113 m²,Cap Bon,appartement,3 pièces,tecnocasa
187 500 DT,250 m²,Cap Bon,terrain,,tecnocasa
350 000 DT,100 m²,Cap Bon,villa,3 pièces,tecnocasa
385 000 DT,167 m²,Cap Bon,villa,,tecnocasa
990 000 DT,503 m²,Cap Bon,villa,,tecnocasa
330 000 DT,394 m²,Cap Bon,terrain,,tecnocasa
66 000 DT,120 m²,Cap Bon,terrain,,tecnocasa
217 000 DT,310 m²,Cap Bon,terrain,,tecnocasa
1 200 000 DT,240 m²,Cap Bon,villa,,tecnocasa
170 000 DT,237 m²,Cap Bon,terrain,,tecnocasa
899 000 DT,490 m²,Cap Bon,villa,,tecnocasa
150 000 DT,78 m²,Cap Bon,appartement,1 pièce,tecnocasa
1 200 000 DT,302 m²,Cap Bon,villa,,tecnocasa
1 300 000 DT,54000 m²,Cap Bon,ferme,,tecnocasa
130 000 DT,60 m²,Cap Bon,appartement,2 pièces,tecnocasa
365 000 DT,292 m²,Cap Bon,terrain,,tecnocasa
980 000 DT,640 m²,Cap Bon,villa,6 pièces,tecnocasa
390 000 DT,116 m²,Cap Bon,appartement,2 pièces,tecnocasa
295 000 DT,85 m²,Cap Bon,appartement,1 pièce,tecnocasa
546 150 DT,331 m²,Cap Bon,terrain,,tecnocasa
180 000 DT,316 m²,Cap Bon,terrain,,tecnocasa
940 000 DT,470 m²,Cap Bon,terrain,,tecnocasa
2 300 000 DT,883 m²,Cap Bon,terrain,,tecnocasa
208 000 DT,260 m²,Cap Bon,terrain,,tecnocasa
714 000 DT,664 m²,Cap Bon,terrain,,tecnocasa
245 000 DT,210 m²,Cap Bon,villa,,tecnocasa
320 000 DT,100 m²,Cap Bon,appartement,3 pièces,tecnocasa
320 000 DT,77 m²,Cap Bon,appartement,2 pièces,tecnocasa
600 000 DT,165 m²,Cap Bon,appartement,4 pièces,tecnocasa
450 000 DT,116 m²,Cap Bon,appartement,4 pièces,tecnocasa
320 000 DT,120 m²,Cap Bon,appartement,2 pièces,tecnocasa
475 000 DT,130 m²,Cap Bon,appartement,3 pièces,tecnocasa
640 000 DT,180 m²,Cap Bon,appartement,4 pièces,tecnocasa
440 000 DT,367 m²,Cap Bon,villa,4 pièces,tecnocasa
260 000 DT,74 m²,Cap Bon,appartement,2 pièces,tecnocasa
1 200 000 DT,659 m²,Cap Bon,villa,,tecnocasa
1 182 150 DT,639 m²,Cap Bon,terrain,,tecnocasa
360 000 DT,95 m²,Cap Bon,appartement,2 pièces,tecnocasa
330 000 DT,1500 m²,Cap Bon,terrain,,tecnocasa
340 000 DT,100 m²,Cap Bon,appartement,3 pièces,tecnocasa
517 000 DT,5750 m²,Cap Bon,terrain,,tecnocasa
351 000 DT,1100 m²,Cap Bon,terrain,,tecnocasa
2 300 000 DT,2200 m²,Cap Bon,villa,,tecnocasa
1 780 000 DT,502 m²,Grand Tunis,villa,,tecnocasa
425 000 DT,143 m²,Grand Tunis,appartement,3 pièces,tecnocasa
279 000 DT,110 m²,Grand Tunis,appartement,4 pièces,tecnocasa
250 000 DT,59 m²,Grand Tunis,appartement,3 pièces,tecnocasa
495 000 DT,200 m²,Grand Tunis,appartement,,tecnocasa
190 000 DT,150 m²,Grand Tunis,appartement,3 pièces,tecnocasa
328 000 DT,120 m²,Grand Tunis,appartement,5 pièces,tecnocasa
330 000 DT,105 m²,Grand Tunis,appartement,4 pièces,tecnocasa
680 000 DT,304 m²,Grand Tunis,appartement,6 pièces,tecnocasa
200 000 DT,274 m²,Grand Tunis,terrain,,tecnocasa
2 250 000 DT,539 m²,Grand Tunis,terrain,,tecnocasa
950 000 DT,500 m²,Grand Tunis,villa,,tecnocasa
485 000 DT,120 m²,Grand Tunis,appartement,4 pièces,tecnocasa
648 000 DT,410 m²,Grand Tunis,villa,,tecnocasa
220 000 DT,95 m²,Grand Tunis,appartement,3 pièces,tecnocasa
150 000 DT,75 m²,Grand Tunis,appartement,4 pièces,tecnocasa
285 000 DT,120 m²,Grand Tunis,appartement,4 pièces,tecnocasa
240 000 DT,115 m²,Grand Tunis,appartement,3 pièces,tecnocasa
170 000 DT,95 m²,Grand Tunis,appartement,2 pièces,tecnocasa
227 000 DT,109 m²,Grand Tunis,appartement,3 pièces,tecnocasa
135 000 DT,68 m²,Grand Tunis,appartement,3 pièces,tecnocasa
592 000 DT,171 m²,Grand Tunis,appartement,3 pièces,tecnocasa
290 000 DT,130 m²,Grand Tunis,appartement,3 pièces,tecnocasa
305 000 DT,121 m²,Grand Tunis,appartement,3 pièces,tecnocasa
360 000 DT,107 m²,Grand Tunis,appartement,3 pièces,tecnocasa
800 000 DT,540 m²,Grand Tunis,villa,3 pièces,tecnocasa
450 000 DT,190 m²,Grand Tunis,appartement,3 pièces,tecnocasa
1 230 000 DT,340 m²,Grand Tunis,villa,,tecnocasa
265 000 DT,109 m²,Grand Tunis,appartement,,tecnocasa
125 000 DT,66 m²,Grand Tunis,appartement,3 pièces,tecnocasa
310 000 DT,130 m²,Grand Tunis,appartement,5 pièces,tecnocasa
940 000 DT,175 m²,Grand Tunis,appartement,4 pièces,tecnocasa
1 500 000 DT,540 m²,Grand Tunis,villa,3 pièces,tecnocasa
260 000 DT,110 m²,Grand Tunis,appartement,3 pièces,tecnocasa
444 400 DT,370 m²,Grand Tunis,terrain,,tecnocasa
900 000 DT,401 m²,Grand Tunis,villa,5 pièces,tecnocasa
165 000 DT,65 m²,Grand Tunis,appartement,3 pièces,tecnocasa
130 000 DT,60 m²,Grand Tunis,appartement,3 pièces,tecnocasa
550 000 DT,151 m²,Grand Tunis,appartement,4 pièces,tecnocasa
520 000 DT,132 m²,Grand Tunis,appartement,,tecnocasa
240 000 DT,85 m²,Grand Tunis,appartement,,tecnocasa
900 000 DT,300 m²,Grand Tunis,villa,,tecnocasa
270 000 DT,391 m²,Grand Tunis,terrain,,tecnocasa
310 000 DT,567 m²,Grand Tunis,terrain,,tecnocasa
380 000 DT,135 m²,Grand Tunis,appartement,4 pièces,tecnocasa
411 000 DT,80 m²,Grand Tunis,appartement,3 pièces,tecnocasa
605 000 DT,112 m²,Grand Tunis,appartement,3 pièces,tecnocasa
1 200 000 DT,,Grand Tunis,villa,,tecnocasa
600 000 DT,400 m²,Grand Tunis,terrain,,tecnocasa
485 000 DT,128 m²,Grand Tunis,appartement,2 pièces,tecnocasa
390 000 DT,130 m²,Grand Tunis,appartement,,tecnocasa
750 000 DT,127 m²,Grand Tunis,appartement,,tecnocasa
650 000 DT,350 m²,Grand Tunis,villa,,tecnocasa
745 000 DT,92 m²,Grand Tunis,appartement,3 pièces,tecnocasa
260 000 DT,77 m²,Grand Tunis,villa,,tecnocasa
420 000 DT,113 m²,Grand Tunis,appartement,3 pièces,tecnocasa
464 941 DT,106 m²,Grand Tunis,appartement,2 pièces,tecnocasa
2 500 000 DT,403 m²,Grand Tunis,villa,7 pièces,tecnocasa
435 000 DT,152 m²,Grand Tunis,appartement,4 pièces,tecnocasa
620 000 DT,160 m²,Grand Tunis,appartement,,tecnocasa
530 000 DT,90 m²,Grand Tunis,appartement,3 pièces,tecnocasa
190 000 DT,84 m²,Grand Tunis,appartement,2 pièces,tecnocasa
380 000 DT,90 m²,Grand Tunis,appartement,4 pièces,tecnocasa
280 000 DT,115 m²,Grand Tunis,appartement,3 pièces,tecnocasa
450 000 DT,118 m²,Grand Tunis,appartement,3 pièces,tecnocasa
530 000 DT,245 m²,Grand Tunis,appartement,5 pièces,tecnocasa
475 000 DT,206 m²,Grand Tunis,appartement,4 pièces,tecnocasa
300 000 DT,320 m²,Grand Tunis,villa,,tecnocasa
650 000 DT,450 m²,Grand Tunis,villa,,tecnocasa
550 000 DT,170 m²,Grand Tunis,villa,3 pièces,tecnocasa
530 000 DT,150 m²,Grand Tunis,villa,,tecnocasa
670 000 DT,398 m²,Grand Tunis,villa,2 pièces,tecnocasa
450 000 DT,110 m²,Grand Tunis,appartement,4 pièces,tecnocasa
1 350 000 DT,240 m²,Grand Tunis,villa,,tecnocasa
130 000 DT,238 m²,Grand Tunis,terrain,,tecnocasa
1 782 000 DT,990 m²,Grand Tunis,terrain,,tecnocasa
400 000 DT,445 m²,Grand Tunis,terrain,,tecnocasa
220 000 DT,497 m²,Grand Tunis,terrain,,tecnocasa
178 000 DT,60 m²,Grand Tunis,appartement,2 pièces,tecnocasa
855 000 DT,171 m²,Grand Tunis,appartement,,tecnocasa
230 000 DT,115 m²,Grand Tunis,appartement,3 pièces,tecnocasa
530 000 DT,152 m²,Grand Tunis,appartement,4 pièces,tecnocasa
440 000 DT,65 m²,Grand Tunis,appartement,2 pièces,tecnocasa
345 000 DT,130 m²,Grand Tunis,appartement,3 pièces,tecnocasa
740 000 DT,211 m²,Grand Tunis,appartement,5 pièces,tecnocasa
450 000 DT,120 m²,Grand Tunis,appartement,4 pièces,tecnocasa
395 000 DT,115 m²,Grand Tunis,appartement,3 pièces,tecnocasa
1 200 000 DT,290 m²,Grand Tunis,appartement,,tecnocasa
500 000 DT,500 m²,Grand Tunis,villa,,tecnocasa
365 000 DT,110 m²,Grand Tunis,appartement,3 pièces,tecnocasa
1 190 000 DT,495 m²,Grand Tunis,villa,,tecnocasa
650 000 DT,170 m²,Grand Tunis,villa,,tecnocasa
395 000 DT,140 m²,Grand Tunis,villa,,tecnocasa
750 000 DT,121 m²,Grand Tunis,appartement,4 pièces,tecnocasa
380 000 DT,83 m²,Grand Tunis,appartement,3 pièces,tecnocasa
265 000 DT,80 m²,Grand Tunis,appartement,2 pièces,tecnocasa
280 000 DT,125 m²,Grand Tunis,appartement,4 pièces,tecnocasa
230 000 DT,85 m²,Grand Tunis,appartement,2 pièces,tecnocasa
365 000 DT,174 m²,Grand Tunis,appartement,4 pièces,tecnocasa
360 000 DT,135 m²,Grand Tunis,appartement,,tecnocasa
280 000 DT,80 m²,Grand Tunis,appartement,3 pièces,tecnocasa
100 000 DT,59 m²,Grand Tunis,appartement,2 pièces,tecnocasa
640 000 DT,360 m²,Grand Tunis,villa,4 pièces,tecnocasa
318 000 DT,424 m²,Grand Tunis,terrain,,tecnocasa
600 000 DT,300 m²,Grand Tunis,villa,3 pièces,tecnocasa
2 200 000 DT,1017 m²,Grand Tunis,villa,7 pièces,tecnocasa
595 000 DT,170 m²,Grand Tunis,appartement,4 pièces,tecnocasa
1 150 000 DT,300 m²,Grand Tunis,villa,5 pièces,tecnocasa
105 000 DT,60 m²,Grand Tunis,appartement,2 pièces,tecnocasa
147 000 DT,65 m²,Grand Tunis,appartement,2 pièces,tecnocasa
250 000 DT,121 m²,Grand Tunis,appartement,3 pièces,tecnocasa
255 000 DT,65 m²,Grand Tunis,appartement,2 pièces,tecnocasa
500 000 DT,323 m²,Grand Tunis,villa,,tecnocasa
310 000 DT,140 m²,Grand Tunis,appartement,2 pièces,tecnocasa
491 000 DT,491 m²,Grand Tunis,terrain,,tecnocasa
494 400 DT,618 m²,Grand Tunis,terrain,,tecnocasa
130 000 DT,65 m²,Grand Tunis,appartement,5 pièces,tecnocasa
220 000 DT,128 m²,Grand Tunis,villa,3 pièces,tecnocasa
850 000 DT,525 m²,Grand Tunis,terrain,,tecnocasa
480 000 DT,272 m²,Grand Tunis,terrain,,tecnocasa
300 000 DT,,Grand Tunis,villa,,tecnocasa
290 000 DT,145 m²,Grand Tunis,appartement,4 pièces,tecnocasa
365 000 DT,120 m²,Grand Tunis,appartement,3 pièces,tecnocasa
800 000 DT,349 m²,Grand Tunis,villa,,tecnocasa
730 000 DT,143 m²,Grand Tunis,villa,,tecnocasa
780 000 DT,500 m²,Grand Tunis,villa,,tecnocasa
1 800 000 DT,223 m²,Grand Tunis,appartement,,tecnocasa
500 000 DT,125 m²,Grand Tunis,appartement,4 pièces,tecnocasa
270 000 DT,404 m²,Grand Tunis,terrain,,tecnocasa
535 000 DT,133 m²,Grand Tunis,appartement,2 pièces,tecnocasa
370 000 DT,299 m²,Grand Tunis,villa,,tecnocasa
740 000 DT,200 m²,Grand Tunis,villa,,tecnocasa
275 000 DT,416 m²,Grand Tunis,terrain,,tecnocasa
135 000 DT,214 m²,Grand Tunis,terrain,,tecnocasa
600 000 DT,355 m²,Grand Tunis,villa,,tecnocasa
275 000 DT,90 m²,Grand Tunis,appartement,3 pièces,tecnocasa
630 000 DT,207 m²,Grand Tunis,appartement,4 pièces,tecnocasa
140 000 DT,85 m²,Grand Tunis,appartement,4 pièces,tecnocasa
239 000 DT,53 m²,Grand Tunis,appartement,2 pièces,tecnocasa
125 000 DT,64 m²,Grand Tunis,appartement,3 pièces,tecnocasa
390 000 DT,138 m²,Grand Tunis,appartement,4 pièces,tecnocasa
130 000 DT,108 m²,Grand Tunis,appartement,4 pièces,tecnocasa
835 000 DT,180 m²,Grand Tunis,appartement,4 pièces,tecnocasa
287 000 DT,104 m²,Grand Tunis,appartement,3 pièces,tecnocasa
530 000 DT,210 m²,Grand Tunis,appartement,3 pièces,tecnocasa
380 000 DT,153 m²,Grand Tunis,appartement,3 pièces,tecnocasa
235 000 DT,110 m²,Grand Tunis,appartement,34 pièces,tecnocasa
140 000 DT,79 m²,Grand Tunis,appartement,3 pièces,tecnocasa
167 000 DT,63 m²,Grand Tunis,appartement,2 pièces,tecnocasa
245 000 DT,114 m²,Grand Tunis,appartement,3 pièces,tecnocasa
250 000 DT,186 m²,Grand Tunis,appartement,4 pièces,tecnocasa
370 000 DT,123 m²,Grand Tunis,appartement,3 pièces,tecnocasa
350 000 DT,139 m²,Grand Tunis,appartement,3 pièces,tecnocasa
400 000 DT,120 m²,Grand Tunis,appartement,3 pièces,tecnocasa
123 000 DT,80 m²,Grand Tunis,appartement,3 pièces,tecnocasa
420 000 DT,125 m²,Grand Tunis,appartement,4 pièces,tecnocasa
150 000 DT,60 m²,Grand Tunis,appartement,3 pièces,tecnocasa
550 000 DT,145 m²,Grand Tunis,appartement,3 pièces,tecnocasa
235 000 DT,122 m²,Grand Tunis,appartement,4 pièces,tecnocasa
135 000 DT,100 m²,Grand Tunis,appartement,3 pièces,tecnocasa
245 000 DT,100 m²,Grand Tunis,appartement,4 pièces,tecnocasa
265 000 DT,120 m²,Grand Tunis,appartement,3 pièces,tecnocasa
399 000 DT,570 m²,Grand Tunis,terrain,,tecnocasa
420 000 DT,120 m²,Grand Tunis,appartement,3 pièces,tecnocasa
1 550 000 DT,452 m²,Grand Tunis,villa,,tecnocasa
195 000 DT,48 m²,Grand Tunis,appartement,1 pièce,tecnocasa
550 000 DT,240 m²,Grand Tunis,appartement,,tecnocasa
711 993 DT,100 m²,Grand Tunis,appartement,3 pièces,tecnocasa
899 000 DT,131 m²,Grand Tunis,appartement,4 pièces,tecnocasa
1 498 500 DT,999 m²,Grand Tunis,terrain,,tecnocasa
190 000 DT,70 m²,Grand Tunis,appartement,2 pièces,tecnocasa
690 000 DT,1062 m²,Grand Tunis,villa,,tecnocasa
345 400 DT,314 m²,Grand Tunis,terrain,,tecnocasa
1 290 000 DT,722 m²,Grand Tunis,villa,,tecnocasa
145 000 DT,70 m²,Grand Tunis,appartement,3 pièces,tecnocasa
115 000 DT,60 m²,Grand Tunis,appartement,3 pièces,tecnocasa
295 000 DT,410 m²,Grand Tunis,terrain,,tecnocasa
560 000 DT,210 m²,Grand Tunis,villa,4 pièces,tecnocasa
240 000 DT,110 m²,Grand Tunis,appartement,4 pièces,tecnocasa
795 000 DT,392 m²,Grand Tunis,villa,,tecnocasa
250 000 DT,106 m²,Grand Tunis,appartement,3 pièces,tecnocasa
480 000 DT,400 m²,Grand Tunis,terrain,,tecnocasa
165 000 DT,88 m²,Grand Tunis,appartement,2 pièces,tecnocasa
154 070 DT,248 m²,Grand Tunis,terrain,,tecnocasa
495 000 DT,75 m²,Grand Tunis,terrain,,tecnocasa
370 000 DT,81 m²,Grand Tunis,appartement,,tecnocasa
300 000 DT,187 m²,Grand Tunis,villa,,tecnocasa
320 000 DT,230 m²,Grand Tunis,appartement,4 pièces,tecnocasa
330 000 DT,105 m²,Grand Tunis,appartement,2 pièces,tecnocasa
295 000 DT,125 m²,Grand Tunis,bureau,4 pièces,tecnocasa
1 200 000 DT,670 m²,Grand Tunis,terrain,,tecnocasa
370 000 DT,369 m²,Grand Tunis,villa,,tecnocasa
650 000 DT,159 m²,Grand Tunis,appartement,3 pièces,tecnocasa
580 000 DT,165 m²,Grand Tunis,appartement,,tecnocasa
170 000 DT,70 m²,Grand Tunis,appartement,3 pièces,tecnocasa
670 000 DT,440 m²,Grand Tunis,villa,,tecnocasa
304 000 DT,208 m²,Grand Tunis,appartement,,tecnocasa
800 000 DT,200 m²,Grand Tunis,appartement,4 pièces,tecnocasa
310 000 DT,155 m²,Grand Tunis,appartement,4 pièces,tecnocasa
290 000 DT,140 m²,Grand Tunis,villa,,tecnocasa
145 000 DT,80 m²,Grand Tunis,appartement,4 pièces,tecnocasa
275 000 DT,59 m²,Grand Tunis,appartement,2 pièces,tecnocasa
273 000 DT,61 m²,Grand Tunis,appartement,2 pièces,tecnocasa
430 000 DT,110 m²,Grand Tunis,appartement,3 pièces,tecnocasa
660 000 DT,167 m²,Grand Tunis,appartement,4 pièces,tecnocasa
700 000 DT,1100 m²,Grand Tunis,terrain,,tecnocasa
335 000 DT,139 m²,Grand Tunis,appartement,3 pièces,tecnocasa
275 000 DT,365 m²,Grand Tunis,terrain,,tecnocasa
800 000 DT,637 m²,Grand Tunis,terrain,,tecnocasa
1 240 000 DT,731 m²,Grand Tunis,terrain,,tecnocasa
280 000 DT,140 m²,Grand Tunis,appartement,3 pièces,tecnocasa
2 500 000 DT,913 m²,Grand Tunis,villa,,tecnocasa
1 700 000 DT,600 m²,Grand Tunis,appartement,,tecnocasa
310 000 DT,66 m²,Grand Tunis,appartement,3 pièces,tecnocasa
1 100 000 DT,658 m²,Grand Tunis,villa,8 pièces,tecnocasa
1 600 000 DT,400 m²,Grand Tunis,villa,,tecnocasa
1 300 000 DT,337 m²,Grand Tunis,villa,,tecnocasa
2 200 000 DT,527 m²,Grand Tunis,villa,,tecnocasa
1 500 000 DT,684 m²,Grand Tunis,villa,5 pièces,tecnocasa
315 000 DT,95 m²,Grand Tunis,appartement,3 pièces,tecnocasa
155 000 DT,129 m²,Grand Tunis,appartement,4 pièces,tecnocasa
670 000 DT,483 m²,Grand Tunis,villa,,tecnocasa
434 400 000 DT,362 m²,Grand Tunis,terrain,,tecnocasa
750 000 DT,247 m²,Grand Tunis,appartement,3 pièces,tecnocasa
140 000 DT,100 m²,Grand Tunis,appartement,3 pièces,tecnocasa
260 000 DT,120 m²,Grand Tunis,villa,3 pièces,tecnocasa
155 000 DT,99 m²,Grand Tunis,appartement,3 pièces,tecnocasa
350 000 DT,350 m²,Grand Tunis,villa,,tecnocasa
70 000 DT,60 m²,Grand Tunis,appartement,2 pièces,tecnocasa
515 000 DT,522 m²,Grand Tunis,terrain,,tecnocasa
385 000 DT,130 m²,Grand Tunis,appartement,4 pièces,tecnocasa
340 000 DT,166 m²,Grand Tunis,appartement,3 pièces,tecnocasa
130 000 DT,80 m²,Grand Tunis,appartement,2 pièces,tecnocasa
450 000 DT,220 m²,Grand Tunis,villa,,tecnocasa
750 000 DT,425 m²,Grand Tunis,villa,6 pièces,tecnocasa
880 000 DT,512 m²,Grand Tunis,villa,,tecnocasa
315 000 DT,127 m²,Grand Tunis,appartement,,tecnocasa
970 000 DT,230 m²,Grand Tunis,villa,,tecnocasa
360 000 DT,110 m²,Grand Tunis,appartement,3 pièces,tecnocasa
320 000 DT,90 m²,Grand Tunis,villa,2 pièces,tecnocasa
185 000 DT,64 m²,Grand Tunis,appartement,,tecnocasa
1 200 000 DT,600 m²,Grand Tunis,villa,5 pièces,tecnocasa
1 800 000 DT,622 m²,Grand Tunis,villa,4 pièces,tecnocasa
705 600 DT,504 m²,Grand Tunis,terrain,,tecnocasa
650 000 DT,453 m²,Grand Tunis,terrain,,tecnocasa
450 000 DT,333 m²,Grand Tunis,terrain,,tecnocasa
290 000 DT,321 m²,Grand Tunis,terrain,,tecnocasa
395 000 DT,170 m²,Grand Tunis,villa,3 pièces,tecnocasa
510 000 DT,300 m²,Grand Tunis,villa,3 pièces,tecnocasa
230 000 DT,100 m²,Grand Tunis,appartement,4 pièces,tecnocasa
1 280 000 DT,240 m²,Grand Tunis,villa,,tecnocasa
515 000 DT,515 m²,Grand Tunis,terrain,,tecnocasa
175 000 DT,91 m²,Grand Tunis,appartement,3 pièces,tecnocasa
228 000 DT,100 m²,Grand Tunis,appartement,4 pièces,tecnocasa
390 000 DT,150 m²,Grand Tunis,appartement,4 pièces,tecnocasa
137 000 DT,80 m²,Grand Tunis,appartement,3 pièces,tecnocasa
280 000 DT,109 m²,Grand Tunis,appartement,4 pièces,tecnocasa
245 000 DT,219 m²,Grand Tunis,terrain,,tecnocasa
555 000 DT,180 m²,Grand Tunis,villa,3 pièces,tecnocasa
158 000 DT,75 m²,Grand Tunis,appartement,3 pièces,tecnocasa
155 000 DT,100 m²,Grand Tunis,appartement,4 pièces,tecnocasa
170 000 DT,100 m²,Grand Tunis,appartement,4 pièces,tecnocasa
285 000 DT,81 m²,Grand Tunis,appartement,2 pièces,tecnocasa
315 000 DT,116 m²,Grand Tunis,appartement,3 pièces,tecnocasa
365 000 DT,125 m²,Grand Tunis,appartement,3 pièces,tecnocasa
680 000 DT,156 m²,Grand Tunis,appartement,3 pièces,tecnocasa
520 000 DT,290 m²,Grand Tunis,appartement,5 pièces,tecnocasa
1 300 000 DT,398 m²,Grand Tunis,villa,,tecnocasa
360 000 DT,122 m²,Grand Tunis,appartement,3 pièces,tecnocasa
900 000 DT,450 m²,Grand Tunis,villa,,tecnocasa
680 000 DT,300 m²,Grand Tunis,villa,,tecnocasa
450 000 DT,200 m²,Grand Tunis,villa,,tecnocasa
245 000 DT,123 m²,Grand Tunis,appartement,,tecnocasa
177 000 DT,92 m²,Grand Tunis,appartement,3 pièces,tecnocasa
450 000 DT,210 m²,Grand Tunis,villa,,tecnocasa
135 000 DT,81 m²,Grand Tunis,appartement,2 pièces,tecnocasa
675 000 DT,158 m²,Grand Tunis,appartement,4 pièces,tecnocasa
390 000 DT,132 m²,Grand Tunis,appartement,4 pièces,tecnocasa
200 000 DT,80 m²,Grand Tunis,appartement,,tecnocasa
164 000 DT,310 m²,Grand Tunis,terrain,,tecnocasa
1 436 400 DT,1368 m²,Grand Tunis,terrain,,tecnocasa
1 200 000 DT,1000 m²,Grand Tunis,terrain,,tecnocasa
370 000 DT,138 m²,Grand Tunis,appartement,4 pièces,tecnocasa
250 000 DT,115 m²,Grand Tunis,appartement,4 pièces,tecnocasa
1 700 000 DT,571 m²,Grand Tunis,terrain,,tecnocasa
1 800 000 DT,700 m²,Grand Tunis,villa,,tecnocasa
357 000 DT,357 m²,Grand Tunis,terrain,,tecnocasa
580 000 DT,597 m²,Grand Tunis,terrain,,tecnocasa
270 000 DT,131 m²,Grand Tunis,appartement,4 pièces,tecnocasa
310 000 DT,100 m²,Grand Tunis,appartement,3 pièces,tecnocasa
2 100 000 DT,580 m²,Grand Tunis,villa,,tecnocasa
430 000 DT,387 m²,Grand Tunis,villa,,tecnocasa
130 000 DT,75 m²,Grand Tunis,appartement,2 pièces,tecnocasa
1 050 000 DT,103 m²,Grand Tunis,appartement,,tecnocasa
500 000 DT,328 m²,Grand Tunis,villa,4 pièces,tecnocasa
850 000 DT,536 m²,Grand Tunis,villa,3 pièces,tecnocasa
400 000 DT,79 m²,Grand Tunis,appartement,3 pièces,tecnocasa
980 000 DT,360 m²,Grand Tunis,villa,4 pièces,tecnocasa
870 000 DT,400 m²,Grand Tunis,villa,,tecnocasa
165 000 DT,89 m²,Grand Tunis,villa,3 pièces,tecnocasa
115 000 DT,61 m²,Grand Tunis,appartement,2 pièces,tecnocasa
450 000 DT,155 m²,Grand Tunis,appartement,5 pièces,tecnocasa
650 000 DT,337 m²,Grand Tunis,villa,3 pièces,tecnocasa
299 000 DT,133 m²,Grand Tunis,appartement,4 pièces,tecnocasa
210 000 DT,133 m²,Grand Tunis,appartement,6 pièces,tecnocasa
340 000 DT,145 m²,Grand Tunis,appartement,4 pièces,tecnocasa
520 000 DT,108 m²,Grand Tunis,appartement,4 pièces,tecnocasa
975 000 DT,650 m²,Grand Tunis,terrain,4 pièces,tecnocasa
450 000 DT,231 m²,Grand Tunis,villa,4 pièces,tecnocasa
270 000 DT,242 m²,Grand Tunis,terrain,,tecnocasa
175 000 DT,70 m²,Grand Tunis,appartement,3 pièces,tecnocasa
1 600 000 DT,300 m²,Grand Tunis,villa,,tecnocasa
900 000 DT,177 m²,Grand Tunis,appartement,4 pièces,tecnocasa
230 000 DT,128 m²,Grand Tunis,appartement,4 pièces,tecnocasa
390 000 DT,120 m²,Grand Tunis,villa,4 pièces,tecnocasa
320 000 DT,146 m²,Grand Tunis,appartement,,tecnocasa
315 000 DT,117 m²,Grand Tunis,appartement,2 pièces,tecnocasa
280 000 DT,126 m²,Grand Tunis,appartement,4 pièces,tecnocasa
759 000 DT,330 m²,Grand Tunis,villa,,tecnocasa
317 000 DT,152 m²,Grand Tunis,appartement,4 pièces,tecnocasa
450 000 DT,140 m²,Grand Tunis,villa,,tecnocasa
450 000 DT,401 m²,Grand Tunis,terrain,,tecnocasa
195 000 DT,120 m²,Grand Tunis,appartement,4 pièces,tecnocasa
340 000 DT,230 m²,Grand Tunis,villa,,tecnocasa
100 000 DT,100 m²,Grand Tunis,appartement,3 pièces,tecnocasa
490 000 DT,613 m²,Grand Tunis,terrain,,tecnocasa
170 000 DT,115 m²,Grand Tunis,appartement,3 pièces,tecnocasa
495 000 DT,178 m²,Grand Tunis,appartement,4 pièces,tecnocasa
249 000 DT,118 m²,Grand Tunis,appartement,3 pièces,tecnocasa
295 000 DT,110 m²,Grand Tunis,appartement,2 pièces,tecnocasa
1 350 000 DT,247 m²,Grand Tunis,appartement,3 pièces,tecnocasa
130 000 DT,44 m²,Grand Tunis,appartement,2 pièces,tecnocasa
290 000 DT,150 m²,Grand Tunis,villa,4 pièces,tecnocasa
420 000 DT,422 m²,Grand Tunis,villa,,tecnocasa
178 000 DT,78 m²,Grand Tunis,appartement,3 pièces,tecnocasa
268 000 DT,115 m²,Grand Tunis,appartement,4 pièces,tecnocasa
377 000 DT,185 m²,Grand Tunis,appartement,5 pièces,tecnocasa
305 000 DT,111 m²,Grand Tunis,appartement,3 pièces,tecnocasa
700 000 DT,360 m²,Grand Tunis,villa,,tecnocasa
590 478 DT,112 m²,Grand Tunis,appartement,3 pièces,tecnocasa
483 600 DT,403 m²,Grand Tunis,terrain,,tecnocasa
539 994 DT,128 m²,Grand Tunis,appartement,4 pièces,tecnocasa
260 778 DT,62 m²,Grand Tunis,appartement,2 pièces,tecnocasa
200 000 DT,67 m²,Grand Tunis,appartement,2 pièces,tecnocasa
1 429 000 DT,1459 m²,Grand Tunis,terrain,,tecnocasa
752 000 DT,684 m²,Grand Tunis,terrain,,tecnocasa
375 000 DT,110 m²,Grand Tunis,appartement,4 pièces,tecnocasa
470 000 DT,259 m²,Grand Tunis,villa,,tecnocasa
250 000 DT,94 m²,Grand Tunis,appartement,2 pièces,tecnocasa
190 000 DT,68 m²,Grand Tunis,appartement,2 pièces,tecnocasa
265 000 DT,76 m²,Grand Tunis,appartement,3 pièces,tecnocasa
370 000 DT,124 m²,Grand Tunis,appartement,4 pièces,tecnocasa
310 000 DT,105 m²,Grand Tunis,appartement,3 pièces,tecnocasa
120 000 DT,52 m²,Grand Tunis,appartement,,tecnocasa
395 000 DT,180 m²,Grand Tunis,appartement,4 pièces,tecnocasa
185 000 DT,120 m²,Grand Tunis,appartement,4 pièces,tecnocasa
250 000 DT,115 m²,Grand Tunis,appartement,4 pièces,tecnocasa
410 000 DT,550 m²,Grand Tunis,terrain,,tecnocasa
350 000 DT,124 m²,Grand Tunis,appartement,3 pièces,tecnocasa
290 000 DT,101 m²,Grand Tunis,appartement,3 pièces,tecnocasa
450 000 DT,130 m²,Grand Tunis,appartement,4 pièces,tecnocasa
450 000 DT,130 m²,Grand Tunis,appartement,4 pièces,tecnocasa
450 000 DT,130 m²,Grand Tunis,appartement,4 pièces,tecnocasa
450 000 DT,130 m²,Grand Tunis,appartement,4 pièces,tecnocasa
750 000 DT,474 m²,Grand Tunis,terrain,,tecnocasa
1 055 000 DT,483 m²,Grand Tunis,villa,,tecnocasa
1 850 000 DT,450 m²,Grand Tunis,villa,,tecnocasa
710 000 DT,242 m²,Grand Tunis,villa,,tecnocasa
1 950 000 DT,681 m²,Grand Tunis,terrain,,tecnocasa
1 850 000 DT,538 m²,Grand Tunis,villa,,tecnocasa
92 000 DT,47 m²,Grand Tunis,appartement,3 pièces,tecnocasa
360 000 DT,150 m²,Grand Tunis,appartement,4 pièces,tecnocasa
360 000 DT,100 m²,Grand Tunis,appartement,2 pièces,tecnocasa
1 800 000 DT,175 m²,Grand Tunis,villa,6 pièces,tecnocasa
280 000 DT,72 m²,Grand Tunis,appartement,3 pièces,tecnocasa
265 000 DT,120 m²,Grand Tunis,appartement,,tecnocasa
210 000 DT,97 m²,Grand Tunis,appartement,3 pièces,tecnocasa
1 380 000 DT,450 m²,Grand Tunis,villa,4 pièces,tecnocasa
180 000 DT,110 m²,Grand Tunis,appartement,4 pièces,tecnocasa
780 000 DT,500 m²,Grand Tunis,villa,,tecnocasa
295 000 DT,111 m²,Grand Tunis,appartement,3 pièces,tecnocasa
650 000 DT,160 m²,Grand Tunis,appartement,3 pièces,tecnocasa
240 000 DT,114 m²,Grand Tunis,appartement,2 pièces,tecnocasa
434 000 DT,484 m²,Grand Tunis,terrain,,tecnocasa
155 000 DT,100 m²,Grand Tunis,appartement,4 pièces,tecnocasa
300 000 DT,400 m²,Grand Tunis,terrain,,tecnocasa
335 000 DT,110 m²,Grand Tunis,appartement,4 pièces,tecnocasa
645 000 DT,570 m²,Grand Tunis,villa,3 pièces,tecnocasa
480 000 DT,200 m²,Grand Tunis,villa,5 pièces,tecnocasa
185 000 DT,100 m²,Grand Tunis,appartement,3 pièces,tecnocasa
155 000 DT,333 m²,Grand Tunis,terrain,,tecnocasa
190 000 DT,126 m²,Grand Tunis,appartement,4 pièces,tecnocasa
310 000 DT,460 m²,Grand Tunis,terrain,,tecnocasa
140 000 DT,86 m²,Grand Tunis,appartement,3 pièces,tecnocasa
385 000 DT,330 m²,Grand Tunis,villa,,tecnocasa
510 000 DT,200 m²,Grand Tunis,villa,3 pièces,tecnocasa
1 600 000 DT,579 m²,Grand Tunis,villa,,tecnocasa
490 000 DT,190 m²,Grand Tunis,appartement,6 pièces,tecnocasa
406 000 DT,507 m²,Grand Tunis,terrain,,tecnocasa
680 000 DT,197 m²,Grand Tunis,villa,,tecnocasa
1 500 000 DT,673 m²,Grand Tunis,villa,,tecnocasa
165 000 DT,75 m²,Grand Tunis,appartement,,tecnocasa
900 000 DT,800 m²,Grand Tunis,terrain,,tecnocasa
297 000 DT,120 m²,Grand Tunis,appartement,3 pièces,tecnocasa
570 000 DT,240 m²,Grand Tunis,villa,,tecnocasa
650 000 DT,151 m²,Grand Tunis,appartement,3 pièces,tecnocasa
1 470 000 DT,500 m²,Grand Tunis,villa,,tecnocasa
1 190 000 DT,564 m²,Grand Tunis,villa,,tecnocasa
770 000 DT,138 m²,Grand Tunis,appartement,4 pièces,tecnocasa
210 000 DT,90 m²,Grand Tunis,appartement,3 pièces,tecnocasa
197 000 DT,72 m²,Grand Tunis,appartement,2 pièces,tecnocasa
220 000 DT,109 m²,Grand Tunis,appartement,,tecnocasa
128 000 DT,100 m²,Grand Tunis,appartement,3 pièces,tecnocasa
2 500 000 DT,667 m²,Grand Tunis,villa,,tecnocasa
320 000 DT,180 m²,Grand Tunis,villa,,tecnocasa
330 000 DT,86 m²,Grand Tunis,villa,2 pièces,tecnocasa
1 480 000 DT,320 m²,Grand Tunis,villa,,tecnocasa
245 000 DT,113 m²,Grand Tunis,appartement,3 pièces,tecnocasa
440 000 DT,190 m²,Grand Tunis,appartement,4 pièces,tecnocasa
900 000 DT,330 m²,Grand Tunis,villa,4 pièces,tecnocasa
457 900 DT,482 m²,Grand Tunis,terrain,,tecnocasa
480 000 DT,148 m²,Grand Tunis,villa,,tecnocasa
137 200 DT,343 m²,Grand Tunis,terrain,,tecnocasa
450 000 DT,150 m²,Grand Tunis,appartement,2 pièces,tecnocasa
530 000 DT,450 m²,Grand Tunis,villa,,tecnocasa
650 000 DT,200 m²,Grand Tunis,appartement,4 pièces,tecnocasa
256 500 DT,342 m²,Grand Tunis,terrain,,tecnocasa
320 000 DT,149 m²,Grand Tunis,appartement,3 pièces,tecnocasa
742 000 DT,529 m²,Grand Tunis,terrain,,tecnocasa
475 000 DT,207 m²,Grand Tunis,villa,,tecnocasa
450 000 DT,198 m²,Grand Tunis,villa,5 pièces,tecnocasa
560 000 DT,343 m²,Grand Tunis,villa,4 pièces,tecnocasa
499 000 DT,315 m²,Grand Tunis,villa,,tecnocasa
195 000 DT,234 m²,Grand Tunis,terrain,,tecnocasa
2 500 000 DT,1797 m²,Grand Tunis,terrain,,tecnocasa
750 000 DT,450 m²,Grand Tunis,villa,,tecnocasa
1 050 000 DT,595 m²,Grand Tunis,villa,,tecnocasa
275 000 DT,128 m²,Grand Tunis,appartement,4 pièces,tecnocasa
340 000 DT,158 m²,Grand Tunis,appartement,4 pièces,tecnocasa
414 000 DT,503 m²,Grand Tunis,terrain,,tecnocasa
175 000 DT,98 m²,Grand Tunis,appartement,,tecnocasa
1 000 000 DT,284 m²,Grand Tunis,appartement,3 pièces,tecnocasa
370 000 DT,317 m²,Grand Tunis,villa,7 pièces,tecnocasa
265 000 DT,146 m²,Grand Tunis,appartement,4 pièces,tecnocasa
1 400 000 DT,1000 m²,Grand Tunis,villa,,tecnocasa
280 000 DT,104 m²,Grand Tunis,appartement,,tecnocasa
680 000 DT,200 m²,Grand Tunis,villa,,tecnocasa
380 000 DT,175 m²,Grand Tunis,appartement,4 pièces,tecnocasa
297 500 DT,425 m²,Grand Tunis,terrain,,tecnocasa
838 000 DT,544 m²,Grand Tunis,villa,4 pièces,tecnocasa
484 000 DT,440 m²,Grand Tunis,terrain,,tecnocasa
270 000 DT,114 m²,Grand Tunis,appartement,3 pièces,tecnocasa
750 000 DT,450 m²,Grand Tunis,villa,,tecnocasa
600 000 DT,349 m²,Grand Tunis,villa,,tecnocasa
123 000 DT,,Grand Tunis,appartement,,tecnocasa
792 000 DT,198 m²,Grand Tunis,appartement,5 pièces,tecnocasa
110 000 DT,90 m²,Grand Tunis,appartement,3 pièces,tecnocasa
480 000 DT,300 m²,Grand Tunis,terrain,,tecnocasa
457 000 DT,115 m²,Grand Tunis,appartement,3 pièces,tecnocasa
550 000 DT,200 m²,Grand Tunis,villa,6 pièces,tecnocasa
250 000 DT,306 m²,Grand Tunis,terrain,,tecnocasa
470 000 DT,715 m²,Grand Tunis,terrain,,tecnocasa
260 000 DT,380 m²,Grand Tunis,terrain,,tecnocasa
363 000 DT,405 m²,Grand Tunis,terrain,,tecnocasa
1 850 000 DT,616 m²,Grand Tunis,villa,,tecnocasa
1 050 000 DT,634 m²,Grand Tunis,villa,,tecnocasa
335 000 DT,136 m²,Grand Tunis,appartement,4 pièces,tecnocasa
1 000 000 DT,672 m²,Grand Tunis,villa,,tecnocasa
1 290 000 DT,370 m²,Grand Tunis,villa,4 pièces,tecnocasa
675 000 DT,200 m²,Grand Tunis,villa,,tecnocasa
439 235 DT,120 m²,Grand Tunis,appartement,3 pièces,tecnocasa
695 000 DT,455 m²,Grand Tunis,villa,,tecnocasa
340 000 DT,130 m²,Grand Tunis,appartement,4 pièces,tecnocasa
550 000 DT,110 m²,Grand Tunis,appartement,2 pièces,tecnocasa
1 400 000 DT,340 m²,Grand Tunis,villa,4 pièces,tecnocasa
1 137 500 DT,339 m²,Grand Tunis,villa,,tecnocasa
113 000 DT,80 m²,Grand Tunis,appartement,,tecnocasa
1 150 000 DT,599 m²,Grand Tunis,villa,,tecnocasa
1 280 000 DT,1029 m²,Grand Tunis,villa,,tecnocasa
307 800 DT,513 m²,Grand Tunis,terrain,,tecnocasa
245 000 DT,60 m²,Grand Tunis,appartement,2 pièces,tecnocasa
620 000 DT,360 m²,Grand Tunis,terrain,,tecnocasa
520 000 DT,260 m²,Grand Tunis,villa,,tecnocasa
450 000 DT,126 m²,Grand Tunis,appartement,3 pièces,tecnocasa
1 600 000 DT,467 m²,Grand Tunis,villa,,tecnocasa
450 000 DT,160 m²,Grand Tunis,appartement,5 pièces,tecnocasa
395 000 DT,100 m²,Grand Tunis,appartement,,tecnocasa
290 000 DT,111 m²,Grand Tunis,appartement,3 pièces,tecnocasa
580 000 DT,260 m²,Grand Tunis,villa,3 pièces,tecnocasa
352 000 DT,141 m²,Grand Tunis,appartement,4 pièces,tecnocasa
1 100 000 DT,474 m²,Grand Tunis,villa,5 pièces,tecnocasa
550 000 DT,350 m²,Grand Tunis,villa,,tecnocasa
480 000 DT,265 m²,Grand Tunis,appartement,4 pièces,tecnocasa
745 000 DT,596 m²,Grand Tunis,terrain,,tecnocasa
1 269 000 DT,350 m²,Grand Tunis,villa,,tecnocasa
280 000 DT,125 m²,Grand Tunis,appartement,4 pièces,tecnocasa
1 550 000 DT,684 m²,Grand Tunis,villa,,tecnocasa
300 000 DT,87 m²,Grand Tunis,appartement,2 pièces,tecnocasa
370 000 DT,100 m²,Grand Tunis,villa,,tecnocasa
170 000 DT,105 m²,Grand Tunis,appartement,3 pièces,tecnocasa
497 000 DT,144 m²,Grand Tunis,appartement,3 pièces,tecnocasa
870 000 DT,360 m²,Grand Tunis,villa,,tecnocasa
580 000 DT,216 m²,Grand Tunis,appartement,,tecnocasa
1 270 000 DT,249 m²,Grand Tunis,appartement,5 pièces,tecnocasa
297 000 DT,59 m²,Grand Tunis,appartement,2 pièces,tecnocasa
645 000 DT,129 m²,Grand Tunis,appartement,3 pièces,tecnocasa
925 000 DT,112 m²,Grand Tunis,appartement,2 pièces,tecnocasa
259 000 DT,110 m²,Grand Tunis,appartement,4 pièces,tecnocasa
280 000 DT,120 m²,Grand Tunis,appartement,4 pièces,tecnocasa
418 660 DT,484 m²,Grand Tunis,terrain,,tecnocasa
380 000 DT,441 m²,Grand Tunis,villa,,tecnocasa
4 000 000 DT,1500 m²,Grand Tunis,villa,,tecnocasa
279 700 DT,110 m²,Grand Tunis,appartement,3 pièces,tecnocasa
320 000 DT,116 m²,Grand Tunis,appartement,4 pièces,tecnocasa
490 000 DT,205 m²,Grand Tunis,appartement,2 pièces,tecnocasa
1 100 000 DT,411 m²,Grand Tunis,villa,6 pièces,tecnocasa
650 000 DT,140 m²,Grand Tunis,villa,,tecnocasa
450 000 DT,355 m²,Grand Tunis,villa,,tecnocasa
180 000 DT,103 m²,Grand Tunis,appartement,3 pièces,tecnocasa
1 480 000 DT,422 m²,Grand Tunis,villa,,tecnocasa
440 000 DT,138 m²,Grand Tunis,appartement,4 pièces,tecnocasa
270 000 DT,120 m²,Grand Tunis,appartement,4 pièces,tecnocasa
270 000 DT,130 m²,Grand Tunis,appartement,4 pièces,tecnocasa
853 600 DT,776 m²,Grand Tunis,terrain,,tecnocasa
450 000 DT,140 m²,Grand Tunis,appartement,,tecnocasa
474 300 DT,558 m²,Grand Tunis,terrain,,tecnocasa
366 000 DT,486 m²,Grand Tunis,terrain,,tecnocasa
339 150 DT,59 m²,Grand Tunis,appartement,2 pièces,tecnocasa
1 385 000 DT,528 m²,Grand Tunis,villa,,tecnocasa
990 000 DT,542 m²,Grand Tunis,villa,3 pièces,tecnocasa
550 000 DT,501 m²,Grand Tunis,villa,,tecnocasa
1 400 000 DT,600 m²,Grand Tunis,villa,,tecnocasa
1 300 000 DT,400 m²,Grand Tunis,villa,,tecnocasa
580 000 DT,1000 m²,Grand Tunis,terrain,,tecnocasa
1 000 000 DT,150 m²,Grand Tunis,appartement,3 pièces,tecnocasa
147 000 DT,90 m²,Grand Tunis,appartement,4 pièces,tecnocasa
1 600 000 DT,436 m²,Grand Tunis,villa,,tecnocasa
1 700 000 DT,1320 m²,Grand Tunis,villa,,tecnocasa
1 150 000 DT,250 m²,Grand Tunis,villa,,tecnocasa
370 000 DT,133 m²,Grand Tunis,appartement,4 pièces,tecnocasa
320 000 DT,105 m²,Grand Tunis,appartement,4 pièces,tecnocasa
420 000 DT,240 m²,Grand Tunis,villa,,tecnocasa
595 000 DT,108 m²,Grand Tunis,appartement,2 pièces,tecnocasa
750 000 DT,460 m²,Grand Tunis,villa,,tecnocasa
790 000 DT,400 m²,Grand Tunis,villa,,tecnocasa
292 000 DT,160 m²,Grand Tunis,appartement,4 pièces,tecnocasa
620 000 DT,366 m²,Grand Tunis,terrain,,tecnocasa
7 000 000 DT,2000 m²,Grand Tunis,villa,5 pièces,tecnocasa
450 000 DT,450 m²,Grand Tunis,terrain,,tecnocasa
545 000 DT,150 m²,Grand Tunis,villa,,tecnocasa
1 700 000 DT,574 m²,Grand Tunis,villa,,tecnocasa
1 050 000 DT,586 m²,Grand Tunis,villa,,tecnocasa
670 000 DT,449 m²,Grand Tunis,villa,,tecnocasa
2 000 000 DT,665 m²,Grand Tunis,villa,,tecnocasa
"<span class=""trattativaRiservata"">Informations en agence</span>",1100 m²,Grand Tunis,villa,,tecnocasa
393 000 DT,357 m²,Grand Tunis,terrain,,tecnocasa
2 600 000 DT,930 m²,Grand Tunis,terrain,,tecnocasa
1 800 000 DT,956 m²,Grand Tunis,terrain,,tecnocasa
485 000 DT,431 m²,Grand Tunis,terrain,,tecnocasa
418 400 DT,100 m²,Grand Tunis,appartement,2 pièces,tecnocasa
750 000 DT,385 m²,Grand Tunis,terrain,3 pièces,tecnocasa
235 000 DT,340 m²,Grand Tunis,terrain,,tecnocasa
1 092 300 DT,993 m²,Grand Tunis,terrain,,tecnocasa
245 000 DT,,Grand Tunis,terrain,,tecnocasa
680 000 DT,225 m²,Grand Tunis,appartement,3 pièces,tecnocasa
1 950 000 DT,2473 m²,Grand Tunis,terrain,,tecnocasa
8 763 600 DT,7303 m²,Grand Tunis,terrain,,tecnocasa
260 000 DT,180 m²,Kairouan,villa,,tecnocasa
284 087 DT,156 m²,Kairouan,appartement,4 pièces,tecnocasa
265 000 DT,140 m²,Kairouan,villa,,tecnocasa
160 000 DT,144 m²,Kairouan,appartement,,tecnocasa
61 200 DT,204 m²,Kairouan,terrain,,tecnocasa
750 000 DT,45000 m²,Kairouan,ferme,,tecnocasa
280 000 DT,180 m²,Kairouan,appartement,3 pièces,tecnocasa
165 000 DT,79 m²,Kairouan,appartement,2 pièces,tecnocasa
175 000 DT,91 m²,Kairouan,appartement,2 pièces,tecnocasa
180 000 DT,62 m²,Kairouan,appartement,1 pièce,tecnocasa
199 920 DT,294 m²,Kairouan,terrain,,tecnocasa
1 400 000 DT,750 m²,Kairouan,villa,,tecnocasa
198 260 DT,431 m²,Kairouan,terrain,,tecnocasa
235 000 DT,94 m²,Kairouan,appartement,2 pièces,tecnocasa
250 000 DT,200 m²,Kairouan,villa,,tecnocasa
180 000 DT,113 m²,Kairouan,appartement,2 pièces,tecnocasa
560 000 DT,500 m²,Kairouan,villa,,tecnocasa
275 000 DT,770 m²,Kairouan,terrain,,tecnocasa
171 500 DT,343 m²,Kairouan,terrain,,tecnocasa
280 000 DT,300 m²,Kairouan,villa,4 pièces,tecnocasa
790 000 DT,495 m²,Kairouan,villa,,tecnocasa
460 000 DT,324 m²,Kairouan,villa,,tecnocasa
380 000 DT,167 m²,Kairouan,villa,,tecnocasa
330 000 DT,447 m²,Kairouan,terrain,,tecnocasa
480 000 DT,280 m²,Kairouan,villa,5 pièces,tecnocasa
280 000 DT,572 m²,Kairouan,terrain,,tecnocasa
240 000 DT,120 m²,Kairouan,villa,,tecnocasa
580 000 DT,600 m²,Kairouan,villa,,tecnocasa
105 000 DT,251 m²,Kairouan,terrain,,tecnocasa
90 000 DT,240 m²,Kairouan,terrain,,tecnocasa
360 000 DT,3038 m²,Kairouan,terrain,,tecnocasa
230 000 DT,200 m²,Kairouan,villa,,tecnocasa
223 000 DT,98 m²,Kairouan,appartement,2 pièces,tecnocasa
270 000 DT,540 m²,Kairouan,terrain,,tecnocasa
198 000 DT,86 m²,Kairouan,appartement,2 pièces,tecnocasa
90 000 DT,50 m²,Kairouan,appartement,1 pièce,tecnocasa
100 000 DT,70 m²,Kairouan,appartement,1 pièce,tecnocasa
65 000 DT,1000 m²,Kairouan,terrain,,tecnocasa
120 000 DT,600 m²,Kairouan,terrain,,tecnocasa
130 000 DT,311 m²,Mahdia,terrain,,tecnocasa
290 000 DT,70 m²,Mahdia,appartement,3 pièces,tecnocasa
125 500 DT,493 m²,Mahdia,terrain,,tecnocasa
96 800 DT,458 m²,Mahdia,terrain,,tecnocasa
198 000 DT,60 m²,Mahdia,appartement,1 pièce,tecnocasa
230 000 DT,60 m²,Mahdia,bureau,3 pièces,tecnocasa
260 000 DT,110 m²,Mahdia,appartement,3 pièces,tecnocasa
500 000 DT,278 m²,Mahdia,villa,,tecnocasa
152 000 DT,85 m²,Mahdia,appartement,3 pièces,tecnocasa
550 000 DT,190 m²,Mahdia,villa,,tecnocasa
275 000 DT,160 m²,Mahdia,appartement,3 pièces,tecnocasa
495 000 DT,600 m²,Mahdia,villa,,tecnocasa
250 000 DT,103 m²,Mahdia,appartement,,tecnocasa
150 000 DT,100 m²,Mahdia,appartement,4 pièces,tecnocasa
300 000 DT,280 m²,Mahdia,appartement,,tecnocasa
275 000 DT,135 m²,Mahdia,appartement,4 pièces,tecnocasa
900 000 DT,1632 m²,Mahdia,terrain,,tecnocasa
285 000 DT,135 m²,Mahdia,appartement,3 pièces,tecnocasa
671 000 DT,1220 m²,Mahdia,terrain,,tecnocasa
1 250 000 DT,305 m²,Mahdia,appartement,2 pièces,tecnocasa
445 000 DT,135 m²,Mahdia,appartement,3 pièces,tecnocasa
420 000 DT,250 m²,Mahdia,villa,,tecnocasa
500 000 DT,328 m²,Mahdia,villa,,tecnocasa
270 000 DT,87 m²,Mahdia,appartement,2 pièces,tecnocasa
239 000 DT,81 m²,Mahdia,appartement,1 pièce,tecnocasa
185 000 DT,108 m²,Mahdia,appartement,3 pièces,tecnocasa
160 000 DT,108 m²,Mahdia,appartement,3 pièces,tecnocasa
220 000 DT,124 m²,Mahdia,appartement,2 pièces,tecnocasa
380 000 DT,116 m²,Mahdia,appartement,2 pièces,tecnocasa
457 000 DT,127 m²,Mahdia,appartement,4 pièces,tecnocasa
340 000 DT,87 m²,Mahdia,appartement,2 pièces,tecnocasa
175 000 DT,265 m²,Mahdia,villa,,tecnocasa
130 000 DT,135 m²,Mahdia,appartement,3 pièces,tecnocasa
887 000 DT,1972 m²,Mahdia,terrain,,tecnocasa
820 000 DT,451 m²,Mahdia,villa,,tecnocasa
308 000 DT,86 m²,Mahdia,appartement,2 pièces,tecnocasa
360 000 DT,135 m²,Mahdia,appartement,2 pièces,tecnocasa
210 000 DT,47 m²,Mahdia,appartement,2 pièces,tecnocasa
131 000 DT,218 m²,Mahdia,terrain,,tecnocasa
80 000 DT,100 m²,Mahdia,villa,,tecnocasa
290 000 DT,488 m²,Mahdia,terrain,,tecnocasa
260 000 DT,440 m²,Mahdia,villa,4 pièces,tecnocasa
243 000 DT,91 m²,Mahdia,appartement,3 pièces,tecnocasa
223 000 DT,78 m²,Mahdia,appartement,3 pièces,tecnocasa
390 000 DT,467 m²,Mahdia,villa,,tecnocasa
151 000 DT,252 m²,Mahdia,terrain,,tecnocasa
275 000 DT,85 m²,Mahdia,appartement,2 pièces,tecnocasa
290 000 DT,115 m²,Mahdia,appartement,2 pièces,tecnocasa
1 420 000 DT,500 m²,Mahdia,villa,,tecnocasa
315 000 DT,126 m²,Mahdia,appartement,2 pièces,tecnocasa
237 000 DT,70 m²,Mahdia,appartement,1 pièce,tecnocasa
265 000 DT,105 m²,Mahdia,appartement,3 pièces,tecnocasa
155 000 DT,153 m²,Mahdia,villa,,tecnocasa
725 000 DT,455 m²,Mahdia,villa,,tecnocasa
235 000 DT,98 m²,Mahdia,appartement,2 pièces,tecnocasa
186 000 DT,65 m²,Mahdia,appartement,1 pièce,tecnocasa
170 000 DT,100 m²,Mahdia,appartement,,tecnocasa
580 000 DT,216 m²,Mahdia,villa,2 pièces,tecnocasa
180 000 DT,125 m²,Mahdia,villa,2 pièces,tecnocasa
242 000 DT,110 m²,Mahdia,appartement,,tecnocasa
205 000 DT,286 m²,Mahdia,terrain,,tecnocasa
140 000 DT,150 m²,Mahdia,villa,3 pièces,tecnocasa
125 000 DT,64 m²,Mahdia,appartement,1 pièce,tecnocasa
175 000 DT,346 m²,Mahdia,terrain,,tecnocasa
225 000 DT,242 m²,Mahdia,villa,,tecnocasa
380 000 DT,196 m²,Mahdia,villa,,tecnocasa
290 000 DT,276 m²,Mahdia,appartement,4 pièces,tecnocasa
330 000 DT,452 m²,Mahdia,terrain,,tecnocasa
160 000 DT,74 m²,Mahdia,appartement,2 pièces,tecnocasa
204 000 DT,408 m²,Mahdia,terrain,,tecnocasa
150 000 DT,323 m²,Mahdia,terrain,,tecnocasa
590 000 DT,1078 m²,Mahdia,terrain,,tecnocasa
180 000 DT,250 m²,Mahdia,terrain,,tecnocasa
99 000 DT,207 m²,Mahdia,terrain,,tecnocasa
1 650 000 DT,5131 m²,Mahdia,villa,5 pièces,tecnocasa
1 700 000 DT,1537 m²,Mahdia,terrain,,tecnocasa
160 000 DT,150 m²,Mahdia,villa,3 pièces,tecnocasa
185 000 DT,466 m²,Mahdia,terrain,,tecnocasa
865 000 DT,330 m²,Mahdia,villa,1 pièce,tecnocasa
220 000 DT,480 m²,Mahdia,terrain,,tecnocasa
450 000 DT,722 m²,Mahdia,terrain,,tecnocasa
750 000 DT,348 m²,Mahdia,appartement,,tecnocasa
1 290 000 DT,700 m²,Mahdia,villa,,tecnocasa
125 000 DT,367 m²,Mahdia,terrain,,tecnocasa
120 000 DT,550 m²,Mahdia,terrain,,tecnocasa
125 000 DT,337 m²,Mahdia,terrain,,tecnocasa
115 000 DT,289 m²,Mahdia,terrain,,tecnocasa
550 000 DT,186 m²,Mahdia,appartement,3 pièces,tecnocasa
165 000 DT,116 m²,Mahdia,appartement,4 pièces,tecnocasa
85 000 DT,147 m²,Mahdia,terrain,,tecnocasa
145 000 DT,259 m²,Mahdia,terrain,,tecnocasa
372 852 DT,516 m²,Mahdia,terrain,,tecnocasa
310 000 DT,99 m²,Mahdia,appartement,4 pièces,tecnocasa
210 000 DT,350 m²,Mahdia,terrain,,tecnocasa
234 000 DT,360 m²,Mahdia,terrain,,tecnocasa
140 000 DT,85 m²,Mahdia,appartement,1 pièce,tecnocasa
290 000 DT,112 m²,Mahdia,appartement,,tecnocasa
383 000 DT,402 m²,Mahdia,appartement,,tecnocasa
124 740 DT,567 m²,Mahdia,terrain,,tecnocasa
48 600 DT,243 m²,Mahdia,terrain,,tecnocasa
205 000 DT,394 m²,Mahdia,terrain,,tecnocasa
147 000 DT,1231 m²,Mahdia,terrain,,tecnocasa
218 000 DT,48 m²,Mahdia,appartement,2 pièces,tecnocasa
71 000 DT,174 m²,Mahdia,terrain,,tecnocasa
620 000 DT,519 m²,Mahdia,terrain,,tecnocasa
303 000 DT,510 m²,Mahdia,terrain,,tecnocasa
140 000 DT,389 m²,Mahdia,terrain,,tecnocasa
198 000 DT,381 m²,Mahdia,terrain,,tecnocasa
169 260 DT,403 m²,Mahdia,terrain,,tecnocasa
100 000 DT,225 m²,Mahdia,villa,,tecnocasa
245 000 DT,492 m²,Mahdia,terrain,,tecnocasa
218 400 DT,336 m²,Mahdia,terrain,,tecnocasa
241 000 DT,419 m²,Mahdia,terrain,,tecnocasa
175 000 DT,100 m²,Mahdia,appartement,2 pièces,tecnocasa
47 720 DT,317 m²,Mahdia,terrain,,tecnocasa
45 700 DT,318 m²,Mahdia,terrain,,tecnocasa
227 400 DT,379 m²,Mahdia,terrain,,tecnocasa
171 000 DT,114 m²,Monastir,appartement,4 pièces,tecnocasa
139 000 DT,88 m²,Monastir,appartement,2 pièces,tecnocasa
699 000 DT,238 m²,Monastir,villa,,tecnocasa
107 000 DT,400 m²,Monastir,terrain,,tecnocasa
170 000 DT,75 m²,Monastir,appartement,2 pièces,tecnocasa
58 000 DT,189 m²,Monastir,terrain,,tecnocasa
75 000 DT,60 m²,Monastir,villa,,tecnocasa
245 000 DT,200 m²,Monastir,villa,,tecnocasa
122 000 DT,299 m²,Monastir,terrain,,tecnocasa
140 000 DT,120 m²,Monastir,villa,,tecnocasa
1 300 000 DT,120 m²,Monastir,villa,3 pièces,tecnocasa
128 000 DT,366 m²,Monastir,terrain,,tecnocasa
130 000 DT,70 m²,Monastir,appartement,,tecnocasa
300 000 DT,62 m²,Monastir,appartement,1 pièce,tecnocasa
250 000 DT,92 m²,Monastir,appartement,3 pièces,tecnocasa
230 000 DT,80 m²,Monastir,appartement,3 pièces,tecnocasa
2 000 000 DT,900 m²,Monastir,villa,,tecnocasa
247 000 DT,380 m²,Monastir,terrain,,tecnocasa
160 000 DT,320 m²,Monastir,terrain,,tecnocasa
550 000 DT,508 m²,Monastir,villa,,tecnocasa
780 000 DT,1000 m²,Monastir,villa,,tecnocasa
390 000 DT,190 m²,Monastir,villa,,tecnocasa
75 000 DT,280 m²,Monastir,villa,,tecnocasa
200 000 DT,120 m²,Monastir,appartement,3 pièces,tecnocasa
355 000 DT,100 m²,Monastir,villa,,tecnocasa
280 000 DT,350 m²,Monastir,villa,2 pièces,tecnocasa
700 000 DT,1090 m²,Monastir,villa,,tecnocasa
65 000 DT,180 m²,Monastir,villa,,tecnocasa
540 000 DT,90 m²,Monastir,appartement,3 pièces,tecnocasa
310 000 DT,400 m²,Monastir,terrain,,tecnocasa
1 350 000 DT,1734 m²,Monastir,terrain,,tecnocasa
215 000 DT,240 m²,Monastir,villa,3 pièces,tecnocasa
300 000 DT,6582 m²,Monastir,terrain,,tecnocasa
435 000 DT,130 m²,Monastir,appartement,2 pièces,tecnocasa
360 000 DT,1325 m²,Monastir,terrain,,tecnocasa
380 000 DT,300 m²,Monastir,villa,2 pièces,tecnocasa
260 000 DT,63 m²,Monastir,appartement,1 pièce,tecnocasa
308 000 DT,434 m²,Monastir,terrain,,tecnocasa
250 000 DT,150 m²,Monastir,appartement,2 pièces,tecnocasa
105 000 DT,290 m²,Monastir,terrain,,tecnocasa
490 000 DT,201 m²,Monastir,appartement,,tecnocasa
830 000 DT,360 m²,Monastir,villa,,tecnocasa
1 250 000 DT,250 m²,Monastir,appartement,,tecnocasa
420 000 DT,190 m²,Monastir,appartement,2 pièces,tecnocasa
610 000 DT,600 m²,Monastir,villa,3 pièces,tecnocasa
200 200 DT,308 m²,Monastir,terrain,,tecnocasa
197 000 DT,113 m²,Monastir,villa,,tecnocasa
580 000 DT,157 m²,Monastir,appartement,4 pièces,tecnocasa
1 300 000 DT,404 m²,Monastir,villa,,tecnocasa
185 000 DT,135 m²,Monastir,villa,,tecnocasa
450 000 DT,103 m²,Monastir,appartement,3 pièces,tecnocasa
270 000 DT,421 m²,Monastir,terrain,,tecnocasa
130 000 DT,63 m²,Monastir,appartement,2 pièces,tecnocasa
495 000 DT,450 m²,Monastir,villa,,tecnocasa
1 200 000 DT,8947 m²,Monastir,terrain,,tecnocasa
123 750 DT,225 m²,Monastir,terrain,,tecnocasa
265 000 DT,281 m²,Monastir,villa,2 pièces,tecnocasa
370 000 DT,860 m²,Monastir,terrain,,tecnocasa
217 620 DT,468 m²,Monastir,terrain,,tecnocasa
980 000 DT,1115 m²,Monastir,terrain,,tecnocasa
95 000 DT,70 m²,Monastir,appartement,3 pièces,tecnocasa
193 500 DT,430 m²,Monastir,terrain,,tecnocasa
165 000 DT,76 m²,Monastir,appartement,3 pièces,tecnocasa
110 000 DT,198 m²,Monastir,terrain,,tecnocasa
215 460 DT,3591 m²,Monastir,terrain,,tecnocasa
585 000 DT,410 m²,Monastir,villa,2 pièces,tecnocasa
255 000 DT,824 m²,Monastir,terrain,,tecnocasa
150 000 DT,105 m²,Monastir,appartement,1 pièce,tecnocasa
490 000 DT,488 m²,Monastir,villa,4 pièces,tecnocasa
399 000 DT,500 m²,Monastir,villa,3 pièces,tecnocasa
195 000 DT,504 m²,Monastir,terrain,,tecnocasa
108 000 DT,82 m²,Monastir,appartement,2 pièces,tecnocasa
92 000 DT,71 m²,Monastir,appartement,3 pièces,tecnocasa
140 000 DT,35 m²,Monastir,appartement,,tecnocasa
130 000 DT,90 m²,Monastir,appartement,2 pièces,tecnocasa
350 000 DT,99 m²,Monastir,appartement,2 pièces,tecnocasa
92 000 DT,75 m²,Monastir,appartement,3 pièces,tecnocasa
170 000 DT,77 m²,Monastir,appartement,3 pièces,tecnocasa
160 000 DT,333 m²,Monastir,terrain,,tecnocasa
155 000 DT,75 m²,Monastir,appartement,2 pièces,tecnocasa
190 000 DT,130 m²,Monastir,appartement,2 pièces,tecnocasa
780 000 DT,240 m²,Monastir,appartement,5 pièces,tecnocasa
255 000 DT,112 m²,Monastir,appartement,4 pièces,tecnocasa
259 000 DT,114 m²,Monastir,appartement,4 pièces,tecnocasa
215 000 DT,58 m²,Monastir,appartement,1 pièce,tecnocasa
125 000 DT,68 m²,Monastir,appartement,3 pièces,tecnocasa
1 600 000 DT,21825 m²,Monastir,villa,,tecnocasa
115 000 DT,88 m²,Monastir,villa,3 pièces,tecnocasa
280 000 DT,380 m²,Monastir,villa,4 pièces,tecnocasa
249 750 DT,555 m²,Monastir,terrain,,tecnocasa
275 000 DT,110 m²,Monastir,villa,,tecnocasa
320 000 DT,580 m²,Monastir,terrain,,tecnocasa
2 226 150 DT,9541 m²,Monastir,villa,,tecnocasa
470 000 DT,144 m²,Monastir,villa,,tecnocasa
470 000 DT,140 m²,Monastir,villa,,tecnocasa
730 000 DT,417 m²,Monastir,villa,5 pièces,tecnocasa
710 000 DT,475 m²,Monastir,villa,4 pièces,tecnocasa
199 000 DT,275 m²,Monastir,villa,,tecnocasa
333 000 DT,555 m²,Monastir,terrain,,tecnocasa
95 000 DT,1615 m²,Monastir,terrain,,tecnocasa
300 000 DT,250 m²,Monastir,villa,,tecnocasa
115 000 DT,186 m²,Monastir,terrain,,tecnocasa
125 500 DT,251 m²,Monastir,terrain,,tecnocasa
950 000 DT,1277 m²,Monastir,terrain,,tecnocasa
120 000 DT,369 m²,Monastir,terrain,,tecnocasa
195 000 DT,301 m²,Monastir,terrain,,tecnocasa
247 000 DT,330 m²,Monastir,terrain,,tecnocasa
147 000 DT,294 m²,Monastir,terrain,,tecnocasa
190 000 DT,90 m²,Monastir,appartement,3 pièces,tecnocasa
255 000 DT,87 m²,Monastir,appartement,2 pièces,tecnocasa
"<span class=""trattativaRiservata"">Informations en agence</span>",60 m²,Monastir,appartement,3 pièces,tecnocasa
575 000 DT,121 m²,Monastir,appartement,3 pièces,tecnocasa
195 300 DT,434 m²,Monastir,terrain,,tecnocasa
158 500 DT,317 m²,Monastir,terrain,,tecnocasa
903 900 DT,393 m²,Monastir,terrain,,tecnocasa
715 200 DT,596 m²,Monastir,terrain,,tecnocasa
257 000 DT,58 m²,Monastir,appartement,2 pièces,tecnocasa
929 200 DT,404 m²,Monastir,terrain,,tecnocasa
470 000 DT,137 m²,Monastir,appartement,4 pièces,tecnocasa
169 000 DT,87 m²,Monastir,appartement,2 pièces,tecnocasa
198 000 DT,109 m²,Monastir,appartement,3 pièces,tecnocasa
410 000 DT,368 m²,Monastir,villa,,tecnocasa
60 000 DT,70 m²,Monastir,villa,,tecnocasa
"<span class=""trattativaRiservata"">Informations en agence</span>",11419 m²,Monastir,terrain,,tecnocasa
162 000 DT,249 m²,Monastir,terrain,,tecnocasa
295 000 DT,196 m²,Monastir,villa,,tecnocasa
217 800 DT,396 m²,Monastir,terrain,,tecnocasa
560 000 DT,191 m²,Monastir,appartement,4 pièces,tecnocasa
540 000 DT,103 m²,Monastir,appartement,3 pièces,tecnocasa
480 000 DT,123 m²,Monastir,appartement,3 pièces,tecnocasa
248 000 DT,125 m²,Monastir,appartement,3 pièces,tecnocasa
490 000 DT,90 m²,Monastir,appartement,2 pièces,tecnocasa
490 000 DT,130 m²,Monastir,appartement,3 pièces,tecnocasa
210 000 DT,561 m²,Sfax,terrain,,tecnocasa
170 000 DT,534 m²,Sfax,terrain,,tecnocasa
230 000 DT,147 m²,Sfax,appartement,3 pièces,tecnocasa
645 000 DT,920 m²,Sfax,terrain,,tecnocasa
830 000 DT,900 m²,Sfax,villa,,tecnocasa
157 000 DT,53 m²,Sfax,appartement,2 pièces,tecnocasa
85 000 DT,150 m²,Sfax,villa,,tecnocasa
315 000 DT,203 m²,Sfax,appartement,5 pièces,tecnocasa
470 000 DT,187 m²,Sfax,appartement,4 pièces,tecnocasa
450 000 DT,500 m²,Sfax,villa,,tecnocasa
190 000 DT,193 m²,Sfax,appartement,5 pièces,tecnocasa
625 000 DT,770 m²,Sfax,villa,,tecnocasa
205 000 DT,100 m²,Sfax,villa,,tecnocasa
555 000 DT,239 m²,Sfax,appartement,4 pièces,tecnocasa
230 000 DT,139 m²,Sfax,appartement,3 pièces,tecnocasa
530 000 DT,220 m²,Sfax,villa,3 pièces,tecnocasa
272 000 DT,144 m²,Sfax,appartement,3 pièces,tecnocasa
450 000 DT,1032 m²,Sfax,terrain,,tecnocasa
300 000 DT,98 m²,Sfax,appartement,3 pièces,tecnocasa
155 000 DT,70 m²,Sfax,appartement,2 pièces,tecnocasa
205 000 DT,110 m²,Sfax,appartement,2 pièces,tecnocasa
580 000 DT,661 m²,Sfax,villa,,tecnocasa
270 000 DT,520 m²,Sfax,terrain,,tecnocasa
320 000 DT,123 m²,Sfax,appartement,3 pièces,tecnocasa
345 000 DT,220 m²,Sfax,appartement,5 pièces,tecnocasa
170 000 DT,405 m²,Sfax,terrain,,tecnocasa
370 000 DT,748 m²,Sfax,villa,,tecnocasa
215 000 DT,120 m²,Sfax,appartement,3 pièces,tecnocasa
145 000 DT,60 m²,Sfax,appartement,,tecnocasa
689 000 DT,600 m²,Sfax,terrain,,tecnocasa
200 000 DT,487 m²,Sfax,terrain,,tecnocasa
110 000 DT,76 m²,Sfax,villa,,tecnocasa
210 000 DT,710 m²,Sfax,terrain,,tecnocasa
180 000 DT,444 m²,Sfax,terrain,,tecnocasa
1 170 000 DT,1095 m²,Sfax,terrain,,tecnocasa
235 000 DT,90 m²,Sousse,appartement,3 pièces,tecnocasa
280 000 DT,100 m²,Sousse,appartement,3 pièces,tecnocasa
170 000 DT,120 m²,Sousse,appartement,4 pièces,tecnocasa
225 000 DT,80 m²,Sousse,appartement,2 pièces,tecnocasa
235 000 DT,130 m²,Sousse,appartement,3 pièces,tecnocasa
140 000 DT,80 m²,Sousse,appartement,2 pièces,tecnocasa
318 000 DT,398 m²,Sousse,terrain,,tecnocasa
185 000 DT,95 m²,Sousse,appartement,2 pièces,tecnocasa
185 000 DT,135 m²,Sousse,appartement,4 pièces,tecnocasa
350 000 DT,180 m²,Sousse,appartement,3 pièces,tecnocasa
200 000 DT,192 m²,Sousse,villa,,tecnocasa
408 000 DT,165 m²,Sousse,appartement,3 pièces,tecnocasa
200 000 DT,57 m²,Sousse,appartement,2 pièces,tecnocasa
590 000 DT,328 m²,Sousse,villa,,tecnocasa
450 000 DT,178 m²,Sousse,appartement,4 pièces,tecnocasa
625 000 DT,736 m²,Sousse,terrain,,tecnocasa
245 000 DT,130 m²,Sousse,appartement,3 pièces,tecnocasa
260 000 DT,110 m²,Sousse,appartement,2 pièces,tecnocasa
385 000 DT,190 m²,Sousse,appartement,2 pièces,tecnocasa
575 000 DT,161 m²,Sousse,appartement,2 pièces,tecnocasa
360 000 DT,110 m²,Sousse,appartement,2 pièces,tecnocasa
1 080 000 DT,540 m²,Sousse,villa,12 pièces,tecnocasa
308 000 DT,84 m²,Sousse,appartement,3 pièces,tecnocasa
400 000 DT,118 m²,Sousse,appartement,2 pièces,tecnocasa
98 000 DT,115 m²,Sousse,appartement,3 pièces,tecnocasa
670 000 DT,720 m²,Sousse,villa,5 pièces,tecnocasa
100 000 DT,110 m²,Sousse,appartement,2 pièces,tecnocasa
250 000 DT,97 m²,Sousse,villa,,tecnocasa
610 000 DT,450 m²,Sousse,villa,5 pièces,tecnocasa
220 000 DT,130 m²,Sousse,villa,3 pièces,tecnocasa
200 000 DT,94 m²,Sousse,villa,4 pièces,tecnocasa
2 500 000 DT,950 m²,Sousse,villa,4 pièces,tecnocasa
400 000 DT,100 m²,Sousse,appartement,4 pièces,tecnocasa
74 000 DT,70 m²,Sousse,appartement,3 pièces,tecnocasa
"<span class=""trattativaRiservata"">Informations en agence</span>",2250 m²,Sousse,villa,5 pièces,tecnocasa
1 250 000 DT,590 m²,Sousse,villa,,tecnocasa
275 000 DT,123 m²,Sousse,appartement,3 pièces,tecnocasa
380 000 DT,187 m²,Sousse,appartement,3 pièces,tecnocasa
380 000 DT,134 m²,Sousse,appartement,4 pièces,tecnocasa
199 500 DT,399 m²,Sousse,terrain,,tecnocasa
"<span class=""trattativaRiservata"">Informations en agence</span>",834 m²,Sousse,villa,7 pièces,tecnocasa
580 000 DT,139 m²,Sousse,appartement,3 pièces,tecnocasa
230 000 DT,39 m²,Sousse,appartement,,tecnocasa
1 180 000 DT,378 m²,Sousse,villa,,tecnocasa
514 701 DT,115 m²,Sousse,appartement,3 pièces,tecnocasa
538 118 DT,133 m²,Sousse,appartement,4 pièces,tecnocasa
308 500 DT,96 m²,Sousse,appartement,3 pièces,tecnocasa
265 000 DT,117 m²,Sousse,appartement,4 pièces,tecnocasa
250 000 DT,100 m²,Sousse,appartement,3 pièces,tecnocasa
146 000 DT,64 m²,Sousse,appartement,1 pièce,tecnocasa
150 000 DT,60 m²,Sousse,appartement,1 pièce,tecnocasa
420 000 DT,160 m²,Sousse,appartement,4 pièces,tecnocasa
240 000 DT,100 m²,Sousse,appartement,3 pièces,tecnocasa
190 000 DT,105 m²,Sousse,appartement,3 pièces,tecnocasa
520 000 DT,300 m²,Sousse,villa,3 pièces,tecnocasa
98 000 DT,108 m²,Sousse,appartement,3 pièces,tecnocasa
187 000 DT,70 m²,Sousse,appartement,2 pièces,tecnocasa
210 000 DT,100 m²,Sousse,appartement,2 pièces,tecnocasa
145 000 DT,70 m²,Sousse,appartement,1 pièce,tecnocasa
410 000 DT,432 m²,Sousse,terrain,,tecnocasa
388 000 DT,409 m²,Sousse,terrain,,tecnocasa
298 230 DT,67 m²,Sousse,appartement,2 pièces,tecnocasa
1 400 000 DT,500 m²,Sousse,villa,4 pièces,tecnocasa
210 000 DT,80 m²,Sousse,appartement,4 pièces,tecnocasa
340 000 DT,120 m²,Sousse,appartement,4 pièces,tecnocasa
120 000 DT,50 m²,Sousse,appartement,2 pièces,tecnocasa
415 000 DT,195 m²,Sousse,appartement,3 pièces,tecnocasa
2 100 000 DT,730 m²,Sousse,villa,,tecnocasa
480 000 DT,146 m²,Sousse,appartement,3 pièces,tecnocasa
1 090 000 DT,896 m²,Sousse,villa,6 pièces,tecnocasa
1 080 000 DT,650 m²,Sousse,villa,5 pièces,tecnocasa
1 380 000 DT,1050 m²,Sousse,villa,3 pièces,tecnocasa
785 000 DT,439 m²,Sousse,villa,,tecnocasa
280 000 DT,105 m²,Sousse,appartement,2 pièces,tecnocasa
259 000 DT,230 m²,Sousse,villa,3 pièces,tecnocasa
208 000 DT,262 m²,Sousse,terrain,,tecnocasa
155 000 DT,197 m²,Sousse,appartement,3 pièces,tecnocasa
495 000 DT,450 m²,Sousse,villa,3 pièces,tecnocasa
420 000 DT,150 m²,Sousse,appartement,3 pièces,tecnocasa
520 000 DT,312 m²,Sousse,villa,3 pièces,tecnocasa
710 000 DT,510 m²,Sousse,villa,,tecnocasa
185 000 DT,57 m²,Sousse,appartement,2 pièces,tecnocasa
242 000 DT,529 m²,Sousse,terrain,,tecnocasa
600 000 DT,368 m²,Sousse,villa,,tecnocasa
851 000 DT,476 m²,Sousse,appartement,4 pièces,tecnocasa
335 000 DT,203 m²,Sousse,villa,3 pièces,tecnocasa
270 000 DT,180 m²,Sousse,appartement,2 pièces,tecnocasa
561 000 DT,374 m²,Sousse,terrain,,tecnocasa
414 000 DT,553 m²,Sousse,terrain,,tecnocasa
223 200 DT,319 m²,Sousse,terrain,,tecnocasa
380 000 DT,110 m²,Sousse,villa,,tecnocasa
275 000 DT,145 m²,Sousse,villa,,tecnocasa
75 000 DT,70 m²,Sousse,appartement,2 pièces,tecnocasa
63 000 DT,485 m²,Sousse,terrain,3 pièces,tecnocasa
180 000 DT,100 m²,Sousse,appartement,3 pièces,tecnocasa
1 050 000 DT,600 m²,Sousse,villa,5 pièces,tecnocasa
410 294 DT,103 m²,Sousse,appartement,3 pièces,tecnocasa
485 000 DT,211 m²,Sousse,appartement,5 pièces,tecnocasa
"<span class=""trattativaRiservata"">Informations en agence</span>",122 m²,Sousse,appartement,3 pièces,tecnocasa
"<span class=""trattativaRiservata"">Informations en agence</span>",161 m²,Sousse,appartement,4 pièces,tecnocasa
"<span class=""trattativaRiservata"">Informations en agence</span>",288 m²,Sousse,appartement,5 pièces,tecnocasa
600 000 DT,286 m²,Sousse,villa,4 pièces,tecnocasa
"<span class=""trattativaRiservata"">Informations en agence</span>",170 m²,Sousse,villa,,tecnocasa
"<span class=""trattativaRiservata"">Informations en agence</span>",296 m²,Sousse,appartement,4 pièces,tecnocasa
281 000 DT,64 m²,Sousse,appartement,,tecnocasa
1 125 000 DT,1167 m²,Sousse,villa,,tecnocasa
245 000 DT,391 m²,Sousse,terrain,,tecnocasa
404 000 DT,449 m²,Sousse,terrain,,tecnocasa
540 000 DT,454 m²,Sousse,terrain,,tecnocasa
700 000 DT,1111 m²,Sousse,terrain,,tecnocasa
70 000 DT,70 m²,Sousse,appartement,3 pièces,tecnocasa
350 000 DT,110 m²,Sousse,appartement,3 pièces,tecnocasa
505 000 DT,459 m²,Sousse,terrain,,tecnocasa
220 000 DT,134 m²,Sousse,appartement,4 pièces,tecnocasa
480 000 DT,331 m²,Sousse,villa,,tecnocasa
480 000 DT,307 m²,Sousse,villa,3 pièces,tecnocasa
840 000 DT,539 m²,Sousse,villa,4 pièces,tecnocasa
336 000 DT,263 m²,Sousse,villa,,tecnocasa
795 000 DT,600 m²,Sousse,villa,,tecnocasa
680 000 DT,716 m²,Sousse,villa,4 pièces,tecnocasa
440 000 DT,121 m²,Sousse,appartement,3 pièces,tecnocasa
220 000 DT,452 m²,Sousse,terrain,,tecnocasa
250 000 DT,95 m²,Sousse,appartement,,tecnocasa
350 000 DT,67 m²,Sousse,appartement,3 pièces,tecnocasa
650 000 DT,480 m²,Sousse,villa,,tecnocasa
550 000 DT,495 m²,Sousse,terrain,,tecnocasa
180 000 DT,90 m²,Sousse,appartement,3 pièces,tecnocasa
135 000 DT,80 m²,Sousse,appartement,2 pièces,tecnocasa
240 000 DT,100 m²,Sousse,appartement,,tecnocasa
310 000 DT,75 m²,Sousse,appartement,2 pièces,tecnocasa
560 000 DT,751 m²,Sousse,terrain,,tecnocasa
325 000 DT,250 m²,Sousse,villa,,tecnocasa
1 450 000 DT,2230 m²,Sousse,villa,,tecnocasa
380 000 DT,160 m²,Sousse,villa,,tecnocasa
"<span class=""trattativaRiservata"">Informations en agence</span>",65 m²,Sousse,appartement,1 pièce,tecnocasa
412 425 DT,3055 m²,Sousse,terrain,,tecnocasa
490 000 DT,4290 m²,Sousse,terrain,,tecnocasa
180 000 DT,300 m²,Sousse,villa,,tecnocasa
70 000 DT,77 m²,Sousse,appartement,3 pièces,tecnocasa
470 000 DT,300 m²,Sousse,villa,,tecnocasa
415 000 DT,553 m²,Sousse,terrain,,tecnocasa
320 000 DT,133 m²,Sousse,appartement,4 pièces,tecnocasa
696 000 DT,557 m²,Sousse,terrain,,tecnocasa
568 000 DT,455 m²,Sousse,terrain,,tecnocasa
275 000 DT,195 m²,Sousse,terrain,,tecnocasa
265 000 DT,110 m²,Sousse,appartement,2 pièces,tecnocasa
315 000 DT,112 m²,Sousse,appartement,2 pièces,tecnocasa
520 000 DT,170 m²,Sousse,villa,3 pièces,tecnocasa
370 000 DT,155 m²,Sousse,villa,,tecnocasa
1 600 000 DT,1100 m²,Sousse,villa,,tecnocasa
"<span class=""trattativaRiservata"">Informations en agence</span>",1159 m²,Sousse,terrain,,tecnocasa
150 000 DT,2764 m²,Sousse,terrain,,tecnocasa
"<span class=""trattativaRiservata"">Informations en agence</span>",75 m²,Sousse,appartement,2 pièces,tecnocasa
660 000 DT,430 m²,Sousse,villa,3 pièces,tecnocasa
406 000 DT,140 m²,Sousse,appartement,3 pièces,tecnocasa
"<span class=""trattativaRiservata"">Informations en agence</span>",1138 m²,Sousse,terrain,,tecnocasa
340 000 DT,120 m²,Sousse,appartement,3 pièces,tecnocasa
310 000 DT,210 m²,Sousse,villa,,tecnocasa
290 000 DT,125 m²,Sousse,appartement,3 pièces,tecnocasa
135 000 DT,120 m²,Sousse,appartement,4 pièces,tecnocasa
187 000 DT,85 m²,Sousse,appartement,2 pièces,tecnocasa
900 000 DT,360 m²,Sousse,villa,3 pièces,tecnocasa
245 000 DT,67 m²,Sousse,appartement,,tecnocasa
850 000 DT,496 m²,Sousse,terrain,,tecnocasa
271 000 DT,375 m²,Sousse,terrain,,tecnocasa
420 000 DT,87 m²,Sousse,appartement,1 pièce,tecnocasa
343 000 DT,127 m²,Sousse,appartement,2 pièces,tecnocasa
347 000 DT,105 m²,Sousse,appartement,2 pièces,tecnocasa
360 000 DT,65 m²,Sousse,appartement,2 pièces,tecnocasa
335 000 DT,145 m²,Sousse,appartement,4 pièces,tecnocasa
756 000 DT,2778 m²,Sousse,terrain,,tecnocasa
325 000 DT,89 m²,Sousse,appartement,3 pièces,tecnocasa
237 000 DT,417 m²,Sousse,terrain,,tecnocasa
260 000 DT,112 m²,Sousse,villa,,tecnocasa
"<span class=""trattativaRiservata"">Informations en agence</span>",1194 m²,Sousse,terrain,,tecnocasa
75 000 DT,1382 m²,Sousse,terrain,,tecnocasa
160 000 DT,100 m²,Sousse,appartement,2 pièces,tecnocasa
530 000 DT,86 m²,Sousse,appartement,2 pièces,tecnocasa
290 000 DT,412 m²,Sousse,terrain,,tecnocasa
300 000 DT,204 m²,Sousse,appartement,4 pièces,tecnocasa
194 000 DT,94 m²,Sousse,appartement,3 pièces,tecnocasa
558 000 DT,137 m²,Sousse,appartement,3 pièces,tecnocasa
148 000 DT,90 m²,Sousse,appartement,2 pièces,tecnocasa
160 000 DT,100 m²,Sousse,appartement,3 pièces,tecnocasa
255 000 DT,425 m²,Sousse,terrain,,tecnocasa
197 220 DT,346 m²,Sousse,terrain,,tecnocasa
"<span class=""trattativaRiservata"">Informations en agence</span>",113 m²,Sousse,appartement,2 pièces,tecnocasa
510 000 DT,150 m²,Sousse,appartement,3 pièces,tecnocasa
180 000 DT,2600 m²,Sousse,terrain,,tecnocasa
147 000 DT,72 m²,Sousse,appartement,3 pièces,tecnocasa
620 000 DT,465 m²,Sousse,villa,,tecnocasa
250 000 DT,103 m²,Sousse,appartement,3 pièces,tecnocasa
240 000 DT,90 m²,Sousse,appartement,3 pièces,tecnocasa
255 000 DT,80 m²,Sousse,appartement,3 pièces,tecnocasa
420 000 DT,120 m²,Sousse,appartement,2 pièces,tecnocasa
345 000 DT,108 m²,Sousse,appartement,3 pièces,tecnocasa
373 200 DT,140 m²,Sousse,appartement,3 pièces,tecnocasa
186 000 DT,93 m²,Sousse,appartement,2 pièces,tecnocasa
750 000 DT,466 m²,Sousse,villa,,tecnocasa
447 000 DT,160 m²,Sousse,appartement,4 pièces,tecnocasa
415 000 DT,145 m²,Sousse,appartement,3 pièces,tecnocasa
880 000 DT,400 m²,Sousse,appartement,4 pièces,tecnocasa
360 000 DT,480 m²,Sousse,villa,3 pièces,tecnocasa
290 000 DT,101 m²,Sousse,appartement,4 pièces,tecnocasa
155 000 DT,80 m²,Sousse,appartement,3 pièces,tecnocasa
230 000 DT,329 m²,Sousse,terrain,,tecnocasa
210 000 DT,117 m²,Sousse,appartement,3 pièces,tecnocasa
210 000 DT,167 m²,Sousse,appartement,2 pièces,tecnocasa
210 000 DT,136 m²,Sousse,appartement,2 pièces,tecnocasa
285 000 DT,62 m²,Sousse,appartement,1 pièce,tecnocasa
888 000 DT,450 m²,Sousse,terrain,,tecnocasa
410 000 DT,105 m²,Sousse,appartement,2 pièces,tecnocasa
350 000 DT,143 m²,Sousse,appartement,4 pièces,tecnocasa
365 000 DT,123 m²,Sousse,appartement,2 pièces,tecnocasa
340 000 DT,137 m²,Sousse,appartement,3 pièces,tecnocasa
380 000 DT,167 m²,Sousse,appartement,2 pièces,tecnocasa
120 000 DT,467 m²,Sousse,terrain,,tecnocasa
300 000 DT,1223 m²,Sousse,terrain,,tecnocasa
260 000 DT,135 m²,Sousse,appartement,3 pièces,tecnocasa
"<span class=""trattativaRiservata"">Informations en agence</span>",775 m²,Sousse,villa,6 pièces,tecnocasa
900 000 DT,450 m²,Sousse,villa,5 pièces,tecnocasa
165 000 DT,105 m²,Sousse,appartement,,tecnocasa
960 000 DT,420 m²,Sousse,villa,5 pièces,tecnocasa
"<span class=""trattativaRiservata"">Informations en agence</span>",120 m²,Sousse,appartement,3 pièces,tecnocasa
295 000 DT,141 m²,Sousse,appartement,3 pièces,tecnocasa
540 000 DT,601 m²,Sousse,terrain,,tecnocasa
135 000 DT,85 m²,Sousse,appartement,2 pièces,tecnocasa
190 000 DT,368 m²,Sousse,terrain,,tecnocasa
300 000 DT,65 m²,Sousse,appartement,1 pièce,tecnocasa
895 000 DT,269 m²,Sousse,villa,4 pièces,tecnocasa
300 000 DT,150 m²,Sousse,appartement,3 pièces,tecnocasa
2 313 000 DT,2313 m²,Sousse,terrain,,tecnocasa
200 000 DT,85 m²,Sousse,appartement,2 pièces,tecnocasa
288 800 DT,304 m²,Sousse,terrain,,tecnocasa
408 000 DT,90 m²,Sousse,appartement,2 pièces,tecnocasa
90 000 DT,85 m²,Sousse,appartement,3 pièces,tecnocasa
714 000 DT,397 m²,Sousse,terrain,,tecnocasa
677 300 DT,521 m²,Sousse,terrain,,tecnocasa
684 000 DT,570 m²,Sousse,terrain,,tecnocasa
550 000 DT,500 m²,Sousse,terrain,,tecnocasa
140 000 DT,70 m²,Sousse,appartement,,tecnocasa
290 000 DT,117 m²,Sousse,appartement,2 pièces,tecnocasa
"<span class=""trattativaRiservata"">Informations en agence</span>",881 m²,Sousse,villa,,tecnocasa
1 060 000 DT,480 m²,Sousse,villa,,tecnocasa
400 000 DT,565 m²,Sousse,terrain,,tecnocasa
391 000 DT,109 m²,Sousse,appartement,3 pièces,tecnocasa
439 296 DT,133 m²,Sousse,appartement,3 pièces,tecnocasa
800 000 DT,548 m²,Sousse,villa,6 pièces,tecnocasa
154 000 DT,41 m²,Sousse,appartement,1 pièce,tecnocasa
2 200 000 DT,1150 m²,Sousse,villa,,tecnocasa
372 000 DT,140 m²,Sousse,appartement,,tecnocasa
864 000 DT,432 m²,Sousse,terrain,,tecnocasa
660 000 DT,550 m²,Sousse,terrain,,tecnocasa
550 000 DT,175 m²,Sousse,appartement,3 pièces,tecnocasa
330 000 DT,246 m²,Sousse,villa,,tecnocasa
300 000 DT,240 m²,Sousse,villa,,tecnocasa
177 536 DT,55 m²,Sousse,appartement,1 pièce,tecnocasa
750 000 DT,690 m²,Sousse,villa,,tecnocasa
185 000 DT,254 m²,Sousse,villa,,tecnocasa
145 000 DT,247 m²,Sousse,terrain,,tecnocasa
540 000 DT,167 m²,Sousse,appartement,3 pièces,tecnocasa
126 000 DT,30 m²,Sousse,appartement,,tecnocasa
225 000 DT,124 m²,Sousse,appartement,4 pièces,tecnocasa
780 000 DT,3873 m²,Sousse,terrain,,tecnocasa
230 000 DT,479 m²,Sousse,terrain,,tecnocasa
290 000 DT,158 m²,Sousse,villa,,tecnocasa
290 000 DT,190 m²,Sousse,appartement,4 pièces,tecnocasa
400 000 DT,143 m²,Sousse,appartement,3 pièces,tecnocasa
230 000 DT,79 m²,Sousse,appartement,4 pièces,tecnocasa
320 000 DT,130 m²,Sousse,appartement,2 pièces,tecnocasa
380 500 DT,118 m²,Sousse,appartement,3 pièces,tecnocasa
130 000 DT,500 m²,Sousse,terrain,,tecnocasa
750 000 DT,230 m²,Sousse,appartement,4 pièces,tecnocasa
544 000 DT,544 m²,Sousse,terrain,,tecnocasa
850 000 DT,446 m²,Sousse,terrain,,tecnocasa
117 000 DT,1241 m²,Sousse,terrain,,tecnocasa
1 100 000 DT,415 m²,Sousse,villa,,tecnocasa
204 000 DT,2147 m²,Sousse,terrain,,tecnocasa
83 000 DT,417 m²,Sousse,terrain,,tecnocasa
564 000 DT,2254 m²,Sousse,terrain,,tecnocasa
337 330 DT,427 m²,Sousse,terrain,,tecnocasa
750 000 DT,614 m²,Sousse,terrain,,tecnocasa
220 000 DT,100 m²,Sousse,villa,,tecnocasa
219 000 DT,69 m²,Sousse,appartement,1 pièce,tecnocasa
"<span class=""trattativaRiservata"">Informations en agence</span>",1002 m²,Sousse,villa,,tecnocasa
700 000 DT,405 m²,Sousse,terrain,,tecnocasa
165 000 DT,1200 m²,Sousse,terrain,,tecnocasa
345 000 DT,93 m²,Sousse,appartement,3 pièces,tecnocasa
340 000 DT,180 m²,Sousse,villa,,tecnocasa
630.000,225 m²,JARDINS D'EL MENZAH 1,Duplex,,century21
,475 m²,RIADH LANDLOUS,Villa,,century21
415.000,137 m²,RIADH LANDLOUS,Appartement,,century21
1.600,2000 m²,SIDI DAOUD,Terrain Promoteur,,century21
500.000,192 m²,NABEUL CENTRE,Villa,,century21
60.000,50 m²,EL MENZAH 5,,,century21
535.000,144 m²,CITÉ EL WAFA AFH 2,Appartement,,century21
564.000,97 m²,JARDINS DE CARTHAGE,Appartement,,century21
,80 m²,LES BERGES DU LAC 2,,,century21
330.000,100 m²,CENTRE URBAIN NORD,Appartement,,century21
1.500,419 m²,CHOTRANA 3,Terrain Villa,,century21
665.600,832 m²,SIDI FREJ,Terrain Villa,,century21
,380 m²,EL MENZAH 6,Villa,,century21
,1000 m²,EL MENZAH 9,Villa,,century21
840.000,286 m²,CHOTRANA 1,Appartement,,century21
265.000,119 m²,EL MANAR 1,Appartement,,century21
900.000,170 m²,JARDINS DE CARTHAGE,Appartement,,century21
446.500,1786 m²,LEBNA,Terrain Villa,,century21
,400 m²,GAMMARTH VILLAGE,Appartement,,century21
1.800.000,223 m²,JARDINS DE CARTHAGE,Triplex,,century21
370.000,160 m²,DAR FADHAL,Villa,,century21
950.000,293 m²,LA SOUKRA,Villa,,century21
520.000,120 m²,GAMMARTH SUP,Appartement,,century21
195.000,130 m²,CITE ENNOUZHA,Appartement,,century21
490.000,117 m²,AIN ZAGHOUAN NORD,Appartement,,century21
1.600.000,320 m²,LES BERGES DU LAC 2,Duplex,,century21
680.000,197 m²,GAMMARTH FORÊT,Appartement,,century21
330.000,127 m²,CHOTRANA 1,Appartement,,century21
300.000,128 m²,AIN ZAGHOUAN,Appartement,,century21
,280 m²,BAB BHAR,Appartement,,century21
1.300.000,200 m²,EL MENZAH 5,Villa,,century21
750.000,397 m²,MUTUELLEVILLE,Rdc de Villa,,century21
,650 m²,JARDINS D'EL MENZAH 2,Villa,,century21
515.000,151 m²,CENTRE URBAIN NORD,Appartement,,century21
350.000,128 m²,JARDINS D'EL MENZAH 1,Appartement,,century21
2.100.000,300 m²,LES BERGES DU LAC 2,Penthouse,,century21
1.300.000,500 m²,LA SOUKRA,Villa,,century21
1.200.000,340 m²,CITÉ MAHRAJÈNE,Villa,,century21
225.000,86 m²,AFH1,Étage de Villa,,century21
,704 m²,GAMMARTH SUP,Villa,,century21
2.500.000,320 m²,GAMMARTH SUP,Villa,,century21
1.550.000,400 m²,EL MANAR 2,Villa,,century21
620.000,160 m²,EL MENZAH 5,Rdc de Villa,,century21
390.000,90 m²,JARDINS DE CARTHAGE,Appartement,,century21
6.000,157 m²,LA NOUVELLE SOUKRA,Local Commercial,,century21
220.000,54 m²,LA NOUVELLE SOUKRA,Appartement,,century21
460.000,128 m²,CHOTRANA 1,Appartement,,century21
620.000,140 m²,AIN ZAGHOUAN NORD,Appartement,,century21
280.000,85 m²,GAMMARTH VILLAGE,Appartement,,century21
315.000,700 m²,CITE ENNASR 2,Terrain Villa,,century21
350.000,104 m²,CITÉ EL WAFA AFH 2,Appartement,,century21
,134 m²,CHARGUIA 2,Appartement,,century21
,54 m²,LES BERGES DU LAC 2,Appartement,,century21
300.000,114 m²,CITÉ LES PALMERAIES,Appartement,,century21
,860 m²,EL MENZAH 7,Villa,,century21
239.000,78 m²,CHOTRANA 1,Appartement,,century21
390.000,166 m²,JARDINS D'EL MENZAH 2,Appartement,,century21
650.000,131 m²,JARDINS DE CARTHAGE,Appartement,,century21
640.000,129 m²,JARDINS DE CARTHAGE,Appartement,,century21
775.000,155 m²,JARDINS DE CARTHAGE,Appartement,,century21
257.500,144 m²,LA MANNOUBA,Duplex,,century21
3.000.000,800 m²,LA SOUKRA,Villa,,century21
2.000.000,300 m²,EL MENZAH 1,Villa,,century21
1.276.000,880 m²,EL MENZAH 9,Terrain Villa,,century21
650.000,160 m²,CITÉ JASMIN,Appartement,,century21
13.000,113 m²,JARDINS DE CARTHAGE,Local Commercial,,century21
13.000,120 m²,JARDINS DE CARTHAGE,Local Commercial,,century21
,104 m²,RIADH LANDLOUS,Penthouse,,century21
260.000,99 m²,EL MENZAH 4,Appartement,,century21
8.500,115 m²,JARDINS DE CARTHAGE,Local Commercial,,century21
941.000,160 m²,JARDINS DE CARTHAGE,Appartement,,century21
,374 m²,CHOTRANA 2,Villa,,century21
280.000,112 m²,LA MANNOUBA,Appartement,,century21
280.000,112 m²,LA MANNOUBA,Appartement,,century21
,360 m²,MEGRINE COTEAU,Villa,,century21
850.000,216 m²,LES BERGES DU LAC 2,Bureau,,century21
1.200.000,599 m²,EL MENZAH 9,Villa,,century21
290.000,80 m²,CITÉ LES PALMERAIES,Bureau,,century21
,133 m²,NABEUL CENTRE,Local Commercial,,century21
,77 m²,CITE ENNASR 1,Appartement,,century21
345.000,50 m²,MARSA STADE,Appartement,,century21
850.000,130 m²,CITÉ DES JUGES 2,Villa,,century21
155.000,52 m²,CENTRE URBAIN NORD,Bureau,,century21
124.000,78 m²,LA NOUVELLE SOUKRA,,,century21
,1207 m²,EL MENZAH 5,Terrain Promoteur,,century21
1.500.000,373 m²,JARDINS DE CARTHAGE,Penthouse,,century21
350.000,104 m²,EL MANAR 1,Appartement,,century21
435.000,151 m²,EL MENZAH 7,Appartement,,century21
350.000,101 m²,AIN ZAGHOUAN NORD,Appartement,,century21
750.000,188 m²,JARDINS DE CARTHAGE,Appartement,,century21
350.000,80 m²,JARDINS DE CARTHAGE,Appartement,,century21
1.100.000,450 m²,SIDI FREJ,Villa,,century21
2.400.000,500 m²,CHOTRANA 3,Villa,,century21
870.000,153 m²,JARDINS DE CARTHAGE,Appartement,,century21
225.000,64 m²,AOUINA,Appartement,,century21
680.000,178 m²,CITÉ EL WAFA AFH 2,Appartement,,century21
1.300.000,185 m²,LES BERGES DU LAC 2,Appartement,,century21
1.400.000,292 m²,JARDINS DE CARTHAGE,Appartement,,century21
170.000,51 m²,NABEUL CENTRE,Appartement,,century21
310.000,113 m²,EL MENZAH 9,Appartement,,century21
1.500.000,350 m²,LA SOUKRA,Villa,,century21
1.150.000,320 m²,CITÉ EL KHALIL,Duplex,,century21
1.500.000,500 m²,DAR FADHAL,Villa,,century21
1.900.000,900 m²,CEBALET BEN AMMAR,Villa,,century21
790.000,183 m²,JARDINS DE CARTHAGE,Appartement,,century21
335.000,103 m²,CITÉ EL MAHRSI 2,Appartement,,century21
,915 m²,NOTRE DAME,Villa,,century21
1.150.000,1100 m²,EL MENZAH 7,Villa,,century21
680.000,420 m²,EL MANAR 1,Villa,,century21
980.000,170 m²,HAMMAMET NORD,Villa,,century21
1.100.000,750 m²,DAR FADHAL,Immeuble,,century21
1.450.000,289 m²,LA SOUKRA,Appartement,,century21
,3600 m²,MREZGA,Villa,,century21
279.000,130 m²,JARDINS D'EL MENZAH 2,Appartement,,century21
300.000,69 m²,CITÉ LES PALMERAIES,Bureau,,century21
1.100.000,300 m²,CHOTRANA 3,Villa,,century21
635.000,170 m²,AIN ZAGHOUAN NORD,Appartement,,century21
380.000,136 m²,LA SOUKRA,Appartement,,century21
385.000,85 m²,AIN ZAGHOUAN NORD,Appartement,,century21
315.000,77 m²,LA SOUKRA,Appartement,,century21
370.000,91 m²,CITÉ EL WAFA AFH 2,Appartement,,century21
,18000 m²,AIN KEMICHA,,,century21
335.000,394 m²,CHOTRANA 3,Terrain Villa,,century21
1.200.000,416 m²,KORBA HACHED,Villa,,century21
444.000,200 m²,HAMMAMET SUD,Appartement,,century21
1.600.000,320 m²,MUTUELLEVILLE,Villa,,century21
,162 m²,RIADH LANDLOUS,Appartement,,century21
345.000,62 m²,AIN ZAGHOUAN NORD,Appartement,,century21
930.000,160 m²,JARDINS DE CARTHAGE,Appartement,,century21
670.000,91 m²,GAMMARTH TOURISTIQUE,Appartement,,century21
350.000,70 m²,JARDINS DE CARTHAGE,Appartement,,century21
230.000,86 m²,JARDINS D'EL AOUINA,Appartement,,century21
1.400.000,230 m²,ROUTE DU RELAIS,Villa,,century21
385.000,88 m²,AIN ZAGHOUAN NORD,Appartement,,century21
1.350.000,295 m²,CHOTRANA 1,Villa,,century21
682.000,117 m²,JARDINS DE CARTHAGE,Appartement,,century21
420.000,175 m²,CHOTRANA 1,,,century21
,150 m²,EL OMRANE,Villa,,century21
970.000,230 m²,LA SOUKRA,Villa,,century21
1.000,548 m²,CHAFFAR,Terrain Villa,,century21
395.000,140 m²,AIN ZAGHOUAN,Appartement,,century21
475.000,104 m²,CITÉ EL WAFA AFH 2,Appartement,,century21
370.000,168 m²,CITE ENNASR 1,Appartement,,century21
,300 m²,MREZGA,Villa,,century21
320.000,146 m²,EL MENZAH 6,Appartement,,century21
720.000,200 m²,JARDINS DE CARTHAGE,Appartement,,century21
950.000,200 m²,EL MENZAH 5,Villa,,century21
190.000,140 m²,LA NOUVELLE SOUKRA,,,century21
380.000,400 m²,LA SOUKRA,,,century21
838.000,138 m²,AIN ZAGHOUAN,Appartement,,century21
850.000,226 m²,CHOTRANA 2,Duplex,,century21
249.000,81 m²,CHOTRANA 1,Appartement,,century21
545.000,92 m²,JARDINS DE CARTHAGE,Appartement,,century21
2.100.000,285 m²,GAMMARTH SUP,Appartement,,century21
2.100.000,541 m²,EL MENZAH 5,Villa,,century21
280.000,151 m²,EL MENZAH 8,Appartement,,century21
620.000,200 m²,ROUTE DU RELAIS,Appartement,,century21
590.000,300 m²,KSAR SAID BARDO,Villa,,century21
230.000,134 m²,CITÉ EL KHADRA,Appartement,,century21
,300 m²,MUTUELLEVILLE,Villa,,century21
1.100.000,406 m²,CHOTRANA 1,Appartement,,century21
1.050.000,550 m²,EL MENZAH 9,Villa,,century21
750.000,156 m²,AIN ZAGHOUAN NORD,Appartement,,century21
720.000,178 m²,CHOTRANA 2,Appartement,,century21
230.000,55 m²,CITÉ EL WAFA AFH 2,Appartement,,century21
1.800.000,480 m²,EL MENZAH 5,Villa,,century21
250.000,238 m²,SIDI DAOUD,,,century21
4.000.000,100 m²,GAMMARTH TOURISTIQUE,Villa,,century21
795.000,228 m²,JARDINS DE CARTHAGE,Appartement,,century21
1.000,987 m²,KORBA HACHED,,,century21
950.000,500 m²,EL MENZAH 8,Villa,,century21
1.580.000,155 m²,GOLDEN TULIPE,Villa,,century21
1.950.000,800 m²,LA SOUKRA,Villa,,century21
1.380.000,243 m²,LES BERGES DU LAC 2,Triplex,,century21
500.000,144 m²,DAR FADHAL,Appartement,,century21
520.000,330 m²,BÉNI KHIAR PLAGE,Villa,,century21
,330 m²,CITE ENNASR 2,Triplex,,century21
35.000,35 m²,EL MENZAH 8,Local Commercial,,century21
830.000,284 m²,CITE DES JUGES,Duplex,,century21
,220 m²,CITE ENNASR 1,Villa,,century21
5.500.000,1200 m²,ROUTE DE LA MARSA,Immeuble,,century21
1.400.000,400 m²,EL MENZAH 6,Villa,,century21
550.000,142 m²,DAR FADHAL,Appartement,,century21
1.200.000,352 m²,DAR FADHAL,Appartement,,century21
271.000,301 m²,CITÉ BOU MHEL,Terrain Villa,,century21
675.000,500 m²,CHOTRANA 3,Terrain Villa,,century21
53.000,307 m²,LEBNA,Terrain Villa,,century21
69.000,404 m²,LEBNA,Terrain Villa,,century21
60.000,352 m²,LEBNA,Terrain Villa,,century21
800.000,241 m²,EL MENZAH 9,Duplex,,century21
830.000,150 m²,JARDINS DE CARTHAGE,Duplex,,century21
120.000,100 m²,NABEUL CENTRE,,,century21
370.000,118 m²,LA SOUKRA,Appartement,,century21
390.000,103 m²,CHOTRANA 1,Appartement,,century21
600.000,175 m²,CHOTRANA 1,Appartement,,century21
320.000,39 m²,LES BERGES DU LAC 2,Appartement,,century21
,212 m²,LES BERGES DU LAC 2,Appartement,,century21
8.500,103 m²,JARDINS DE CARTHAGE,Local Commercial,,century21
375.000,65 m²,JARDINS DE CARTHAGE,Appartement,,century21
385.000,107 m²,CITÉ EL WAFA AFH 2,Appartement,,century21
450.000,130 m²,CITÉ EL WAFA AFH 2,Appartement,,century21
420.000,128 m²,CHOTRANA 1,Appartement,,century21
410.000,120 m²,CITÉ EL WAFA AFH 2,Appartement,,century21
850.000,100 m²,GOLDEN TULIPE,Appartement,,century21
750.000,160 m²,JARDINS DE CARTHAGE,Appartement,,century21
,1500 m²,ROUTE DE LA MARSA,Immeuble,,century21
1.000.000,200 m²,CEBALET BEN AMMAR,Villa,,century21
430.000,186 m²,CITÉ MORA,Villa,,century21
13.000,290 m²,JARDINS DE CARTHAGE,Local Commercial,,century21
592.500,279 m²,CITÉ JASMIN,Appartement,,century21
660.000,285 m²,BAB BHAR,Terrain Villa,,century21
400.000,97 m²,CITÉ EL WAFA AFH 2,Appartement,,century21
720.000,210 m²,HAMMAMET NORD,Villa,,century21
860.000,289 m²,LA NOUVELLE SOUKRA,Appartement,,century21
,113 m²,NÉAPOLIS,Local Commercial,,century21
179.000,59 m²,CITÉ LES PALMERAIES,Appartement,,century21
,146 m²,HAMMAMET NORD,Appartement,,century21
290.000,240 m²,CITÉ EL WAFA AFH 2,Appartement,,century21
,195 m²,RIADH LANDLOUS,Appartement,,century21
,450 m²,FRANCE VILLE,Villa,,century21
260.000,67 m²,LA SOUKRA,Appartement,,century21
,152 m²,BARDO CENTRE,Appartement,,century21
450.000,136 m²,LA NOUVELLE SOUKRA,Appartement,,century21
,127 m²,NABEUL CENTRE,Local Commercial,,century21
315.000,41 m²,LES BERGES DU LAC 2,Appartement,,century21
295.000,86 m²,HAMMAMET NORD,Appartement,,century21
325.000,113 m²,AIN ZAGHOUAN,Appartement,,century21
1.500.000,380 m²,EL MENZAH 5,Villa,,century21
,126 m²,CITE ENNASR 2,Appartement,,century21
248.000,79 m²,LA SOUKRA,Appartement,,century21
640.000,199 m²,HAMMAMET NORD,Appartement,,century21
450.000,350 m²,HAMMAMET SUD,Villa,,century21
790.000,240 m²,HAMMAMET SUD,Villa,,century21
530.000,53 m²,JARDINS DE CARTHAGE,Local Commercial,,century21
160.000,80 m²,LES BERGES DU LAC 2,,,century21
450.000,126 m²,AIN ZAGHOUAN NORD,Appartement,,century21
570.000,211 m²,EL MENZAH 9,Appartement,,century21
110.000,500 m²,SIDI JEDIDI,Terrain Villa,,century21
1.350.000,300 m²,EL MENZAH 7,Villa,,century21
225.000,54 m²,CITE ENNASR 2,Appartement,,century21
17.000,16 m²,BORJ LOUZIR,,,century21
225.000,69 m²,EL MENZAH 6,Bureau,,century21
340.000,141 m²,CITE ENNASR 2,Appartement,,century21
2.800.000,400 m²,GAMMARTH TOURISTIQUE,Villa,,century21
250.000,140 m²,JARDINS D'EL AOUINA,,,century21
,300 m²,LES BERGES DU LAC 1,,,century21
,1600 m²,ROUTE DE LA MARSA,Immeuble,,century21
,594 m²,MREZGA,Villa,,century21
370.000,57 m²,CASINO LA GOULETTE,Appartement,,century21
,1750 m²,CHOTRANA 3,Villa,,century21
285.000,100 m²,CITE ENNASR 1,Appartement,,century21
,68 m²,EL MANAR 2,,,century21
2.000,2000 m²,MEGRINE COTEAU,Terrain Villa,,century21
,224 m²,LES BERGES DU LAC 2,Appartement,,century21
350.000,125 m²,LA SOUKRA,Appartement,,century21
580.000,175 m²,CHOTRANA 1,Appartement,,century21
580.000,175 m²,CHOTRANA 1,Appartement,,century21
,400 m²,LA SOUKRA,Villa,,century21
850.000,300 m²,KHEIREDDINE,Villa,,century21
65.000,19 m²,MARSA VILLE,,,century21
760.000,180 m²,CITÉ MORA,Villa,,century21
250.000,73 m²,JARDINS DE CARTHAGE,,,century21
462.000,115 m²,CHOTRANA 1,Appartement,,century21
100.000,46 m²,EL MANAR 2,,,century21
,350 m²,CITE EL BOKRI,Villa,,century21
290.000,67 m²,LA NOUVELLE SOUKRA,Appartement,,century21
125.000,150 m²,BORJ EL BACCOUCHE,,,century21
,110 m²,EL MENZAH 5,,,century21
390.000,156 m²,MONTPLAISIR,Bureau,,century21
295.000,109 m²,JARDINS D'EL MENZAH 2,Appartement,,century21
280.000,62 m²,CITÉ EL WAFA AFH 2,Appartement,,century21
,1100 m²,RAFRAF,Villa,,century21
1.750.000,400 m²,CHOTRANA 1,Villa,,century21
653.310.000,88 m²,LES BERGES DU LAC 2,Local Commercial,,century21
,64 m²,CITÉ EL WAFA AFH 2,Appartement,,century21
1.400.000,300 m²,LA SOUKRA,Villa,,century21
950.000,242 m²,GAMMARTH TOURISTIQUE,Duplex,,century21
200.000,100 m²,BORJ LOUZIR,Appartement,,century21
,5921 m²,NABEUL,,,century21
1.250.000,243 m²,LES BERGES DU LAC 2,Triplex,,century21
90.000,70 m²,HAMMAMET NORD,,,century21
215.000,100 m²,SIDI SOUFIENE,Appartement,,century21
546.000,78 m²,JARDINS DE CARTHAGE,Local Commercial,,century21
,728 m²,NABEUL,,,century21
,605 m²,NABEUL,,,century21
2.800,586 m²,JARDINS DE CARTHAGE,Terrain Villa,,century21
1.350.000,260 m²,LA SOUKRA,Villa,,century21
288.000,160 m²,CITÉ EL GHAZELA,,,century21
,45 m²,MUTUELLEVILLE,Bureau,,century21
320.000,236 m²,HAMMAMET CENTRE,Villa,,century21
2.100.000,280 m²,LES BERGES DU LAC 2,Penthouse,,century21
360.000,130 m²,JARDINS D'EL AOUINA,Appartement,,century21
370.000,74 m²,AIN ZAGHOUAN NORD,Appartement,,century21
375.000,108 m²,LA NOUVELLE SOUKRA,Appartement,,century21
125.000,102 m²,LES BERGES DU LAC 1,,,century21
430.000,170 m²,KHAZNADAR BARDO,Appartement,,century21
380.000,112 m²,AIN ZAGHOUAN SUD,Appartement,,century21
900.000,220 m²,AIN ZAGHOUAN NORD,Local Commercial,,century21
,416 m²,CITE ENNASR 2,Villa,,century21
950.000,386 m²,KHEIREDDINE,Villa,,century21
350.000,9460 m²,HENCHIR GORT,,,century21
720.000,400 m²,DENDEN,Villa,,century21
220.000,50 m²,LA NOUVELLE SOUKRA,Appartement,,century21
395.000,138 m²,CITÉ LES PALMERAIES,Appartement,,century21
1.700.000,640 m²,EL MENZAH 7,Appartement,,century21
,125 m²,JARDINS DE CARTHAGE,,,century21
156.000,200 m²,MNIHLA,Terrain Villa,,century21
606.000,101 m²,JARDINS DE CARTHAGE,Appartement,,century21
930.000,206 m²,JARDINS DE CARTHAGE,Appartement,,century21
345.000,69 m²,AIN ZAGHOUAN NORD,Duplex,,century21
340.000,95 m²,LA SOUKRA,Bureau,,century21
690.000,146 m²,LA SOUKRA,Appartement,,century21
6.800.000,1500 m²,LES BERGES DU LAC 3,Immeuble,,century21
,560 m²,CITE ENNASR 2,Villa,,century21
760.000,180 m²,CITÉ MORA,Villa,,century21
360.000,110 m²,LA SOUKRA,Appartement,,century21
,400 m²,YASMINE HAMMAMET,Villa,,century21
90.000,310 m²,NABEUL,Terrain Villa,,century21
620.000,165 m²,GAMMARTH VILLAGE,Appartement,,century21
2.200.000,288 m²,GAMMARTH SUP,Villa,,century21
610.000,192 m²,SALAMBO,Villa,,century21
1.520.000,540 m²,JARDINS D'EL MENZAH 2,Villa,,century21
120.000,25 m²,JARDINS D'EL MENZAH 1,Local Commercial,,century21
,185 m²,JARDINS D'EL MENZAH 2,Appartement,,century21
685.000,125 m²,JARDINS DE CARTHAGE,Appartement,,century21
1.300.000,459 m²,EL MENZAH 4,Villa,,century21
237.600,297 m²,MREZGA,Terrain Villa,,century21
,200 m²,CITÉ MAHRAJÈNE,Villa,,century21
1.650.000,401 m²,CENTRE URBAIN NORD,Bureau,,century21
2.200.000,750 m²,SIDI DAOUD,Villa,,century21
150.000,71 m²,ARIANA,,,century21
1.090.000,228 m²,EL MENZAH 8,Villa,,century21
,170 m²,GAMMARTH SUP,Triplex,,century21
600.000,173 m²,CITE ENNASR 1,Appartement,,century21
,488 m²,NABEUL CENTRE,,,century21
,150 m²,CITÉ EL MOUSTAKBEL (SIDI DAOUD),Duplex,,century21
650.000,155 m²,CHOTRANA 3,Appartement,,century21
800.000,200 m²,RAOUED,Appartement,,century21
,900 m²,AIN ZAGHOUAN,,,century21
95.000,184 m²,LA SOUKRA,Local Commercial,,century21
595.000,140 m²,CITÉ EL WAFA AFH 2,Appartement,,century21
450.000,122 m²,ROUTE DU RELAIS,Appartement,,century21
465.000,120 m²,JARDINS DE CARTHAGE,Appartement,,century21
440.000,141 m²,CITÉ EL WAFA AFH 2,Appartement,,century21
,70 m²,CITÉ UNIVERSITAIRE,Appartement,,century21
,274 m²,HAMMAMET SUD,Duplex,,century21
,130 m²,HAMMAMET SUD,Appartement,,century21
,280 m²,HAMMAMET SUD,Duplex,,century21
280.000,69 m²,CITÉ EL WAFA AFH 2,Appartement,,century21
750.000,150 m²,NABEUL,Villa,,century21
,1702 m²,NABEUL CENTRE,Villa,,century21
780.000,420 m²,CITE EL GHAZALA 1,Villa,,century21
640.000,2645 m²,NABEUL,,,century21
1.290.000,600 m²,EL MENZAH 9,Villa,,century21
1.111.000,208 m²,ROUTE DE LA MARSA,Appartement,,century21
850.000,7227 m²,BOU CHARRAY,,,century21
400.000,142 m²,CITÉ HOTEL DES ANDALOUS,Villa,,century21
1.040.000,175 m²,JARDINS DE CARTHAGE,Appartement,,century21
110.000,40 m²,JARDINS DE CARTHAGE,Local Commercial,,century21
400.000,240 m²,CITÉ EL WAFA AFH 2,Appartement,,century21
310.000,207 m²,CITÉ EL WAFA AFH 2,Terrain Villa,,century21
,2672 m²,NABEUL,,,century21
900,900 m²,CHOTRANA 2,Terrain Villa,,century21
700,1450 m²,EL AIN,Terrain Villa,,century21
1.200.000,300 m²,BOUHSINA,Villa,,century21
235.000,68 m²,MREZGA,Appartement,,century21
575.000,174 m²,NOUVELLE ARIANA,Duplex,,century21
260.000,3518 m²,NABEUL,,,century21
120.000,65 m²,MONTPLAISIR,Appartement,,century21
,208 m²,NABEUL CENTRE,Local Commercial,,century21
,610 m²,GOLF DE GAMMARTH,Villa,,century21
650.000,447 m²,RAOUED,Terrain Villa,,century21
70.000,40 m²,EL MENZAH 8,Fond de commerce,,century21
,80 m²,JARDINS DE CARTHAGE,Appartement,,century21
,82 m²,JARDINS DE CARTHAGE,Appartement,,century21
680.000,150 m²,JARDINS DE CARTHAGE,Appartement,,century21
510.000,298 m²,BORJ TOUIL,Villa,,century21
990.000,253 m²,LA SOUKRA,Duplex,,century21
,400 m²,HAMMAMET NORD,Villa,,century21
50.000,20 m²,BAB BHAR,Appartement,,century21
450.000,110 m²,SIDI DAOUD,Appartement,,century21
1.889.000,337 m²,JARDINS DE CARTHAGE,Duplex,,century21
1.155.000,260 m²,JARDINS DE CARTHAGE,Duplex,,century21
,2100 m²,CITÉ BHAR LAZREG,Terrain Villa,,century21
,1200 m²,CARTHAGE BYRSA,Terrain Villa,,century21
450.000,500 m²,LA SOUKRA,Terrain Villa,,century21
346.400,433 m²,MNIHLA,Terrain Villa,,century21
409.000,512 m²,MNIHLA,Terrain Villa,,century21
378.000,473 m²,MNIHLA,Terrain Villa,,century21
425.000,532 m²,MNIHLA,Terrain Villa,,century21
404.000,505 m²,MNIHLA,Terrain Villa,,century21
35.000,45 m²,AOUINA,Fond de commerce,,century21
3.500.000,1000 m²,CITÉ MAHRAJÈNE,Villa,,century21
210.000,150 m²,LES BERGES DU LAC 2,Local Commercial,,century21
,220 m²,RTIBA,Villa,,century21
,1026 m²,DAR CHAABANE PLAGE,Villa,,century21
,3767 m²,DAR CHAABANE ELFEHRI,,,century21
475.000,98 m²,MARSA STADE,Appartement,,century21
2.600.000,614 m²,CHOTRANA 2,Villa,,century21
,200 m²,EL MENZAH 4,Villa,,century21
900.000,400 m²,BOUHSINA,Villa,,century21
620.000,230 m²,CITE ENNASR 1,Appartement,,century21
3.000.000,300 m²,EL MENZAH 1,Villa,,century21
550.000,107 m²,SOUSSE CORNICHE,Bureau,,century21
380.000,100 m²,EL MENZAH 4,Appartement,,century21
680.000,158 m²,GAMMARTH VILLAGE,Appartement,,century21
,172 m²,HAMMAMET NORD,Appartement,,century21
410.000,131 m²,LA SOUKRA,Appartement,,century21
400.000,95 m²,JARDINS DE CARTHAGE,Fond de commerce,,century21
1.500.000,350 m²,EL MENZAH 9,Villa,,century21
425.000,153 m²,CHOTRANA 1,Appartement,,century21
13.900.000,4400 m²,ZI. KHAIEREDDINE,Immeuble,,century21
1.100.000,400 m²,EL MENZAH 9,Villa,,century21
2.900.000,500 m²,GAMMARTH TOURISTIQUE,Villa,,century21
3.900.000,1280 m²,JARDINS DE CARTHAGE,Immeuble,,century21
375.000,113 m²,CHOTRANA 1,Appartement,,century21
360.000,113 m²,TUNIS BELVEDERE,Bureau,,century21
950.000,250 m²,LES BERGES DU LAC 1,Local Commercial,,century21
,310 m²,JARDINS DE CARTHAGE,Appartement,,century21
450.000,150 m²,EL MENZAH 6,Fond de commerce,,century21
600.000,5161 m²,TAZARKA,,,century21
180.000,89 m²,NABEUL CENTRE,Appartement,,century21
1.400.000,630 m²,EL MENZAH 5,Villa,,century21
580.000,176 m²,CITE ENNASR 2,Appartement,,century21
2.050.000,450 m²,ROUTE DU RELAIS,Villa,,century21
1.650.000,700 m²,LA SOUKRA,Villa,,century21
,450 m²,ROUTE DU RELAIS,Villa,,century21
1.060.000,531 m²,JARDINS D'EL MENZAH 2,Terrain Villa,,century21
310.000,44 m²,LES BERGES DU LAC 1,Appartement,,century21
,385 m²,CITE ENNASR 1,Villa,,century21
600.000,450 m²,HAMMAMET NORD,Villa,,century21
,575 m²,JARDINS DE CARTHAGE,Villa,,century21
780.000,290 m²,BORJ LOUZIR,Duplex,,century21
1.100.000,250 m²,CITE ENNASR 2,Villa,,century21
280.000,86 m²,NOUVELLE ARIANA,Cabinet médical,,century21
850.000,160 m²,GAMMARTH VILLAGE,Villa,,century21
,530 m²,NABEUL CENTRE,Villa,,century21
240.000,104 m²,LA MANNOUBA,Appartement,,century21
250.000,30 m²,EL MANAR 2,Fond de commerce,,century21
2.500.000,630 m²,EL MENZAH 4,Villa,,century21
365.000,60 m²,JARDINS DE CARTHAGE,Appartement,,century21
430.000,117 m²,CITE ENNASR 2,Appartement,,century21
,260 m²,SIDI ABDELAZIZ,Villa,,century21
,115 m²,EL MENZAH 7,Appartement,,century21
220.000,93 m²,HAMMAM EL GHEZAZ,Appartement,,century21
1.500.000,363 m²,EL MENZAH 5,Villa,,century21
380.000,168 m²,CITE ENNASR 2,Appartement,,century21
880.320,917 m²,CHOTRANA 1,Terrain Villa,,century21
425.000,63 m²,LES BERGES DU LAC 2,Bureau,,century21
385.000,132 m²,CITÉ UNIVERSITAIRE,Appartement,,century21
2.226.000,742 m²,GAMMARTH SUP,Terrain Villa,,century21
680.000,136 m²,JARDINS DE CARTHAGE,Appartement,,century21
,2461 m²,SIDI REZIG,,,century21
380.000,112 m²,CITE ENNASR 2,Appartement,,century21
1.250,473 m²,CHOTRANA 1,Terrain Villa,,century21
1.250,338 m²,CHOTRANA 1,Terrain Villa,,century21
650.000,555 m²,SIDI MAHRSI,Villa,,century21
80.000,100 m²,TAIEB EL M'HIRI,Fond de commerce,,century21
650.000,130 m²,GAMMARTH TOURISTIQUE,Appartement,,century21
,336 m²,CITÉ EL MAHRSI 2,Terrain Villa,,century21
,881 m²,NABEUL,,,century21
,749 m²,NABEUL,,,century21
900,1015 m²,CHOTRANA 2,Terrain Villa,,century21
1.200,1368 m²,CHOTRANA 3,Terrain Villa,,century21
1.233.000,177 m²,LA PERLE DU LAC,Appartement,,century21
,3904 m²,SOUSSE CORNICHE,,,century21
1.300,350 m²,DAR FADHAL,Terrain Villa,,century21
1.450,424 m²,ROUTE DU RELAIS,Terrain Villa,,century21
465.750,621 m²,HAMMAMET SUD,Terrain Villa,,century21
1.330.000,758 m²,BÉNI KHIAR PLAGE,Immeuble,,century21
,450 m²,KORBA HACHED,Terrain Villa,,century21
,400 m²,CITÉ EL GHAZELA,Villa,,century21
270.000,93 m²,JINEN BÉNI KHIAR,Appartement,,century21
750.000,180 m²,JARDINS DE CARTHAGE,Appartement,,century21
440.000,120 m²,CITÉ EL MAHRSI 2,Appartement,,century21
410.000,176 m²,CITÉ LES PALMERAIES,Appartement,,century21
564.000,166 m²,LA NOUVELLE SOUKRA,Appartement,,century21
470.000,90 m²,JARDINS DE CARTHAGE,Appartement,,century21
1.069.200,891 m²,CITÉ EL MAHRSI 1,Terrain Villa,,century21
315.900,351 m²,DAR CHAABANE PLAGE,Terrain Villa,,century21
321.300,357 m²,DAR CHAABANE PLAGE,Terrain Villa,,century21
,3955 m²,DAR CHAABANE ELFEHRI,,,century21
200.000,1416 m²,DAR CHAABANE ELFEHRI,,,century21
280.000,315 m²,BENI KHIAR,Terrain Villa,,century21
300.000,799 m²,EL ARIBAT,Terrain Villa,,century21
,1340 m²,MREZGA,Terrain Villa,,century21
430.000,1281 m²,DAR CHAABANE ELFEHRI,Terrain Villa,,century21
225.000,1500 m²,CITÉ HARBOUN 1,Terrain Villa,,century21
,7199 m²,SIDI DAOUD,Terrain Villa,,century21
465.750,621 m²,HAMMAMET SUD,Terrain Villa,,century21
380.000,1701 m²,BÉNI KHIAR CENTRE,,,century21
875.000,139 m²,JARDINS DE CARTHAGE,Appartement,,century21
,300 m²,NABEUL CENTRE,Villa,,century21
,650 m²,CITÉ HOTEL DES ANDALOUS,Villa,,century21
410.000,86 m²,CHOTRANA 3,Appartement,,century21
670.000,195 m²,BAB BHAR,Local Commercial,,century21
1.390.000,315 m²,LES BERGES DU LAC 2,Appartement,,century21
,375 m²,CITÉ EL MAHRSI 2,Terrain Villa,,century21
320.000,120 m²,BENI KHIAR,Villa,,century21
780.000,184 m²,CHOTRANA 2,Appartement,,century21
470.000,218 m²,EL MENZAH 7,Appartement,,century21
690.000,147 m²,JARDINS DE CARTHAGE,Appartement,,century21
320.000,65 m²,LA SOUKRA,Appartement,,century21
500.000,481 m²,HAMMAMET NORD,,,century21
,354 m²,MREZGA,,,century21
427.600,122 m²,LA SOUKRA,Appartement,,century21
400.000,100 m²,JARDINS DE CARTHAGE,Fond de commerce,,century21
,500 m²,CHOTRANA 2,Villa,,century21
,366 m²,MREZGA,Penthouse,,century21
,232 m²,DAR CHAABANE PLAGE,Villa,,century21
1.550.000,310 m²,LA SOUKRA,Triplex,,century21
400.000,103 m²,LA SOUKRA,Appartement,,century21
590.000,130 m²,LA NOUVELLE SOUKRA,Appartement,,century21
420.000,210 m²,BÉNI KHIAR PLAGE,Villa,,century21
,77 m²,GAMMARTH VILLAGE,Appartement,,century21
,2500 m²,LEBNA,,,century21
695.000,160 m²,LA SOUKRA,Appartement,,century21
690.000,160 m²,JARDINS D'EL AOUINA,Appartement,,century21
300.000,69 m²,CITÉ LES PALMERAIES,Bureau,,century21
1.400.000,535 m²,EL MENZAH 5,Villa,,century21
430.000,2000 m²,EL ALIA,,,century21
,500 m²,CEBALET BEN AMMAR,Terrain Villa,,century21
,1524 m²,KORBA HACHED,Villa,,century21
1.030.000,200 m²,LES BERGES DU LAC 2,Appartement,,century21
512.000,88 m²,JARDINS DE CARTHAGE,Appartement,,century21
730.000,120 m²,JARDINS DE CARTHAGE,Appartement,,century21
,1781 m²,BÉNI KHIAR CENTRE,,,century21
225.000,70 m²,YASMINE HAMMAMET,Local Commercial,,century21
550.000,9271 m²,HENCHIR GORT,,,century21
,100 m²,CHOTRANA 1,Fond de commerce,,century21
350.000,1100 m²,CHOTRANA 1,Fond de commerce,,century21
1.890.000,273 m²,JARDINS DE CARTHAGE,Duplex,,century21
1.450.000,465 m²,CITÉ LES PALMERAIES,Villa,,century21
950.000,400 m²,AOUINA,Villa,,century21
,138 m²,CITE ENNASR 2,Appartement,,century21
,1774 m²,CITÉ BHAR LAZREG,Terrain Villa,,century21
1.050.000,190 m²,DAR FADHAL,Appartement,,century21
816.000,170 m²,LA SOUKRA,Appartement,,century21
,78 m²,KALAA EL KEBIRA,Fond de commerce,,century21
550.000,130 m²,AIN ZAGHOUAN NORD,Appartement,,century21
,987 m²,NABEUL CENTRE,Villa,,century21
440.000,198 m²,AIN ZAGHOUAN,Appartement,,century21
950.000,172 m²,LES BERGES DU LAC 2,Appartement,,century21
,4114 m²,ERRIADH,,,century21
2.600.000,330 m²,MARINA DE GAMMARTH,Villa,,century21
550.000,295 m²,BAB EL KHADRA,Appartement,,century21
,900 m²,CHOTRANA 2,Terrain Villa,,century21
,2601 m²,SIDI FREJ,Terrain Villa,,century21
150.000,600 m²,SANHEJA,Terrain Villa,,century21
650.000,153 m²,JARDINS DE CARTHAGE,Appartement,,century21
420.000,97 m²,CITÉ EL WAFA AFH2,Appartement,,century21
,1620 m²,LES BERGES DU LAC 3,Immeuble,,century21
120.000,65 m²,MONTPLAISIR,Appartement,,century21
2.100.000,331 m²,GAMMARTH SUP,Villa,,century21
1.200,806 m²,CHOTRANA 3,Terrain Villa,,century21
600.000,140 m²,AIN ZAGHOUAN NORD,Appartement,,century21
,340 m²,CITÉ EL WAFA AFH2,Villa,,century21
656.000,185 m²,AIN ZAGHOUAN NORD,Bureau,,century21
412.000,115 m²,AIN ZAGHOUAN NORD,Bureau,,century21
450.000,160 m²,LES BERGES DU LAC 1,Fond de commerce,,century21
,2200 m²,CHOTRANA 2,Villa,,century21
,3000 m²,DHAHRI,,,century21
430.000,1281 m²,DAR CHAABANE ELFEHRI,Terrain Villa,,century21
420.000,150 m²,DAR CHAABANE PLAGE,Villa,,century21
,1003 m²,HAMMAMET NORD,Villa,,century21
850.000,1003 m²,HAMMAMET NORD,Villa,,century21
408.000,70 m²,JARDINS DE CARTHAGE,Appartement,,century21
338.000,80 m²,LA SOUKRA,Appartement,,century21
419.000,126 m²,LA SOUKRA,Appartement,,century21
353.192,106 m²,EL MENZAH 8,Bureau,,century21
,184 m²,CITÉ EL WAFA AFH2,Appartement,,century21
,228 m²,CITÉ EL WAFA AFH2,Appartement,,century21
750.000,227 m²,CITÉ EL WAFA AFH2,Triplex,,century21
500.000,104 m²,AIN ZAGHOUAN NORD,Appartement,,century21
951.400,204 m²,JARDINS DE CARTHAGE,Duplex,,century21
,500 m²,GAMMARTH TOURISTIQUE,Villa,,century21
1.100.000,355 m²,SIDI ABDELAZIZ,Appartement,,century21
670.000,158 m²,GAMMARTH FORÊT,Appartement,,century21
,198 m²,NABEUL CENTRE,Local Commercial,,century21
300.000,220 m²,NABEUL,Villa,,century21
750.000,228 m²,CITÉ EL WAFA AFH2,Fond de commerce,,century21
430.000,70 m²,JARDINS DE CARTHAGE,Appartement,,century21
10.500,650 m²,LA SOUKRA,,,century21
2.200.000,420 m²,MARSA VILLE,Villa,,century21
,720 m²,HAMMAMET NORD,Villa,,century21
,1033 m²,NOTRE DAME,Villa,,century21
335.000,110 m²,JARDINS DE CARTHAGE,Bureau,,century21
780.000,300 m²,KHEIREDDINE,Villa,,century21
230.000,100 m²,EL MENZAH 5,Fond de commerce,,century21
2.400.000,2400 m²,CITÉ IBN KHALDOUN I,Depot,,century21
225.000,1500 m²,CITÉ HARBOUN 1,Terrain Villa,,century21
680.000,315 m²,CITÉ TOURISTIQUE,Villa,,century21
364.000,65 m²,AIN ZAGHOUAN NORD,Appartement,,century21
714.000,145 m²,AIN ZAGHOUAN NORD,Appartement,,century21
855.000,289 m²,LA SOUKRA,Appartement,,century21
336.000,420 m²,CITE ENNASR 2,Terrain Villa,,century21
510.000,90 m²,JARDINS DE CARTHAGE,Appartement,,century21
450.000,1162 m²,NABEUL,,,century21
870.000,158 m²,CHOTRANA 1,Appartement,,century21
341.000,68 m²,CHOTRANA 1,Appartement,,century21
440.000,130 m²,NABEUL CENTRE,Appartement,,century21
1.500.000,420 m²,GAMMARTH FORÊT,Villa,,century21
,18000 m²,NABEUL,,,century21
780.000,220 m²,CHOTRANA 2,Duplex,,century21
130.000,51 m²,NABEUL CENTRE,Local Commercial,,century21
3.200,744 m²,CITÉ LES PINS,Terrain Villa,,century21
1.270.000,225 m²,JARDINS DE CARTHAGE,Appartement,,century21
790.000,140 m²,JARDINS DE CARTHAGE,Appartement,,century21
,255 m²,EL MANAR 2,Duplex,,century21
95.000,426 m²,EL MAAMOURA,Terrain Villa,,century21
120.000,180 m²,LA SOUKRA,Fond de commerce,,century21
722.000,170 m²,LA SOUKRA,Appartement,,century21
,600 m²,CITÉ EL WAFA AFH2,Fond de commerce,,century21
180.000,50 m²,JARDINS DE CARTHAGE,Appartement,,century21
285.000,150 m²,LA SOUKRA,Fond de commerce,,century21
820.000,253 m²,CHOTRANA 1,Appartement,,century21
300.000,799 m²,EL ARIBAT,Terrain Villa,,century21
,1340 m²,MREZGA,Terrain Villa,,century21
400.000,71 m²,AIN ZAGHOUAN,Appartement,,century21
,284 m²,EZZAHRA,Terrain Villa,,century21
350.000,125 m²,AOUINA,Appartement,,century21
,80 m²,EL MEDINA,Local Commercial,,century21
1.123.000,167 m²,LA PERLE DU LAC,Bureau,,century21
300.000,220 m²,NABEUL,Villa,,century21
750.000,228 m²,CITÉ EL WAFA AFH2,Fond de commerce,,century21
1.300.000,400 m²,AIN ZAGHOUAN NORD,Villa,,century21
,340 m²,CITÉ BOU AKROUCHA,Terrain Villa,,century21
,2669 m²,LA MANNOUBA,Terrain Villa,,century21
,110 m²,AIN ZAGHOUAN NORD,Appartement,,century21
510.000,107 m²,LES BERGES DU LAC 2,Appartement,,century21
850.000,175 m²,JARDINS DE CARTHAGE,Appartement,,century21
,198 m²,NABEUL CENTRE,Local Commercial,,century21
345.000,120 m²,LA NOUVELLE SOUKRA,Appartement,,century21
780.000,181 m²,JARDINS DE CARTHAGE,Appartement,,century21
1.020.000,240 m²,CHOTRANA 3,Villa,,century21
220.000,55 m²,AIN ZAGHOUAN,Bureau,,century21
,184 m²,CITÉ EL WAFA AFH2,Appartement,,century21
,228 m²,CITÉ EL WAFA AFH2,Appartement,,century21
598.000,230 m²,"EL MENZAH 7, EL MENZAH",Appartement,,century21
1.100.000,380 m²,"CITE ENNASR 2, ENNASR",Villa,,century21
520.000,200 m²,"EL MENZAH 7, EL MENZAH",Appartement,,century21
468.000,175 m²,"EL MENZAH 7, EL MENZAH",Appartement,,century21
542.000,100 m²,"JARDINS DE CARTHAGE, JARDINS DE CARTHAGE",Appartement,,century21
200.000,110 m²,"EL MENZAH 5, EL MENZAH",Fond de commerce,,century21
,600 m²,MERKEZ KAMOUN,Villa,,century21
,624 m²,LES BERGES DU LAC 2,Villa,,century21
,130 m²,LES BERGES DU LAC 2,Appartement,,century21
6.500,300 m²,JARDINS DE CARTHAGE,Local Commercial,,century21
390.000,110 m²,BORJ EL BACCOUCHE,Bureau,,century21
790.000,164 m²,JARDINS DE CARTHAGE,Appartement,,century21
1.850.000,850 m²,MUTUELLEVILLE,Bureau,,century21
550.000,180 m²,RADES,Villa,,century21
1.250.000,375 m²,JARDINS DE CARTHAGE,Appartement,,century21
570.000,136 m²,AIN ZAGHOUAN,Appartement,,century21
860.000,232 m²,JARDINS DE CARTHAGE,Appartement,,century21
460.000,117 m²,LA NOUVELLE SOUKRA,Appartement,,century21
,500 m²,CHOTRANA 2,Villa,,century21
,600 m²,JARDINS DE CARTHAGE,Villa,,century21
2.500.000,547 m²,EL MENZAH 4,Villa,,century21
1.200.000,415 m²,CHOTRANA 1,Villa,,century21
425.000,153 m²,CHOTRANA 1,Appartement,,century21
968.000,181 m²,ROUTE DE LA MARSA,Appartement,,century21
,340 m²,CARTHAGE,Villa,,century21
35.000,85 m²,SIDI DAOUD,Local Commercial,,century21
500.000,154 m²,RAOUED,Appartement,,century21
310.000,130 m²,AIN ZAGHOUAN,Appartement,,century21
500.000,126 m²,LA SOUKRA,Appartement,,century21
1.200,470 m²,DAR FADHAL,Terrain Villa,,century21
,232 m²,LA SOUKRA,Duplex,,century21
,234 m²,LES BERGES DU LAC 2,Appartement,,century21
,750 m²,GAMMARTH SUP,Villa,,century21
1.280.000,450 m²,FRANCE VILLE,Villa,,century21
413.000,69 m²,LES BERGES DU LAC 2,Appartement,,century21
,160 m²,AOUINA,Appartement,,century21
950.000,190 m²,JARDINS DE CARTHAGE,Appartement,,century21
825.000,162 m²,JARDINS DE CARTHAGE,Appartement,,century21
490.000,350 m²,LA SOUKRA,Terrain Villa,,century21
850.000,1003 m²,HAMMAMET NORD,Villa,,century21
90.000,57 m²,LES BERGES DU LAC 1,Fond de commerce,,century21
484.720,135 m²,CHOTRANA 1,Appartement,,century21
1.400.000,210 m²,LA PERLE DU LAC,Duplex,,century21
1.441.000,119 m²,LA PERLE DU LAC,Local Commercial,,century21
982.000,265 m²,AIN ZAGHOUAN NORD,Duplex,,century21
900.000,253 m²,AIN ZAGHOUAN NORD,Duplex,,century21
,813 m²,BOU MHEL,Terrain Villa,,century21
,550 m²,LA SOUKRA,Villa,,century21
,245 m²,CITÉ EL KHALIL,Fond de commerce,,century21
265.000,78 m²,JARDINS D'EL MENZAH 1,Appartement,,century21
1.100.000,200 m²,LES BERGES DU LAC 2,Penthouse,,century21
2.394.130,373 m²,LA PERLE DU LAC,Bureau,,century21
695.000,150 m²,JARDINS DE CARTHAGE,Appartement,,century21
250.000,78 m²,LA SOUKRA,Appartement,,century21
,550 m²,LA SOUKRA,Villa,,century21
775.000,1270 m²,LA SOUKRA,Terrain Villa,,century21
520.000,140 m²,JARDINS DE CARTHAGE,Appartement,,century21
380.000,95 m²,CITÉ LES PALMERAIES,Appartement,,century21
,350 m²,CITÉ EL KHALIL,Appartement,,century21
45.000,50 m²,LES BERGES DU LAC 2,Fond de commerce,,century21
,912 m²,JARDINS DE CARTHAGE,,,century21
580.000,110 m²,JARDINS DE CARTHAGE,Appartement,,century21
6.000,213 m²,JARDINS DE CARTHAGE,Local Commercial,,century21
1.250,488 m²,CHOTRANA 3,Terrain Villa,,century21
1.400,431 m²,JARDINS D'EL MENZAH 2,Terrain Villa,,century21
475.000,175 m²,CITÉ BHAR LAZREG,Villa,,century21
,124 m²,LES BERGES DU LAC 1,Bureau,,century21
490.000,126 m²,AIN ZAGHOUAN,Appartement,,century21
1.040.000,560 m²,CHOTRANA 3,Villa,,century21
,62 m²,AIN ZAGHOUAN NORD,Local Commercial,,century21
,201 m²,LES BERGES DU LAC 2,Appartement,,century21
592.601,99 m²,JARDINS DE CARTHAGE,Appartement,,century21
520.000,130 m²,AIN ZAGHOUAN NORD,Appartement,,century21
,183 m²,JARDINS DE CARTHAGE,Appartement,,century21
,450 m²,LES BERGES DU LAC 2,Fond de commerce,,century21
,77 m²,LES BERGES DU LAC 2,Bureau,,century21
435.000,115 m²,AIN ZAGHOUAN NORD,Appartement,,century21
,120 m²,LES BERGES DU LAC 1,Fond de commerce,,century21
2.500.000,500 m²,GAMMARTH SUP,Villa,,century21
,136 m²,JARDINS DE CARTHAGE,Appartement,,century21
755.000,182 m²,CHOTRANA 1,Duplex,,century21
750.000,188 m²,CITÉ LES PALMERAIES,Appartement,,century21
,522 m²,MARSA PLAGE,Terrain Villa,,century21
567.000,135 m²,CITÉ LES PALMERAIES,Appartement,,century21
,750 m²,LA SOUKRA,Villa,,century21
1.300.000,450 m²,EL MENZAH 7,Penthouse,,century21
563.000,103 m²,JARDINS DE CARTHAGE,Appartement,,century21
375.000,137 m²,AIN ZAGHOUAN,Appartement,,century21
280.000,68 m²,JARDINS DE CARTHAGE,Appartement,,century21
70.000,500 m²,LA SOUKRA,Fond de commerce,,century21
1.200.000,321 m²,CHOTRANA 2,Duplex,,century21
,130 m²,LES BERGES DU LAC 2,Appartement,,century21
1.000,633 m²,CHOTRANA 2,Terrain Villa,,century21
220.000,45 m²,CHOTRANA 1,Appartement,,century21
,824 m²,JARDINS DE CARTHAGE,Villa,,century21
3.400,100 m²,CHOTRANA 1,Appartement,,century21
,87 m²,CHOTRANA 1,Appartement,,century21
3.400,229 m²,CHOTRANA 1,Appartement,,century21
370.001,62 m²,KHEIREDDINE PACHA,Bureau,,century21
,1040 m²,EL KANTAOUI,Villa,,century21
350.000,70 m²,AIN ZAGHOUAN,Appartement,,century21
,400 m²,LA SOUKRA,Fond de commerce,,century21
,72 m²,JARDINS DE CARTHAGE,Bureau,,century21
,600 m²,LES BERGES DU LAC 2,Villa,,century21
,3000 m²,CITÉ BHAR LAZREG,Terrain Villa,,century21
245.000,40 m²,AIN ZAGHOUAN NORD,Appartement,,century21
1.300.000,700 m²,CHOTRANA 3,Villa,,century21
,1035 m²,CARTHAGE,Villa,,century21
,1800 m²,CHOTRANA 2,Terrain Villa,,century21
479.000,128 m²,HAMMAM SOUSSE GHARBI,Appartement,,century21
1.200,1386 m²,CHOTRANA 2,Terrain Villa,,century21
2.400.000,462 m²,MARSA STADE,Villa,,century21
650.000,154 m²,CHOTRANA 2,Appartement,,century21
,272 m²,LES BERGES DU LAC 2,Duplex,,century21
,200 m²,MUTUELLEVILLE,Villa,,century21
630.000,155 m²,CHOTRANA 1,Appartement,,century21
,500 m²,CHOTRANA 1,Villa,,century21
,4420 m²,ARIANA,,,century21
1.350.000.000,629 m²,EL MENZAH 4,Villa,,century21
,579 m²,CHOTRANA 2,Terrain Villa,,century21
,1000 m²,GAMMARTH SUP,Villa,,century21
1.180.000,450 m²,LA SOUKRA,Villa,,century21
580.000,183 m²,CHOTRANA 1,Appartement,,century21
,450 m²,SIDI BOUSAID,Villa,,century21
350.000,160 m²,SOUSSE KHEZAMA,Fond de commerce,,century21
320,15000 m²,CITÉ BHAR LAZREG,,,century21
,190 m²,LES BERGES DU LAC 2,Appartement,,century21
625.000,163 m²,CHOTRANA 1,Appartement,,century21
,2000 m²,CHOTRANA 1,,,century21
1.200,1200 m²,LA SOUKRA,Terrain Villa,,century21
,214 m²,JARDINS DE CARTHAGE,Appartement,,century21
352.000,122 m²,CITÉ LES PALMERAIES,Appartement,,century21
760.000,155 m²,LES BERGES DU LAC 2,Appartement,,century21
650.000,280 m²,LA SOUKRA,Appartement,,century21
135.000,70 m²,EL MENZAH 5,Fond de commerce,,century21
,350 m²,SIDI ABDELAZIZ,Villa,,century21
3.100.000,375 m²,GAMMARTH SUP,Villa,,century21
340.000,157 m²,CITÉ LES PALMERAIES,Appartement,,century21
1.800,1920 m²,BAB BHAR,,,century21
,289 m²,LES BERGES DU LAC 2,Appartement,,century21
1.100.000,152 m²,HAMMAMET CENTRE,Appartement,,century21
370.000,112 m²,CHOTRANA 1,Appartement,,century21
750,550 m²,CHOTRANA 2,Terrain Villa,,century21
700,780 m²,CHOTRANA 3,Terrain Villa,,century21
30.000,46 m²,LES BERGES DU LAC 1,Fond de commerce,,century21
750,550 m²,CHOTRANA 2,Terrain Villa,,century21
395.000,202 m²,CITÉ EL KHADRA,Appartement,,century21
570.000,103 m²,JARDINS DE CARTHAGE,Appartement,,century21
550.000,155 m²,GAMMARTH SUP,Appartement,,century21
170.000,1839 m²,METHLINE,Terrain Villa,,century21
340.000,400 m²,LA SOUKRA,Terrain Villa,,century21
1.000.000,300 m²,LA SOUKRA,Villa,,century21
260.000,110 m²,CITÉ LES PALMERAIES,Appartement,,century21
364.200,124 m²,AIN ZAGHOUAN,Appartement,,century21
900.000,180 m²,JARDINS DE CARTHAGE,Appartement,,century21
850.000,185 m²,LES BERGES DU LAC 2,Appartement,,century21
65.000,90 m²,LA SOUKRA,Fond de commerce,,century21
618.880,150 m²,CHOTRANA 3,Appartement,,century21
485.000,67 m²,LES BERGES DU LAC 1,Bureau,,century21
418.400,100 m²,CHOTRANA 3,Appartement,,century21
570.000,69 m²,LES BERGES DU LAC 1,Bureau,,century21
500.000,100 m²,LES BERGES DU LAC 2,Appartement,,century21
6.500,114 m²,JARDINS DE CARTHAGE,Local Commercial,,century21
,150 m²,JARDINS DE CARTHAGE,Local Commercial,,century21
,806 m²,LA SOUKRA,Terrain Villa,,century21
900,685 m²,CHOTRANA 3,Terrain Villa,,century21
3.000,490 m²,MEGRINE,Local Commercial,,century21
3.000,108 m²,ARIANA,Bureau,,century21
120.000,75 m²,LES BERGES DU LAC 2,Fond de commerce,,century21
,1400 m²,LA SOUKRA,Terrain Villa,,century21
1.400,825 m²,JARDINS D'EL MENZAH 2,Terrain Villa,,century21
850.000,396 m²,GAMMARTH VILLAGE,Terrain Villa,,century21
1.012.000,185 m²,JARDINS DE CARTHAGE,Appartement,,century21
1.600.000,500 m²,JARDINS DE CARTHAGE,,,century21
,600 m²,CHOTRANA 1,Villa,,century21
840.000,230 m²,JARDINS DE CARTHAGE,Appartement,,century21
800.000,190 m²,JARDINS DE CARTHAGE,Appartement,,century21
760.000,633 m²,CHOTRANA 1,Terrain Villa,,century21
754.728,145 m²,LES BERGES DU LAC 2,Appartement,,century21
495.000,127 m²,JARDINS DE CARTHAGE,Appartement,,century21
1.500.000,289 m²,LES BERGES DU LAC 2,Appartement,,century21
40.000,110 m²,JARDINS DE CARTHAGE,Fond de commerce,,century21
,190 m²,AIN ZAGHOUAN NORD,Duplex,,century21
80.000,75 m²,LA SOUKRA,Fond de commerce,,century21
780.000,182 m²,AIN ZAGHOUAN NORD,Duplex,,century21
575.000,112 m²,JARDINS DE CARTHAGE,Appartement,,century21
300.000,360 m²,LA SOUKRA,Fond de commerce,,century21
2.000.000,355 m²,JARDINS DE CARTHAGE,,,century21
350.000,83 m²,LES BERGES DU LAC 2,Appartement,,century21
1.771.000,329 m²,LES BERGES DU LAC 2,Duplex,,century21
520.000,150 m²,JARDINS DE CARTHAGE,Appartement,,century21
,85 m²,JARDINS DE CARTHAGE,Appartement,,century21
1.800.000,8800 m²,CEBALET BEN AMMAR,,,century21
100.000,45 m²,LES BERGES DU LAC 2,Local Commercial,,century21
150,1000 m²,JABBES,Terrain Villa,,century21
1.650,2620 m²,CHARGUIA 2,Terrain Promoteur,,century21
