address,area,area_m2,baths,beds,city,external_id,image,price,property_type,rooms,source,status,title,url
4180 Djerba - Houmt Souk Médenine Tunisie,beni bandou,,,,Djerba - Houmt Souk,138,,660000,2,,remax,,Djerba - Houmt Souk Médenine Tunisie,https://www.remax.com.tn/listings/138
Ras Tabia El Omrane Tunis Tunisie,,,,,El Omrane,3,,0,2,,remax,,El Omrane Tunis Tunisie,https://www.remax.com.tn/listings/3
Jardins de Carthage Tunis Tunisie,,,,,Jardins de Carthage,147,,3500,2,,remax,3500,Jardins de Carthage Tunis Tunisie,https://www.remax.com.tn/listings/147
Ennasr 1-2 Ariana Tunisie,,,,,Ennasr 1-2,290,,990000,2,,remax,950000,Ennasr 1-2 Ariana Tunisie,https://www.remax.com.tn/listings/290
Ennasr 1-2 Ariana Tunisie,,,,,Ennasr 1-2,228,,386000,2,,remax,385000,Ennasr 1-2 Ariana Tunisie,https://www.remax.com.tn/listings/228
Sidi Bou Said Tunis Tunisie,,,,,Sidi Bou Said,68,,13000,2,,remax,,Sidi Bou Said Tunis Tunisie,https://www.remax.com.tn/listings/68
Les Jardins du lac 2 Tunis Tunisie,,,,,Les Jardins du lac 2,80,,4500,2,,remax,,Les Jardins du lac 2 Tunis Tunisie,https://www.remax.com.tn/listings/80
El Menzah 1 El Menzah 1 Tunis Tunisie,,,,,El Menzah 1,6,,275000,2,,remax,,El Menzah 1 Tunis Tunisie,https://www.remax.com.tn/listings/6
Les Jardins du lac 2 Tunis Tunisie,,,,,Les Jardins du lac 2,36,,120000,1,,remax,,Les Jardins du lac 2 Tunis Tunisie,https://www.remax.com.tn/listings/36
Chotrana 3 La Soukra Ariana Tunisie,,,,,La Soukra,108,,250000,2,,remax,,La Soukra Ariana Tunisie,https://www.remax.com.tn/listings/108
El Menzah 5 Ariana Tunisie,,,,,El Menzah 5,23,,1500000,2,,remax,,El Menzah 5 Ariana Tunisie,https://www.remax.com.tn/listings/23
Jardins de Carthage Tunis Tunisie,,,,,Jardins de Carthage,30,,2000,2,,remax,,Jardins de Carthage Tunis Tunisie,https://www.remax.com.tn/listings/30
El Menzah 5 Ariana Tunisie,,,,,El Menzah 5,6,,3488,1,,remax,,El Menzah 5 Ariana Tunisie,https://www.remax.com.tn/listings/6
Chott mariem Sousse Tunisie,,,,,Chott mariem,35,,185000,2,,remax,,Chott mariem Sousse Tunisie,https://www.remax.com.tn/listings/35
Chotrana 2 La Soukra Ariana Tunisie,,,,,La Soukra,107,,1521450,2,,remax,,La Soukra Ariana Tunisie,https://www.remax.com.tn/listings/107
Riadh Landalous Ariana Tunisie,,,,,Riadh Landalous,10,,2619,2,,remax,,Riadh Landalous Ariana Tunisie,https://www.remax.com.tn/listings/10
Borj Louzir Ariana Tunisie,,,,,Borj Louzir,11,,1100,1,,remax,,Borj Louzir Ariana Tunisie,https://www.remax.com.tn/listings/11
2092 El Manar 3 Tunis Tunisie,,,,,El Manar 3,26,,1550000,2,,remax,,El Manar 3 Tunis Tunisie,https://www.remax.com.tn/listings/26
La Manouba Manouba Tunisie,,,,,La Manouba,6,,635000,2,,remax,,La Manouba Manouba Tunisie,https://www.remax.com.tn/listings/6
L'Aouina Tunis Tunisie,,,,,L'Aouina,38,,1800,2,,remax,,L'Aouina Tunis Tunisie,https://www.remax.com.tn/listings/38
- Tezdaîne-Taguermess - Djerba - Midoun Médenine Tunisie,,,,,Djerba - Midoun,148,,1200000,2,,remax,,Djerba - Midoun Médenine Tunisie,https://www.remax.com.tn/listings/148
Carthage Byrsa Carthage Byrsa Tunis Tunisie,,,,,Carthage Byrsa,679,,2250000,2,,remax,,Carthage Byrsa Tunis Tunisie,https://www.remax.com.tn/listings/679
Jardins de Carthage Tunis Tunisie,,,,,Jardins de Carthage,65,,1700,2,,remax,,Jardins de Carthage Tunis Tunisie,https://www.remax.com.tn/listings/65
Jardins de Carthage Tunis Tunisie,,,,,Jardins de Carthage,73,,1650,2,,remax,,Jardins de Carthage Tunis Tunisie,https://www.remax.com.tn/listings/73
,,,,,Unknown City,72,,280000,2,,remax,,,https://www.remax.com.tn/listings/72
Chotrana 2 La Soukra Ariana Tunisie,,,,,La Soukra,2,,920000,2,,remax,,La Soukra Ariana Tunisie,https://www.remax.com.tn/listings/2
Ennasr 1-2 Ariana Tunisie,,,,,Ennasr 1-2,244,,1500,2,,remax,,Ennasr 1-2 Ariana Tunisie,https://www.remax.com.tn/listings/244
Tunis Centre Ville Tunis Tunisie,,,,,Tunis Centre Ville,10,,1500,1,,remax,,Tunis Centre Ville Tunis Tunisie,https://www.remax.com.tn/listings/10
Mnihla Ariana Tunisie,,,,,Mnihla,5,,3488,1,,remax,,Mnihla Ariana Tunisie,https://www.remax.com.tn/listings/5
- Ellriadh - Djerba - Houmt Souk Djerba - Houmt Souk Médenine Tunisie,,,,,Djerba - Houmt Souk,20,,1100000,2,,remax,,Djerba - Houmt Souk Médenine Tunisie,https://www.remax.com.tn/listings/20
- Binibandou - Djerba - Houmt Souk Djerba - Houmt Souk Médenine Tunisie,,,,,Djerba - Houmt Souk,5,,400000,2,,remax,,Djerba - Houmt Souk Médenine Tunisie,https://www.remax.com.tn/listings/5
- Barkouk - Djerba - Houmt Souk Djerba - Houmt Souk Médenine Tunisie,,,,,Djerba - Houmt Souk,25,,324000,2,,remax,,Djerba - Houmt Souk Médenine Tunisie,https://www.remax.com.tn/listings/25
2092 El Manar 1 Tunis Tunisie,,,,,El Manar 1,5,,2000,2,,remax,,El Manar 1 Tunis Tunisie,https://www.remax.com.tn/listings/5
Medina Jedida Ben Arous Tunisie,,,,,Medina Jedida,14,,155000,2,,remax,,Medina Jedida Ben Arous Tunisie,https://www.remax.com.tn/listings/14
Djerba - Midoun Djerba - Midoun Médenine Tunisie,,,,,Djerba - Midoun,137,,5525,2,,remax,,Djerba - Midoun Médenine Tunisie,https://www.remax.com.tn/listings/137
Cité El Ghazala Ariana Tunisie,,,,,Cité El Ghazala,25,,595000,2,,remax,,Cité El Ghazala Ariana Tunisie,https://www.remax.com.tn/listings/25
El Menzah 4 Tunis Tunisie,,,,,El Menzah 4,119,,14000,1,,remax,,El Menzah 4 Tunis Tunisie,https://www.remax.com.tn/listings/119
Centre Urbain Nord Ariana Tunisie,,,,,Centre Urbain Nord,138,,2800,1,,remax,,Centre Urbain Nord Ariana Tunisie,https://www.remax.com.tn/listings/138
Les Jardins du lac 2 Tunis Tunisie,,,,,Les Jardins du lac 2,140,,1400000,1,,remax,,Les Jardins du lac 2 Tunis Tunisie,https://www.remax.com.tn/listings/140
Centre Urbain Nord Ariana Tunisie,,,,,Centre Urbain Nord,142,,1800,1,,remax,,Centre Urbain Nord Ariana Tunisie,https://www.remax.com.tn/listings/142
Les berges du lac 1 Tunis Tunisie,,,,,Les berges du lac 1,147,,6500,1,,remax,,Les berges du lac 1 Tunis Tunisie,https://www.remax.com.tn/listings/147
Cité El Bokri Sidi Thabet Ariana Tunisie,,,,,Sidi Thabet,148,,33000,1,,remax,,Sidi Thabet Ariana Tunisie,https://www.remax.com.tn/listings/148
Les berges du lac 1 Tunis Tunisie,,,,,Les berges du lac 1,164,,7700,1,,remax,,Les berges du lac 1 Tunis Tunisie,https://www.remax.com.tn/listings/164
Tunis Centre Ville Tunis Tunisie,,,,,Tunis Centre Ville,8,,2200,1,,remax,,Tunis Centre Ville Tunis Tunisie,https://www.remax.com.tn/listings/8
- Elrabah - Djerba - Houmt Souk Djerba - Houmt Souk Médenine Tunisie,,,,,Djerba - Houmt Souk,23,,235000,2,,remax,,Djerba - Houmt Souk Médenine Tunisie,https://www.remax.com.tn/listings/23
El Mourouj Ben Arous Tunisie,,,,,El Mourouj,2,,382000,2,,remax,,El Mourouj Ben Arous Tunisie,https://www.remax.com.tn/listings/2
Centre Urbain Nord Ariana Tunisie,,,,,Centre Urbain Nord,228,,2000,1,,remax,,Centre Urbain Nord Ariana Tunisie,https://www.remax.com.tn/listings/228
Les berges du lac 1 Tunis Tunisie,,,,,Les berges du lac 1,163,,7500,1,,remax,,Les berges du lac 1 Tunis Tunisie,https://www.remax.com.tn/listings/163
Tunis Centre Ville Tunis Tunisie,colisse de Tunis,,,,Tunis Centre Ville,6,,80000,1,,remax,,Tunis Centre Ville Tunis Tunisie,https://www.remax.com.tn/listings/6
Mégrine Ben Arous Tunisie,,,,,Mégrine,4,,5525,2,,remax,,Mégrine Ben Arous Tunisie,https://www.remax.com.tn/listings/4
La Soukra Ariana Tunisie,,,,,La Soukra,9,,410000,2,,remax,,La Soukra Ariana Tunisie,https://www.remax.com.tn/listings/9
Les berges du lac 1 Tunis Tunisie,,,,,Les berges du lac 1,57,,2900,1,,remax,,Les berges du lac 1 Tunis Tunisie,https://www.remax.com.tn/listings/57
Barraket Essahel Hammamet Nabeul Tunisie,,,,,Hammamet,44,,5525,2,,remax,,Hammamet Nabeul Tunisie,https://www.remax.com.tn/listings/44
RUE HABIB CHATTI - RUE MALAGA - 2092 El Manar 1 Tunis Tunisie,,,,,El Manar 1,55,,375000,2,,remax,,El Manar 1 Tunis Tunisie,https://www.remax.com.tn/listings/55
Mnihla Ariana Tunisie,,,,,Mnihla,15,,6500,1,,remax,,Mnihla Ariana Tunisie,https://www.remax.com.tn/listings/15
Djerba - Midoun Médenine Tunisie,,,,,Djerba - Midoun,160,,900,2,,remax,,Djerba - Midoun Médenine Tunisie,https://www.remax.com.tn/listings/160
Casino La Goulette La Goulette Tunis Tunisie,,,,,La Goulette,214,,7000,1,,remax,,La Goulette Tunis Tunisie,https://www.remax.com.tn/listings/214
Casino La Goulette La Goulette Tunis Tunisie,,,,,La Goulette,210,,1400000,1,,remax,,La Goulette Tunis Tunisie,https://www.remax.com.tn/listings/210
Sidi Bou Said Tunis Tunisie,,,,,Sidi Bou Said,226,,3500,2,,remax,,Sidi Bou Said Tunis Tunisie,https://www.remax.com.tn/listings/226
Séjoumi Tunis Tunisie,,,,,Séjoumi,12,,2500,1,,remax,,Séjoumi Tunis Tunisie,https://www.remax.com.tn/listings/12
Ben Arous Ben Arous Ben Arous Tunisie,,,,,Ben Arous,341,,0,1,,remax,,Ben Arous Ben Arous Tunisie,https://www.remax.com.tn/listings/341
Les berges du lac 1 Tunis Tunisie,,,,,Les berges du lac 1,165,,4500,1,,remax,,Les berges du lac 1 Tunis Tunisie,https://www.remax.com.tn/listings/165
El Manar 2 El Manar 2 Tunis Tunisie,,,,,El Manar 2,56,,245000,2,,remax,,El Manar 2 Tunis Tunisie,https://www.remax.com.tn/listings/56
Les Jardins du lac 2 Tunis Tunisie,,,,,Les Jardins du lac 2,54,,75000,1,,remax,,Les Jardins du lac 2 Tunis Tunisie,https://www.remax.com.tn/listings/54
Borj Cedria Borj Cedria Ben Arous Tunisie,,,,,Borj Cedria,7,,210000,2,,remax,,Borj Cedria Ben Arous Tunisie,https://www.remax.com.tn/listings/7
Djerba - Midoun Djerba - Midoun Médenine Tunisie,,,,,Djerba - Midoun,159,,2620,2,,remax,,Djerba - Midoun Médenine Tunisie,https://www.remax.com.tn/listings/159
Chotrana Ariana Tunisie,,,,,Chotrana,77,,230000,2,,remax,,Chotrana Ariana Tunisie,https://www.remax.com.tn/listings/77
Hraïria Tunis Tunisie,,,,,Hraïria,37,,340000,2,,remax,,Hraïria Tunis Tunisie,https://www.remax.com.tn/listings/37
Chotrana Ariana Tunisie,,,,,Chotrana,76,,1400,2,,remax,,Chotrana Ariana Tunisie,https://www.remax.com.tn/listings/76
Ennasr 1-2 Ariana Tunisie,,,,,Ennasr 1-2,11,,1900,1,,remax,,Ennasr 1-2 Ariana Tunisie,https://www.remax.com.tn/listings/11
Oued Ellil Oued Ellil Manouba Tunisie,,,,,Oued Ellil,32,,2900,1,,remax,,Oued Ellil Manouba Tunisie,https://www.remax.com.tn/listings/32
JARDINS DE L'AOUINA L'Aouina Tunis Tunisie,,,,,L'Aouina,74,,360000,2,,remax,,L'Aouina Tunis Tunisie,https://www.remax.com.tn/listings/74
El Menzah 6 Ariana Tunisie,,,,,El Menzah 6,69,,0,2,,remax,,El Menzah 6 Ariana Tunisie,https://www.remax.com.tn/listings/69
Ezzahra Ben Arous Tunisie,,,,,Ezzahra,62,,800000,2,,remax,,Ezzahra Ben Arous Tunisie,https://www.remax.com.tn/listings/62
Borj Cedria Borj Cedria Ben Arous Tunisie,,,,,Borj Cedria,6,,356000,2,,remax,,Borj Cedria Ben Arous Tunisie,https://www.remax.com.tn/listings/6
JAAFAR Raoued Jaafar 1 Raoued Ariana Tunisie,,,,,Raoued,12,,115000,2,,remax,,Raoued Ariana Tunisie,https://www.remax.com.tn/listings/12
Les Jardins du lac 2 Tunis Tunisie,,,,,Les Jardins du lac 2,79,,2619,2,,remax,,Les Jardins du lac 2 Tunis Tunisie,https://www.remax.com.tn/listings/79
Djerba - Houmt Souk Médenine Tunisie,,,,,Djerba - Houmt Souk,15,,250000,2,,remax,,Djerba - Houmt Souk Médenine Tunisie,https://www.remax.com.tn/listings/15
Mégrine Ben Arous Tunisie,,,,,Mégrine,343,,3488,1,,remax,,Mégrine Ben Arous Tunisie,https://www.remax.com.tn/listings/343
L'Aouina Tunis Tunisie,,,,,L'Aouina,35,,1820000,2,,remax,,L'Aouina Tunis Tunisie,https://www.remax.com.tn/listings/35
Place Pasteur Tunis Tunisie,,,,,Place Pasteur,26,,1200000,2,,remax,,Place Pasteur Tunis Tunisie,https://www.remax.com.tn/listings/26
Djerba - Midoun Djerba - Midoun Médenine Tunisie,,,,,Djerba - Midoun,15,,780000,2,,remax,,Djerba - Midoun Médenine Tunisie,https://www.remax.com.tn/listings/15
Zone Touristique Monastir Monastir Tunisie,,,,,Monastir,27,,1680,2,,remax,,Monastir Monastir Tunisie,https://www.remax.com.tn/listings/27
El Menzah Tunis Tunisie,,,,,El Menzah,15,,200000,1,,remax,,El Menzah Tunis Tunisie,https://www.remax.com.tn/listings/15
Djerba - Houmt Souk Djerba - Houmt Souk Médenine Tunisie,,,,,Djerba - Houmt Souk,7,,235000,2,,remax,,Djerba - Houmt Souk Médenine Tunisie,https://www.remax.com.tn/listings/7
Djerba - Houmt Souk Djerba - Houmt Souk Médenine Tunisie,,,,,Djerba - Houmt Souk,8,,120000,2,,remax,,Djerba - Houmt Souk Médenine Tunisie,https://www.remax.com.tn/listings/8
Djerba - Midoun Djerba - Midoun Médenine Tunisie,,,,,Djerba - Midoun,16,,550000,2,,remax,,Djerba - Midoun Médenine Tunisie,https://www.remax.com.tn/listings/16
Ennasr 1-2 Ariana Tunisie,,,,,Ennasr 1-2,280,,2600,2,,remax,,Ennasr 1-2 Ariana Tunisie,https://www.remax.com.tn/listings/280
8090 Kélibia Nabeul Tunisie,,,,,Kélibia,220,,420000,2,,remax,,Kélibia Nabeul Tunisie,https://www.remax.com.tn/listings/220
8090 Kélibia Nabeul Tunisie,,,,,Kélibia,221,,650000,2,,remax,,Kélibia Nabeul Tunisie,https://www.remax.com.tn/listings/221
Les berges du lac 1 Tunis Tunisie,,,,,Les berges du lac 1,149,,1700,2,,remax,,Les berges du lac 1 Tunis Tunisie,https://www.remax.com.tn/listings/149
Lac 2 Cité Les Pins Tunis Tunisie,,,,,Lac 2 Cité Les Pins,107,,3500,2,,remax,,Lac 2 Cité Les Pins Tunis Tunisie,https://www.remax.com.tn/listings/107
Gammarth Tunis Tunisie,,,,,Gammarth,145,,7500,2,,remax,,Gammarth Tunis Tunisie,https://www.remax.com.tn/listings/145
Kélibia Nabeul Tunisie,,,,,Kélibia,219,,2500000,2,,remax,,Kélibia Nabeul Tunisie,https://www.remax.com.tn/listings/219
Djerba - Houmt Souk Médenine Tunisie,,,,,Djerba - Houmt Souk,18,,178000,1,,remax,,Djerba - Houmt Souk Médenine Tunisie,https://www.remax.com.tn/listings/18
Djerba - Houmt Souk Médenine Tunisie,,,,,Djerba - Houmt Souk,17,,270000,1,,remax,,Djerba - Houmt Souk Médenine Tunisie,https://www.remax.com.tn/listings/17
Teghdimes - Erriadh - Djerba - Houmt Souk 4146 Djerba - Houmt Souk Médenine Tunisie,,,,,Djerba - Houmt Souk,136,,545000,2,,remax,,Djerba - Houmt Souk Médenine Tunisie,https://www.remax.com.tn/listings/136
Sousse Ville Sousse Ville Sousse Tunisie,,,,,Sousse Ville,34,,185000,2,,remax,,Sousse Ville Sousse Tunisie,https://www.remax.com.tn/listings/34
Place Pasteur Tunis Tunisie,,,,,Place Pasteur,342,,0,1,,remax,,Place Pasteur Tunis Tunisie,https://www.remax.com.tn/listings/342
Cité Bhar Lazreg La Marsa Tunis Tunisie,,,,,La Marsa,104,,2883200,1,,remax,,La Marsa Tunis Tunisie,https://www.remax.com.tn/listings/104
Residence Al Fayrouz Ennasr 1-2 Ariana Tunisie,,,,,Ennasr 1-2,34,,2619,2,,remax,,Ennasr 1-2 Ariana Tunisie,https://www.remax.com.tn/listings/34
Ennasr 1-2 Ariana Tunisie,,,,,Ennasr 1-2,53,,430000,2,,remax,,Ennasr 1-2 Ariana Tunisie,https://www.remax.com.tn/listings/53
- Rue de l'environnement - Djerba - Midoun Médenine Tunisie,,,,,Djerba - Midoun,146,,410000,1,,remax,,Djerba - Midoun Médenine Tunisie,https://www.remax.com.tn/listings/146
Chott mariem Sousse Tunisie,,,,,Chott mariem,25,,440000,2,,remax,,Chott mariem Sousse Tunisie,https://www.remax.com.tn/listings/25
1053 Les Jardins du lac 2 Tunis Tunisie,,,,,Les Jardins du lac 2,117,,2800,2,,remax,,Les Jardins du lac 2 Tunis Tunisie,https://www.remax.com.tn/listings/117
La Soukra Ariana Tunisie,,,,,La Soukra,82,,400000,2,,remax,,La Soukra Ariana Tunisie,https://www.remax.com.tn/listings/82
Séjoumi Tunis Tunisie,,,,,Séjoumi,196,,0,1,,remax,,Séjoumi Tunis Tunisie,https://www.remax.com.tn/listings/196
L'Aouina Tunis Tunisie,,,,,L'Aouina,47,,380000,2,,remax,,L'Aouina Tunis Tunisie,https://www.remax.com.tn/listings/47
La Marsa La Marsa Tunis Tunisie,,,,,La Marsa,49,,5800,2,,remax,,La Marsa Tunis Tunisie,https://www.remax.com.tn/listings/49
La Soukra Ariana Tunisie,,,,,La Soukra,25,,6800,1,,remax,,La Soukra Ariana Tunisie,https://www.remax.com.tn/listings/25
El Menzah 6 Ariana Tunisie,,,,,El Menzah 6,14,,1600,1,,remax,,El Menzah 6 Ariana Tunisie,https://www.remax.com.tn/listings/14
Jardins d’El Menzah1 Tunis Tunisie,,,,,Jardins d’El Menzah1,65,,2619,2,,remax,,Jardins d’El Menzah1 Tunis Tunisie,https://www.remax.com.tn/listings/65
La Soukra Ariana Tunisie,,,,,La Soukra,24,,4200,1,,remax,,La Soukra Ariana Tunisie,https://www.remax.com.tn/listings/24
Place Pasteur Tunis Tunisie,,,,,Place Pasteur,50,,3700,1,,remax,,Place Pasteur Tunis Tunisie,https://www.remax.com.tn/listings/50
Cité Jardin Tunis Tunisie,,,,,Cité Jardin,8,,1700,1,,remax,,Cité Jardin Tunis Tunisie,https://www.remax.com.tn/listings/8
L'Aouina Tunis Tunisie,,,,,L'Aouina,33,,520000,2,,remax,,L'Aouina Tunis Tunisie,https://www.remax.com.tn/listings/33
Notre Dame Tunis Tunisie,,,,,Notre Dame,5,,5500,2,,remax,,Notre Dame Tunis Tunisie,https://www.remax.com.tn/listings/5
Gammarth Tunis Tunisie,,,,,Gammarth,6,,3000,2,,remax,,Gammarth Tunis Tunisie,https://www.remax.com.tn/listings/6
Gammarth Tunis Tunisie,,,,,Gammarth,7,,280000,2,,remax,,Gammarth Tunis Tunisie,https://www.remax.com.tn/listings/7
Carthage Byrsa Tunis Tunisie,,,,,Carthage Byrsa,30,,0,2,,remax,,Carthage Byrsa Tunis Tunisie,https://www.remax.com.tn/listings/30
Fouchana Ben Arous Tunisie,,,,,Fouchana,94,,940000,2,,remax,,Fouchana Ben Arous Tunisie,https://www.remax.com.tn/listings/94
Djerba - Midoun Djerba - Midoun Médenine Tunisie,,,,,Djerba - Midoun,13,,460000,2,,remax,,Djerba - Midoun Médenine Tunisie,https://www.remax.com.tn/listings/13
Hammam Lif Ben Arous Tunisie,,,,,Hammam Lif,93,,130000,1,,remax,,Hammam Lif Ben Arous Tunisie,https://www.remax.com.tn/listings/93
Centre Urbain Nord Ariana Tunisie,,,,,Centre Urbain Nord,32,,2500,2,,remax,2500,Centre Urbain Nord Ariana Tunisie,https://www.remax.com.tn/listings/32
Jardins d’El Menzah1 Tunis Tunisie,,,,,Jardins d’El Menzah1,16,,990000,1,,remax,,Jardins d’El Menzah1 Tunis Tunisie,https://www.remax.com.tn/listings/16
El Mourouj Ben Arous Tunisie,,,,,El Mourouj,203,,1350000,1,,remax,,El Mourouj Ben Arous Tunisie,https://www.remax.com.tn/listings/203
Tunis Centre Ville Tunis Tunisie,,,,,Tunis Centre Ville,23,,850000,2,,remax,,Tunis Centre Ville Tunis Tunisie,https://www.remax.com.tn/listings/23
Fouchana Ben Arous Tunisie,,,,,Fouchana,10,,3000,1,,remax,,Fouchana Ben Arous Tunisie,https://www.remax.com.tn/listings/10
Fouchana Ben Arous Tunisie,,,,,Fouchana,11,,3000,1,,remax,,Fouchana Ben Arous Tunisie,https://www.remax.com.tn/listings/11
Mnihla Ariana Tunisie,,,,,Mnihla,6,,30000,2,,remax,,Mnihla Ariana Tunisie,https://www.remax.com.tn/listings/6
Fouchana Ben Arous Tunisie,,,,,Fouchana,15,,0,1,,remax,,Fouchana Ben Arous Tunisie,https://www.remax.com.tn/listings/15
Fouchana Ben Arous Tunisie,,,,,Fouchana,14,,5525,1,,remax,,Fouchana Ben Arous Tunisie,https://www.remax.com.tn/listings/14
Fouchana Ben Arous Tunisie,,,,,Fouchana,13,,1500,1,,remax,,Fouchana Ben Arous Tunisie,https://www.remax.com.tn/listings/13
Fouchana Ben Arous Tunisie,,,,,Fouchana,12,,700,1,,remax,,Fouchana Ben Arous Tunisie,https://www.remax.com.tn/listings/12
Fouchana Ben Arous Tunisie,,,,,Fouchana,8,,8000,1,,remax,,Fouchana Ben Arous Tunisie,https://www.remax.com.tn/listings/8
El Mourouj Ben Arous Tunisie,,,,,El Mourouj,9,,26600,1,,remax,,El Mourouj Ben Arous Tunisie,https://www.remax.com.tn/listings/9
Bab El Bhar Tunis Tunisie,,,,,Bab El Bhar,7,,2619,2,,remax,,Bab El Bhar Tunis Tunisie,https://www.remax.com.tn/listings/7
La Soukra- La Soukra La Soukra Ariana Tunisie,,,,,La Soukra,7,,8700,1,,remax,,La Soukra Ariana Tunisie,https://www.remax.com.tn/listings/7
Lac 2 Cité Les Pins Tunis Tunisie,,,,,Lac 2 Cité Les Pins,289,,3500,2,,remax,,Lac 2 Cité Les Pins Tunis Tunisie,https://www.remax.com.tn/listings/289
Chotrana 1 La Soukra Ariana Tunisie,,,,,La Soukra,288,,530000,2,,remax,,La Soukra Ariana Tunisie,https://www.remax.com.tn/listings/288
Carthage Amilcar Tunis Tunisie,,,,,Carthage Amilcar,38,,2700,1,,remax,,Carthage Amilcar Tunis Tunisie,https://www.remax.com.tn/listings/38
Les Jardins du lac 2 Tunis Tunisie,,,,,Les Jardins du lac 2,36,,16000,2,,remax,,Les Jardins du lac 2 Tunis Tunisie,https://www.remax.com.tn/listings/36
Ain Zaghouan Tunis Tunisie,,,,,Ain Zaghouan,10,,1250,2,,remax,,Ain Zaghouan Tunis Tunisie,https://www.remax.com.tn/listings/10
Ain Zaghouan Tunis Tunisie,,,,,Ain Zaghouan,8,,1600,2,,remax,,Ain Zaghouan Tunis Tunisie,https://www.remax.com.tn/listings/8
La Soukra Ariana Tunisie,,,,,La Soukra,75,,1400,2,,remax,,La Soukra Ariana Tunisie,https://www.remax.com.tn/listings/75
Radès Plage 2040 Radès Ben Arous Tunisie,,,,,Radès,10,,2619,2,,remax,,Radès Ben Arous Tunisie,https://www.remax.com.tn/listings/10
Ain Zaghouan Tunis Tunisie,,,,,Ain Zaghouan,74,,1850,2,,remax,,Ain Zaghouan Tunis Tunisie,https://www.remax.com.tn/listings/74
Riadh Landalous Ariana Tunisie,,,,,Riadh Landalous,21,,900000,1,,remax,,Riadh Landalous Ariana Tunisie,https://www.remax.com.tn/listings/21
Riadh Landalous Ariana Tunisie,,,,,Riadh Landalous,30,,650000,2,,remax,,Riadh Landalous Ariana Tunisie,https://www.remax.com.tn/listings/30
El Manar 3 Tunis Tunisie,,,,,El Manar 3,160,,1800000,2,,remax,,El Manar 3 Tunis Tunisie,https://www.remax.com.tn/listings/160
Djerba - Houmt Souk Médenine Tunisie,,,,,Djerba - Houmt Souk,7,,170000,2,,remax,,Djerba - Houmt Souk Médenine Tunisie,https://www.remax.com.tn/listings/7
Ain Zaghouan Tunis Tunisie,,,,,Ain Zaghouan,23,,305000,2,,remax,,Ain Zaghouan Tunis Tunisie,https://www.remax.com.tn/listings/23
Lac 2 Cité Les Pins Tunis Tunisie,,,,,Lac 2 Cité Les Pins,25,,950000,2,,remax,,Lac 2 Cité Les Pins Tunis Tunisie,https://www.remax.com.tn/listings/25
Ain Zaghouan Tunis Tunisie,,,,,Ain Zaghouan,7,,630000,2,,remax,,Ain Zaghouan Tunis Tunisie,https://www.remax.com.tn/listings/7
Chotrana Ariana Tunisie,,,,,Chotrana,30,,1350000,2,,remax,,Chotrana Ariana Tunisie,https://www.remax.com.tn/listings/30
Chotrana Ariana Tunisie,,,,,Chotrana,31,,1350000,2,,remax,,Chotrana Ariana Tunisie,https://www.remax.com.tn/listings/31
Djerba - Houmt Souk Médenine Tunisie,,,,,Djerba - Houmt Souk,6,,590000,2,,remax,,Djerba - Houmt Souk Médenine Tunisie,https://www.remax.com.tn/listings/6
Djerba - Houmt Souk Médenine Tunisie,,,,,Djerba - Houmt Souk,5,,440000,2,,remax,,Djerba - Houmt Souk Médenine Tunisie,https://www.remax.com.tn/listings/5
Jardins de Carthage Tunis Tunisie,,,,,Jardins de Carthage,148,,1500,2,,remax,,Jardins de Carthage Tunis Tunisie,https://www.remax.com.tn/listings/148
Gammarth Tunis Tunisie,,,,,Gammarth,78,,6000,2,,remax,,Gammarth Tunis Tunisie,https://www.remax.com.tn/listings/78
Ezzahra Ben Arous Tunisie,,,,,Ezzahra,144,,250000,2,,remax,,Ezzahra Ben Arous Tunisie,https://www.remax.com.tn/listings/144
Ennasr 1-2 Ariana Tunisie,,,,,Ennasr 1-2,145,,1150000,2,,remax,,Ennasr 1-2 Ariana Tunisie,https://www.remax.com.tn/listings/145
Cité El Ghazala Ariana Tunisie,,,,,Cité El Ghazala,143,,750000,2,,remax,,Cité El Ghazala Ariana Tunisie,https://www.remax.com.tn/listings/143
Hammamet Nabeul Tunisie,,,,,Hammamet,68,,990000,2,,remax,,Hammamet Nabeul Tunisie,https://www.remax.com.tn/listings/68
Hammamet Nabeul Tunisie,,,,,Hammamet,81,,690000,2,,remax,,Hammamet Nabeul Tunisie,https://www.remax.com.tn/listings/81
Carthage Salambo Carthage Salambo Tunis Tunisie,,,,,Carthage Salambo,307,,2989,2,,remax,,Carthage Salambo Tunis Tunisie,https://www.remax.com.tn/listings/307
Borj Cedria Ben Arous Tunisie,,,,,Borj Cedria,317,,0,1,,remax,,Borj Cedria Ben Arous Tunisie,https://www.remax.com.tn/listings/317
Notre Dame Tunis Tunisie,,,,,Notre Dame,326,,0,2,,remax,,Notre Dame Tunis Tunisie,https://www.remax.com.tn/listings/326
Gammarth Tunis Tunisie,,,,,Gammarth,4,,2619,2,,remax,,Gammarth Tunis Tunisie,https://www.remax.com.tn/listings/4
Carthage Salambo Tunis Tunisie,,,,,Carthage Salambo,12,,2500000,2,,remax,,Carthage Salambo Tunis Tunisie,https://www.remax.com.tn/listings/12
Hammamet Sud Nabeul Tunisie,,,,,Hammamet Sud,13,,753600,2,,remax,,Hammamet Sud Nabeul Tunisie,https://www.remax.com.tn/listings/13
La Marsa Tunis Tunisie,,,,,La Marsa,4,,1600,2,,remax,,La Marsa Tunis Tunisie,https://www.remax.com.tn/listings/4
Gammarth Tunis Tunisie,,,,,Gammarth,6,,2700,2,,remax,,Gammarth Tunis Tunisie,https://www.remax.com.tn/listings/6
Riadh Landalous Ariana Tunisie,,,,,Riadh Landalous,3,,870000,2,,remax,,Riadh Landalous Ariana Tunisie,https://www.remax.com.tn/listings/3
1055 L'Aouina Tunis Tunisie,,,,,L'Aouina,14,,150000,1,,remax,,L'Aouina Tunis Tunisie,https://www.remax.com.tn/listings/14
Zone Industrielle du Kram (lac ind) Tunis Tunisie,,,,,Zone Industrielle du Kram (lac ind),21,,5000,1,,remax,,Zone Industrielle du Kram (lac ind) Tunis Tunisie,https://www.remax.com.tn/listings/21
La Soukra- La Soukra La Soukra Ariana Tunisie,,,,,La Soukra,12,,80000,1,,remax,,La Soukra Ariana Tunisie,https://www.remax.com.tn/listings/12
Chotrana Ariana Tunisie,,,,,Chotrana,13,,1350000,2,,remax,,Chotrana Ariana Tunisie,https://www.remax.com.tn/listings/13
Djerba - Houmt Souk Djerba - Houmt Souk Médenine Tunisie,,,,,Djerba - Houmt Souk,14,,260000,2,,remax,,Djerba - Houmt Souk Médenine Tunisie,https://www.remax.com.tn/listings/14
La Soukra Ariana Tunisie,,,,,La Soukra,127,,3200,2,,remax,3000,La Soukra Ariana Tunisie,https://www.remax.com.tn/listings/127
Djerba - Midoun Djerba - Midoun Médenine Tunisie,,,,,Djerba - Midoun,12,,320000,2,,remax,,Djerba - Midoun Médenine Tunisie,https://www.remax.com.tn/listings/12
La Soukra- La Soukra La Soukra Ariana Tunisie,,,,,La Soukra,3,,502000,2,,remax,,La Soukra Ariana Tunisie,https://www.remax.com.tn/listings/3
La Soukra- La Soukra La Soukra Ariana Tunisie,,,,,La Soukra,1,,862000,2,,remax,,La Soukra Ariana Tunisie,https://www.remax.com.tn/listings/1
Cité Sprols El Haouaria Nabeul Tunisie,,,,,El Haouaria,189,,250000,2,,remax,,El Haouaria Nabeul Tunisie,https://www.remax.com.tn/listings/189
Cité Riadh Cité Riadh 8090 Kélibia Nabeul Tunisie,,,,,Kélibia,218,,1250000,2,,remax,,Kélibia Nabeul Tunisie,https://www.remax.com.tn/listings/218
El Menzah 1 Tunis Tunisie,,,,,El Menzah 1,36,,1000000,2,,remax,,El Menzah 1 Tunis Tunisie,https://www.remax.com.tn/listings/36
L'Aouina Tunis Tunisie,,,,,L'Aouina,103,,1050,2,,remax,,L'Aouina Tunis Tunisie,https://www.remax.com.tn/listings/103
Nabeul Nabeul Tunisie,,,,,Nabeul,21,,1361350,2,,remax,,Nabeul Nabeul Tunisie,https://www.remax.com.tn/listings/21
La Manouba Manouba Tunisie,,,,,La Manouba,24,,430000,2,,remax,,La Manouba Manouba Tunisie,https://www.remax.com.tn/listings/24
Charguia 2 Ariana Tunisie,,,,,Charguia 2,27,,2500000,1,,remax,,Charguia 2 Ariana Tunisie,https://www.remax.com.tn/listings/27
El Omrane El Omrane Tunis Tunisie,,,,,El Omrane,28,,1050000,2,,remax,,El Omrane Tunis Tunisie,https://www.remax.com.tn/listings/28
Cherifate Soliman Nabeul Tunisie,,,,,Soliman,29,,2000000,1,,remax,,Soliman Nabeul Tunisie,https://www.remax.com.tn/listings/29
La Manouba Manouba Tunisie,,,,,La Manouba,32,,340000,2,,remax,,La Manouba Manouba Tunisie,https://www.remax.com.tn/listings/32
Hammamet Sud Nabeul Tunisie,,,,,Hammamet Sud,91,,1300000,2,,remax,,Hammamet Sud Nabeul Tunisie,https://www.remax.com.tn/listings/91
Hammamet Sud Nabeul Tunisie,,,,,Hammamet Sud,92,,0,2,,remax,,Hammamet Sud Nabeul Tunisie,https://www.remax.com.tn/listings/92
El Manar 3 Tunis Tunisie,,,,,El Manar 3,143,,4400,2,,remax,4000,El Manar 3 Tunis Tunisie,https://www.remax.com.tn/listings/143
Gammarth Tunis Tunisie,,,,,Gammarth,20,,3000,2,,remax,,Gammarth Tunis Tunisie,https://www.remax.com.tn/listings/20
1055 L'Aouina Tunis Tunisie,,,,,L'Aouina,2,,430000,2,,remax,,L'Aouina Tunis Tunisie,https://www.remax.com.tn/listings/2
L'Aouina Tunis Tunisie,,,,,L'Aouina,4,,135000,2,,remax,,L'Aouina Tunis Tunisie,https://www.remax.com.tn/listings/4
2060 Zone Industrielle du Kram (lac ind) Tunis Tunisie,,,,,Zone Industrielle du Kram (lac ind),101,,17100,1,,remax,15000,Zone Industrielle du Kram (lac ind) Tunis Tunisie,https://www.remax.com.tn/listings/101
Hammamet Nord Nabeul Tunisie,,,,,Hammamet Nord,76,,350000,2,,remax,,Hammamet Nord Nabeul Tunisie,https://www.remax.com.tn/listings/76
Kheireddine La Goulette Tunis Tunisie,,,,,La Goulette,67,,2100,2,,remax,,La Goulette Tunis Tunisie,https://www.remax.com.tn/listings/67
La Soukra- La Soukra La Soukra Ariana Tunisie,,,,,La Soukra,4,,245000,2,,remax,,La Soukra Ariana Tunisie,https://www.remax.com.tn/listings/4
El Menzah 5 Ariana Tunisie,,,,,El Menzah 5,11,,60000,1,,remax,,El Menzah 5 Ariana Tunisie,https://www.remax.com.tn/listings/11
Ezzahra Ben Arous Tunisie,,,,,Ezzahra,12,,950000,2,,remax,,Ezzahra Ben Arous Tunisie,https://www.remax.com.tn/listings/12
1053 Les berges du lac 1 Tunis Tunisie,,,,,Les berges du lac 1,4,,2500,1,,remax,,Les berges du lac 1 Tunis Tunisie,https://www.remax.com.tn/listings/4
La Marsa Tunis Tunisie,,,,,La Marsa,16,,6700,2,,remax,,La Marsa Tunis Tunisie,https://www.remax.com.tn/listings/16
La Marsa Tunis Tunisie,,,,,La Marsa,17,,6700,2,,remax,,La Marsa Tunis Tunisie,https://www.remax.com.tn/listings/17
La Marsa Tunis Tunisie,,,,,La Marsa,18,,2000,2,,remax,,La Marsa Tunis Tunisie,https://www.remax.com.tn/listings/18
Les berges du lac 1 Tunis Tunisie,,,,,Les berges du lac 1,3,,2500,1,,remax,,Les berges du lac 1 Tunis Tunisie,https://www.remax.com.tn/listings/3
La Soukra Ariana Tunisie,,,,,La Soukra,64,,2619,2,,remax,,La Soukra Ariana Tunisie,https://www.remax.com.tn/listings/64
La Soukra Ariana Tunisie,,,,,La Soukra,58,,1350,2,,remax,,La Soukra Ariana Tunisie,https://www.remax.com.tn/listings/58
Gammarth Tunis Tunisie,,,,,Gammarth,7,,1550,2,,remax,,Gammarth Tunis Tunisie,https://www.remax.com.tn/listings/7
Jardins de Carthage Tunis Tunisie,,,,,Jardins de Carthage,16,,2500,2,,remax,,Jardins de Carthage Tunis Tunisie,https://www.remax.com.tn/listings/16
La Marsa La Marsa Tunis Tunisie,,,,,La Marsa,73,,360000,2,,remax,,La Marsa Tunis Tunisie,https://www.remax.com.tn/listings/73
Centre Urbain Nord Ariana Tunisie,,,,,Centre Urbain Nord,159,,7500,1,,remax,,Centre Urbain Nord Ariana Tunisie,https://www.remax.com.tn/listings/159
Chotrana 1 La Soukra Ariana Tunisie,,,,,La Soukra,34,,400000,2,,remax,,La Soukra Ariana Tunisie,https://www.remax.com.tn/listings/34
Sidi Daoud Tunis Tunisie,,,,,Sidi Daoud,70,,990000,2,,remax,,Sidi Daoud Tunis Tunisie,https://www.remax.com.tn/listings/70
Cebalet Ben Ammar Sidi Thabet Ariana Tunisie,,,,,Sidi Thabet,47,,2619,2,,remax,,Sidi Thabet Ariana Tunisie,https://www.remax.com.tn/listings/47
Sidi Daoud Tunis Tunisie,,,,,Sidi Daoud,36,,4500,1,,remax,,Sidi Daoud Tunis Tunisie,https://www.remax.com.tn/listings/36
L'Aouina Tunis Tunisie,,,,,L'Aouina,18,,1400000,2,,remax,,L'Aouina Tunis Tunisie,https://www.remax.com.tn/listings/18
Ben Arous Ben Arous Tunisie,,,,,Ben Arous,19,,5525,2,,remax,,Ben Arous Ben Arous Tunisie,https://www.remax.com.tn/listings/19
Ennasr 1-2 Ariana Tunisie,,,,,Ennasr 1-2,287,,1700,2,,remax,,Ennasr 1-2 Ariana Tunisie,https://www.remax.com.tn/listings/287
Carthage Amilcar Tunis Tunisie,,,,,Carthage Amilcar,34,,2700,2,,remax,,Carthage Amilcar Tunis Tunisie,https://www.remax.com.tn/listings/34
Ezzahra Ben Arous Tunisie,,,,,Ezzahra,7,,350000,2,,remax,,Ezzahra Ben Arous Tunisie,https://www.remax.com.tn/listings/7
Mornag Mornag Ben Arous Tunisie,,,,,Mornag,8,,400000,2,,remax,,Mornag Ben Arous Tunisie,https://www.remax.com.tn/listings/8
El Menzah 5 Ariana Tunisie,,,,,El Menzah 5,1,,2619,1,,remax,,El Menzah 5 Ariana Tunisie,https://www.remax.com.tn/listings/1
Bizerte Nord Bizerte Nord Bizerte Tunisie,,,,,Bizerte Nord,201,,1100000,2,,remax,,Bizerte Nord Bizerte Tunisie,https://www.remax.com.tn/listings/201
Ain Zaghouan Tunis Tunisie,,,,,Ain Zaghouan,35,,515000,2,,remax,,Ain Zaghouan Tunis Tunisie,https://www.remax.com.tn/listings/35
Notre Dame Tunis Tunisie,,,,,Notre Dame,3,,5000,2,,remax,,Notre Dame Tunis Tunisie,https://www.remax.com.tn/listings/3
Sidi Daoud Tunis Tunisie,,,,,Sidi Daoud,69,,90000,1,,remax,,Sidi Daoud Tunis Tunisie,https://www.remax.com.tn/listings/69
La Soukra- La Soukra La Soukra Ariana Tunisie,,,,,La Soukra,5,,410000,2,,remax,,La Soukra Ariana Tunisie,https://www.remax.com.tn/listings/5
La Soukra- La Soukra La Soukra Ariana Tunisie,,,,,La Soukra,6,,547000,2,,remax,,La Soukra Ariana Tunisie,https://www.remax.com.tn/listings/6
Djerba - Midoun Médenine Tunisie,,,,,Djerba - Midoun,156,,1800,2,,remax,,Djerba - Midoun Médenine Tunisie,https://www.remax.com.tn/listings/156
Les Jardins du lac 2 Tunis Tunisie,,,,,Les Jardins du lac 2,2,,4000,2,,remax,,Les Jardins du lac 2 Tunis Tunisie,https://www.remax.com.tn/listings/2
La Soukra- La Soukra La Soukra Ariana Tunisie,,,,,La Soukra,68,,1250000,2,,remax,,La Soukra Ariana Tunisie,https://www.remax.com.tn/listings/68
Djerba - Houmt Souk Djerba - Houmt Souk Médenine Tunisie,,,,,Djerba - Houmt Souk,1,,100000,2,,remax,,Djerba - Houmt Souk Médenine Tunisie,https://www.remax.com.tn/listings/1
2015 Le Kram Tunis Tunisie,,,,,Le Kram,1,,10000,1,,remax,,Le Kram Tunis Tunisie,https://www.remax.com.tn/listings/1
L'Aouina Tunis Tunisie,,,,,L'Aouina,4,,1500,2,,remax,,L'Aouina Tunis Tunisie,https://www.remax.com.tn/listings/4
Djerba - Midoun Djerba - Midoun Médenine Tunisie,,,,,Djerba - Midoun,9,,185000,2,,remax,,Djerba - Midoun Médenine Tunisie,https://www.remax.com.tn/listings/9
La Marsa La Marsa Tunis Tunisie,,,,,La Marsa,75,,12000,2,,remax,,La Marsa Tunis Tunisie,https://www.remax.com.tn/listings/75
Gammarth Tunis Tunisie,,,,,Gammarth,142,,1350000,2,,remax,,Gammarth Tunis Tunisie,https://www.remax.com.tn/listings/142
- Sedghiane - Djerba - Houmt Souk Djerba - Houmt Souk Médenine Tunisie,,,,,Djerba - Houmt Souk,135,,750000,2,,remax,,Djerba - Houmt Souk Médenine Tunisie,https://www.remax.com.tn/listings/135
Gammarth Tunis Tunisie,,,,,Gammarth,23,,900000,2,,remax,,Gammarth Tunis Tunisie,https://www.remax.com.tn/listings/23
Jardins de Carthage Tunis Tunisie,,,,,Jardins de Carthage,39,,1039000,2,,remax,,Jardins de Carthage Tunis Tunisie,https://www.remax.com.tn/listings/39
Jardins de Carthage Tunis Tunisie,,,,,Jardins de Carthage,35,,1220000,2,,remax,,Jardins de Carthage Tunis Tunisie,https://www.remax.com.tn/listings/35
La Marsa Tunis Tunisie,,,,,La Marsa,47,,1490000,2,,remax,,La Marsa Tunis Tunisie,https://www.remax.com.tn/listings/47
La Marsa Tunis Tunisie,,,,,La Marsa,46,,1380000,2,,remax,,La Marsa Tunis Tunisie,https://www.remax.com.tn/listings/46
Jardins de Carthage Tunis Tunisie,,,,,Jardins de Carthage,38,,1888000,2,,remax,,Jardins de Carthage Tunis Tunisie,https://www.remax.com.tn/listings/38
La Marsa Tunis Tunisie,,,,,La Marsa,49,,1360000,2,,remax,,La Marsa Tunis Tunisie,https://www.remax.com.tn/listings/49
La Marsa Tunis Tunisie,,,,,La Marsa,50,,3727800,2,,remax,,La Marsa Tunis Tunisie,https://www.remax.com.tn/listings/50
Lac 3 Cité du Park Tunis Tunisie,,,,,Lac 3 Cité du Park,21,,2000,2,,remax,,Lac 3 Cité du Park Tunis Tunisie,https://www.remax.com.tn/listings/21
La Marsa Tunis Tunisie,,,,,La Marsa,1,,3000,1,,remax,,La Marsa Tunis Tunisie,https://www.remax.com.tn/listings/1
Tunis Centre Ville Tunis Tunisie,,,,,Tunis Centre Ville,39,,420000,1,,remax,,Tunis Centre Ville Tunis Tunisie,https://www.remax.com.tn/listings/39
La Soukra Ariana Tunisie,,,,,La Soukra,7,,240000,2,,remax,,La Soukra Ariana Tunisie,https://www.remax.com.tn/listings/7
El Manar 2 El Manar 2 Tunis Tunisie,,,,,El Manar 2,17,,270000,2,,remax,,El Manar 2 Tunis Tunisie,https://www.remax.com.tn/listings/17
Djerba - Houmt Souk 4156 Djerba - Houmt Souk Médenine Tunisie,,,,,Djerba - Houmt Souk,154,,2600,2,,remax,,Djerba - Houmt Souk Médenine Tunisie,https://www.remax.com.tn/listings/154
Djerba - Houmt Souk Médenine Tunisie,,,,,Djerba - Houmt Souk,155,,1800,2,,remax,,Djerba - Houmt Souk Médenine Tunisie,https://www.remax.com.tn/listings/155
La Marsa Tunis Tunisie,,,,,La Marsa,77,,3200,2,,remax,,La Marsa Tunis Tunisie,https://www.remax.com.tn/listings/77
Mer Meditérranée Raoued Raoued Ariana Tunisie,,,,,Raoued,24,,350000,2,,remax,,Raoued Ariana Tunisie,https://www.remax.com.tn/listings/24
El Omrane El Omrane Tunis Tunisie,,,,,El Omrane,42,,1200000,2,,remax,,El Omrane Tunis Tunisie,https://www.remax.com.tn/listings/42
RAFRAF RAFRAF Ras Jebel Bizerte Tunisie,,,,,Ras Jebel,73,,1400000,2,,remax,,Ras Jebel Bizerte Tunisie,https://www.remax.com.tn/listings/73
Djerba - Houmt Souk Médenine Tunisie,,,,,Djerba - Houmt Souk,3,,590000,2,,remax,,Djerba - Houmt Souk Médenine Tunisie,https://www.remax.com.tn/listings/3
Gammarth Tunis Tunisie,Gammarth Kaak,,,,Gammarth,4,,6000,2,,remax,,Gammarth Tunis Tunisie,https://www.remax.com.tn/listings/4
Zone Industrielle du Kram (lac ind) Tunis Tunisie,,,,,Zone Industrielle du Kram (lac ind),73,,19500,1,,remax,,Zone Industrielle du Kram (lac ind) Tunis Tunisie,https://www.remax.com.tn/listings/73
Gammarth Tunis Tunisie,Gammarth Supérieur,,,,Gammarth,2,,4200,2,,remax,,Gammarth Tunis Tunisie,https://www.remax.com.tn/listings/2
La Marsa Tunis Tunisie,,,,,La Marsa,1,,2700,2,,remax,,La Marsa Tunis Tunisie,https://www.remax.com.tn/listings/1
Djerba - Houmt Souk Médenine Tunisie,,,,,Djerba - Houmt Souk,102,,750000,2,,remax,,Djerba - Houmt Souk Médenine Tunisie,https://www.remax.com.tn/listings/102
Djerba - Houmt Souk Djerba - Houmt Souk Médenine Tunisie,,,,,Djerba - Houmt Souk,6,,340000,2,,remax,,Djerba - Houmt Souk Médenine Tunisie,https://www.remax.com.tn/listings/6
Djerba - Houmt Souk Djerba - Houmt Souk Médenine Tunisie,,,,,Djerba - Houmt Souk,5,,87500,2,,remax,,Djerba - Houmt Souk Médenine Tunisie,https://www.remax.com.tn/listings/5
Djerba - Houmt Souk Djerba - Houmt Souk Médenine Tunisie,,,,,Djerba - Houmt Souk,4,,570000,2,,remax,,Djerba - Houmt Souk Médenine Tunisie,https://www.remax.com.tn/listings/4
Djerba - Houmt Souk Médenine Tunisie,,,,,Djerba - Houmt Souk,2,,570000,1,,remax,,Djerba - Houmt Souk Médenine Tunisie,https://www.remax.com.tn/listings/2
Djerba - Houmt Souk Médenine Tunisie,,,,,Djerba - Houmt Souk,3,,130000,2,,remax,,Djerba - Houmt Souk Médenine Tunisie,https://www.remax.com.tn/listings/3
Jardins de Carthage Tunis Tunisie,,,,,Jardins de Carthage,152,,700000,2,,remax,,Jardins de Carthage Tunis Tunisie,https://www.remax.com.tn/listings/152
Carthage Byrsa Tunis Tunisie,,,,,Carthage Byrsa,3,,1700000,2,,remax,,Carthage Byrsa Tunis Tunisie,https://www.remax.com.tn/listings/3
El Menzah 6 Ariana Tunisie,,,,,El Menzah 6,146,,1550000,2,,remax,,El Menzah 6 Ariana Tunisie,https://www.remax.com.tn/listings/146
Les berges du lac 1 Tunis Tunisie,,,,,Les berges du lac 1,92,,867350,2,,remax,,Les berges du lac 1 Tunis Tunisie,https://www.remax.com.tn/listings/92
Kerkouane Kélibia Nabeul Tunisie,,,,,Kélibia,187,,520000,2,,remax,,Kélibia Nabeul Tunisie,https://www.remax.com.tn/listings/187
Montplaisir Tunis Tunisie,,,,,Montplaisir,284,,11000,1,,remax,,Montplaisir Tunis Tunisie,https://www.remax.com.tn/listings/284
Carthage Byrsa Carthage Byrsa Tunis Tunisie,,,,,Carthage Byrsa,156,,1600000,2,,remax,,Carthage Byrsa Tunis Tunisie,https://www.remax.com.tn/listings/156
Les Jardins du lac 2 Tunis Tunisie,,,,,Les Jardins du lac 2,208,,16000,2,,remax,,Les Jardins du lac 2 Tunis Tunisie,https://www.remax.com.tn/listings/208
La Marsa La Marsa Tunis Tunisie,,,,,La Marsa,225,,2000,2,,remax,,La Marsa Tunis Tunisie,https://www.remax.com.tn/listings/225
La Soukra Ariana Tunisie,,,,,La Soukra,8,,463000,2,,remax,,La Soukra Ariana Tunisie,https://www.remax.com.tn/listings/8
La Soukra Ariana Tunisie,,,,,La Soukra,7,,474000,2,,remax,,La Soukra Ariana Tunisie,https://www.remax.com.tn/listings/7
Jardins de Carthage Tunis Tunisie,,,,,Jardins de Carthage,21,,2150,2,,remax,,Jardins de Carthage Tunis Tunisie,https://www.remax.com.tn/listings/21
Chott mariem Sousse Tunisie,,,,,Chott mariem,2,,1000,2,,remax,,Chott mariem Sousse Tunisie,https://www.remax.com.tn/listings/2
Chott mariem Sousse Tunisie,,,,,Chott mariem,33,,1000,2,,remax,,Chott mariem Sousse Tunisie,https://www.remax.com.tn/listings/33
Chotrana Ariana Tunisie,,,,,Chotrana,28,,850000,2,,remax,,Chotrana Ariana Tunisie,https://www.remax.com.tn/listings/28
Ennasr 1-2 Ariana Tunisie,,,,,Ennasr 1-2,13,,320000,2,,remax,,Ennasr 1-2 Ariana Tunisie,https://www.remax.com.tn/listings/13
Fouchana Ben Arous Tunisie,,,,,Fouchana,19,,1213120,2,,remax,,Fouchana Ben Arous Tunisie,https://www.remax.com.tn/listings/19
Sousse corniche Sousse Tunisie,,,,,Sousse corniche,31,,1300,2,,remax,,Sousse corniche Sousse Tunisie,https://www.remax.com.tn/listings/31
Lac 2 Cité Les Pins Tunis Tunisie,,,,,Lac 2 Cité Les Pins,15,,2620,2,,remax,,Lac 2 Cité Les Pins Tunis Tunisie,https://www.remax.com.tn/listings/15
Oued Ellil Manouba Tunisie,,,,,Oued Ellil,37,,350000,2,,remax,,Oued Ellil Manouba Tunisie,https://www.remax.com.tn/listings/37
Ain Zaghouan Tunis Tunisie,,,,,Ain Zaghouan,36,,4800,1,,remax,,Ain Zaghouan Tunis Tunisie,https://www.remax.com.tn/listings/36
Rue de l'environnement - Coté café Barista - Cité Riadh 8090 Kélibia Nabeul Tunisie,,,,,Kélibia,182,,220000,2,,remax,,Kélibia Nabeul Tunisie,https://www.remax.com.tn/listings/182
Kélibia Nabeul Tunisie,Mansoura,,,,Kélibia,217,,1600000,2,,remax,,Kélibia Nabeul Tunisie,https://www.remax.com.tn/listings/217
Ain Zaghouan Tunis Tunisie,,,,,Ain Zaghouan,34,,386000,2,,remax,,Ain Zaghouan Tunis Tunisie,https://www.remax.com.tn/listings/34
Raoued Ariana Tunisie,,,,,Raoued,34,,650,2,,remax,,Raoued Ariana Tunisie,https://www.remax.com.tn/listings/34
Raoued Ariana Tunisie,,,,,Raoued,33,,700,2,,remax,,Raoued Ariana Tunisie,https://www.remax.com.tn/listings/33
Rue Corniche - La Marsa - 8090 Kélibia Nabeul Tunisie,,,,,Kélibia,167,,650000,2,,remax,,Kélibia Nabeul Tunisie,https://www.remax.com.tn/listings/167
Ain Zaghouan Tunis Tunisie,,,,,Ain Zaghouan,36,,1500,2,,remax,,Ain Zaghouan Tunis Tunisie,https://www.remax.com.tn/listings/36
SIDI THABET Jabbes Sidi Thabet Ariana Tunisie,,,,,Sidi Thabet,72,,199000,2,,remax,,Sidi Thabet Ariana Tunisie,https://www.remax.com.tn/listings/72
L'Aouina Tunis Tunisie,,,,,L'Aouina,26,,1100,2,,remax,1050,L'Aouina Tunis Tunisie,https://www.remax.com.tn/listings/26
L'Aouina Tunis Tunisie,,,,,L'Aouina,25,,1100,2,,remax,,L'Aouina Tunis Tunisie,https://www.remax.com.tn/listings/25
L'Aouina Tunis Tunisie,,,,,L'Aouina,22,,1100,2,,remax,,L'Aouina Tunis Tunisie,https://www.remax.com.tn/listings/22
El Manar 1 Tunis Tunisie,,,,,El Manar 1,80,,0,2,,remax,,El Manar 1 Tunis Tunisie,https://www.remax.com.tn/listings/80
Khezama Sousse Tunisie,,,,,Khezama,30,,1500,2,,remax,,Khezama Sousse Tunisie,https://www.remax.com.tn/listings/30
Cité El Ghazala Ariana Tunisie,,,,,Cité El Ghazala,58,,234600,2,,remax,,Cité El Ghazala Ariana Tunisie,https://www.remax.com.tn/listings/58
Borj Louzir Ariana Tunisie,,,,,Borj Louzir,87,,310000,2,,remax,,Borj Louzir Ariana Tunisie,https://www.remax.com.tn/listings/87
Korba Korba Nabeul Tunisie,,,,,Korba,198,,790000,2,,remax,,Korba Nabeul Tunisie,https://www.remax.com.tn/listings/198
Cité Rafaha Mnihla Ariana Tunisie,,,,,Mnihla,14,,380000,2,,remax,,Mnihla Ariana Tunisie,https://www.remax.com.tn/listings/14
Ennasr 1-2 Ariana Tunisie,,,,,Ennasr 1-2,15,,1300,2,,remax,,Ennasr 1-2 Ariana Tunisie,https://www.remax.com.tn/listings/15
Rue damas Borj Cedria Ben Arous Tunisie,,,,,Borj Cedria,4,,235000,2,,remax,,Borj Cedria Ben Arous Tunisie,https://www.remax.com.tn/listings/4
Hammamet Nord Nabeul Tunisie,,,,,Hammamet Nord,84,,6981000,2,,remax,,Hammamet Nord Nabeul Tunisie,https://www.remax.com.tn/listings/84
Village Mediterranée Radès Ben Arous Tunisie,,,,,Radès,8,,160000,2,,remax,,Radès Ben Arous Tunisie,https://www.remax.com.tn/listings/8
Cité Jardin Tunis Tunisie,,,,,Cité Jardin,60,,6000,1,,remax,,Cité Jardin Tunis Tunisie,https://www.remax.com.tn/listings/60
Tunis Belvédère Tunis Tunisie,,,,,Tunis Belvédère,13,,330000,2,,remax,,Tunis Belvédère Tunis Tunisie,https://www.remax.com.tn/listings/13
Le Bardo Tunis Tunisie,,,,,Le Bardo,8,,1200,1,,remax,,Le Bardo Tunis Tunisie,https://www.remax.com.tn/listings/8
Centre Urbain Nord Ariana Tunisie,,,,,Centre Urbain Nord,155,,12000,1,,remax,,Centre Urbain Nord Ariana Tunisie,https://www.remax.com.tn/listings/155
Ain Zaghouan Tunis Tunisie,,,,,Ain Zaghouan,34,,285000,2,,remax,,Ain Zaghouan Tunis Tunisie,https://www.remax.com.tn/listings/34
Mégrine Ben Arous Tunisie,,,,,Mégrine,216,,5525,2,,remax,,Mégrine Ben Arous Tunisie,https://www.remax.com.tn/listings/216
Kairouan Nord Kairouan Nord Kairouan Tunisie,,,,,Kairouan Nord,57,,169000,2,,remax,,Kairouan Nord Kairouan Tunisie,https://www.remax.com.tn/listings/57
Djerba - Midoun Médenine Tunisie,tezdaine,,,,Djerba - Midoun,137,,950000,2,,remax,,Djerba - Midoun Médenine Tunisie,https://www.remax.com.tn/listings/137
Chotrana Ariana Tunisie,,,,,Chotrana,6,,720000,2,,remax,,Chotrana Ariana Tunisie,https://www.remax.com.tn/listings/6
Ain Zaghouan Tunis Tunisie,,,,,Ain Zaghouan,5,,2700,2,,remax,,Ain Zaghouan Tunis Tunisie,https://www.remax.com.tn/listings/5
Ennasr 1-2 Ariana Tunisie,,,,,Ennasr 1-2,4,,2000,2,,remax,,Ennasr 1-2 Ariana Tunisie,https://www.remax.com.tn/listings/4
La Manouba Manouba Tunisie,Tarak Ibn Zied,,,,La Manouba,70,,670000,2,,remax,,La Manouba Manouba Tunisie,https://www.remax.com.tn/listings/70
La Soukra Ariana Tunisie,,,,,La Soukra,31,,1500000,2,,remax,,La Soukra Ariana Tunisie,https://www.remax.com.tn/listings/31
Jardins de Carthage Tunis Tunisie,,,,,Jardins de Carthage,32,,790000,2,,remax,,Jardins de Carthage Tunis Tunisie,https://www.remax.com.tn/listings/32
Lac 2 Cité Les Pins Tunis Tunisie,,,,,Lac 2 Cité Les Pins,1,,1900,2,,remax,,Lac 2 Cité Les Pins Tunis Tunisie,https://www.remax.com.tn/listings/1
Le Bardo Tunis Tunisie,,,,,Le Bardo,7,,1168000,2,,remax,,Le Bardo Tunis Tunisie,https://www.remax.com.tn/listings/7
Sidi Daoud Tunis Tunisie,,,,,Sidi Daoud,13,,3500,2,,remax,,Sidi Daoud Tunis Tunisie,https://www.remax.com.tn/listings/13
Jinene Beni Khiar Béni Khiar Nabeul Tunisie,Lotissement Makni,,,,Béni Khiar,215,,1480000,2,,remax,,Béni Khiar Nabeul Tunisie,https://www.remax.com.tn/listings/215
Tunis Belvédère El Menzah Tunis Tunisie,,,,,El Menzah,33,,3500,1,,remax,,El Menzah Tunis Tunisie,https://www.remax.com.tn/listings/33
Ghardaya Sedouikech - Route El Kantara vers Aghir - Djerba - Midoun Djerba - Midoun Médenine Tunisie,,,,,Djerba - Midoun,126,,664290,2,,remax,,Djerba - Midoun Médenine Tunisie,https://www.remax.com.tn/listings/126
- Beni Maâguel - Djerba - Midoun Djerba - Midoun Médenine Tunisie,,,,,Djerba - Midoun,72,,120000,2,,remax,,Djerba - Midoun Médenine Tunisie,https://www.remax.com.tn/listings/72
- Mezraya - Djerba - Houmt Souk Djerba - Houmt Souk Médenine Tunisie,,,,,Djerba - Houmt Souk,116,,150000,2,,remax,,Djerba - Houmt Souk Médenine Tunisie,https://www.remax.com.tn/listings/116
Djerba - Houmt Souk Djerba - Houmt Souk Médenine Tunisie,,,,,Djerba - Houmt Souk,38,,540000,2,,remax,,Djerba - Houmt Souk Médenine Tunisie,https://www.remax.com.tn/listings/38
ELMGUERSSA - Midoun - Djerba - Midoun 4116 Djerba - Midoun Médenine Tunisie,,,,,Djerba - Midoun,11,,330000,2,,remax,,Djerba - Midoun Médenine Tunisie,https://www.remax.com.tn/listings/11
Mutuelle ville Mutuelle Ville Tunis Tunisie,,,,,Mutuelle Ville,76,,3800,2,,remax,,Mutuelle Ville Tunis Tunisie,https://www.remax.com.tn/listings/76
L'Aouina Tunis Tunisie,,,,,L'Aouina,392,,280000,1,,remax,,L'Aouina Tunis Tunisie,https://www.remax.com.tn/listings/392
Djerba - Midoun Médenine Tunisie,,,,,Djerba - Midoun,153,,3000,2,,remax,,Djerba - Midoun Médenine Tunisie,https://www.remax.com.tn/listings/153
Les Jardins du lac 2 Tunis Tunisie,,,,,Les Jardins du lac 2,102,,3000,1,,remax,,Les Jardins du lac 2 Tunis Tunisie,https://www.remax.com.tn/listings/102
saint gobain Mégrine Ben Arous Tunisie,Mégrine,,,,Mégrine,17,,2619,1,,remax,,Mégrine Ben Arous Tunisie,https://www.remax.com.tn/listings/17
1082 Cité Mahrajene Tunis Tunisie,,,,,Cité Mahrajene,14,,6500,1,,remax,,Cité Mahrajene Tunis Tunisie,https://www.remax.com.tn/listings/14
Mnihla Ariana Tunisie,,,,,Mnihla,18,,80000,1,,remax,,Mnihla Ariana Tunisie,https://www.remax.com.tn/listings/18
El Menzah 4 Tunis Tunisie,,,,,El Menzah 4,13,,3000,1,,remax,,El Menzah 4 Tunis Tunisie,https://www.remax.com.tn/listings/13
Zone Industrielle El Meghira Fouchana Ben Arous Tunisie,,,,,Fouchana,154,,3350000,1,,remax,,Fouchana Ben Arous Tunisie,https://www.remax.com.tn/listings/154
Cité Riadh 8090 Kélibia Nabeul Tunisie,,,,,Kélibia,214,,350000,2,,remax,,Kélibia Nabeul Tunisie,https://www.remax.com.tn/listings/214
Chorfech Sidi Thabet Ariana Tunisie,,,,,Sidi Thabet,32,,330000,2,,remax,,Sidi Thabet Ariana Tunisie,https://www.remax.com.tn/listings/32
8090 Kélibia Nabeul Tunisie,,,,,Kélibia,205,,990000,2,,remax,,Kélibia Nabeul Tunisie,https://www.remax.com.tn/listings/205
Djerba - Midoun Djerba - Midoun Médenine Tunisie,,,,,Djerba - Midoun,131,,530000,2,,remax,,Djerba - Midoun Médenine Tunisie,https://www.remax.com.tn/listings/131
La Soukra Ariana Tunisie,,,,,La Soukra,72,,275000,2,,remax,,La Soukra Ariana Tunisie,https://www.remax.com.tn/listings/72
Les Jardins du lac 2 Tunis Tunisie,,,,,Les Jardins du lac 2,102,,3488,1,,remax,10000,Les Jardins du lac 2 Tunis Tunisie,https://www.remax.com.tn/listings/102
El Menzah 4 El Menzah 4 Tunis Tunisie,,,,,El Menzah 4,12,,15000,1,,remax,,El Menzah 4 Tunis Tunisie,https://www.remax.com.tn/listings/12
Zone Touristique - Midoun - Djerba - Midoun Djerba - Midoun Médenine Tunisie,,,,,Djerba - Midoun,97,,425000,2,,remax,,Djerba - Midoun Médenine Tunisie,https://www.remax.com.tn/listings/97
- Fetou - Djerba - Houmt Souk Djerba - Houmt Souk Médenine Tunisie,,,,,Djerba - Houmt Souk,85,,650000,2,,remax,,Djerba - Houmt Souk Médenine Tunisie,https://www.remax.com.tn/listings/85
Ain Zaghouan Tunis Tunisie,,,,,Ain Zaghouan,599,,920000,1,,remax,,Ain Zaghouan Tunis Tunisie,https://www.remax.com.tn/listings/599
Zone Industrielle du Kram (lac ind) Tunis Tunisie,,,,,Zone Industrielle du Kram (lac ind),641,,200,1,,remax,,Zone Industrielle du Kram (lac ind) Tunis Tunisie,https://www.remax.com.tn/listings/641
Rue Habib Achour Les berges du lac 1 Tunis Tunisie,,,,,Les berges du lac 1,657,,36000,1,,remax,,Les berges du lac 1 Tunis Tunisie,https://www.remax.com.tn/listings/657
Jardins de Carthage Tunis Tunisie,,,,,Jardins de Carthage,41,,733000,2,,remax,,Jardins de Carthage Tunis Tunisie,https://www.remax.com.tn/listings/41
Jardins de Carthage Tunis Tunisie,,,,,Jardins de Carthage,40,,1033000,2,,remax,,Jardins de Carthage Tunis Tunisie,https://www.remax.com.tn/listings/40
Mornag Ben Arous Tunisie,,,,,Mornag,11,,1200000,2,,remax,1088888,Mornag Ben Arous Tunisie,https://www.remax.com.tn/listings/11
La Soukra- La Soukra La Soukra Ariana Tunisie,,,,,La Soukra,2,,312000,2,,remax,,La Soukra Ariana Tunisie,https://www.remax.com.tn/listings/2
Djerba - Midoun Médenine Tunisie,,,,,Djerba - Midoun,151,,2000,2,,remax,,Djerba - Midoun Médenine Tunisie,https://www.remax.com.tn/listings/151
Dar Fadhal- La Soukra La Soukra Ariana Tunisie,SOUKRA PARC,,,,La Soukra,9,,721200,2,,remax,,La Soukra Ariana Tunisie,https://www.remax.com.tn/listings/9
La Manouba Manouba Tunisie,COMPLEXE SPORTIF SAIDA SASSI,,,,La Manouba,21,,5525,2,,remax,,La Manouba Manouba Tunisie,https://www.remax.com.tn/listings/21
Djerba - Midoun Médenine Tunisie,,,,,Djerba - Midoun,149,,800,1,,remax,,Djerba - Midoun Médenine Tunisie,https://www.remax.com.tn/listings/149
Kélibia Nabeul Tunisie,,,,,Kélibia,213,,320000,2,,remax,,Kélibia Nabeul Tunisie,https://www.remax.com.tn/listings/213
El Menzah 9 1013 El Menzah 9 Tunis Tunisie,,,,,El Menzah 9,126,,1650000,2,,remax,,El Menzah 9 Tunis Tunisie,https://www.remax.com.tn/listings/126
Kélibia Nabeul Tunisie,,,,,Kélibia,211,,650000,2,,remax,,Kélibia Nabeul Tunisie,https://www.remax.com.tn/listings/211
Dar Allouche Nabeul Tunisie,,,,,Dar Allouche,177,,400000,2,,remax,,Dar Allouche Nabeul Tunisie,https://www.remax.com.tn/listings/177
Béni Khiar Nabeul Tunisie,,,,,Béni Khiar,173,,935000,2,,remax,,Béni Khiar Nabeul Tunisie,https://www.remax.com.tn/listings/173
Plage Kerkouane - Site archéologique - Kerkouane Kélibia Nabeul Tunisie,,,,,Kélibia,176,,750000,2,,remax,,Kélibia Nabeul Tunisie,https://www.remax.com.tn/listings/176
Tamezrat - Colline de Tamzrat - Hammam Ghezèze Nabeul Tunisie,,,,,Hammam Ghezèze,185,,1300000,2,,remax,,Hammam Ghezèze Nabeul Tunisie,https://www.remax.com.tn/listings/185
La Marsa Tunis Tunisie,,,,,La Marsa,19,,1300,2,,remax,,La Marsa Tunis Tunisie,https://www.remax.com.tn/listings/19
Djerba - Midoun Médenine Tunisie,,,,,Djerba - Midoun,124,,280000,2,,remax,,Djerba - Midoun Médenine Tunisie,https://www.remax.com.tn/listings/124
Djerba - Houmt Souk Djerba - Houmt Souk Médenine Tunisie,,,,,Djerba - Houmt Souk,130,,140000,2,,remax,,Djerba - Houmt Souk Médenine Tunisie,https://www.remax.com.tn/listings/130
La Marsa Tunis Tunisie,,,,,La Marsa,63,,360000,1,,remax,,La Marsa Tunis Tunisie,https://www.remax.com.tn/listings/63
La Soukra Ariana Tunisie,,,,,La Soukra,72,,1100000,2,,remax,,La Soukra Ariana Tunisie,https://www.remax.com.tn/listings/72
Tunis Belvédère Tunis Tunisie,,,,,Tunis Belvédère,79,,3488,1,,remax,,Tunis Belvédère Tunis Tunisie,https://www.remax.com.tn/listings/79
La Nouvelle Soukra La Soukra Ariana Tunisie,,,,,La Soukra,39,,1000,2,,remax,,La Soukra Ariana Tunisie,https://www.remax.com.tn/listings/39
La Nouvelle Soukra La Soukra Ariana Tunisie,,,,,La Soukra,38,,255000,2,,remax,,La Soukra Ariana Tunisie,https://www.remax.com.tn/listings/38
Jardins de Carthage Tunis Tunisie,,,,,Jardins de Carthage,13,,2500,2,,remax,,Jardins de Carthage Tunis Tunisie,https://www.remax.com.tn/listings/13
La Soukra Ariana Tunisie,,,,,La Soukra,9,,420000,2,,remax,,La Soukra Ariana Tunisie,https://www.remax.com.tn/listings/9
Bir Bouregba Hammamet Nabeul Tunisie,,,,,Hammamet,159,,75180,2,,remax,,Hammamet Nabeul Tunisie,https://www.remax.com.tn/listings/159
Bir Bouregba 8050 Hammamet Nabeul Tunisie,,,,,Hammamet,158,,52500,2,,remax,,Hammamet Nabeul Tunisie,https://www.remax.com.tn/listings/158
Bir Bouregba Hammamet Nabeul Tunisie,,,,,Hammamet,161,,99120,2,,remax,,Hammamet Nabeul Tunisie,https://www.remax.com.tn/listings/161
Bir Bouregba Hammamet Nabeul Tunisie,,,,,Hammamet,162,,90230,2,,remax,,Hammamet Nabeul Tunisie,https://www.remax.com.tn/listings/162
Bir Bouregba Hammamet Nabeul Tunisie,,,,,Hammamet,160,,56980,2,,remax,,Hammamet Nabeul Tunisie,https://www.remax.com.tn/listings/160
Bir Bouregba Hammamet Nabeul Tunisie,,,,,Hammamet,163,,120050,2,,remax,,Hammamet Nabeul Tunisie,https://www.remax.com.tn/listings/163
Les berges du lac 1 Tunis Tunisie,,,,,Les berges du lac 1,2,,2000,1,,remax,,Les berges du lac 1 Tunis Tunisie,https://www.remax.com.tn/listings/2
4045 Chott mariem Sousse Tunisie,,,,,Chott mariem,23,,900,2,,remax,,Chott mariem Sousse Tunisie,https://www.remax.com.tn/listings/23
Tunis Centre Ville Tunis Tunisie,Montfeury,,,,Tunis Centre Ville,2,,1500000,2,,remax,,Tunis Centre Ville Tunis Tunisie,https://www.remax.com.tn/listings/2
Houmet - Jwamaâ - Chiraâ - Djerba - Houmt Souk Djerba - Houmt Souk Médenine Tunisie,,,,,Djerba - Houmt Souk,113,,750000,2,,remax,,Djerba - Houmt Souk Médenine Tunisie,https://www.remax.com.tn/listings/113
- Tezdaîne - Djerba - Midoun Djerba - Midoun Médenine Tunisie,,,,,Djerba - Midoun,111,,1500000,2,,remax,,Djerba - Midoun Médenine Tunisie,https://www.remax.com.tn/listings/111
- Arkou - Djerba - Midoun Djerba - Midoun Médenine Tunisie,Arkou,,,,Djerba - Midoun,117,,350000,2,,remax,,Djerba - Midoun Médenine Tunisie,https://www.remax.com.tn/listings/117
- Tezdaine - Djerba - Midoun Médenine Tunisie,,,,,Djerba - Midoun,125,,860000,2,,remax,,Djerba - Midoun Médenine Tunisie,https://www.remax.com.tn/listings/125
Sidi Sofien - Midoun - Djerba - Midoun Djerba - Midoun Médenine Tunisie,,,,,Djerba - Midoun,104,,745000,2,,remax,,Djerba - Midoun Médenine Tunisie,https://www.remax.com.tn/listings/104
MER MEDITERRANEE - Résidence les FLAMANTS ROSES - Cité des Juges Raoued Ariana Tunisie,,,,,Raoued,31,,142560,2,,remax,,Raoued Ariana Tunisie,https://www.remax.com.tn/listings/31
Hammam Ghezèze Nabeul Tunisie,,,,,Hammam Ghezèze,212,,280000,2,,remax,,Hammam Ghezèze Nabeul Tunisie,https://www.remax.com.tn/listings/212
Jardins de Carthage Tunis Tunisie,,,,,Jardins de Carthage,37,,2600,2,,remax,,Jardins de Carthage Tunis Tunisie,https://www.remax.com.tn/listings/37
Riadh Landalous Ariana Tunisie,,,,,Riadh Landalous,23,,6139600,2,,remax,,Riadh Landalous Ariana Tunisie,https://www.remax.com.tn/listings/23
Riadh Landalous Ariana Tunisie,,,,,Riadh Landalous,22,,2984800,2,,remax,,Riadh Landalous Ariana Tunisie,https://www.remax.com.tn/listings/22
Jardins de Carthage Tunis Tunisie,,,,,Jardins de Carthage,13,,2200,2,,remax,,Jardins de Carthage Tunis Tunisie,https://www.remax.com.tn/listings/13
L'Aouina Tunis Tunisie,,,,,L'Aouina,21,,900,2,,remax,,L'Aouina Tunis Tunisie,https://www.remax.com.tn/listings/21
Jardins de Carthage Tunis Tunisie,,,,,Jardins de Carthage,240,,980000,2,,remax,,Jardins de Carthage Tunis Tunisie,https://www.remax.com.tn/listings/240
Sidi Daoud Tunis Tunisie,,,,,Sidi Daoud,10,,1950,2,,remax,,Sidi Daoud Tunis Tunisie,https://www.remax.com.tn/listings/10
Sidi Bou Said Tunis Tunisie,,,,,Sidi Bou Said,17,,4000,2,,remax,,Sidi Bou Said Tunis Tunisie,https://www.remax.com.tn/listings/17
La Marsa Tunis Tunisie,,,,,La Marsa,18,,1800,2,,remax,,La Marsa Tunis Tunisie,https://www.remax.com.tn/listings/18
Djerba - Houmt Souk 4180 Djerba - Houmt Souk Médenine Tunisie,beni bandou,,,,Djerba - Houmt Souk,135,,840000,2,,remax,,Djerba - Houmt Souk Médenine Tunisie,https://www.remax.com.tn/listings/135
4180 Djerba - Houmt Souk Médenine Tunisie,beni bandou,,,,Djerba - Houmt Souk,134,,690000,2,,remax,,Djerba - Houmt Souk Médenine Tunisie,https://www.remax.com.tn/listings/134
Route de la plage Chatt Gebli El Haouaria Nabeul Tunisie,,,,,El Haouaria,210,,950000,2,,remax,,El Haouaria Nabeul Tunisie,https://www.remax.com.tn/listings/210
La Soukra- La Soukra La Soukra Ariana Tunisie,,,,,La Soukra,14,,690000,2,,remax,,La Soukra Ariana Tunisie,https://www.remax.com.tn/listings/14
Le Bardo Tunis Tunisie,,,,,Le Bardo,11,,880000,2,,remax,,Le Bardo Tunis Tunisie,https://www.remax.com.tn/listings/11
Khaznadar 2000 Le Bardo Tunis Tunisie,,,,,Le Bardo,12,,850000,2,,remax,,Le Bardo Tunis Tunisie,https://www.remax.com.tn/listings/12
- Sedghiane - Djerba - Houmt Souk Djerba - Houmt Souk Médenine Tunisie,,,,,Djerba - Houmt Souk,129,,1200000,2,,remax,,Djerba - Houmt Souk Médenine Tunisie,https://www.remax.com.tn/listings/129
Djerba - Midoun Médenine Tunisie,,,,,Djerba - Midoun,121,,275000,2,,remax,,Djerba - Midoun Médenine Tunisie,https://www.remax.com.tn/listings/121
- Ajim - Djerba - Ajim Djerba - Ajim Médenine Tunisie,,,,,Djerba - Ajim,122,,500000,2,,remax,,Djerba - Ajim Médenine Tunisie,https://www.remax.com.tn/listings/122
Les berges du lac 1 Tunis Tunisie,,,,,Les berges du lac 1,89,,2200,2,,remax,,Les berges du lac 1 Tunis Tunisie,https://www.remax.com.tn/listings/89
Les Jardins du lac 2 Tunis Tunisie,,,,,Les Jardins du lac 2,30,,12000,2,,remax,,Les Jardins du lac 2 Tunis Tunisie,https://www.remax.com.tn/listings/30
Les Jardins du lac 2 Tunis Tunisie,,,,,Les Jardins du lac 2,29,,8000,2,,remax,,Les Jardins du lac 2 Tunis Tunisie,https://www.remax.com.tn/listings/29
Ennasr 1-2 Ariana Tunisie,,,,,Ennasr 1-2,281,,205000,2,,remax,,Ennasr 1-2 Ariana Tunisie,https://www.remax.com.tn/listings/281
Les Jardins du lac 2 Tunis Tunisie,,,,,Les Jardins du lac 2,31,,450000,1,,remax,,Les Jardins du lac 2 Tunis Tunisie,https://www.remax.com.tn/listings/31
Les berges du lac 1 Tunis Tunisie,,,,,Les berges du lac 1,52,,3150,1,,remax,,Les berges du lac 1 Tunis Tunisie,https://www.remax.com.tn/listings/52
El Mourouj El Mourouj Ben Arous Tunisie,,,,,El Mourouj,69,,5525,2,,remax,,El Mourouj Ben Arous Tunisie,https://www.remax.com.tn/listings/69
Sidi Daoud Tunis Tunisie,,,,,Sidi Daoud,64,,1800,2,,remax,,Sidi Daoud Tunis Tunisie,https://www.remax.com.tn/listings/64
El Menzah 1 Tunis Tunisie,,,,,El Menzah 1,131,,3488,2,,remax,,El Menzah 1 Tunis Tunisie,https://www.remax.com.tn/listings/131
Hammamet Sud Nabeul Tunisie,,,,,Hammamet Sud,88,,490000,2,,remax,,Hammamet Sud Nabeul Tunisie,https://www.remax.com.tn/listings/88
Alain Savary Tunis Tunisie,,,,,Alain Savary,22,,1560,1,,remax,,Alain Savary Tunis Tunisie,https://www.remax.com.tn/listings/22
Lac 3 Cité du Park Tunis Tunisie,,,,,Lac 3 Cité du Park,45,,5500,1,,remax,,Lac 3 Cité du Park Tunis Tunisie,https://www.remax.com.tn/listings/45
Chbabia Djerba - Midoun Médenine Tunisie,,,,,Djerba - Midoun,142,,1100000,2,,remax,,Djerba - Midoun Médenine Tunisie,https://www.remax.com.tn/listings/142
Zone touristique Djerba - Midoun Médenine Tunisie,,,,,Djerba - Midoun,143,,339055,2,,remax,,Djerba - Midoun Médenine Tunisie,https://www.remax.com.tn/listings/143
Gammarth Tunis Tunisie,,,,,Gammarth,78,,800000,2,,remax,,Gammarth Tunis Tunisie,https://www.remax.com.tn/listings/78
El Menzah 9 Tunis Tunisie,,,,,El Menzah 9,199,,1700000,2,,remax,,El Menzah 9 Tunis Tunisie,https://www.remax.com.tn/listings/199
Les berges du lac 1 Tunis Tunisie,,,,,Les berges du lac 1,19,,12000,2,,remax,,Les berges du lac 1 Tunis Tunisie,https://www.remax.com.tn/listings/19
Sidi Daoud Tunis Tunisie,,,,,Sidi Daoud,17,,200000,1,,remax,,Sidi Daoud Tunis Tunisie,https://www.remax.com.tn/listings/17
- Plage Ezzahra - Hammam Ghezèze Nabeul Tunisie,,,,,Hammam Ghezèze,208,,1300000,2,,remax,,Hammam Ghezèze Nabeul Tunisie,https://www.remax.com.tn/listings/208
Djerba - Houmt Souk Médenine Tunisie,barkouk,,,,Djerba - Houmt Souk,133,,340000,2,,remax,,Djerba - Houmt Souk Médenine Tunisie,https://www.remax.com.tn/listings/133
Djerba - Houmt Souk Djerba - Houmt Souk Médenine Tunisie,mezraia,,,,Djerba - Houmt Souk,132,,750000,2,,remax,,Djerba - Houmt Souk Médenine Tunisie,https://www.remax.com.tn/listings/132
Djerba - Houmt Souk Médenine Tunisie,beni bandou,,,,Djerba - Houmt Souk,131,,540000,2,,remax,,Djerba - Houmt Souk Médenine Tunisie,https://www.remax.com.tn/listings/131
Djerba - Houmt Souk Djerba - Houmt Souk Médenine Tunisie,beni bandou,,,,Djerba - Houmt Souk,127,,400000,2,,remax,,Djerba - Houmt Souk Médenine Tunisie,https://www.remax.com.tn/listings/127
Cité El Khadra Tunis Tunisie,,,,,Cité El Khadra,56,,1600,1,,remax,,Cité El Khadra Tunis Tunisie,https://www.remax.com.tn/listings/56
Cité Jardin Tunis Tunisie,,,,,Cité Jardin,55,,1600,1,,remax,,Cité Jardin Tunis Tunisie,https://www.remax.com.tn/listings/55
4180 Djerba - Houmt Souk Médenine Tunisie,TAOURIT,,,,Djerba - Houmt Souk,114,,0,2,,remax,,Djerba - Houmt Souk Médenine Tunisie,https://www.remax.com.tn/listings/114
Berge du Lac La Marsa Tunis Tunisie,,,,,La Marsa,26,,5400,1,,remax,,La Marsa Tunis Tunisie,https://www.remax.com.tn/listings/26
Cité El Khadra Tunis Tunisie,,,,,Cité El Khadra,27,,4350,1,,remax,,Cité El Khadra Tunis Tunisie,https://www.remax.com.tn/listings/27
Alain Savary Tunis Tunisie,,,,,Alain Savary,28,,370000,1,,remax,,Alain Savary Tunis Tunisie,https://www.remax.com.tn/listings/28
Djerba - Houmt Souk Djerba - Houmt Souk Médenine Tunisie,fatou,,,,Djerba - Houmt Souk,126,,580000,2,,remax,,Djerba - Houmt Souk Médenine Tunisie,https://www.remax.com.tn/listings/126
Les berges du lac 1 Tunis Tunisie,,,,,Les berges du lac 1,54,,2400,1,,remax,,Les berges du lac 1 Tunis Tunisie,https://www.remax.com.tn/listings/54
Les berges du lac 1 Tunis Tunisie,,,,,Les berges du lac 1,53,,3100,1,,remax,,Les berges du lac 1 Tunis Tunisie,https://www.remax.com.tn/listings/53
4180 Djerba - Houmt Souk Médenine Tunisie,echiraa,,,,Djerba - Houmt Souk,111,,493000,2,,remax,,Djerba - Houmt Souk Médenine Tunisie,https://www.remax.com.tn/listings/111
Hammamet Nord Nabeul Tunisie,,,,,Hammamet Nord,85,,425000,2,,remax,,Hammamet Nord Nabeul Tunisie,https://www.remax.com.tn/listings/85
Hammamet Nord Nabeul Tunisie,,,,,Hammamet Nord,86,,390000,2,,remax,,Hammamet Nord Nabeul Tunisie,https://www.remax.com.tn/listings/86
La Marsa La Marsa Tunis Tunisie,,,,,La Marsa,139,,8500,2,,remax,,La Marsa Tunis Tunisie,https://www.remax.com.tn/listings/139
Boumellal - Sidi Salem - Djerba - Houmt Souk Djerba - Houmt Souk Médenine Tunisie,,,,,Djerba - Houmt Souk,83,,200000,2,,remax,,Djerba - Houmt Souk Médenine Tunisie,https://www.remax.com.tn/listings/83
Mguerssa - Zone touristique - Djerba - Midoun Djerba - Midoun Médenine Tunisie,,,,,Djerba - Midoun,127,,350000,2,,remax,,Djerba - Midoun Médenine Tunisie,https://www.remax.com.tn/listings/127
Plage Dar Allouch Dar Allouche Nabeul Tunisie,,,,,Dar Allouche,183,,550000,2,,remax,,Dar Allouche Nabeul Tunisie,https://www.remax.com.tn/listings/183
Cité Riadh Kélibia Nabeul Tunisie,,,,,Kélibia,206,,590000,2,,remax,,Kélibia Nabeul Tunisie,https://www.remax.com.tn/listings/206
Borj Touil Raoued Ariana Tunisie,,,,,Raoued,61,,2000000,2,,remax,,Raoued Ariana Tunisie,https://www.remax.com.tn/listings/61
Le Bardo Le Bardo Tunis Tunisie,,,,,Le Bardo,13,,275000,2,,remax,,Le Bardo Tunis Tunisie,https://www.remax.com.tn/listings/13
Cherifate Soliman Nabeul Tunisie,,,,,Soliman,15,,1700000,1,,remax,,Soliman Nabeul Tunisie,https://www.remax.com.tn/listings/15
Bizerte Sud Bizerte Sud Bizerte Tunisie,,,,,Bizerte Sud,14,,920000,2,,remax,,Bizerte Sud Bizerte Tunisie,https://www.remax.com.tn/listings/14
El Menzah 9 El Menzah 9 Tunis Tunisie,,,,,El Menzah 9,3,,340000,2,,remax,,El Menzah 9 Tunis Tunisie,https://www.remax.com.tn/listings/3
Djerba - Midoun 4116 Djerba - Midoun Médenine Tunisie,,,,,Djerba - Midoun,125,,2500,2,,remax,,Djerba - Midoun Médenine Tunisie,https://www.remax.com.tn/listings/125
Djerba - Midoun Djerba - Midoun Médenine Tunisie,,,,,Djerba - Midoun,148,,2500,2,,remax,,Djerba - Midoun Médenine Tunisie,https://www.remax.com.tn/listings/148
Les Jardins du lac 2 Tunis Tunisie,,,,,Les Jardins du lac 2,81,,2400000,2,,remax,,Les Jardins du lac 2 Tunis Tunisie,https://www.remax.com.tn/listings/81
Chotrana Ariana Tunisie,,,,,Chotrana,83,,7442400,2,,remax,,Chotrana Ariana Tunisie,https://www.remax.com.tn/listings/83
Nouvelle Ariana Ariana Tunisie,,,,,Nouvelle Ariana,13,,1050000,2,,remax,,Nouvelle Ariana Ariana Tunisie,https://www.remax.com.tn/listings/13
Cité El Khadra Tunis Tunisie,,,,,Cité El Khadra,57,,1600,1,,remax,,Cité El Khadra Tunis Tunisie,https://www.remax.com.tn/listings/57
Zone Industrielle du Kram (lac ind) Tunis Tunisie,,,,,Zone Industrielle du Kram (lac ind),59,,4500,1,,remax,,Zone Industrielle du Kram (lac ind) Tunis Tunisie,https://www.remax.com.tn/listings/59
Raoued Ariana Tunisie,,,,,Raoued,59,,80000,2,,remax,,Raoued Ariana Tunisie,https://www.remax.com.tn/listings/59
Les Jardins du lac 2 Tunis Tunisie,,,,,Les Jardins du lac 2,65,,14500,2,,remax,,Les Jardins du lac 2 Tunis Tunisie,https://www.remax.com.tn/listings/65
Riadh Landalous Ariana Tunisie,,,,,Riadh Landalous,33,,260000,2,,remax,,Riadh Landalous Ariana Tunisie,https://www.remax.com.tn/listings/33
Chotrana Ariana Tunisie,,,,,Chotrana,40,,2619,2,,remax,,Chotrana Ariana Tunisie,https://www.remax.com.tn/listings/40
Jardins de Carthage Tunis Tunisie,,,,,Jardins de Carthage,41,,2619,2,,remax,,Jardins de Carthage Tunis Tunisie,https://www.remax.com.tn/listings/41
Montplaisir Tunis Tunisie,,,,,Montplaisir,31,,0,2,,remax,,Montplaisir Tunis Tunisie,https://www.remax.com.tn/listings/31
Les Jardins du lac 2 Tunis Tunisie,,,,,Les Jardins du lac 2,43,,6500,1,,remax,,Les Jardins du lac 2 Tunis Tunisie,https://www.remax.com.tn/listings/43
Centre Urbain Nord Ariana Tunisie,,,,,Centre Urbain Nord,151,,2000,1,,remax,,Centre Urbain Nord Ariana Tunisie,https://www.remax.com.tn/listings/151
Djerba - Midoun Djerba - Midoun Médenine Tunisie,,,,,Djerba - Midoun,147,,680000,2,,remax,,Djerba - Midoun Médenine Tunisie,https://www.remax.com.tn/listings/147
Les Jardins du lac 2 Tunis Tunisie,,,,,Les Jardins du lac 2,42,,7000,1,,remax,,Les Jardins du lac 2 Tunis Tunisie,https://www.remax.com.tn/listings/42
4116 Djerba - Midoun Médenine Tunisie,,,,,Djerba - Midoun,139,,2000,2,,remax,,Djerba - Midoun Médenine Tunisie,https://www.remax.com.tn/listings/139
Alain Savary Tunis Tunisie,,,,,Alain Savary,34,,14000,1,,remax,,Alain Savary Tunis Tunisie,https://www.remax.com.tn/listings/34
8090 Kélibia Nabeul Tunisie,,,,,Kélibia,204,,285000,2,,remax,,Kélibia Nabeul Tunisie,https://www.remax.com.tn/listings/204
El Menzah 7 Ariana Tunisie,,,,,El Menzah 7,14,,380000,2,,remax,,El Menzah 7 Ariana Tunisie,https://www.remax.com.tn/listings/14
Zone Industrielle El Meghira Fouchana Ben Arous Tunisie,,,,,Fouchana,336,,0,1,,remax,,Fouchana Ben Arous Tunisie,https://www.remax.com.tn/listings/336
Cité El Ghazala Ariana Tunisie,,,,,Cité El Ghazala,277,,375000,2,,remax,,Cité El Ghazala Ariana Tunisie,https://www.remax.com.tn/listings/277
Gammarth Tunis Tunisie,,,,,Gammarth,129,,830000,2,,remax,,Gammarth Tunis Tunisie,https://www.remax.com.tn/listings/129
Charguia 2 Ariana Tunisie,,,,,Charguia 2,20,,30795,1,,remax,,Charguia 2 Ariana Tunisie,https://www.remax.com.tn/listings/20
Les berges du lac 1 Tunis Tunisie,,,,,Les berges du lac 1,19,,20000,1,,remax,,Les berges du lac 1 Tunis Tunisie,https://www.remax.com.tn/listings/19
route aghir 4116 Djerba - Midoun Médenine Tunisie,,,,,Djerba - Midoun,146,,590000,2,,remax,,Djerba - Midoun Médenine Tunisie,https://www.remax.com.tn/listings/146
Ennasr 1-2 Ariana Tunisie,,,,,Ennasr 1-2,4,,0,1,,remax,,Ennasr 1-2 Ariana Tunisie,https://www.remax.com.tn/listings/4
Chotrana Ariana Tunisie,,,,,Chotrana,99,,638550,2,,remax,,Chotrana Ariana Tunisie,https://www.remax.com.tn/listings/99
Chotrana 2 La Soukra Ariana Tunisie,,,,,La Soukra,103,,740000,2,,remax,,La Soukra Ariana Tunisie,https://www.remax.com.tn/listings/103
La Soukra Ariana Tunisie,,,,,La Soukra,102,,1250000,2,,remax,,La Soukra Ariana Tunisie,https://www.remax.com.tn/listings/102
Bab El Khadra 1006 Bab Souika Tunis Tunisie,,,,,Bab Souika,130,,172500,2,,remax,,Bab Souika Tunis Tunisie,https://www.remax.com.tn/listings/130
Djerba - Midoun Médenine Tunisie,mezreya,,,,Djerba - Midoun,145,,2000,2,,remax,,Djerba - Midoun Médenine Tunisie,https://www.remax.com.tn/listings/145
Ennasr 1-2 Ariana Tunisie,,,,,Ennasr 1-2,276,,1750,1,,remax,,Ennasr 1-2 Ariana Tunisie,https://www.remax.com.tn/listings/276
Ennasr 1-2 Ariana Tunisie,,,,,Ennasr 1-2,192,,2000,2,,remax,,Ennasr 1-2 Ariana Tunisie,https://www.remax.com.tn/listings/192
Ennasr 1-2 Ariana Tunisie,,,,,Ennasr 1-2,72,,320000,2,,remax,,Ennasr 1-2 Ariana Tunisie,https://www.remax.com.tn/listings/72
"Ennasr II, Ariana 2001 Ennasr 1-2 Ariana Tunisie",,,,,Ennasr 1-2,41,,588000,2,,remax,,Ennasr 1-2 Ariana Tunisie,https://www.remax.com.tn/listings/41
Ennasr 1-2 Ariana Tunisie,,,,,Ennasr 1-2,201,,729000,2,,remax,,Ennasr 1-2 Ariana Tunisie,https://www.remax.com.tn/listings/201
Ennasr 1-2 Ariana Tunisie,,,,,Ennasr 1-2,274,,460000,2,,remax,,Ennasr 1-2 Ariana Tunisie,https://www.remax.com.tn/listings/274
Lac 2 Cité Les Pins Tunis Tunisie,,,,,Lac 2 Cité Les Pins,77,,0,2,,remax,,Lac 2 Cité Les Pins Tunis Tunisie,https://www.remax.com.tn/listings/77
Ennasr 1-2 Ariana Tunisie,,,,,Ennasr 1-2,165,,711000,2,,remax,,Ennasr 1-2 Ariana Tunisie,https://www.remax.com.tn/listings/165
Borj Youssef Sidi Thabet Ariana Tunisie,,,,,Sidi Thabet,18,,750000,2,,remax,,Sidi Thabet Ariana Tunisie,https://www.remax.com.tn/listings/18
Mnihla Ariana Tunisie,,,,,Mnihla,13,,546250,2,,remax,,Mnihla Ariana Tunisie,https://www.remax.com.tn/listings/13
- Arina Soghra - Petite Ariana Ariana Tunisie,,,,,Petite Ariana,15,,280000,2,,remax,,Petite Ariana Ariana Tunisie,https://www.remax.com.tn/listings/15
Bab El Bhar Tunis Tunisie,,,,,Bab El Bhar,166,,3488,1,,remax,,Bab El Bhar Tunis Tunisie,https://www.remax.com.tn/listings/166
Montplaisir Tunis Tunisie,,,,,Montplaisir,165,,180000,1,,remax,,Montplaisir Tunis Tunisie,https://www.remax.com.tn/listings/165
Les berges du lac 1 Tunis Tunisie,,,,,Les berges du lac 1,198,,460000,1,,remax,,Les berges du lac 1 Tunis Tunisie,https://www.remax.com.tn/listings/198
La Marsa La Marsa Tunis Tunisie,Maalga,,,,La Marsa,219,,5000,2,,remax,,La Marsa Tunis Tunisie,https://www.remax.com.tn/listings/219
Les berges du lac 1 Tunis Tunisie,,,,,Les berges du lac 1,74,,3000,2,,remax,,Les berges du lac 1 Tunis Tunisie,https://www.remax.com.tn/listings/74
Les Jardins du lac 2 Tunis Tunisie,,,,,Les Jardins du lac 2,25,,4800,2,,remax,,Les Jardins du lac 2 Tunis Tunisie,https://www.remax.com.tn/listings/25
Radès Ben Arous Tunisie,,,,,Radès,149,,1500000,2,,remax,,Radès Ben Arous Tunisie,https://www.remax.com.tn/listings/149
Sousse Ville Sousse Tunisie,,,,,Sousse Ville,8,,210000,2,,remax,,Sousse Ville Sousse Tunisie,https://www.remax.com.tn/listings/8
Sousse Ville Sousse Tunisie,,,,,Sousse Ville,7,,200000,2,,remax,,Sousse Ville Sousse Tunisie,https://www.remax.com.tn/listings/7
Sousse Ville Sousse Tunisie,,,,,Sousse Ville,6,,230000,2,,remax,,Sousse Ville Sousse Tunisie,https://www.remax.com.tn/listings/6
Sousse Ville Sousse Tunisie,,,,,Sousse Ville,5,,271000,2,,remax,,Sousse Ville Sousse Tunisie,https://www.remax.com.tn/listings/5
Sousse Ville Sousse Tunisie,,,,,Sousse Ville,4,,298000,2,,remax,,Sousse Ville Sousse Tunisie,https://www.remax.com.tn/listings/4
Cité des Juges 2 La Marsa Tunis Tunisie,,,,,La Marsa,66,,2200000,2,,remax,,La Marsa Tunis Tunisie,https://www.remax.com.tn/listings/66
Borj Touil Raoued Ariana Tunisie,,,,,Raoued,15,,70000,2,,remax,,Raoued Ariana Tunisie,https://www.remax.com.tn/listings/15
Cité El Bassatine 3 Mnihla Ariana Tunisie,,,,,Mnihla,16,,477000,2,,remax,,Mnihla Ariana Tunisie,https://www.remax.com.tn/listings/16
Chott mariem Sousse Tunisie,,,,,Chott mariem,26,,240000,2,,remax,,Chott mariem Sousse Tunisie,https://www.remax.com.tn/listings/26
Ben Arous Ben Arous Ben Arous Tunisie,,,,,Ben Arous,12,,3488,2,,remax,,Ben Arous Ben Arous Tunisie,https://www.remax.com.tn/listings/12
Jardins de Carthage Tunis Tunisie,,,,,Jardins de Carthage,61,,2000,2,,remax,,Jardins de Carthage Tunis Tunisie,https://www.remax.com.tn/listings/61
Ennasr 1-2 Ariana Tunisie,,,,,Ennasr 1-2,79,,1100,2,,remax,,Ennasr 1-2 Ariana Tunisie,https://www.remax.com.tn/listings/79
Montplaisir Tunis Tunisie,,,,,Montplaisir,78,,3500,1,,remax,,Montplaisir Tunis Tunisie,https://www.remax.com.tn/listings/78
Riadh Landalous Ariana Tunisie,,,,,Riadh Landalous,150,,2000000,2,,remax,,Riadh Landalous Ariana Tunisie,https://www.remax.com.tn/listings/150
Ain Zaghouan Tunis Tunisie,,,,,Ain Zaghouan,15,,4500,2,,remax,,Ain Zaghouan Tunis Tunisie,https://www.remax.com.tn/listings/15
Dar Allouche Kélibia Nabeul Tunisie,,,,,Kélibia,202,,5525,2,,remax,,Kélibia Nabeul Tunisie,https://www.remax.com.tn/listings/202
Plage Cité AFH Korba Nabeul Tunisie,,,,,Korba,190,,570000,2,,remax,,Korba Nabeul Tunisie,https://www.remax.com.tn/listings/190
Djerba - Houmt Souk Djerba - Houmt Souk Médenine Tunisie,eriadh,,,,Djerba - Houmt Souk,99,,455000,2,,remax,,Djerba - Houmt Souk Médenine Tunisie,https://www.remax.com.tn/listings/99
fetou Djerba - Houmt Souk Djerba - Houmt Souk Médenine Tunisie,,,,,Djerba - Houmt Souk,144,,2700,2,,remax,,Djerba - Houmt Souk Médenine Tunisie,https://www.remax.com.tn/listings/144
Raoued Raoued Ariana Tunisie,,,,,Raoued,135,,3500,2,,remax,,Raoued Ariana Tunisie,https://www.remax.com.tn/listings/135
Cité des Juges 2 La Marsa Tunis Tunisie,,,,,La Marsa,72,,5000,2,,remax,,La Marsa Tunis Tunisie,https://www.remax.com.tn/listings/72
Mostpha Mohsen - au dessus de MG - Borj Louzir Ariana Tunisie,A,,,,Borj Louzir,68,,1400,1,,remax,,Borj Louzir Ariana Tunisie,https://www.remax.com.tn/listings/68
Djerba - Houmt Souk Djerba - Houmt Souk Médenine Tunisie,,,,,Djerba - Houmt Souk,106,,270000,2,,remax,,Djerba - Houmt Souk Médenine Tunisie,https://www.remax.com.tn/listings/106
Les Jardins du lac 2 Tunis Tunisie,,,,,Les Jardins du lac 2,29,,3500,2,,remax,,Les Jardins du lac 2 Tunis Tunisie,https://www.remax.com.tn/listings/29
Kerkouane - Espace Hayet - Kerkouane Kélibia Nabeul Tunisie,,,,,Kélibia,200,,630000,2,,remax,,Kélibia Nabeul Tunisie,https://www.remax.com.tn/listings/200
L'Aouina Tunis Tunisie,,,,,L'Aouina,63,,1500,2,,remax,,L'Aouina Tunis Tunisie,https://www.remax.com.tn/listings/63
Gammart La Marsa Tunis Tunisie,,,,,La Marsa,133,,2800,2,,remax,,La Marsa Tunis Tunisie,https://www.remax.com.tn/listings/133
Djerba - Houmt Souk Médenine Tunisie,,,,,Djerba - Houmt Souk,98,,850000,2,,remax,,Djerba - Houmt Souk Médenine Tunisie,https://www.remax.com.tn/listings/98
L'Aouina Tunis Tunisie,,,,,L'Aouina,32,,310000,2,,remax,,L'Aouina Tunis Tunisie,https://www.remax.com.tn/listings/32
Lac 2 Cité Les Pins Tunis Tunisie,,,,,Lac 2 Cité Les Pins,131,,3000,2,,remax,,Lac 2 Cité Les Pins Tunis Tunisie,https://www.remax.com.tn/listings/131
727 Cité Erriadh - Awled Amor - Djerba - Midoun Djerba - Midoun Médenine Tunisie,,,,,Djerba - Midoun,141,,425000,2,,remax,,Djerba - Midoun Médenine Tunisie,https://www.remax.com.tn/listings/141
El Manar 2 Tunis Tunisie,,,,,El Manar 2,75,,220000,2,,remax,,El Manar 2 Tunis Tunisie,https://www.remax.com.tn/listings/75
Hammamet Nord Nabeul Tunisie,,,,,Hammamet Nord,12,,474000,2,,remax,,Hammamet Nord Nabeul Tunisie,https://www.remax.com.tn/listings/12
Utique Bizerte Tunisie,,,,,Utique,154,,3488,1,,remax,,Utique Bizerte Tunisie,https://www.remax.com.tn/listings/154
L'Aouina Tunis Tunisie,,,,,L'Aouina,63,,3000000,1,,remax,,L'Aouina Tunis Tunisie,https://www.remax.com.tn/listings/63
Djerba - Midoun Djerba - Midoun Médenine Tunisie,tezdaine,,,,Djerba - Midoun,109,,1250000,2,,remax,,Djerba - Midoun Médenine Tunisie,https://www.remax.com.tn/listings/109
Djerba - Houmt Souk Djerba - Houmt Souk Médenine Tunisie,mellita,,,,Djerba - Houmt Souk,115,,430000,2,,remax,,Djerba - Houmt Souk Médenine Tunisie,https://www.remax.com.tn/listings/115
Djerba - Houmt Souk 4180 Djerba - Houmt Souk Médenine Tunisie,sidi el bachir,,,,Djerba - Houmt Souk,120,,148800,2,,remax,,Djerba - Houmt Souk Médenine Tunisie,https://www.remax.com.tn/listings/120
La Marsa Tunis Tunisie,,,,,La Marsa,13,,1800,2,,remax,,La Marsa Tunis Tunisie,https://www.remax.com.tn/listings/13
Tunis Centre Ville Tunis Tunisie,,,,,Tunis Centre Ville,10,,3488,1,,remax,,Tunis Centre Ville Tunis Tunisie,https://www.remax.com.tn/listings/10
- Khazroun - Djerba - Midoun Djerba - Midoun Médenine Tunisie,,,,,Djerba - Midoun,140,,550000,2,,remax,,Djerba - Midoun Médenine Tunisie,https://www.remax.com.tn/listings/140
Tunis Centre Ville Tunis Tunisie,,,,,Tunis Centre Ville,9,,3488,1,,remax,,Tunis Centre Ville Tunis Tunisie,https://www.remax.com.tn/listings/9
Séjoumi Tunis Tunisie,,,,,Séjoumi,57,,380000,2,,remax,,Séjoumi Tunis Tunisie,https://www.remax.com.tn/listings/57
Sidi Bou Said Tunis Tunisie,,,,,Sidi Bou Said,1,,770000,2,,remax,,Sidi Bou Said Tunis Tunisie,https://www.remax.com.tn/listings/1
La Soukra Ariana Tunisie,,,,,La Soukra,115,,890000,2,,remax,,La Soukra Ariana Tunisie,https://www.remax.com.tn/listings/115
Riadh Landalous Ariana Tunisie,,,,,Riadh Landalous,20,,428000,1,,remax,,Riadh Landalous Ariana Tunisie,https://www.remax.com.tn/listings/20
Les berges du lac 1 Tunis Tunisie,,,,,Les berges du lac 1,53,,2650,1,,remax,,Les berges du lac 1 Tunis Tunisie,https://www.remax.com.tn/listings/53
La Soukra- La Soukra La Soukra Ariana Tunisie,,,,,La Soukra,67,,5525,2,,remax,,La Soukra Ariana Tunisie,https://www.remax.com.tn/listings/67
Avenue de l'Union du Maghreb Arabe La Soukra Ariana Tunisie,,,,,La Soukra,66,,6200,1,,remax,,La Soukra Ariana Tunisie,https://www.remax.com.tn/listings/66
Dar Fadhal- La Soukra La Soukra Ariana Tunisie,les violettes,,,,La Soukra,64,,5525,2,,remax,,La Soukra Ariana Tunisie,https://www.remax.com.tn/listings/64
Les berges du lac 1 Tunis Tunisie,,,,,Les berges du lac 1,71,,3200,2,,remax,,Les berges du lac 1 Tunis Tunisie,https://www.remax.com.tn/listings/71
Riadh Landalous Ariana Tunisie,,,,,Riadh Landalous,34,,1620000,2,,remax,,Riadh Landalous Ariana Tunisie,https://www.remax.com.tn/listings/34
Cite IBN KHALDOUN - Avenue EL WIDD - El Omrane supérieur Tunis Tunisie,,,,,El Omrane supérieur,38,,250000,2,,remax,,El Omrane supérieur Tunis Tunisie,https://www.remax.com.tn/listings/38
Hammamet Sud Nabeul Tunisie,,,,,Hammamet Sud,44,,315450,2,,remax,,Hammamet Sud Nabeul Tunisie,https://www.remax.com.tn/listings/44
Ghar El Melh Ghar El Melh Bizerte Tunisie,,,,,Ghar El Melh,51,,187650,2,,remax,,Ghar El Melh Bizerte Tunisie,https://www.remax.com.tn/listings/51
Ariana Ariana Ville Ariana Tunisie,,,,,Ariana Ville,60,,860000,2,,remax,,Ariana Ville Ariana Tunisie,https://www.remax.com.tn/listings/60
Cité des Juges Raoued Ariana Tunisie,,,,,Raoued,61,,230000,2,,remax,,Raoued Ariana Tunisie,https://www.remax.com.tn/listings/61
Cité des Juges Raoued Ariana Tunisie,,,,,Raoued,62,,104550,2,,remax,,Raoued Ariana Tunisie,https://www.remax.com.tn/listings/62
Union du Maghreb Arabe Borj Louzir La Soukra Ariana Tunisie,,,,,La Soukra,65,,6000,1,,remax,,La Soukra Ariana Tunisie,https://www.remax.com.tn/listings/65
Centre Urbain Nord Ariana Tunisie,,,,,Centre Urbain Nord,70,,2700,1,,remax,,Centre Urbain Nord Ariana Tunisie,https://www.remax.com.tn/listings/70
Radès Meliane Radès Ben Arous Tunisie,,,,,Radès,51,,390000,2,,remax,,Radès Ben Arous Tunisie,https://www.remax.com.tn/listings/51
Jardins de Carthage Tunis Tunisie,,,,,Jardins de Carthage,661,,479000,2,,remax,,Jardins de Carthage Tunis Tunisie,https://www.remax.com.tn/listings/661
Ezzahra Ben Arous Tunisie,,,,,Ezzahra,73,,320000,1,,remax,,Ezzahra Ben Arous Tunisie,https://www.remax.com.tn/listings/73
Le Bardo Le Bardo Tunis Tunisie,,,,,Le Bardo,8,,260000,2,,remax,,Le Bardo Tunis Tunisie,https://www.remax.com.tn/listings/8
Hammamet Nord Nabeul Tunisie,,,,,Hammamet Nord,11,,440000,2,,remax,,Hammamet Nord Nabeul Tunisie,https://www.remax.com.tn/listings/11
Hammamet Nord Nabeul Tunisie,,,,,Hammamet Nord,10,,268000,2,,remax,,Hammamet Nord Nabeul Tunisie,https://www.remax.com.tn/listings/10
Djerba - Midoun Médenine Tunisie,,,,,Djerba - Midoun,242,,550000,2,,remax,,Djerba - Midoun Médenine Tunisie,https://www.remax.com.tn/listings/242
Medina Jedida Ben Arous Tunisie,,,,,Medina Jedida,56,,200000,2,,remax,,Medina Jedida Ben Arous Tunisie,https://www.remax.com.tn/listings/56
Cité El Ghazala Ariana Tunisie,,,,,Cité El Ghazala,217,,0,1,,remax,,Cité El Ghazala Ariana Tunisie,https://www.remax.com.tn/listings/217
Charguia 1 Ariana Tunisie,,,,,Charguia 1,335,,0,1,,remax,,Charguia 1 Ariana Tunisie,https://www.remax.com.tn/listings/335
Djerba - Houmt Souk Djerba - Houmt Souk Médenine Tunisie,Mezraya,,,,Djerba - Houmt Souk,139,,510000,2,,remax,,Djerba - Houmt Souk Médenine Tunisie,https://www.remax.com.tn/listings/139
La Marsa La Marsa Tunis Tunisie,B,,,,La Marsa,71,,1600,2,,remax,,La Marsa Tunis Tunisie,https://www.remax.com.tn/listings/71
Djerba - Midoun Djerba - Midoun Médenine Tunisie,,,,,Djerba - Midoun,117,,900000,2,,remax,,Djerba - Midoun Médenine Tunisie,https://www.remax.com.tn/listings/117
Lac 2 Cité Les Pins Tunis Tunisie,,,,,Lac 2 Cité Les Pins,35,,0,1,,remax,,Lac 2 Cité Les Pins Tunis Tunisie,https://www.remax.com.tn/listings/35
2080 Petite Ariana Ariana Tunisie,,,,,Petite Ariana,22,,280000,2,,remax,,Petite Ariana Ariana Tunisie,https://www.remax.com.tn/listings/22
2080 Petite Ariana Ariana Tunisie,,,,,Petite Ariana,21,,165000,2,,remax,,Petite Ariana Ariana Tunisie,https://www.remax.com.tn/listings/21
Avenue Habib bourguiba La Goulette La Goulette Tunis Tunisie,,,,,La Goulette,71,,320000,2,,remax,,La Goulette Tunis Tunisie,https://www.remax.com.tn/listings/71
2000 Le Bardo Tunis Tunisie,,,,,Le Bardo,6,,1200,1,,remax,,Le Bardo Tunis Tunisie,https://www.remax.com.tn/listings/6
La Manouba Manouba Tunisie,,,,,La Manouba,5,,1500,1,,remax,1500,La Manouba Manouba Tunisie,https://www.remax.com.tn/listings/5
Les Jardins du lac 2 Tunis Tunisie,,,,,Les Jardins du lac 2,216,,12000,2,,remax,,Les Jardins du lac 2 Tunis Tunisie,https://www.remax.com.tn/listings/216
Les berges du lac 1 Tunis Tunisie,,,,,Les berges du lac 1,113,,0,1,,remax,,Les berges du lac 1 Tunis Tunisie,https://www.remax.com.tn/listings/113
Nabeul Nabeul Tunisie,,,,,Nabeul,78,,660000,2,,remax,,Nabeul Nabeul Tunisie,https://www.remax.com.tn/listings/78
La Marsa La Marsa Tunis Tunisie,,,,,La Marsa,215,,6000,2,,remax,,La Marsa Tunis Tunisie,https://www.remax.com.tn/listings/215
Djerba - Houmt Souk 4180 Djerba - Houmt Souk Médenine Tunisie,hachan,,,,Djerba - Houmt Souk,112,,550000,2,,remax,,Djerba - Houmt Souk Médenine Tunisie,https://www.remax.com.tn/listings/112
Ben Arous Ben Arous Ben Arous Tunisie,,,,,Ben Arous,1,,80000,1,,remax,,Ben Arous Ben Arous Tunisie,https://www.remax.com.tn/listings/1
Tellala - Midoun - Djerba - Midoun Djerba - Midoun Médenine Tunisie,,,,,Djerba - Midoun,92,,150000,2,,remax,,Djerba - Midoun Médenine Tunisie,https://www.remax.com.tn/listings/92
Hdadda - Arkou - Djerba - Midoun 4176 Djerba - Midoun Médenine Tunisie,,,,,Djerba - Midoun,132,,1000000,2,,remax,,Djerba - Midoun Médenine Tunisie,https://www.remax.com.tn/listings/132
Ain Zaghouan Tunis Tunisie,,,,,Ain Zaghouan,17,,310000,2,,remax,,Ain Zaghouan Tunis Tunisie,https://www.remax.com.tn/listings/17
Ain Zaghouan Tunis Tunisie,,,,,Ain Zaghouan,13,,541000,2,,remax,,Ain Zaghouan Tunis Tunisie,https://www.remax.com.tn/listings/13
Ain Zaghouan Tunis Tunisie,,,,,Ain Zaghouan,12,,546000,2,,remax,,Ain Zaghouan Tunis Tunisie,https://www.remax.com.tn/listings/12
Hammamet Nabeul Tunisie,,,,,Hammamet,89,,0,2,,remax,,Hammamet Nabeul Tunisie,https://www.remax.com.tn/listings/89
Gammarth Tunis Tunisie,,,,,Gammarth,58,,1500,2,,remax,,Gammarth Tunis Tunisie,https://www.remax.com.tn/listings/58
Les Jardins du lac 2 Tunis Tunisie,,,,,Les Jardins du lac 2,124,,7500,2,,remax,,Les Jardins du lac 2 Tunis Tunisie,https://www.remax.com.tn/listings/124
Ennasr 1-2 Ariana Tunisie,,,,,Ennasr 1-2,19,,1250,1,,remax,,Ennasr 1-2 Ariana Tunisie,https://www.remax.com.tn/listings/19
Avenue de l'UMA La Soukra Ariana Tunisie,,,,,La Soukra,59,,550000,2,,remax,,La Soukra Ariana Tunisie,https://www.remax.com.tn/listings/59
La Marsa Tunis Tunisie,,,,,La Marsa,390,,3500,2,,remax,,La Marsa Tunis Tunisie,https://www.remax.com.tn/listings/390
Carthage Hannibal Carthage Hannibal Tunis Tunisie,,,,,Carthage Hannibal,334,,7500000,2,,remax,,Carthage Hannibal Tunis Tunisie,https://www.remax.com.tn/listings/334
Moknine Moknine Monastir Tunisie,,,,,Moknine,3,,223000,2,,remax,,Moknine Monastir Tunisie,https://www.remax.com.tn/listings/3
Sidi Thabet 00 Sidi Thabet Ariana Tunisie,00,,,,Sidi Thabet,255,,850000,2,,remax,,Sidi Thabet Ariana Tunisie,https://www.remax.com.tn/listings/255
00 Lac 3 Cité du Park Tunis Tunisie,00,,,,Lac 3 Cité du Park,256,,6400,1,,remax,,Lac 3 Cité du Park Tunis Tunisie,https://www.remax.com.tn/listings/256
Gammart 000 La Marsa Tunis Tunisie,000,,,,La Marsa,259,,7220500,2,,remax,,La Marsa Tunis Tunisie,https://www.remax.com.tn/listings/259
Gammart 00 La Marsa Tunis Tunisie,00,,,,La Marsa,258,,650000,2,,remax,,La Marsa Tunis Tunisie,https://www.remax.com.tn/listings/258
Hammamet 00 Hammamet Nabeul Tunisie,00,,,,Hammamet,261,,725620,2,,remax,,Hammamet Nabeul Tunisie,https://www.remax.com.tn/listings/261
00 Gammarth Tunis Tunisie,00,,,,Gammarth,260,,1560000,2,,remax,,Gammarth Tunis Tunisie,https://www.remax.com.tn/listings/260
Ariana 00 Ariana Ville Ariana Tunisie,00,,,,Ariana Ville,262,,275000,2,,remax,,Ariana Ville Ariana Tunisie,https://www.remax.com.tn/listings/262
00 Mohamedia Ben Arous Tunisie,00,,,,Mohamedia,263,,2850000,2,,remax,,Mohamedia Ben Arous Tunisie,https://www.remax.com.tn/listings/263
La Soukra- La Soukra 00 La Soukra Ariana Tunisie,00,,,,La Soukra,264,,1100000,1,,remax,,La Soukra Ariana Tunisie,https://www.remax.com.tn/listings/264
2046 Carthage Tunis Tunisie,00,,,,Carthage,266,,250000,1,,remax,,Carthage Tunis Tunisie,https://www.remax.com.tn/listings/266
La Marsa La Marsa Tunis Tunisie,,,,,La Marsa,265,,6500,2,,remax,,La Marsa Tunis Tunisie,https://www.remax.com.tn/listings/265
Carthage Byrsa 00 Carthage Byrsa Tunis Tunisie,00,,,,Carthage Byrsa,267,,1300,2,,remax,,Carthage Byrsa Tunis Tunisie,https://www.remax.com.tn/listings/267
La Marsa La Marsa Tunis Tunisie,,,,,La Marsa,268,,4500,2,,remax,,La Marsa Tunis Tunisie,https://www.remax.com.tn/listings/268
Raoued Raoued Ariana Tunisie,,,,,Raoued,52,,1500000,2,,remax,,Raoued Ariana Tunisie,https://www.remax.com.tn/listings/52
Lac 3 Cité du Park Tunis Tunisie,,,,,Lac 3 Cité du Park,56,,6400,1,,remax,,Lac 3 Cité du Park Tunis Tunisie,https://www.remax.com.tn/listings/56
Lac 2 Cité Les Pins Tunis Tunisie,,,,,Lac 2 Cité Les Pins,57,,7000,2,,remax,,Lac 2 Cité Les Pins Tunis Tunisie,https://www.remax.com.tn/listings/57
00 Gammarth Tunis Tunisie,00,,,,Gammarth,23,,740000,2,,remax,,Gammarth Tunis Tunisie,https://www.remax.com.tn/listings/23
L'Aouina Tunis Tunisie,,,,,L'Aouina,25,,1250,2,,remax,,L'Aouina Tunis Tunisie,https://www.remax.com.tn/listings/25
2014 Mégrine Ben Arous Tunisie,,,,,Mégrine,123,,2619,1,,remax,,Mégrine Ben Arous Tunisie,https://www.remax.com.tn/listings/123
00 Les berges du lac 1 Tunis Tunisie,,,,,Les berges du lac 1,8,,2400,2,,remax,,Les berges du lac 1 Tunis Tunisie,https://www.remax.com.tn/listings/8
2010 La Manouba Manouba Tunisie,,,,,La Manouba,4,,1500,1,,remax,,La Manouba Manouba Tunisie,https://www.remax.com.tn/listings/4
Djerba - Houmt Souk Médenine Tunisie,,,,,Djerba - Houmt Souk,16,,188000,2,,remax,,Djerba - Houmt Souk Médenine Tunisie,https://www.remax.com.tn/listings/16
Djerba - Houmt Souk Djerba - Houmt Souk Médenine Tunisie,,,,,Djerba - Houmt Souk,9,,182850,2,,remax,,Djerba - Houmt Souk Médenine Tunisie,https://www.remax.com.tn/listings/9
Djerba - Houmt Souk Médenine Tunisie,,,,,Djerba - Houmt Souk,13,,470000,2,,remax,,Djerba - Houmt Souk Médenine Tunisie,https://www.remax.com.tn/listings/13
Plage Ezzahra Première position Hammam Ghezèze Nabeul Tunisie,,,,,Hammam Ghezèze,196,,2619,2,,remax,,Hammam Ghezèze Nabeul Tunisie,https://www.remax.com.tn/listings/196
Cité des Juges La Soukra Ariana Tunisie,,,,,La Soukra,197,,2700,2,,remax,,La Soukra Ariana Tunisie,https://www.remax.com.tn/listings/197
Ennasr 1-2 Ariana Tunisie,,,,,Ennasr 1-2,66,,0,2,,remax,,Ennasr 1-2 Ariana Tunisie,https://www.remax.com.tn/listings/66
2010 La Manouba Manouba Tunisie,,,,,La Manouba,12,,580000,2,,remax,,La Manouba Manouba Tunisie,https://www.remax.com.tn/listings/12
El Menzah 1 Tunis Tunisie,,,,,El Menzah 1,28,,0,2,,remax,,El Menzah 1 Tunis Tunisie,https://www.remax.com.tn/listings/28
La Soukra- La Soukra La Soukra Ariana Tunisie,,,,,La Soukra,389,,6000,1,,remax,,La Soukra Ariana Tunisie,https://www.remax.com.tn/listings/389
La Soukra Ariana Tunisie,,,,,La Soukra,388,,923200,2,,remax,,La Soukra Ariana Tunisie,https://www.remax.com.tn/listings/388
Nabeul 8000 Nabeul Nabeul Tunisie,A,,,,Nabeul,16,,410000,2,,remax,,Nabeul Nabeul Tunisie,https://www.remax.com.tn/listings/16
Mornag Ben Arous Tunisie,,,,,Mornag,55,,830000,2,,remax,,Mornag Ben Arous Tunisie,https://www.remax.com.tn/listings/55
Meghira Centre Fouchana Ben Arous Tunisie,,,,,Fouchana,10,,6000,1,,remax,6,Fouchana Ben Arous Tunisie,https://www.remax.com.tn/listings/10
El Haouaria Nabeul Tunisie,Centre ville,,,,El Haouaria,194,,2200000,1,,remax,,El Haouaria Nabeul Tunisie,https://www.remax.com.tn/listings/194
Djerba - Houmt Souk Médenine Tunisie,,,,,Djerba - Houmt Souk,6,,159000,2,,remax,,Djerba - Houmt Souk Médenine Tunisie,https://www.remax.com.tn/listings/6
Cité El Faouz 2037 Ennasr 1-2 Ariana Tunisie,,,,,Ennasr 1-2,11,,1500000,2,,remax,,Ennasr 1-2 Ariana Tunisie,https://www.remax.com.tn/listings/11
Mégrine Ben Arous Tunisie,,,,,Mégrine,146,,16000,1,,remax,,Mégrine Ben Arous Tunisie,https://www.remax.com.tn/listings/146
Les berges du lac 1 Tunis Tunisie,,,,,Les berges du lac 1,67,,2500,1,,remax,,Les berges du lac 1 Tunis Tunisie,https://www.remax.com.tn/listings/67
Les berges du lac 1 Tunis Tunisie,,,,,Les berges du lac 1,4,,6500,1,,remax,,Les berges du lac 1 Tunis Tunisie,https://www.remax.com.tn/listings/4
La Soukra Ariana Tunisie,,,,,La Soukra,153,,0,1,,remax,,La Soukra Ariana Tunisie,https://www.remax.com.tn/listings/153
Alain Savary Tunis Tunisie,,,,,Alain Savary,152,,1200000,1,,remax,,Alain Savary Tunis Tunisie,https://www.remax.com.tn/listings/152
Ain Zaghouan Tunis Tunisie,,,,,Ain Zaghouan,21,,670000,2,,remax,,Ain Zaghouan Tunis Tunisie,https://www.remax.com.tn/listings/21
El Batan Manouba Tunisie,,,,,El Batan,30,,85000,2,,remax,,El Batan Manouba Tunisie,https://www.remax.com.tn/listings/30
Les berges du lac 1 Tunis Tunisie,,,,,Les berges du lac 1,323,,6768300,1,,remax,,Les berges du lac 1 Tunis Tunisie,https://www.remax.com.tn/listings/323
Sidi Daoud La Marsa Tunis Tunisie,,,,,La Marsa,322,,0,1,,remax,,La Marsa Tunis Tunisie,https://www.remax.com.tn/listings/322
Djerba - Midoun 4116 Djerba - Midoun Médenine Tunisie,,,,,Djerba - Midoun,143,,8500000,1,,remax,,Djerba - Midoun Médenine Tunisie,https://www.remax.com.tn/listings/143
Kélibia Nabeul Tunisie,,,,,Kélibia,192,,1900000,2,,remax,,Kélibia Nabeul Tunisie,https://www.remax.com.tn/listings/192
Nabeul Nabeul Tunisie,,,,,Nabeul,63,,360000,2,,remax,,Nabeul Nabeul Tunisie,https://www.remax.com.tn/listings/63
Sidi Hmed Hammamet Nabeul Tunisie,,,,,Hammamet,65,,990000,2,,remax,,Hammamet Nabeul Tunisie,https://www.remax.com.tn/listings/65
Sidi Hmed Hammamet Nabeul Tunisie,,,,,Hammamet,77,,850000,2,,remax,,Hammamet Nabeul Tunisie,https://www.remax.com.tn/listings/77
8090 Kélibia Nabeul Tunisie,,,,,Kélibia,193,,200000,2,,remax,,Kélibia Nabeul Tunisie,https://www.remax.com.tn/listings/193
8000 Nabeul Nabeul Tunisie,,,,,Nabeul,15,,420000,2,,remax,,Nabeul Nabeul Tunisie,https://www.remax.com.tn/listings/15
8000 Nabeul Nabeul Tunisie,,,,,Nabeul,13,,1500,2,,remax,,Nabeul Nabeul Tunisie,https://www.remax.com.tn/listings/13
Mutuelle Ville Tunis Tunisie,,,,,Mutuelle Ville,97,,7500,1,,remax,,Mutuelle Ville Tunis Tunisie,https://www.remax.com.tn/listings/97
Cité El Mahrsi 1 Nabeul Nabeul Tunisie,,,,,Nabeul,64,,730000,2,,remax,,Nabeul Nabeul Tunisie,https://www.remax.com.tn/listings/64
Djerba - Houmt Souk Médenine Tunisie,,,,,Djerba - Houmt Souk,105,,600000,2,,remax,,Djerba - Houmt Souk Médenine Tunisie,https://www.remax.com.tn/listings/105
Djerba - Houmt Souk Médenine Tunisie,,,,,Djerba - Houmt Souk,104,,350000,2,,remax,,Djerba - Houmt Souk Médenine Tunisie,https://www.remax.com.tn/listings/104
Marsa Erriadh La Marsa Tunis Tunisie,,,,,La Marsa,33,,770000,2,,remax,,La Marsa Tunis Tunisie,https://www.remax.com.tn/listings/33
12 Rue singapour Marsa Erriadh La Marsa Tunis Tunisie,,,,,La Marsa,35,,570000,2,,remax,,La Marsa Tunis Tunisie,https://www.remax.com.tn/listings/35
Marsa Erriadh La Marsa Tunis Tunisie,,,,,La Marsa,34,,590000,2,,remax,,La Marsa Tunis Tunisie,https://www.remax.com.tn/listings/34
Jardins d’El Menzah2 Tunis Tunisie,,,,,Jardins d’El Menzah2,120,,1250,2,,remax,,Jardins d’El Menzah2 Tunis Tunisie,https://www.remax.com.tn/listings/120
La Soukra Ariana Tunisie,,,,,La Soukra,27,,1500,1,,remax,,La Soukra Ariana Tunisie,https://www.remax.com.tn/listings/27
Raoued Ariana Tunisie,,,,,Raoued,26,,0,2,,remax,,Raoued Ariana Tunisie,https://www.remax.com.tn/listings/26
Cité El Ghazala Ariana Tunisie,,,,,Cité El Ghazala,332,,3488,1,,remax,,Cité El Ghazala Ariana Tunisie,https://www.remax.com.tn/listings/332
Zone Industrielle du Kram (lac ind) Tunis Tunisie,,,,,Zone Industrielle du Kram (lac ind),5,,3488,1,,remax,,Zone Industrielle du Kram (lac ind) Tunis Tunisie,https://www.remax.com.tn/listings/5
El Menzah 5 Ariana Tunisie,,,,,El Menzah 5,8,,250000,1,,remax,,El Menzah 5 Ariana Tunisie,https://www.remax.com.tn/listings/8
Djerba - Ajim Médenine Tunisie,groo,,,,Djerba - Ajim,103,,220000,2,,remax,,Djerba - Ajim Médenine Tunisie,https://www.remax.com.tn/listings/103
3000 Habbana 2 Sfax Tunisie,0,,,,Habbana 2,6,,900000,2,,remax,,Habbana 2 Sfax Tunisie,https://www.remax.com.tn/listings/6
Tunis Centre Ville Tunis Tunisie,,,,,Tunis Centre Ville,150,,3000,1,,remax,,Tunis Centre Ville Tunis Tunisie,https://www.remax.com.tn/listings/150
Carthage Byrsa Carthage Byrsa Tunis Tunisie,,,,,Carthage Byrsa,10,,110000,1,,remax,,Carthage Byrsa Tunis Tunisie,https://www.remax.com.tn/listings/10
L'Aouina Tunis Tunisie,,,,,L'Aouina,11,,700,1,,remax,,L'Aouina Tunis Tunisie,https://www.remax.com.tn/listings/11
Borj Louzir Ariana Tunisie,,,,,Borj Louzir,53,,850000,2,,remax,,Borj Louzir Ariana Tunisie,https://www.remax.com.tn/listings/53
Lac 3 Cité du Park Tunis Tunisie,,,,,Lac 3 Cité du Park,143,,34000,1,,remax,,Lac 3 Cité du Park Tunis Tunisie,https://www.remax.com.tn/listings/143
El Menzah 5 Ariana Tunisie,,,,,El Menzah 5,141,,250000,1,,remax,,El Menzah 5 Ariana Tunisie,https://www.remax.com.tn/listings/141
Ennasr 1-2 Ariana Tunisie,,,,,Ennasr 1-2,7,,527000,2,,remax,,Ennasr 1-2 Ariana Tunisie,https://www.remax.com.tn/listings/7
Ennasr 1-2 Ariana Tunisie,,,,,Ennasr 1-2,6,,369000,2,,remax,,Ennasr 1-2 Ariana Tunisie,https://www.remax.com.tn/listings/6
Hammamet Sud Nabeul Tunisie,,,,,Hammamet Sud,85,,0,2,,remax,,Hammamet Sud Nabeul Tunisie,https://www.remax.com.tn/listings/85
Hammamet Sud Nabeul Tunisie,,,,,Hammamet Sud,86,,0,2,,remax,,Hammamet Sud Nabeul Tunisie,https://www.remax.com.tn/listings/86
Kélibia Nabeul Tunisie,,,,,Kélibia,191,,1000000,2,,remax,,Kélibia Nabeul Tunisie,https://www.remax.com.tn/listings/191
La Soukra Ariana Tunisie,,,,,La Soukra,195,,1650,2,,remax,,La Soukra Ariana Tunisie,https://www.remax.com.tn/listings/195
Chotrana Ariana Tunisie,,,,,Chotrana,194,,1000,2,,remax,,Chotrana Ariana Tunisie,https://www.remax.com.tn/listings/194
Chotrana Ariana Tunisie,,,,,Chotrana,33,,1092300,2,,remax,,Chotrana Ariana Tunisie,https://www.remax.com.tn/listings/33
Chotrana Ariana Tunisie,,,,,Chotrana,34,,860000,2,,remax,,Chotrana Ariana Tunisie,https://www.remax.com.tn/listings/34
Les berges du lac 1 Tunis Tunisie,,,,,Les berges du lac 1,69,,640000,2,,remax,,Les berges du lac 1 Tunis Tunisie,https://www.remax.com.tn/listings/69
Jabbes Sidi Thabet Ariana Tunisie,,,,,Sidi Thabet,25,,5525,2,,remax,,Sidi Thabet Ariana Tunisie,https://www.remax.com.tn/listings/25
El Menzah 9 El Menzah 9 Tunis Tunisie,,,,,El Menzah 9,71,,830000,2,,remax,,El Menzah 9 Tunis Tunisie,https://www.remax.com.tn/listings/71
Sidi Daoud La Marsa Tunis Tunisie,,,,,La Marsa,122,,4787625,1,,remax,,La Marsa Tunis Tunisie,https://www.remax.com.tn/listings/122
Sidi Daoud La Marsa Tunis Tunisie,,,,,La Marsa,121,,4694550,1,,remax,,La Marsa Tunis Tunisie,https://www.remax.com.tn/listings/121
Sidi Daoud La Marsa Tunis Tunisie,,,,,La Marsa,123,,0,1,,remax,,La Marsa Tunis Tunisie,https://www.remax.com.tn/listings/123
2080 Jardins d’El Menzah2 Tunis Tunisie,1,,,,Jardins d’El Menzah2,15,,415000,2,,remax,,Jardins d’El Menzah2 Tunis Tunisie,https://www.remax.com.tn/listings/15
Gammarth Tunis Tunisie,,,,,Gammarth,15,,1390000,2,,remax,,Gammarth Tunis Tunisie,https://www.remax.com.tn/listings/15
Tigharghar Djerba - Midoun 4116 Djerba - Midoun Médenine Tunisie,,,,,Djerba - Midoun,43,,125000,2,,remax,,Djerba - Midoun Médenine Tunisie,https://www.remax.com.tn/listings/43
Gaïd Djerba - Midoun Médenine Tunisie,,,,,Djerba - Midoun,30,,120000,2,,remax,,Djerba - Midoun Médenine Tunisie,https://www.remax.com.tn/listings/30
Djerba - Midoun Médenine Tunisie,,,,,Djerba - Midoun,110,,2000,2,,remax,,Djerba - Midoun Médenine Tunisie,https://www.remax.com.tn/listings/110
Djerba - Midoun Djerba - Midoun Médenine Tunisie,,,,,Djerba - Midoun,93,,255000,2,,remax,,Djerba - Midoun Médenine Tunisie,https://www.remax.com.tn/listings/93
4116 Djerba - Midoun Médenine Tunisie,,,,,Djerba - Midoun,92,,400,2,,remax,,Djerba - Midoun Médenine Tunisie,https://www.remax.com.tn/listings/92
Djerba - Midoun 4165 Djerba - Midoun Médenine Tunisie,,,,,Djerba - Midoun,129,,320000,2,,remax,,Djerba - Midoun Médenine Tunisie,https://www.remax.com.tn/listings/129
route aghir Djerba - Midoun Médenine Tunisie,,,,,Djerba - Midoun,119,,1300000,2,,remax,,Djerba - Midoun Médenine Tunisie,https://www.remax.com.tn/listings/119
Djerba - Midoun Djerba - Midoun Médenine Tunisie,,,,,Djerba - Midoun,126,,3500,2,,remax,,Djerba - Midoun Médenine Tunisie,https://www.remax.com.tn/listings/126
Djerba - Ajim Médenine Tunisie,Bazim,,,,Djerba - Ajim,122,,680000,2,,remax,,Djerba - Ajim Médenine Tunisie,https://www.remax.com.tn/listings/122
Djerba - Midoun Médenine Tunisie,,,,,Djerba - Midoun,130,,2200,2,,remax,,Djerba - Midoun Médenine Tunisie,https://www.remax.com.tn/listings/130
Djerba - Midoun Djerba - Midoun Médenine Tunisie,,,,,Djerba - Midoun,132,,2500,2,,remax,,Djerba - Midoun Médenine Tunisie,https://www.remax.com.tn/listings/132
Djerba - Midoun Djerba - Midoun Médenine Tunisie,,,,,Djerba - Midoun,131,,2200,2,,remax,,Djerba - Midoun Médenine Tunisie,https://www.remax.com.tn/listings/131
Djerba - Midoun Djerba - Midoun Médenine Tunisie,,,,,Djerba - Midoun,135,,2500,2,,remax,,Djerba - Midoun Médenine Tunisie,https://www.remax.com.tn/listings/135
Djerba - Midoun 4165 Djerba - Midoun Médenine Tunisie,,,,,Djerba - Midoun,134,,315000,2,,remax,,Djerba - Midoun Médenine Tunisie,https://www.remax.com.tn/listings/134
Temlal Djerba - Midoun 4116 Djerba - Midoun Médenine Tunisie,,,,,Djerba - Midoun,52,,900000,2,,remax,,Djerba - Midoun Médenine Tunisie,https://www.remax.com.tn/listings/52
Djerba - Midoun 4165 Djerba - Midoun Médenine Tunisie,Tezdaine,,,,Djerba - Midoun,137,,545000,2,,remax,,Djerba - Midoun Médenine Tunisie,https://www.remax.com.tn/listings/137
Arkou Djerba - Midoun 4116 Djerba - Midoun Médenine Tunisie,,,,,Djerba - Midoun,80,,215000,2,,remax,,Djerba - Midoun Médenine Tunisie,https://www.remax.com.tn/listings/80
Mahboubine Djerba - Midoun 4166 Djerba - Midoun Médenine Tunisie,,,,,Djerba - Midoun,32,,280000,2,,remax,,Djerba - Midoun Médenine Tunisie,https://www.remax.com.tn/listings/32
Yati Route du phare Djerba - Midoun 4116 Djerba - Midoun Médenine Tunisie,,,,,Djerba - Midoun,74,,435000,2,,remax,,Djerba - Midoun Médenine Tunisie,https://www.remax.com.tn/listings/74
Houmt Souk 4118 Djerba - Houmt Souk Médenine Tunisie,,,,,Djerba - Houmt Souk,89,,365000,2,,remax,,Djerba - Houmt Souk Médenine Tunisie,https://www.remax.com.tn/listings/89
Chotrana Ariana Tunisie,,,,,Chotrana,56,,254000,2,,remax,,Chotrana Ariana Tunisie,https://www.remax.com.tn/listings/56
Chotrana Ariana Tunisie,,,,,Chotrana,55,,239000,2,,remax,,Chotrana Ariana Tunisie,https://www.remax.com.tn/listings/55
Oued Ellil Manouba Tunisie,,,,,Oued Ellil,10,,0,2,,remax,,Oued Ellil Manouba Tunisie,https://www.remax.com.tn/listings/10
Ain Zaghouan Tunis Tunisie,,,,,Ain Zaghouan,64,,1150,2,,remax,,Ain Zaghouan Tunis Tunisie,https://www.remax.com.tn/listings/64
Ariana Ville Ariana Tunisie,,,,,Ariana Ville,25,,1000,1,,remax,,Ariana Ville Ariana Tunisie,https://www.remax.com.tn/listings/25
Sidi Bou Said Tunis Tunisie,,,,,Sidi Bou Said,149,,5000,2,,remax,,Sidi Bou Said Tunis Tunisie,https://www.remax.com.tn/listings/149
1090 Jardins de Carthage Tunis Tunisie,,,,,Jardins de Carthage,3,,10000,1,,remax,,Jardins de Carthage Tunis Tunisie,https://www.remax.com.tn/listings/3
Ain Zaghouan Tunis Tunisie,,,,,Ain Zaghouan,70,,360000,2,,remax,,Ain Zaghouan Tunis Tunisie,https://www.remax.com.tn/listings/70
Hammamet Sud Nabeul Tunisie,,,,,Hammamet Sud,84,,450000,2,,remax,,Hammamet Sud Nabeul Tunisie,https://www.remax.com.tn/listings/84
Riadh Landalous Ariana Tunisie,,,,,Riadh Landalous,28,,355000,2,,remax,,Riadh Landalous Ariana Tunisie,https://www.remax.com.tn/listings/28
Sidi Jedidi Hammamet Nabeul Tunisie,MONCHAR,,,,Hammamet,51,,720000,2,,remax,,Hammamet Nabeul Tunisie,https://www.remax.com.tn/listings/51
Nabeul Nabeul Tunisie,,,,,Nabeul,59,,1150000,2,,remax,,Nabeul Nabeul Tunisie,https://www.remax.com.tn/listings/59
Ennasr 1-2 Ariana Tunisie,,,,,Ennasr 1-2,28,,597000,2,,remax,,Ennasr 1-2 Ariana Tunisie,https://www.remax.com.tn/listings/28
La Manouba Manouba Tunisie,,,,,La Manouba,55,,170000,2,,remax,,La Manouba Manouba Tunisie,https://www.remax.com.tn/listings/55
L'Aouina Tunis Tunisie,,,,,L'Aouina,46,,350000,1,,remax,,L'Aouina Tunis Tunisie,https://www.remax.com.tn/listings/46
Zone Industrielle El Meghira Fouchana Ben Arous Tunisie,,,,,Fouchana,62,,120000,1,,remax,,Fouchana Ben Arous Tunisie,https://www.remax.com.tn/listings/62
Raoued 2083 Raoued Ariana Tunisie,,,,,Raoued,2,,150000,2,,remax,,Raoued Ariana Tunisie,https://www.remax.com.tn/listings/2
Djerba - Houmt Souk Djerba - Houmt Souk Médenine Tunisie,,,,,Djerba - Houmt Souk,2,,1161150,2,,remax,,Djerba - Houmt Souk Médenine Tunisie,https://www.remax.com.tn/listings/2
Zone Industrielle El Meghira Fouchana Ben Arous Tunisie,,,,,Fouchana,61,,200000,1,,remax,,Fouchana Ben Arous Tunisie,https://www.remax.com.tn/listings/61
Radès Plage Radès Ben Arous Tunisie,,,,,Radès,59,,471750,2,,remax,,Radès Ben Arous Tunisie,https://www.remax.com.tn/listings/59
Djerba - Houmt Souk Djerba - Houmt Souk Médenine Tunisie,,,,,Djerba - Houmt Souk,97,,585000,2,,remax,,Djerba - Houmt Souk Médenine Tunisie,https://www.remax.com.tn/listings/97
